ticker,AKSY US Equity
field,DAY_TO_DAY_TOT_RETURN_GROSS_DVDS
date,
2000-01-03,10.2564
2000-01-04,13.9535
2000-01-05,-2.0408
2000-01-06,0.0
2000-01-07,-2.0833
2000-01-10,-1.0638
2000-01-11,-6.4516
2000-01-12,42.5287
2000-01-13,16.129
2000-01-14,0.0
2000-01-18,0.0
2000-01-19,4.1667
2000-01-20,3.3333
2000-01-21,-3.2258
2000-01-24,2.0
2000-01-25,-0.6536
2000-01-26,-17.1053
2000-01-27,4.7619
2000-01-28,-3.0303
2000-01-31,0.0
2000-02-01,-1.5625
2000-02-02,-0.7937
2000-02-03,-0.8
2000-02-04,1.6129
2000-02-07,-1.5873
2000-02-08,3.4274
2000-02-09,2.924
2000-02-10,-2.2727
2000-02-11,6.9767
2000-02-14,13.0435
2000-02-15,3.2051
2000-02-16,4.3478
2000-02-17,1.1905000000000001
2000-02-18,-5.8824
2000-02-22,3.75
2000-02-23,-4.8193
2000-02-24,-6.3291
2000-02-25,8.1081
2000-02-28,-10.0
2000-02-29,1.3889
2000-03-01,14.3836
2000-03-02,0.5988
2000-03-03,4.7619
2000-03-06,0.0
2000-03-07,-2.2727
2000-03-08,0.0
2000-03-09,-2.3256
2000-03-10,19.0476
2000-03-13,-2.0
2000-03-14,-10.2041
2000-03-15,6.8182
2000-03-16,-1.0638
2000-03-17,-3.2258
2000-03-20,1.1111
2000-03-21,0.0
2000-03-22,-2.7473
2000-03-23,3.3898
2000-03-24,-1.6393
2000-03-27,2.2222
2000-03-28,-1.087
2000-03-29,1.0989
2000-03-30,-4.3478
2000-03-31,0.0
2000-04-03,0.0
2000-04-04,-11.3636
2000-04-05,2.5641
2000-04-06,-3.75
2000-04-07,-5.8442
2000-04-10,-6.2069
2000-04-11,-11.7647
2000-04-12,23.3333
2000-04-13,2.7027
2000-04-14,-10.526299999999999
2000-04-17,-2.9412000000000003
2000-04-18,-9.0909
2000-04-19,6.6667
2000-04-20,1.3672
2000-04-24,-1.3487
2000-04-25,0.7813
2000-04-26,0.7752
2000-04-27,1.5385
2000-04-28,9.0909
2000-05-01,0.0
2000-05-02,4.1667
2000-05-03,-4.0
2000-05-04,0.0
2000-05-05,-2.7778
2000-05-08,0.0
2000-05-09,-2.8571
2000-05-10,2.9412000000000003
2000-05-11,-5.0
2000-05-12,-2.2556
2000-05-15,-3.0769
2000-05-16,0.0
2000-05-17,0.7937
2000-05-18,-2.3622
2000-05-19,3.2258
2000-05-22,-1.5625
2000-05-23,-1.5873
2000-05-24,-1.6129
2000-05-25,4.918
2000-05-26,0.0
2000-05-30,-0.7813
2000-05-31,-2.3622
2000-06-01,0.6048
2000-06-02,-0.6012
2000-06-05,0.8065
2000-06-06,1.6
2000-06-07,7.0866
2000-06-08,-0.7353
2000-06-09,-2.2222
2000-06-12,18.1818
2000-06-13,-7.6923
2000-06-14,5.5556
2000-06-15,1.3158
2000-06-16,0.0
2000-06-19,-1.2987
2000-06-20,-3.9474
2000-06-21,-1.3699
2000-06-22,-2.7778
2000-06-23,-2.8571
2000-06-26,1.4706000000000001
2000-06-27,1.4493
2000-06-28,-2.1429
2000-06-29,-0.7299
2000-06-30,0.7353
2000-07-03,0.0
2000-07-05,4.7445
2000-07-06,0.0
2000-07-07,-3.8327999999999998
2000-07-10,0.0
2000-07-11,1.4493
2000-07-12,10.0
2000-07-13,0.0
2000-07-14,-4.5455
2000-07-17,-2.0408
2000-07-18,4.8611
2000-07-19,5.9603
2000-07-20,-15.0
2000-07-21,14.7059
2000-07-24,-1.2821
2000-07-25,-2.5974
2000-07-26,0.0
2000-07-27,-4.0
2000-07-28,2.7778
2000-07-31,-2.027
2000-08-01,1.3793
2000-08-02,-0.6803
2000-08-03,4.1096
2000-08-04,-0.6579
2000-08-07,-1.9868000000000001
2000-08-08,2.7027
2000-08-09,-2.6316
2000-08-10,0.3378
2000-08-11,-0.3367
2000-08-14,-2.3649
2000-08-15,1.0381
2000-08-16,0.6849
2000-08-17,-1.3605
2000-08-18,0.0
2000-08-21,-2.069
2000-08-22,1.4085
2000-08-23,-1.3889
2000-08-24,2.1127
2000-08-25,1.3793
2000-08-28,-2.0408
2000-08-29,0.0
2000-08-30,6.9444
2000-08-31,12.987
2000-09-01,1.1494
2000-09-05,-3.4091
2000-09-06,-5.8824
2000-09-07,0.625
2000-09-08,0.0
2000-09-11,0.6211
2000-09-12,2.4691
2000-09-13,0.0
2000-09-14,2.4096
2000-09-15,-2.3529
2000-09-18,1.2048
2000-09-19,4.7619
2000-09-20,4.5455
2000-09-21,-2.7174
2000-09-22,2.7933
2000-09-25,-3.2609
2000-09-26,-1.1236
2000-09-27,6.8182
2000-09-28,2.1277
2000-09-29,14.5833
2000-10-02,1.8182
2000-10-03,0.0
2000-10-04,7.1429
2000-10-05,5.8333
2000-10-06,-21.2598
2000-10-09,-3.0
2000-10-10,6.701
2000-10-11,5.314
2000-10-12,-2.2936
2000-10-13,1.4085
2000-10-16,-6.4815
2000-10-17,1.9802
2000-10-18,0.0
2000-10-19,0.9709
2000-10-20,-4.8077
2000-10-23,11.1111
2000-10-24,5.4545
2000-10-25,-3.8792999999999997
2000-10-26,4.0359
2000-10-27,0.0
2000-10-30,0.8621
2000-10-31,6.8376
2000-11-01,1.6
2000-11-02,-8.6614
2000-11-03,-0.8621
2000-11-06,0.8696
2000-11-07,0.8621
2000-11-08,5.9829
2000-11-09,-4.0323
2000-11-10,0.0
2000-11-13,-2.521
2000-11-14,3.4483
2000-11-15,-1.6667
2000-11-16,3.3898
2000-11-17,-0.8197
2000-11-20,-5.3719
2000-11-21,3.9301
2000-11-22,-2.521
2000-11-24,0.0
2000-11-27,3.4483
2000-11-28,-3.3333
2000-11-29,3.4483
2000-11-30,-1.6667
2000-12-01,0.8475
2000-12-04,-0.8403
2000-12-05,1.6949
2000-12-06,2.5
2000-12-07,-0.813
2000-12-08,-1.6393
2000-12-11,1.6667
2000-12-12,11.4754
2000-12-13,-3.6765
2000-12-14,1.5267
2000-12-15,1.5038
2000-12-18,-2.5926
2000-12-19,-2.2814
2000-12-20,-1.1673
2000-12-21,-9.4488
2000-12-22,4.3478
2000-12-26,2.5
2000-12-27,-4.4715
2000-12-28,12.3404
2000-12-29,0.0
2001-01-02,1.5152
2001-01-03,-5.2239
2001-01-04,2.3622
2001-01-05,-1.1538
2001-01-08,-5.8366
2001-01-09,-9.9174
2001-01-10,-3.211
2001-01-11,9.0047
2001-01-12,-6.9565
2001-01-16,2.8037
2001-01-17,-1.8182
2001-01-18,0.0
2001-01-19,-3.7037
2001-01-22,-5.7692
2001-01-23,-2.551
2001-01-24,-0.5236
2001-01-25,1.0526
2001-01-26,3.6458
2001-01-29,4.5226
2001-01-30,0.9615
2001-01-31,5.7143
2001-02-01,-1.3514
2001-02-02,0.4566
2001-02-05,-0.9091
2001-02-06,0.9174
2001-02-07,-5.4545
2001-02-08,-1.0817
2001-02-09,-0.8505
2001-02-12,-0.9804
2001-02-13,0.495
2001-02-14,1.4778
2001-02-15,0.0
2001-02-16,-1.9417
2001-02-20,-4.9505
2001-02-21,-2.0833
2001-02-22,-2.1277
2001-02-23,-10.8696
2001-02-26,-3.6585
2001-02-27,-8.8608
2001-02-28,-11.1111
2001-03-01,-6.25
2001-03-02,9.1667
2001-03-05,3.8167999999999997
2001-03-06,-8.0882
2001-03-07,3.2
2001-03-08,0.0
2001-03-09,-0.7752
2001-03-12,0.7813
2001-03-13,-0.7752
2001-03-14,-6.25
2001-03-15,-5.8333
2001-03-16,-11.5044
2001-03-19,-4.0
2001-03-20,-7.2917
2001-03-21,15.7303
2001-03-22,2.9126
2001-03-23,-0.4717
2001-03-26,0.4739
2001-03-27,-6.6038
2001-03-28,-17.1717
2001-03-29,-7.9268
2001-03-30,8.6093
2001-04-02,-16.4634
2001-04-03,-3.6496
2001-04-04,-12.1212
2001-04-05,27.5862
2001-04-06,21.6216
2001-04-09,0.2667
2001-04-10,3.0585
2001-04-11,-0.9032
2001-04-12,12.8472
2001-04-16,6.1538
2001-04-17,-0.2899
2001-04-18,8.7209
2001-04-19,18.8503
2001-04-20,-2.2497
2001-04-23,-5.6387
2001-04-24,-5.2439
2001-04-25,0.6435
2001-04-26,1.4066
2001-04-27,6.1791
2001-04-30,-23.2779
2001-05-01,0.0
2001-05-02,14.5511
2001-05-03,-1.7568000000000001
2001-05-04,-7.7029
2001-05-07,4.3219
2001-05-08,2.4286
2001-05-09,-1.5342
2001-05-10,13.1728
2001-05-11,-1.8773
2001-05-14,-0.5102
2001-05-15,1.2821
2001-05-16,6.3291
2001-05-17,4.1667
2001-05-18,0.2286
2001-05-21,6.3854
2001-05-22,7.1811
2001-05-23,5.5
2001-05-24,2.4645
2001-05-25,6.4755
2001-05-29,-0.9557
2001-05-30,0.7895
2001-05-31,3.1332
2001-06-01,-5.4852
2001-06-04,-0.0893
2001-06-05,-0.8043
2001-06-06,-6.3964
2001-06-07,-4.9086
2001-06-08,-0.8097
2001-06-11,-5.7143
2001-06-12,6.9264
2001-06-13,-5.2632
2001-06-14,-0.4274
2001-06-15,-2.8970000000000002
2001-06-18,-2.4309
2001-06-19,-7.5878
2001-06-20,8.4559
2001-06-21,2.7119
2001-06-22,1.7602
2001-06-25,7.027
2001-06-26,-8.1818
2001-06-27,0.9901
2001-06-28,0.7625
2001-06-29,12.3243
2001-07-02,-6.1598
2001-07-03,6.1538
2001-07-05,1.9324
2001-07-06,-2.2749
2001-07-09,0.291
2001-07-10,2.6112
2001-07-11,-1.131
2001-07-12,-2.8599
2001-07-13,-3.1403
2001-07-16,0.4053
2001-07-17,0.4036
2001-07-18,1.5074999999999998
2001-07-19,-0.9901
2001-07-20,-0.9
2001-07-23,0.9082
2001-07-24,-3.5
2001-07-25,-3.1088
2001-07-26,-3.2086
2001-07-27,0.3315
2001-07-30,-0.8811
2001-07-31,-16.6667
2001-08-01,25.4667
2001-08-02,1.2752
2001-08-03,-2.5183999999999997
2001-08-06,-4.1981
2001-08-07,1.1236
2001-08-08,-0.2222
2001-08-09,-5.4566
2001-08-10,-5.7715
2001-08-13,6.0
2001-08-14,-3.7736
2001-08-15,-1.5931
2001-08-16,2.7397
2001-08-17,-3.0303
2001-08-20,1.125
2001-08-21,-3.5846999999999998
2001-08-22,-3.0769
2001-08-23,0.0
2001-08-24,1.3228
2001-08-27,-0.5222
2001-08-28,-8.2677
2001-08-29,-6.2947
2001-08-30,-8.3969
2001-08-31,0.0
2001-09-04,-1.6667
2001-09-05,1.1864
2001-09-06,-6.7002
2001-09-07,-1.2567
2001-09-10,-2.3636
2001-09-17,-9.6834
2001-09-18,1.0309
2001-09-19,-1.6327
2001-09-20,-13.9004
2001-09-21,-2.4096
2001-09-24,-1.2346
2001-09-25,1.25
2001-09-26,41.7284
2001-09-27,-5.9233
2001-09-28,-6.4815
2001-10-01,-5.3465
2001-10-02,0.8368
2001-10-03,7.8838
2001-10-04,13.461500000000001
2001-10-05,1.6949
2001-10-08,2.8333
2001-10-09,-3.5656
2001-10-10,4.2017
2001-10-11,0.6452
2001-10-12,0.8013
2001-10-15,0.9539
2001-10-16,-3.1496
2001-10-17,-9.4309
2001-10-18,-3.9497
2001-10-19,3.5514
2001-10-22,2.7076000000000002
2001-10-23,-8.2601
2001-10-24,4.5977
2001-10-25,-6.5934
2001-10-26,1.9607999999999999
2001-10-29,0.0
2001-10-30,2.8846
2001-10-31,-4.486
2001-11-01,6.8493
2001-11-02,-1.8315000000000001
2001-11-05,0.7463
2001-11-06,-3.8889
2001-11-07,-1.5413999999999999
2001-11-08,-2.1526
2001-11-09,2.8
2001-11-12,-2.1401
2001-11-13,3.3797
2001-11-14,0.1923
2001-11-15,-2.1113
2001-11-16,-0.5882
2001-11-19,14.9901
2001-11-20,7.2041
2001-11-21,11.2
2001-11-23,14.2446
2001-11-26,-10.1929
2001-11-27,-1.6925
2001-11-28,-4.2796
2001-11-29,8.7928
2001-11-30,-4.1096
2001-12-03,1.7143000000000002
2001-12-04,3.9326
2001-12-05,-3.5135
2001-12-06,-1.9607999999999999
2001-12-07,-8.4286
2001-12-10,-21.5289
2001-12-11,-8.9463
2001-12-12,9.3886
2001-12-13,-4.1916
2001-12-14,2.0833
2001-12-17,-6.1224
2001-12-18,3.6957
2001-12-19,-11.0901
2001-12-20,-0.9668
2001-12-21,1.6667
2001-12-24,-0.4684
2001-12-26,-0.4706
2001-12-27,0.7092
2001-12-28,3.2864
2001-12-31,5.6818
2002-01-02,-3.2258
2002-01-03,-0.4444
2002-01-04,-1.5625
2002-01-07,-1.3605
2002-01-08,3.4483
2002-01-09,-1.1111
2002-01-10,10.5618
2002-01-11,-0.813
2002-01-14,-6.7623
2002-01-15,-5.4945
2002-01-16,-2.093
2002-01-17,1.4252
2002-01-18,-1.4052
2002-01-22,1.6627
2002-01-23,1.1682
2002-01-24,2.3095
2002-01-25,-1.1287
2002-01-28,2.5114
2002-01-29,-0.8909
2002-01-30,-0.8989
2002-01-31,10.2041
2002-02-01,3.9095
2002-02-04,7.9208
2002-02-05,11.1743
2002-02-06,13.22
2002-02-07,0.5831
2002-02-08,-5.0725
2002-02-11,-4.5802
2002-02-12,-4.8
2002-02-13,0.8403
2002-02-14,-0.6667
2002-02-15,-7.5503
2002-02-19,6.7151
2002-02-20,-1.5306
2002-02-21,-1.5544
2002-02-22,10.526299999999999
2002-02-25,3.1746
2002-02-26,0.7692
2002-02-27,-0.7939
2002-02-28,-0.5848
2002-03-01,-1.0836
2002-03-04,-6.7293
2002-03-05,3.1879
2002-03-06,-1.626
2002-03-07,-3.3058
2002-03-08,-3.4188
2002-03-11,-2.6549
2002-03-12,-8.1818
2002-03-13,-0.9901
2002-03-14,0.0
2002-03-15,-0.6
2002-03-18,0.6036
2002-03-19,-16.8
2002-03-20,-3.6058
2002-03-21,8.9776
2002-03-22,0.4577
2002-03-25,0.6834
2002-03-26,0.4299
2002-03-27,2.7709
2002-03-28,92.4594
2002-04-01,-4.4419
2002-04-02,-6.317
2002-04-03,6.9975000000000005
2002-04-04,1.0702
2002-04-05,-5.2941
2002-04-08,0.4845
2002-04-09,-3.2019
2002-04-10,-4.8404
2002-04-11,-3.2345
2002-04-12,3.4674
2002-04-15,3.8874
2002-04-16,-1.8065
2002-04-17,3.8108
2002-04-18,-1.3924
2002-04-19,-2.439
2002-04-22,-4.7368
2002-04-23,-3.3149
2002-04-24,-4.2857
2002-04-25,-3.2836
2002-04-26,-6.9444
2002-04-29,-0.4975
2002-04-30,8.3333
2002-05-01,1.8462
2002-05-02,3.4743
2002-05-03,2.9196999999999997
2002-05-06,-7.8014
2002-05-07,-4.3077
2002-05-08,6.1093
2002-05-09,-6.0606
2002-05-10,-2.2580999999999998
2002-05-13,1.6502
2002-05-14,1.9481000000000002
2002-05-15,-0.4777
2002-05-16,0.0
2002-05-17,1.12
2002-05-20,-5.0633
2002-05-21,-0.1667
2002-05-22,-3.172
2002-05-23,0.1724
2002-05-24,4.3029
2002-05-28,-1.6502
2002-05-29,0.6711
2002-05-30,-0.3333
2002-05-31,0.3344
2002-06-03,-1.3333
2002-06-04,1.0135
2002-06-05,-0.5017
2002-06-06,-1.1764999999999999
2002-06-07,-1.0204
2002-06-10,-0.3436
2002-06-11,-0.8621
2002-06-12,-3.8261
2002-06-13,-9.7649
2002-06-14,0.6012
2002-06-17,3.1873
2002-06-18,2.5097
2002-06-19,13.1827
2002-06-20,-2.6622
2002-06-21,0.5096
2002-06-24,-1.3574
2002-06-25,-0.3448
2002-06-26,2.7682
2002-06-27,4.3771
2002-06-28,11.2903
2002-07-01,-4.3478
2002-07-02,-5.9441
2002-07-03,4.5478
2002-07-05,0.1541
2002-07-08,0.0
2002-07-09,7.2308
2002-07-10,4.0172
2002-07-11,-0.6897
2002-07-12,-2.0833
2002-07-15,0.4255
2002-07-16,5.5085
2002-07-17,1.6064
2002-07-18,4.0843
2002-07-19,1.2658
2002-07-22,-6.5
2002-07-23,-6.4171
2002-07-24,0.0
2002-07-25,-2.8571
2002-07-26,2.9412000000000003
2002-07-29,-0.7143
2002-07-30,-3.741
2002-07-31,-3.1390000000000002
2002-08-01,-7.4228
2002-08-02,0.0167
2002-08-05,-8.3333
2002-08-06,0.9091
2002-08-07,-0.5405
2002-08-08,-2.1762
2002-08-09,-0.5533
2002-08-12,-5.0279
2002-08-13,-1.9607999999999999
2002-08-14,10.0
2002-08-15,-2.0
2002-08-16,0.3711
2002-08-19,-2.0333
2002-08-20,-0.9434
2002-08-21,3.6189999999999998
2002-08-22,4.5956
2002-08-23,-0.703
2002-08-26,2.6549
2002-08-27,-1.7241
2002-08-28,-0.8772
2002-08-29,0.885
2002-08-30,9.2982
2002-09-03,-5.297
2002-09-04,10.678
2002-09-05,-7.8101
2002-09-06,3.6545
2002-09-09,-1.4423
2002-09-10,-0.1626
2002-09-11,-1.9544000000000001
2002-09-12,-0.8306
2002-09-13,-1.34
2002-09-16,-0.8489
2002-09-17,-0.6849
2002-09-18,-1.7241
2002-09-19,0.1754
2002-09-20,-2.1016
2002-09-23,0.1789
2002-09-24,-0.8929
2002-09-25,-1.6216
2002-09-26,-0.1832
2002-09-27,-0.367
2002-09-30,3.3149
2002-10-01,-3.2086
2002-10-02,-2.7624
2002-10-03,-2.4621
2002-10-04,-0.9709
2002-10-07,-0.3922
2002-10-08,-1.5748
2002-10-09,2.7800000000000002
2002-10-10,-3.8723
2002-10-11,-0.7895
2002-10-14,-2.0608
2002-10-15,4.3542
2002-10-16,-1.5772
2002-10-17,-1.6227
2002-10-18,-5.7732
2002-10-21,-1.5316999999999998
2002-10-22,-2.2222
2002-10-23,-7.9545
2002-10-24,-3.0123
2002-10-25,-0.9674
2002-10-28,0.2571
2002-10-29,0.0
2002-10-30,0.0
2002-10-31,2.5641
2002-11-01,0.0
2002-11-04,1.75
2002-11-05,-4.1769
2002-11-06,-2.3077
2002-11-07,-2.8871
2002-11-08,-1.3514
2002-11-11,0.0
2002-11-12,7.3972999999999995
2002-11-13,3.3163
2002-11-14,17.5309
2002-11-15,-2.3109
2002-11-18,-5.3763
2002-11-19,-2.0455
2002-11-20,4.4084
2002-11-21,0.6667
2002-11-22,0.4415
2002-11-25,2.6374
2002-11-26,8.7794
2002-11-27,8.0709
2002-11-29,0.5464
2002-12-02,-4.8913
2002-12-03,-1.3333
2002-12-04,1.5444
2002-12-05,0.3802
2002-12-06,-1.1364
2002-12-09,0.5747
2002-12-10,1.5238
2002-12-11,2.6266
2002-12-12,3.8391
2002-12-13,-0.7042
2002-12-16,6.0284
2002-12-17,-2.0067
2002-12-18,-1.8771
2002-12-19,-0.8696
2002-12-20,1.5789
2002-12-23,1.8998
2002-12-24,-0.8475
2002-12-26,-1.1966
2002-12-27,-5.3633
2002-12-30,-0.9141
2002-12-31,-2.214
2003-01-02,-4.5283
2003-01-03,-1.6008
2003-01-06,-1.3858
2003-01-07,-1.222
2003-01-08,-1.2371
2003-01-09,6.4927
2003-01-10,1.7448000000000001
2003-01-13,-0.9827
2003-01-14,0.6032
2003-01-15,-1.1605
2003-01-16,0.7828
2003-01-17,1.7476
2003-01-21,0.5725
2003-01-22,-0.759
2003-01-23,0.7648
2003-01-24,2.0873
2003-01-27,0.3717
2003-01-28,-0.9259
2003-01-29,3.3645
2003-01-30,-0.7233
2003-01-31,2.1858
2003-02-03,-0.8913
2003-02-04,-0.8993
2003-02-05,0.0
2003-02-06,1.2704
2003-02-07,0.0
2003-02-10,0.3584
2003-02-11,-0.3571
2003-02-12,-0.1792
2003-02-13,0.3591
2003-02-14,4.2934
2003-02-18,2.0583
2003-02-19,0.5042
2003-02-20,-2.1739
2003-02-21,0.8547
2003-02-24,2.2034
2003-02-25,-0.8292
2003-02-26,0.3344
2003-02-27,1.8333
2003-02-28,0.3273
2003-03-03,-0.5057
2003-03-04,-1.1313
2003-03-05,5.141
2003-03-06,1.7349999999999999
2003-03-07,2.6357
2003-03-10,-1.2085
2003-03-11,0.3058
2003-03-12,-1.2195
2003-03-13,3.2407
2003-03-14,3.8864
2003-03-17,2.5899
2003-03-18,0.1403
2003-03-19,-0.5602
2003-03-20,0.7042
2003-03-21,0.2797
2003-03-24,-2.2315
2003-03-25,0.5706
2003-03-26,-0.5674
2003-03-27,0.2853
2003-03-28,0.2845
2003-03-31,-0.7092
2003-04-01,0.0
2003-04-02,0.4286
2003-04-03,0.9957
2003-04-04,0.1408
2003-04-07,1.6878
2003-04-08,-0.5533
2003-04-09,0.6954
2003-04-10,-0.5525
2003-04-11,0.5556
2003-04-14,0.1381
2003-04-15,0.0
2003-04-16,1.3793
2003-04-17,-0.1361
2003-04-21,0.0
2003-04-22,0.1362
2003-04-23,1.0884
2003-04-24,-0.2692
2003-04-25,0.5398
2003-04-28,0.0
2003-04-29,3.7584
2003-04-30,0.7762
2003-05-01,-0.5135
2003-05-02,0.5161
2003-05-05,-0.1284
2003-05-06,-0.3856
2003-05-07,-0.129
2003-05-08,-0.646
2003-05-09,2.3407
2003-05-12,2.2872
2003-05-13,7.9503
2003-05-14,0.3452
2003-05-15,0.8142
2003-05-16,1.0124
2003-05-19,-0.3378
2003-05-20,-0.791
2003-05-21,0.0
2003-05-22,-0.1139
2003-05-23,-0.6842
2003-05-27,-0.2296
2003-05-28,6.214
2003-05-29,-0.9751
2003-05-30,-1.5316999999999998
2003-06-02,0.0
2003-06-03,1.0
2003-06-04,0.11
2003-06-05,0.2198
2003-06-06,0.4386
2003-06-09,1.31
2003-06-10,3.2328
2003-06-11,6.5762
2003-06-12,2.7424
2003-06-13,1.7159
2003-06-16,-0.2812
2003-06-17,1.0338
2003-06-18,0.3721
2003-06-19,-0.3707
2003-06-20,3.2558
2003-06-23,2.8829000000000002
2003-06-24,4.2032
2003-06-25,4.1176
2003-06-26,-0.1614
2003-06-27,2.5869
2003-06-30,1.6548
2003-07-01,-0.9302
2003-07-02,0.7825
2003-07-03,0.9317
2003-07-07,0.3077
2003-07-08,-0.6902
2003-07-09,-0.0772
2003-07-10,-0.0773
2003-07-11,1.1601
2003-07-14,3.5933
2003-07-15,3.1734
2003-07-16,0.1431
2003-07-17,-0.4286
2003-07-18,5.4519
2003-07-21,2.8571
2003-07-22,1.7856999999999998
2003-07-23,2.3392
2003-07-24,-4.6984
2003-07-25,-13.058
2003-07-28,-14.636
2003-07-29,-23.8061
2003-07-30,10.1555
2003-07-31,13.369
2003-08-01,-6.4151
2003-08-04,-3.2258
2003-08-05,-4.1667
2003-08-06,-4.5652
2003-08-07,-5.5809
2003-08-08,-8.3233
2003-08-11,13.5526
2003-08-12,1.854
2003-08-13,-0.6826
2003-08-14,-1.0309
2003-08-15,0.8102
2003-08-18,2.2962
2003-08-19,6.7116
2003-08-20,0.9676
2003-08-21,5.5208
2003-08-22,-6.614
2003-08-25,2.0085
2003-08-26,2.1762
2003-08-27,-0.7099
2003-08-28,-0.3064
2003-08-29,3.6885
2003-09-02,-0.4941
2003-09-03,-4.7666
2003-09-04,5.318
2003-09-05,0.0
2003-09-08,3.9604
2003-09-09,11.9048
2003-09-10,-2.2979
2003-09-11,-1.7422
2003-09-12,0.0887
2003-09-15,-0.3543
2003-09-16,0.8889
2003-09-17,0.4405
2003-09-18,3.1579
2003-09-19,-0.085
2003-09-22,1.0213
2003-09-23,8.4246
2003-09-24,-8.9355
2003-09-25,-12.2014
2003-09-26,-2.2352
2003-09-29,-0.0994
2003-09-30,-0.4975
2003-10-01,-2.5
2003-10-02,-1.4359
2003-10-03,3.4339
2003-10-06,0.6036
2003-10-07,0.5
2003-10-08,-0.995
2003-10-09,-1.608
2003-10-10,-4.2901
2003-10-13,5.016
2003-10-14,-0.9146
2003-10-15,-7.6923
2003-10-16,6.7778
2003-10-17,1.3528
2003-10-20,1.4374
2003-10-21,-4.5547
2003-10-22,-1.2725
2003-10-23,-9.13
2003-10-24,-7.8014
2003-10-27,3.9744
2003-10-28,2.836
2003-10-29,0.0
2003-10-30,-1.9184999999999999
2003-10-31,-1.956
2003-11-03,-0.7481
2003-11-04,-0.2513
2003-11-05,-1.1335
2003-11-06,14.1401
2003-11-07,-3.4598
2003-11-10,-6.1272
2003-11-11,-3.4483
2003-11-12,3.1888
2003-11-13,2.5958
2003-11-14,-6.6265
2003-11-17,-3.871
2003-11-18,-3.4899
2003-11-19,-3.1989
2003-11-20,-4.8850999999999996
2003-11-21,7.7039
2003-11-24,0.9818
2003-11-25,-1.1111
2003-11-26,2.5281000000000002
2003-11-28,0.411
2003-12-01,13.2333
2003-12-02,5.4217
2003-12-03,4.6857
2003-12-04,-6.2227
2003-12-05,-2.2119
2003-12-08,4.6429
2003-12-09,-8.3049
2003-12-10,2.3573
2003-12-11,6.0606
2003-12-12,3.6571
2003-12-15,-6.1742
2003-12-16,-2.2327
2003-12-17,0.0
2003-12-18,0.7212
2003-12-19,-1.3126
2003-12-22,8.8271
2003-12-23,8.2222
2003-12-24,1.1294
2003-12-26,-6.4975
2003-12-29,-1.9544000000000001
2003-12-30,1.1074
2003-12-31,-3.3954
2004-01-02,0.2268
2004-01-05,1.9231
2004-01-06,0.9989
2004-01-07,-0.8791
2004-01-08,1.663
2004-01-09,-4.4711
2004-01-12,-2.968
2004-01-13,0.3529
2004-01-14,4.6893
2004-01-15,2.4636
2004-01-16,1.9672
2004-01-20,-0.3215
2004-01-21,-0.4301
2004-01-22,-4.4276
2004-01-23,0.0
2004-01-26,3.3898
2004-01-27,-2.623
2004-01-28,-3.4792
2004-01-29,0.1163
2004-01-30,9.1754
2004-02-02,15.0
2004-02-03,-1.5726
2004-02-04,1.9737
2004-02-05,1.106
2004-02-06,-0.9116
2004-02-09,-2.3919
2004-02-10,-1.6965
2004-02-11,-0.6711
2004-02-12,-0.0965
2004-02-13,-3.1884
2004-02-17,2.8942
2004-02-18,-0.582
2004-02-19,1.561
2004-02-20,-0.0961
2004-02-23,-4.6154
2004-02-24,-19.3548
2004-02-25,-7.25
2004-02-26,10.5121
2004-02-27,-2.0732
2004-03-01,1.4944
2004-03-02,-4.4172
2004-03-03,-2.1823
2004-03-04,3.9370000000000003
2004-03-05,-2.5253
2004-03-08,-2.3316
2004-03-09,-3.4483
2004-03-10,-1.0989
2004-03-11,-2.7778
2004-03-12,3.5714
2004-03-15,-6.8966
2004-03-16,1.037
2004-03-17,2.9326
2004-03-18,-3.9886
2004-03-19,-2.3739
2004-03-22,-6.079
2004-03-23,0.3236
2004-03-24,0.9677
2004-03-25,-0.7987
2004-03-26,-1.4493
2004-03-29,6.2092
2004-03-30,2.0
2004-03-31,-2.1116
2004-04-01,-0.3082
2004-04-02,5.4096
2004-04-05,2.4927
2004-04-06,-6.2947
2004-04-07,1.374
2004-04-08,2.4096
2004-04-12,-0.7353
2004-04-13,-8.4444
2004-04-14,-6.4725
2004-04-15,0.346
2004-04-16,0.1724
2004-04-19,-2.5818
2004-04-20,-1.9435
2004-04-21,2.7027
2004-04-22,-0.5263
2004-04-23,0.3527
2004-04-26,0.3515
2004-04-27,4.2032
2004-04-28,-10.084
2004-04-29,-4.1121
2004-04-30,-14.23
2004-05-03,11.818200000000001
2004-05-04,-2.8455
2004-05-05,6.0669
2004-05-06,3.1558
2004-05-07,-1.5295999999999998
2004-05-10,-6.9902999999999995
2004-05-11,12.9436
2004-05-12,16.0813
2004-05-13,-2.0701
2004-05-14,-8.4553
2004-05-17,2.1314
2004-05-18,3.1304
2004-05-19,-2.0236
2004-05-20,-1.3769
2004-05-21,3.3159
2004-05-24,7.4324
2004-05-25,6.1321
2004-05-26,2.6667
2004-05-27,-4.0404
2004-05-28,-8.2707
2004-06-01,-2.459
2004-06-02,-1.3445
2004-06-03,-5.2811
2004-06-04,-1.0791
2004-06-07,9.4545
2004-06-08,4.6512
2004-06-09,-9.8413
2004-06-10,0.7042
2004-06-14,-6.8182
2004-06-15,2.2514
2004-06-16,5.5046
2004-06-17,8.5217
2004-06-18,0.0
2004-06-21,-4.4872
2004-06-22,6.5436
2004-06-23,-5.3543
2004-06-24,-3.3278
2004-06-25,-0.8606
2004-06-28,-1.0417
2004-06-29,1.0526
2004-06-30,1.2153
2004-07-01,6.8611
2004-07-02,-3.6917999999999997
2004-07-06,0.0
2004-07-07,0.8333
2004-07-08,-3.3058
2004-07-09,1.7094
2004-07-12,0.3361
2004-07-13,-1.34
2004-07-14,-0.8489
2004-07-15,-5.8219
2004-07-16,-0.5455
2004-07-19,-6.7642
2004-07-20,9.2157
2004-07-21,-5.5655
2004-07-22,6.2738
2004-07-23,-6.619
2004-07-26,7.0881
2004-07-27,1.7889
2004-07-28,-4.9209
2004-07-29,6.8392
2004-07-30,-3.1142
2004-08-02,1.7856999999999998
2004-08-03,-0.8772
2004-08-04,4.2478
2004-08-05,-11.7148
2004-08-06,3.4615
2004-08-09,-1.1152
2004-08-10,4.8872
2004-08-11,-1.0753
2004-08-12,2.5362
2004-08-13,-7.2438
2004-08-16,6.2857
2004-08-17,4.6594999999999995
2004-08-18,0.3425
2004-08-19,3.5836
2004-08-20,1.1532
2004-08-23,-1.7915
2004-08-24,-4.1459
2004-08-25,-3.4602
2004-08-26,3.0466
2004-08-27,-1.913
2004-08-30,-0.8865
2004-08-31,-2.8623
2004-09-01,-2.3941
2004-09-02,-0.3774
2004-09-03,0.0
2004-09-07,-5.303
2004-09-08,-0.2
2004-09-09,3.2064
2004-09-10,-1.7476
2004-09-13,0.7905
2004-09-14,0.9804
2004-09-15,-0.1942
2004-09-16,4.8638
2004-09-17,-5.3803
2004-09-20,0.3922
2004-09-21,0.1953
2004-09-22,-2.5341
2004-09-23,0.6
2004-09-24,-2.3857
2004-09-27,-2.2403
2004-09-28,-2.0833
2004-09-29,-2.9787
2004-09-30,4.1667
2004-10-01,9.473700000000001
2004-10-04,-1.5385
2004-10-05,-3.5156
2004-10-06,-0.8097
2004-10-07,-4.2857
2004-10-08,1.2793
2004-10-11,2.3158
2004-10-12,0.823
2004-10-13,0.0
2004-10-14,0.2041
2004-10-15,2.8513
2004-10-18,-3.7624
2004-10-19,2.8807
2004-10-20,1.4
2004-10-21,-0.5917
2004-10-22,1.3889
2004-10-25,-0.1957
2004-10-26,1.9607999999999999
2004-10-27,-0.1923
2004-10-28,4.4315999999999995
2004-10-29,-4.059
2004-11-01,-1.9231
2004-11-02,0.0
2004-11-03,7.2549
2004-11-04,4.0219
2004-11-05,-6.1511
2004-11-08,1.1236
2004-11-09,0.0
2004-11-10,0.9259
2004-11-11,2.2018
2004-11-12,-2.1544
2004-11-15,3.6696999999999997
2004-11-16,-2.1239
2004-11-17,1.2658
2004-11-18,6.25
2004-11-19,3.6134
2004-11-22,6.5693
2004-11-23,4.1096
2004-11-24,0.8772
2004-11-26,0.4348
2004-11-29,-6.7821
2004-11-30,2.4768
2004-12-01,-3.9275
2004-12-02,-5.3459
2004-12-03,-3.8205999999999998
2004-12-06,-1.5544
2004-12-07,-2.1053
2004-12-08,2.3297
2004-12-09,-3.6778
2004-12-10,2.6364
2004-12-13,1.0629
2004-12-14,3.2428
2004-12-15,1.0187
2004-12-16,0.1681
2004-12-17,-2.0134
2004-12-20,-0.2568
2004-12-21,-1.2876
2004-12-22,-2.6087
2004-12-23,-3.9286
2004-12-27,-0.7435
2004-12-28,-0.1873
2004-12-29,-2.2514
2004-12-30,9.9808
2004-12-31,-2.9668
2005-01-03,-2.8777
2005-01-04,0.1852
2005-01-05,-5.5453
2005-01-06,2.1526
2005-01-07,-7.8544
2005-01-10,-1.8711
2005-01-11,0.2119
2005-01-12,1.9026999999999998
2005-01-13,-2.4896
2005-01-14,2.3404
2005-01-18,-1.2474
2005-01-19,-1.8947
2005-01-20,-3.0043
2005-01-21,-2.6549
2005-01-24,-1.8182
2005-01-25,2.7778
2005-01-26,2.027
2005-01-27,7.064
2005-01-28,4.9485
2005-01-31,7.0727
2005-02-01,-1.2844
2005-02-02,-2.0446
2005-02-03,-0.3795
2005-02-04,-0.1905
2005-02-07,-2.4809
2005-02-08,0.7828
2005-02-09,-2.9126
2005-02-10,0.0
2005-02-11,-2.0
2005-02-14,-1.0204
2005-02-15,7.2165
2005-02-16,-1.5385
2005-02-17,1.9531
2005-02-18,-0.7663
2005-02-22,-7.9151
2005-02-23,-0.2096
2005-02-24,6.5126
2005-02-25,-4.3393
2005-02-28,-4.1237
2005-03-01,2.7957
2005-03-02,-5.8577
2005-03-03,1.1111
2005-03-04,-3.0769
2005-03-07,1.5873
2005-03-08,0.2232
2005-03-09,-0.6682
2005-03-10,1.7936999999999999
2005-03-11,-2.7533
2005-03-14,-1.4723
2005-03-15,-1.1494
2005-03-16,-7.6744
2005-03-17,0.7557
2005-03-18,-0.75
2005-03-21,-6.2972
2005-03-22,1.3441
2005-03-23,-5.8355
2005-03-24,0.2817
2005-03-28,0.5618
2005-03-29,-2.2346
2005-03-30,-2.8571
2005-03-31,-6.7647
2005-04-01,-3.7855
2005-04-04,-2.2951
2005-04-05,-2.349
2005-04-06,1.3746
2005-04-07,14.5763
2005-04-08,-2.071
2005-04-11,-7.2508
2005-04-12,-0.9772
2005-04-13,-3.6184
2005-04-14,-1.0239
2005-04-15,-4.4828
2005-04-18,11.5523
2005-04-19,-4.8544
2005-04-20,-8.5034
2005-04-21,4.0892
2005-04-22,9.2857
2005-04-25,-3.9215999999999998
2005-04-26,-10.8844
2005-04-27,0.3817
2005-04-28,-3.0418
2005-04-29,0.7843
2005-05-02,-5.0584
2005-05-03,2.459
2005-05-04,13.2
2005-05-05,4.2403
2005-05-06,1.0169
2005-05-09,-10.4027
2005-05-10,-2.2472
2005-05-11,-3.4483
2005-05-12,-1.9841
2005-05-13,1.2146
2005-05-16,4.0
2005-05-17,5.7692
2005-05-18,6.9091000000000005
2005-05-19,3.4013999999999998
2005-05-20,-7.5658
2005-05-23,2.847
2005-05-24,-3.1142
2005-05-25,5.0
2005-05-26,2.0408
2005-05-27,-6.6667
2005-05-31,7.1429
2005-06-01,0.0
2005-06-02,-1.0
2005-06-03,-6.0606
2005-06-06,0.3584
2005-06-07,-3.2143
2005-06-08,1.845
2005-06-09,1.8115999999999999
2005-06-10,1.4235
2005-06-13,-2.807
2005-06-14,5.0542
2005-06-15,1.3746
2005-06-16,1.6949
2005-06-17,-0.6667
2005-06-20,-2.0134
2005-06-21,1.0274
2005-06-22,-0.678
2005-06-23,-1.0239
2005-06-24,-18.6207
2005-06-27,0.0
2005-06-28,-9.7458
2005-06-29,-3.7559
2005-06-30,-2.9268
2005-07-01,-3.5176
2005-07-05,8.3333
2005-07-06,-0.8654
2005-07-07,-2.5218
2005-07-08,-1.99
2005-07-11,4.0609
2005-07-12,0.0
2005-07-13,20.0
2005-07-14,-5.6911000000000005
2005-07-15,0.8621
2005-07-18,-3.8462
2005-07-19,1.7778
2005-07-20,4.3668
2005-07-21,0.8368
2005-07-22,-0.4149
2005-07-25,-4.5833
2005-07-26,-3.4934
2005-07-27,5.8824
2005-07-28,1.2821
2005-07-29,1.2658
2005-08-01,1.6667
2005-08-02,0.8197
2005-08-03,1.9512
2005-08-04,-1.5152
2005-08-05,2.834
2005-08-08,-1.5748
2005-08-09,-4.0
2005-08-10,-2.5
2005-08-11,-0.4274
2005-08-12,-5.5794
2005-08-15,2.2727
2005-08-16,-2.6667
2005-08-17,2.2831
2005-08-18,-1.3393
2005-08-19,-0.4525
2005-08-22,-3.6364
2005-08-23,-0.4717
2005-08-24,1.8957000000000002
2005-08-25,2.3256
2005-08-26,2.2727
2005-08-29,0.4444
2005-08-30,-3.9823
2005-08-31,2.3041
2005-09-01,-4.5045
2005-09-02,-0.4717
2005-09-06,0.0
2005-09-07,0.9479
2005-09-08,-1.4085
2005-09-09,3.3333
2005-09-12,2.765
2005-09-13,7.1749
2005-09-14,-1.6736
2005-09-15,4.2553
2005-09-16,-6.9388
2005-09-19,-1.3158
2005-09-20,-4.0
2005-09-21,-2.7778
2005-09-22,-2.8571
2005-09-23,0.9804
2005-09-26,-0.4854
2005-09-27,-0.4878
2005-09-28,-0.9804
2005-09-29,1.9802
2005-09-30,2.4272
2005-10-03,-0.4739
2005-10-04,4.7619
2005-10-05,-5.9091000000000005
2005-10-06,-3.3816
2005-10-07,2.0
2005-10-10,-2.0833
2005-10-11,-0.3755
2005-10-12,-1.5074999999999998
2005-10-13,-3.0612
2005-10-14,-11.0526
2005-10-17,-1.7751000000000001
2005-10-18,3.6145
2005-10-19,-5.814
2005-10-20,12.963
2005-10-21,-3.0328
2005-10-24,4.2547
2005-10-25,-2.7027
2005-10-26,0.0
2005-10-27,-4.4444
2005-10-28,-5.2326
2005-10-31,-3.0675
2005-11-01,-13.9241
2005-11-02,-27.2059
2005-11-03,-11.1111
2005-11-04,5.6818
2005-11-07,1.0753
2005-11-08,-3.1915
2005-11-09,4.3956
2005-11-10,-6.3158
2005-11-11,5.618
2005-11-14,-3.1915
2005-11-15,2.1978
2005-11-16,-1.0753
2005-11-17,-2.1739
2005-11-18,6.6667
2005-11-21,-2.0833
2005-11-22,10.6383
2005-11-23,-9.6154
2005-11-25,1.0638
2005-11-28,-1.0526
2005-11-29,0.0
2005-11-30,-1.0638
2005-12-01,-6.4516
2005-12-02,-5.7471
2005-12-05,-4.878
2005-12-06,8.9744
2005-12-07,-9.4118
2005-12-08,-5.1948
2005-12-09,0.0
2005-12-12,-9.589
2005-12-13,-12.1212
2005-12-14,-0.1724
2005-12-15,1.8998
2005-12-16,22.0339
2005-12-19,-4.1667
2005-12-20,-4.3478
2005-12-21,-6.0606
2005-12-22,11.2903
2005-12-23,-4.3478
2005-12-27,6.0606
2005-12-28,-2.8571
2005-12-29,-8.8235
2005-12-30,5.2722
2006-01-03,-1.9439
2006-01-04,-4.6875
2006-01-05,4.918
2006-01-06,1.5625
2006-01-09,-6.1538
2006-01-10,3.2787
2006-01-11,-1.5873
2006-01-12,-8.0645
2006-01-13,-1.5789
2006-01-17,24.7772
2006-01-18,-5.7143
2006-01-19,-6.0606
2006-01-20,3.2258
2006-01-23,3.125
2006-01-24,27.2727
2006-01-25,90.4762
2006-01-26,18.125
2006-01-27,-11.1111
2006-01-30,-13.0952
2006-01-31,0.0
2006-02-01,2.0548
2006-02-02,2.0134
2006-02-03,0.6579
2006-02-06,-4.5752
2006-02-07,2.0548
2006-02-08,-11.4094
2006-02-09,-3.0303
2006-02-10,-7.0313
2006-02-13,-4.2017
2006-02-14,-0.8772
2006-02-15,-7.0796
2006-02-16,0.9524
2006-02-17,-0.9434
2006-02-21,19.0476
2006-02-22,21.61
2006-02-23,11.8329
2006-02-24,-11.1765
2006-02-27,8.6093
2006-02-28,4.2683
2006-03-01,-0.5848
2006-03-02,0.5882
2006-03-03,-12.2807
2006-03-06,-12.6667
2006-03-07,-11.4504
2006-03-08,7.7586
2006-03-09,3.2
2006-03-10,8.5271
2006-03-13,-7.8571
2006-03-14,-8.5271
2006-03-15,-0.8475
2006-03-16,-4.2735
2006-03-17,-1.7856999999999998
2006-03-20,5.4545
2006-03-21,2.5862
2006-03-22,-3.3613
2006-03-23,0.0
2006-03-24,0.8696
2006-03-27,0.0
2006-03-28,1.7241
2006-03-29,5.9322
2006-03-30,7.2
2006-03-31,-4.4776
2006-04-03,-11.7188
2006-04-04,-0.885
2006-04-05,-1.7856999999999998
2006-04-06,1.8182
2006-04-07,4.4643
2006-04-10,0.0
2006-04-11,1.0791
2006-04-12,-2.6741
2006-04-13,-0.9557
2006-04-17,-1.7544
2006-04-18,0.0
2006-04-19,1.7856999999999998
2006-04-20,0.8772
2006-04-21,-0.8696
2006-04-24,4.386
2006-04-25,5.8824
2006-04-26,4.7619
2006-04-27,-5.303
2006-04-28,-2.4
2006-05-01,-2.459
2006-05-02,1.6806999999999999
2006-05-03,-0.8264
2006-05-04,0.8333
2006-05-05,-4.9587
2006-05-08,-4.3478
2006-05-09,2.7273
2006-05-10,-2.6549
2006-05-11,-2.7273
2006-05-12,1.8692
2006-05-15,3.6696999999999997
2006-05-16,-5.3097
2006-05-17,-5.6075
2006-05-18,-8.9109
2006-05-19,-6.5217
2006-05-22,-3.5294
2006-05-23,-8.5366
2006-05-24,0.0
2006-05-25,10.6667
2006-05-26,-3.6145
2006-05-30,2.5
2006-05-31,1.2195
2006-06-01,-3.6145
2006-06-02,-10.0
2006-06-05,4.1667
2006-06-06,0.0
2006-06-07,4.0
2006-06-08,3.8462
2006-06-09,1.2346
2006-06-12,9.7561
2006-06-13,0.0
2006-06-14,-3.3333
2006-06-15,-1.1494
2006-06-16,0.0
2006-06-19,-5.814
2006-06-20,-2.4691
2006-06-21,-2.5316
2006-06-22,3.8961
2006-06-23,-4.4531
2006-06-26,22.9763
2006-06-27,15.9574
2006-06-28,3.6696999999999997
2006-06-29,-2.9204
2006-06-30,-7.9307
2006-07-03,0.9901
2006-07-05,-5.8824
2006-07-06,4.1667
2006-07-07,1.0
2006-07-10,-0.9901
2006-07-11,0.0
2006-07-12,0.0
2006-07-13,-7.0
2006-07-14,9.6774
2006-07-17,-12.7451
2006-07-18,0.0
2006-07-19,-7.8652
2006-07-20,0.0
2006-07-21,-2.3171
2006-07-24,-0.1248
2006-07-25,5.0
2006-07-26,-4.7619
2006-07-27,6.25
2006-07-28,-3.5294
2006-07-31,-3.6585
2006-08-01,2.5316
2006-08-02,6.1728
2006-08-03,-1.1628
2006-08-04,1.1764999999999999
2006-08-07,6.9767
2006-08-08,-4.3478
2006-08-09,4.5455
2006-08-10,0.0
2006-08-11,-3.2609
2006-08-14,2.2472
2006-08-15,5.4945
2006-08-16,-4.1667
2006-08-17,-1.087
2006-08-18,-3.2967
2006-08-21,4.5455
2006-08-22,1.087
2006-08-23,-7.5269
2006-08-24,-2.3256
2006-08-25,4.003
2006-08-28,8.7423
2006-08-29,1.0526
2006-08-30,-5.1042
2006-08-31,-1.8249
2006-09-01,-1.6073
2006-09-05,0.0
2006-09-06,-4.5455
2006-09-07,1.1905000000000001
2006-09-08,-3.5294
2006-09-11,-3.6585
2006-09-12,-10.1266
2006-09-13,8.4507
2006-09-14,-6.4935
2006-09-15,15.2778
2006-09-18,-9.6386
2006-09-19,46.6667
2006-09-20,-19.0909
2006-09-21,-4.4944
2006-09-22,0.0
2006-09-25,-2.3529
2006-09-26,-3.6145
2006-09-27,0.0
2006-09-28,-1.0234
2006-09-29,1.034
2006-10-02,-3.75
2006-10-03,2.5974
2006-10-04,1.2658
2006-10-05,-1.25
2006-10-06,3.7975
2006-10-09,0.0
2006-10-10,8.5366
2006-10-11,-2.2472
2006-10-12,-12.6437
2006-10-13,5.2632
2006-10-16,-2.5
2006-10-17,-7.6923
2006-10-18,0.0
2006-10-19,0.0
2006-10-20,-1.3889
2006-10-23,-2.9049
2006-10-24,-17.3164
2006-10-25,15.7895
2006-10-26,4.5455
2006-10-27,14.4928
2006-10-30,-10.1266
2006-10-31,-4.2254
2006-11-01,-2.9412000000000003
2006-11-02,3.0303
2006-11-03,-8.8235
2006-11-06,1.6129
2006-11-07,-3.1746
2006-11-08,-4.918
2006-11-09,8.6207
2006-11-10,-4.6627
2006-11-13,-5.0989
2006-11-14,-3.5088
2006-11-15,7.2727
2006-11-16,0.0
2006-11-17,0.0
2006-11-20,-5.0847
2006-11-21,0.0
2006-11-22,-1.7856999999999998
2006-11-24,3.6364
2006-11-27,-3.5088
2006-11-28,9.0909
2006-11-29,-5.0
2006-11-30,-1.7544
2006-12-01,-4.5536
2006-12-04,-6.4546
2006-12-05,-14.0
2006-12-06,-41.8605
2006-12-07,32.0
2006-12-08,-9.0909
2006-12-11,-12.6667
2006-12-12,-4.5802
2006-12-13,4.0
2006-12-14,0.0
2006-12-15,-30.7692
2006-12-18,0.0
2006-12-19,-5.5556
2006-12-20,-5.8824
2006-12-21,12.5
2006-12-22,0.0
2006-12-26,-11.1111
2006-12-27,-18.75
2006-12-28,0.0
2006-12-29,0.0
2007-01-03,-3.8462
2007-01-04,0.0
2007-01-05,-4.0
2007-01-08,0.0
2007-01-09,16.6667
2007-01-10,3.5714
2007-01-11,-10.3448
2007-01-12,-7.6923
2007-01-16,0.4167
2007-01-17,-0.4149
2007-01-18,-16.6667
2007-01-19,-5.0
2007-01-22,-15.7895
2007-01-23,-25.0
2007-01-24,16.6667
2007-01-25,0.0
2007-01-26,28.5714
2007-01-29,11.1111
2007-01-30,-5.0
2007-01-31,5.2632
2007-02-01,-5.0
2007-02-02,0.0
2007-02-05,0.0
2007-02-06,0.0
2007-02-07,0.0
2007-02-08,-14.2105
2007-02-09,-20.2454
2007-02-12,0.0
2007-02-13,0.0
2007-02-14,-7.6923
2007-02-15,8.3333
2007-02-16,0.0
2007-02-20,-7.6923
2007-02-21,0.0
2007-02-22,0.0
2007-02-23,16.6667
2007-02-26,-14.2857
2007-02-27,16.6667
2007-02-28,0.0
2007-03-01,-12.857099999999999
2007-03-02,-1.6393
2007-03-05,0.0
2007-03-06,0.0
2007-03-07,8.3333
2007-03-08,-7.6923
2007-03-09,-8.3333
2007-03-12,0.0
2007-03-13,-3.6364
2007-03-14,22.6415
2007-03-15,-21.5385
2007-03-16,37.2549
2007-03-19,-7.1429
2007-03-20,-21.5385
2007-03-21,27.451
2007-03-22,-20.0
2007-03-23,25.0
2007-03-26,7.6923
2007-03-27,-14.2857
2007-03-28,0.0
2007-03-29,-13.3333
2007-03-30,0.0
2007-04-02,0.0
2007-04-03,-3.8462
2007-04-04,0.0
2007-04-05,0.0
2007-04-09,0.0
2007-04-10,0.0
2007-04-11,0.0
2007-04-12,-20.0
2007-04-13,23.75
2007-04-16,-19.1919
2007-04-17,12.5
2007-04-18,-11.1111
2007-04-19,0.0
2007-04-20,0.0
2007-04-23,0.0
2007-04-24,12.5
2007-04-25,-11.1111
2007-04-26,0.0
2007-04-27,0.0
2007-04-30,0.0
2007-05-01,0.0
2007-05-02,-25.0
2007-05-03,33.3333
2007-05-04,-25.0
2007-05-07,0.0
2007-05-08,0.0
2007-05-09,0.0
2007-05-10,0.0
2007-05-11,0.0
2007-05-14,16.6667
2007-05-15,-14.2857
2007-05-16,0.0
2007-05-17,0.0
2007-05-18,0.0
2007-05-21,33.3333
2007-05-22,-25.0
2007-05-23,33.3333
2007-05-24,-25.0
2007-05-25,0.0
2007-05-29,0.0
2007-05-30,0.0
2007-05-31,0.0
2007-06-01,0.0
2007-06-04,0.0
2007-06-05,0.0
2007-06-06,0.0
2007-06-07,0.0
2007-06-11,0.0
2007-06-12,50.0
2007-06-13,-11.1111
2007-06-14,-10.0
2007-06-15,0.0
2007-06-18,-16.6667
2007-06-19,0.0
2007-06-20,-26.6667
2007-06-21,36.3636
2007-06-22,0.0
2007-06-25,-16.6667
2007-06-26,0.0
2007-06-27,0.0
2007-06-28,0.0
2007-06-29,60.0
2007-07-02,-25.0
2007-07-03,-33.3333
2007-07-05,10.0
2007-07-06,13.6364
2007-07-09,-20.0
2007-07-10,0.0
2007-07-11,0.0
2007-07-12,0.625
2007-07-13,-0.6211
2007-07-16,0.0
2007-07-17,0.0
2007-07-18,0.0
2007-07-20,0.0
2007-07-23,0.0
2007-07-25,0.0
2007-07-26,0.0
2007-07-30,0.0
2007-07-31,100.0
2007-08-01,-25.0
2007-08-02,0.0
2007-08-03,-33.3333
2007-08-06,50.0
2007-08-08,-23.3333
2007-08-09,0.0
2007-08-10,0.0
2007-08-13,0.0
2007-08-14,0.0
2007-08-15,-13.0435
2007-08-16,-45.0
2007-08-17,-9.0909
2007-08-20,150.0
2007-08-21,-36.0
2007-08-22,0.0
2007-08-23,25.0
2007-08-24,0.0
2007-08-27,0.0
2007-08-29,25.0
2007-08-30,-20.0
2007-09-04,0.0
2007-09-05,0.0
2007-09-06,0.0
2007-09-07,0.0
2007-09-10,0.0
2007-09-11,0.0
2007-09-12,0.0
2007-09-13,0.0
2007-09-14,0.0
2007-09-17,-10.0
2007-09-18,0.0
2007-09-19,38.8889
2007-09-20,-20.0
2007-09-21,0.0
2007-09-24,25.0
2007-09-25,-52.0
2007-09-26,0.0
2007-09-27,-16.6667
2007-09-28,0.0
2007-10-01,0.0
2007-10-02,0.0
2007-10-03,0.0
2007-10-04,1.25
2007-10-05,-11.1111
2007-10-08,0.0
2007-10-09,0.0
2007-10-10,0.0
2007-10-11,0.0
2007-10-12,0.0
2007-10-16,11.1111
2007-10-17,-10.0
2007-10-18,0.0
2007-10-22,66.6667
2007-10-23,-33.3333
2007-10-24,0.0
2007-10-25,0.0
2007-10-26,0.0
2007-10-29,0.0
2007-10-30,0.0
2007-10-31,0.0
2007-11-01,0.0
2007-11-02,0.0
2007-11-05,0.0
2007-11-06,0.0
2007-11-07,0.0
2007-11-08,0.0
2007-11-09,0.0
2007-11-12,0.0
2007-11-13,0.0
2007-11-14,0.0
2007-11-15,0.0
2007-11-16,0.0
2007-11-19,0.0
2007-11-20,-20.0
2007-11-21,-12.5
2007-11-23,0.0
2007-11-26,0.0
2007-11-27,0.0
2007-11-28,-57.1429
2007-11-29,0.0
2007-11-30,0.0
2007-12-03,0.0
2007-12-04,100.0
2007-12-05,0.0
2007-12-06,0.0
2007-12-07,0.0
2007-12-10,-16.6667
2007-12-11,-60.0
2007-12-12,0.0
2007-12-13,0.0
2007-12-14,0.0
2007-12-17,75.0
2007-12-18,0.0
2007-12-19,-42.8571
2007-12-20,75.0
2007-12-21,-14.2857
2007-12-24,0.0
2007-12-26,0.0
2007-12-27,-60.4167
2007-12-28,0.0
2007-12-31,194.7368
2008-01-02,0.0
2008-01-08,0.0
2008-01-09,-28.5714
2008-01-11,100.0
2008-01-15,0.0
2008-01-16,0.0
2008-01-17,20.0
2008-01-18,-16.6667
2008-01-22,-20.0
2008-01-23,0.0
2008-01-28,0.0
2008-01-31,0.0
2008-02-04,0.0
2008-02-12,0.0
2008-02-13,0.0
2008-02-14,0.0
2008-02-19,0.0
2008-02-20,0.0
2008-02-21,0.0
2008-02-25,0.0
2008-02-26,0.0
2008-02-27,0.0
2008-02-28,0.0
2008-02-29,25.0
2008-03-03,0.0
2008-03-04,-20.0
2008-03-06,137.5
2008-03-07,-47.3684
2008-03-10,0.0
2008-03-11,0.0
2008-03-14,0.0
2008-03-19,0.0
2008-03-20,0.0
2008-03-24,0.0
2008-03-26,0.0
2008-04-01,0.0
2008-04-02,0.0
2008-04-04,0.0
2008-04-08,0.0
2008-04-09,0.0
2008-04-11,0.0
2008-04-14,0.0
2008-04-15,0.0
2008-04-22,0.0
2008-04-23,0.0
2008-04-25,0.0
2008-05-02,0.0
2008-05-05,0.0
2008-05-06,0.0
2008-05-07,0.0
2008-05-08,0.0
2008-05-12,0.0
2008-05-13,0.0
2008-05-14,0.0
2008-05-20,0.0
2008-05-21,0.0
2008-05-22,0.0
2008-05-27,0.0
2008-05-28,0.0
2008-05-29,-20.0
2008-05-30,0.0
2008-06-03,0.0
2008-06-04,25.0
2008-06-05,-60.0
2008-06-09,0.0
2008-06-10,0.0
2008-06-11,0.0
2008-06-12,0.0
2008-06-16,0.0
2008-06-18,0.0
2008-06-19,0.0
2008-06-20,375.0
2008-06-23,-78.9474
2008-06-27,0.0
2008-07-01,0.0
2008-07-07,0.0
2008-07-08,0.0
2008-07-14,0.0
2008-07-15,0.0
2008-07-17,0.0
2008-07-18,0.0
2008-07-24,0.0
2008-07-28,0.0
2008-07-29,0.0
2008-07-31,0.0
2008-08-08,0.0
2008-08-11,0.0
2008-08-12,0.0
2008-08-15,0.0
2008-08-19,300.0
2008-08-20,-50.0
2008-08-21,100.0
2008-08-25,-62.5
2008-08-26,0.0
2008-08-28,0.0
2008-08-29,0.0
2008-09-03,0.0
2008-09-08,0.0
2008-09-09,0.0
2008-09-11,166.6667
2008-09-15,-75.0
2008-09-16,0.0
2008-09-18,0.0
2008-09-19,0.0
2008-09-22,0.0
2008-09-23,0.0
2008-09-25,0.0
2008-09-30,0.0
2008-10-01,0.0
2008-10-02,150.0
2008-10-03,-60.0
2008-10-09,0.0
2008-10-10,0.0
2008-10-15,125.0
2008-10-16,-55.5556
2008-10-17,0.0
2008-10-20,0.0
2008-10-21,0.0
2008-10-24,-75.0
2008-10-28,0.0
2008-10-29,0.0
2008-11-03,0.0
2008-11-04,900.0
2008-11-05,0.0
2008-11-06,0.0
2008-11-10,0.0
2008-11-11,-86.25
2008-11-13,627.2727
2008-11-17,60.0
2008-11-18,-75.0
2008-11-19,0.0
2008-11-21,0.0
2008-11-24,0.0
2008-11-26,-50.0
2008-12-01,0.0
2008-12-02,0.0
2008-12-03,0.0
2008-12-04,0.0
2008-12-05,0.0
2008-12-09,0.0
2008-12-10,0.0
2008-12-11,0.0
2008-12-12,0.0
2008-12-15,0.0
2008-12-16,0.0
2008-12-17,0.0
2008-12-18,0.0
2008-12-19,0.0
2008-12-22,0.0
2008-12-23,0.0
2008-12-24,0.0
2008-12-26,0.0
2008-12-29,0.0
2008-12-30,0.0
2008-12-31,0.0
2009-01-05,0.0
2009-01-07,12.5
2009-01-15,0.0
2009-01-22,0.0
2009-01-26,0.0
2009-01-28,0.0
2009-02-04,0.0
2009-02-09,77.7778
2009-02-11,-50.0
2009-02-12,0.0
2009-02-13,0.0
2009-02-23,0.0
2009-02-25,0.0
2009-02-26,0.0
2009-02-27,0.0
2009-03-02,0.0
2009-03-03,0.0
2009-03-05,0.0
2009-03-09,0.0
2009-03-10,0.0
2009-03-12,0.0
2009-03-13,0.0
2009-03-16,0.0
2009-03-17,-50.0
2009-03-18,0.0
2009-03-19,0.0
2009-03-25,0.0
2009-03-30,0.0
2009-04-13,0.0
2009-04-14,0.0
2009-04-15,0.0
2009-04-16,0.0
2009-04-20,25.0
2009-04-22,220.0
2009-04-23,31.25
2009-04-27,-42.8571
2009-04-29,0.0
2009-05-01,0.0
2009-05-04,0.0
2009-05-05,0.0
2009-05-06,0.0
2009-05-08,0.0
2009-05-11,100.0
2009-05-12,-50.0
2009-05-15,0.0
2009-05-19,0.0
2009-05-22,0.0
2009-05-27,0.0
2009-05-28,33.3333
2009-06-01,0.0
2009-06-02,0.0
2009-06-03,0.0
2009-06-04,0.0
2009-06-05,0.0
2009-06-08,0.0
2009-06-11,-25.0
2009-06-12,0.0
2009-06-16,0.0
2009-06-22,0.0
2009-06-23,0.0
2009-06-25,0.0
2009-06-29,0.0
2009-07-08,0.0
2009-07-10,0.0
2009-07-13,-25.0
2009-07-15,0.0
2009-07-16,0.0
2009-07-17,0.0
2009-07-20,0.0
2009-07-21,0.0
2009-07-23,0.0
2009-07-24,0.0
2009-07-27,0.0
2009-07-29,0.0
2009-07-30,33.3333
2009-07-31,100.0
2009-08-03,33.3333
2009-08-04,-71.875
2009-08-05,255.5556
2009-08-11,-62.5
2009-08-12,0.0
2009-08-13,8.3333
2009-08-14,3.8462
2009-08-17,0.0
2009-08-18,107.4074
2009-08-20,-3.5714
2009-08-21,-51.8519
2009-08-26,3.8462
2009-08-31,0.0
2009-09-02,0.0
2009-09-10,0.0
2009-09-11,0.0
2009-09-21,0.0
2009-09-24,0.0
2009-09-29,0.0
2009-09-30,0.0
2009-10-02,0.0
2009-10-06,-33.3333
2009-10-07,50.0
2009-10-08,-48.1481
2009-10-09,0.0
2009-10-14,0.0
2009-10-15,0.0
2009-10-16,200.0
2009-10-19,0.0
2009-10-20,0.0
2009-10-21,0.0
2009-10-22,-23.8095
2009-10-23,0.0
2009-10-26,0.0
2009-10-28,0.0
2009-10-29,0.0
2009-10-30,0.0
2009-11-03,0.0
2009-11-04,0.0
2009-11-05,0.0
2009-11-09,0.0
2009-11-10,0.0
2009-11-11,0.0
2009-11-12,125.0
2009-11-13,0.0
2009-11-16,-55.5556
2009-11-17,0.0
2009-11-18,0.0
2009-11-19,0.0
2009-11-20,0.0
2009-11-23,75.0
2009-11-24,-75.0
2009-11-25,0.0
2009-11-27,0.0
2009-11-30,107.1429
2009-12-01,-37.931
2009-12-02,5.5556
2009-12-03,-5.2632
2009-12-04,0.0
2009-12-07,0.0
2009-12-08,0.0
2009-12-09,0.0
2009-12-10,272.2222
2009-12-11,-71.6418
2009-12-14,0.0
2009-12-15,0.0
2009-12-16,0.0
2009-12-17,0.0
2009-12-18,0.0
2009-12-21,0.0
2009-12-22,0.0
2009-12-24,0.0
2009-12-28,-5.2632
2009-12-29,0.0
2009-12-30,0.0
2009-12-31,0.0
2010-01-05,0.0
2010-01-06,0.0
2010-01-08,50.0
2010-01-13,0.0
2010-01-22,0.0
2010-01-25,0.0
2010-01-26,0.0
2010-01-27,0.0
2010-02-05,0.0
2010-02-09,0.0
2010-02-10,0.0
2010-02-11,0.0
2010-02-12,114.8148
2010-02-16,-17.2414
2010-02-17,62.5
2010-02-18,-38.4615
2010-02-19,0.0
2010-02-22,0.0
2010-02-24,-4.1667
2010-03-01,56.5217
2010-03-02,0.0
2010-03-03,-11.1111
2010-03-04,0.0
2010-03-05,0.0
2010-03-08,-50.0
2010-03-09,0.0
2010-03-10,0.0
2010-03-12,25.0
2010-03-15,0.0
2010-03-16,-52.5
2010-03-18,3268.4211
2010-03-19,12.5
2010-03-22,-44.4444
2010-03-23,-52.0
2010-03-24,16.6667
2010-03-25,-14.2857
2010-03-26,8.3333
2010-03-29,0.0
2010-03-30,0.0
2010-03-31,0.0
2010-04-01,0.0
2010-04-07,0.0
2010-04-09,15.3846
2010-04-12,33.3333
2010-04-13,50.0
2010-04-14,16.6667
2010-04-15,8.5714
2010-04-16,2.6316
2010-04-19,0.0
2010-04-20,-35.8974
2010-04-21,0.0
2010-04-22,0.0
2010-04-23,-16.0
2010-04-26,-4.7619
2010-04-27,-50.0
2010-04-29,20.0
2010-04-30,0.0
2010-05-10,0.0
2010-05-11,0.0
2010-05-13,0.0
2010-05-17,0.0
2010-05-18,0.0
2010-05-19,0.0
2010-05-20,0.0
2010-05-24,0.0
2010-05-25,0.0
2010-05-26,0.0
2010-05-27,0.0
2010-06-02,0.0
2010-06-03,0.0
2010-06-08,0.0
2010-06-10,8.3333
2010-06-11,0.0
2010-06-14,0.0
2010-06-16,0.0
2010-06-17,0.0
2010-06-18,0.0
2010-06-21,0.0
2010-06-23,0.0
2010-06-25,0.0
2010-06-30,-7.6923
2010-07-02,-16.6667
2010-07-06,0.0
2010-07-08,-50.0
2010-07-09,0.0
2010-07-14,0.0
2010-07-15,0.0
2010-07-16,0.0
2010-07-19,80.0
2010-07-21,-44.4444
2010-07-22,0.0
2010-07-23,0.0
2010-07-26,0.0
2010-07-28,0.0
2010-07-30,0.0
2010-08-02,20.0
2010-08-03,0.0
2010-08-05,0.0
2010-08-11,0.0
2010-08-12,0.0
2010-08-17,0.0
2010-08-18,0.0
2010-08-19,0.0
2010-08-20,0.0
2010-08-23,-16.6667
2010-08-24,0.0
2010-08-25,0.0
2010-08-26,0.0
2010-08-30,0.0
2010-09-02,0.0
2010-09-08,0.0
2010-09-13,0.0
2010-09-15,0.0
2010-09-16,0.0
2010-09-17,0.0
2010-09-20,0.0
2010-09-22,-20.0
2010-09-24,0.0
2010-09-27,0.0
2010-09-28,0.0
2010-09-29,0.0
2010-09-30,0.0
2010-10-04,0.0
2010-10-11,150.0
2010-10-12,-50.0
2010-10-19,-20.0
2010-10-20,0.0
2010-10-21,0.0
2010-10-22,0.0
2010-10-25,0.0
2010-10-26,0.0
2010-11-01,0.0
2010-11-03,0.0
2010-11-04,0.0
2010-11-08,0.0
2010-11-09,0.0
2010-11-11,0.0
2010-11-12,0.0
2010-11-16,0.0
2010-11-17,0.0
2010-11-18,0.0
2010-11-19,0.0
2010-11-23,0.0
2010-11-30,0.0
2010-12-01,0.0
2010-12-02,0.0
2010-12-03,0.0
2010-12-06,0.0
2010-12-07,75.0
2010-12-09,-42.8571
2010-12-13,0.0
2010-12-14,-45.3125
2010-12-16,0.0
2010-12-17,0.0
2010-12-20,0.0
2010-12-21,0.0
2010-12-22,0.0
2010-12-23,0.0
2010-12-27,0.0
2010-12-28,0.0
2010-12-30,0.0
2010-12-31,0.0
2011-01-03,0.0
2011-01-04,0.0
2011-01-05,265.7143
2011-01-06,-72.6562
2011-01-07,128.5714
2011-01-12,-50.0
2011-01-18,0.0
2011-01-31,0.0
2011-02-04,0.0
2011-02-10,140.0
2011-02-11,-58.3333
2011-02-15,25.0
2011-02-22,-4.0
2011-02-24,0.0
2011-02-28,-27.0833
2011-03-01,0.0
2011-03-02,0.0
2011-03-04,0.0
2011-03-11,0.0
2011-03-14,0.0
2011-03-21,-8.5714
2011-03-22,0.0
2011-03-24,0.0
2011-03-25,0.0
2011-03-28,0.0
2011-03-29,0.0
2011-03-30,0.0
2011-03-31,0.0
2011-04-04,0.0
2011-04-05,0.0
2011-04-06,0.0
2011-04-07,0.0
2011-04-08,0.0
2011-04-12,150.0
2011-04-13,-60.0
2011-04-18,0.0
2011-04-21,0.0
2011-04-27,0.0
2011-04-28,0.0
2011-04-29,0.0
2011-05-02,0.0
2011-05-03,0.0
2011-05-04,0.0
2011-05-06,0.0
2011-05-10,0.0
2011-05-12,0.0
2011-05-13,0.0
2011-05-16,0.0
2011-05-24,0.0
2011-05-26,0.0
2011-06-02,0.0
2011-06-06,25.0
2011-06-13,0.0
2011-06-14,0.0
2011-06-15,0.0
2011-06-21,0.0
2011-06-22,0.0
2011-06-27,0.0
2011-06-30,0.0
2011-07-06,0.0
2011-07-07,0.0
2011-07-11,80.0
2011-07-12,-44.4444
2011-07-13,0.0
2011-07-14,0.0
2011-07-15,0.0
2011-07-18,0.0
2011-07-19,0.0
2011-07-20,0.0
2011-07-22,0.0
2011-07-29,0.0
2011-08-02,0.0
2011-08-04,0.0
2011-08-05,0.0
2011-08-08,0.0
2011-08-09,0.0
2011-08-11,0.0
2011-08-12,0.0
2011-08-15,80.0
2011-08-16,-33.3333
2011-08-18,0.0
2011-08-22,0.0
2011-08-24,0.0
2011-09-01,0.0
2011-09-02,-16.6667
2011-09-12,0.0
2011-09-14,0.0
2011-09-15,0.0
2011-09-16,0.0
2011-09-22,0.0
2011-09-23,0.0
2011-09-26,0.0
2011-09-27,0.0
2011-09-28,0.0
2011-10-04,0.0
2011-10-06,0.0
2011-10-12,0.0
2011-10-14,0.0
2011-10-17,0.0
2011-10-18,0.0
2011-10-19,0.0
2011-10-24,0.0
2011-10-28,0.0
2011-11-03,-20.0
2011-11-07,0.0
2011-11-10,0.0
2011-11-11,0.0
2011-11-14,0.0
2011-11-15,0.0
2011-11-16,0.0
2011-11-21,0.0
2011-11-28,0.0
2011-11-29,0.0
2011-12-05,0.0
2011-12-09,0.0
2011-12-12,0.0
2011-12-13,0.0
2011-12-14,0.0
2011-12-16,0.0
2011-12-19,0.0
2011-12-20,0.0
2011-12-22,0.0
2011-12-23,0.0
2011-12-27,0.0
2011-12-28,0.0
2011-12-29,0.0
2011-12-30,0.0
2012-01-03,0.0
2012-01-04,0.0
2012-01-05,0.0
2012-01-13,0.0
2012-01-17,0.0
2012-01-18,0.0
2012-01-19,0.0
2012-01-23,0.0
2012-01-24,0.0
2012-01-25,0.0
2012-01-26,0.0
2012-01-27,0.0
2012-01-30,0.0
2012-01-31,0.0
2012-02-01,0.0
2012-02-02,0.0
2012-02-09,0.0
2012-02-10,0.0
2012-02-13,0.0
2012-02-14,0.0
2012-02-15,0.0
2012-02-16,0.0
2012-02-17,0.0
2012-02-21,0.0
2012-02-22,0.0
2012-02-23,0.0
2012-02-24,0.0
2012-02-28,0.0
2012-02-29,0.0
2012-03-01,0.0
2012-03-05,0.0
2012-03-07,0.0
2012-03-08,25.0
2012-03-12,0.0
2012-03-14,0.0
2012-03-15,0.0
2012-03-19,0.0
2012-03-28,0.0
2012-03-29,0.0
2012-03-30,0.0
2012-04-02,-20.0
2012-04-04,0.0
2012-04-12,0.0
2012-04-13,0.0
2012-04-17,0.0
2012-04-19,0.0
2012-04-24,0.0
2012-04-25,0.0
2012-04-26,0.0
2012-04-27,0.0
2012-04-30,0.0
2012-05-01,0.0
2012-05-02,0.0
2012-05-03,0.0
2012-05-08,0.0
2012-05-10,0.0
2012-05-11,0.0
2012-05-14,0.0
2012-05-17,0.0
2012-05-18,0.0
2012-05-21,0.0
2012-05-22,-18.75
2012-05-25,0.0
2012-06-04,0.0
2012-06-05,61.5385
2012-06-07,-4.7619
2012-06-08,0.0
2012-06-11,0.0
2012-06-13,0.0
2012-06-14,0.0
2012-06-22,-20.0
2012-06-25,0.0
2012-06-26,0.0
2012-06-27,0.0
2012-06-28,-34.375
2012-06-29,0.0
2012-07-13,0.0
2012-07-16,0.0
2012-07-18,0.0
2012-07-19,0.0
2012-07-23,0.0
2012-07-31,0.0
2012-08-07,0.0
2012-08-08,0.0
2012-08-09,0.0
2012-08-10,0.0
2012-08-16,0.0
2012-08-21,0.0
2012-08-23,0.0
2012-08-27,0.0
2012-09-07,0.0
2012-09-17,0.0
2012-09-19,0.0
2012-09-20,0.0
2012-09-21,0.0
2012-09-24,-14.2857
2012-09-28,0.0
2012-10-01,0.0
2012-10-03,0.0
2012-10-04,0.0
2012-10-08,0.0
2012-10-10,0.0
2012-10-12,0.0
2012-10-19,0.0
2012-10-23,0.0
2012-10-25,0.0
2012-10-26,0.0
2012-10-31,0.0
2012-11-08,0.0
2012-11-12,-11.1111
2012-11-15,0.0
2012-11-16,-37.5
2012-11-28,0.0
2012-11-30,0.0
2012-12-05,0.0
2012-12-06,0.0
2012-12-07,0.0
2012-12-10,0.0
2012-12-11,10.0
2012-12-13,0.0
2012-12-14,0.0
2012-12-17,0.0
2012-12-18,0.0
2012-12-19,0.0
2012-12-20,0.0
2012-12-21,0.0
2012-12-24,0.0
2012-12-26,18.1818
2012-12-27,0.0
2012-12-28,0.0
2012-12-31,0.0
2013-01-03,0.0
2013-01-08,0.0
2013-01-15,0.0
2013-01-17,0.0
2013-01-25,0.0
2013-01-28,0.0
2013-01-31,0.0
2013-02-01,0.0
2013-02-05,23.0769
2013-02-06,0.0
2013-02-11,0.0
2013-02-12,0.0
2013-02-15,0.0
2013-02-20,12.5
2013-02-21,0.0
2013-02-26,0.0
2013-03-06,0.0
2013-03-14,0.0
2013-03-21,333.3333
2013-03-22,0.0
2013-03-25,2.5641
2013-03-27,-20.0
2013-04-01,0.0
2013-04-04,0.0
2013-04-09,0.0
2013-04-10,-25.0
2013-04-11,0.0
2013-04-12,-33.3333
2013-04-15,0.0
2013-04-17,0.0
2013-04-18,0.0
2013-04-22,0.0
2013-04-23,0.0
2013-04-24,0.0
2013-04-25,0.0
2013-05-07,0.0
2013-05-17,0.0
2013-05-22,0.0
2013-05-28,0.0
2013-06-19,6.25
2013-06-21,8.8235
2013-06-24,-5.4054
2013-06-25,-8.5714
2013-07-03,-18.75
2013-07-10,0.0
2013-07-11,0.0
2013-07-12,0.0
2013-07-16,0.0
2013-07-17,0.0
2013-07-18,0.0
2013-07-24,0.0
2013-07-25,0.0
2013-07-29,0.0
2013-08-02,0.0
2013-08-08,0.0
2013-08-14,0.0
2013-08-16,0.0
2013-08-22,0.0
2013-08-28,0.0
2013-09-09,0.0
2013-09-12,0.0
2013-09-26,0.0
2013-10-04,0.0
2013-10-08,0.0
2013-10-16,0.0
2013-10-29,0.0
2013-11-01,0.0
2013-11-04,0.0
2013-11-05,0.0
2013-11-06,0.0
2013-11-07,0.0
2013-11-14,0.0
2013-11-19,0.0
2013-11-21,0.0
2013-11-25,0.0
2013-11-27,0.0
2013-12-02,0.0
2013-12-03,0.0
2013-12-04,0.0
2013-12-05,0.0
2013-12-09,0.0
2013-12-11,0.0
2013-12-16,0.0
2013-12-17,0.0
2013-12-19,0.0
2013-12-20,0.0
2013-12-23,0.0
2013-12-24,0.0
2013-12-27,0.0
2013-12-30,0.0
2013-12-31,0.0
2014-01-02,0.0
2014-01-07,0.0
2014-01-09,0.0
2014-01-10,0.0
2014-01-13,0.0
2014-01-14,0.0
2014-01-15,0.0
2014-01-22,0.0
2014-01-23,0.0
2014-01-28,0.0
2014-01-30,0.0
2014-01-31,0.0
2014-04-16,-38.4615
2014-07-01,-87.5
2014-07-10,7900.0
2014-08-04,-98.75
2014-08-13,0.0
2014-08-28,0.0
2014-09-10,0.0
2014-09-11,0.0
2014-11-03,0.0
2014-11-10,0.0
2014-12-10,0.0
2015-09-25,0.0
2015-11-09,0.0
2015-11-10,0.0
2015-11-23,7900.0
2016-06-30,-98.75
2016-12-29,0.0
2017-01-24,700.0
2017-01-31,0.0
2017-02-01,0.0
2017-02-02,900.0
2017-02-03,-50.0
2017-02-06,-97.5
2017-02-09,3900.0
2017-02-15,0.0
2017-02-16,-80.0
2017-03-24,-87.5
2017-04-12,0.0
2017-05-03,0.0
2017-05-26,0.0
2017-05-31,0.0
2017-07-27,-20.0
2017-08-17,0.0
2017-08-24,-99.0
2017-11-15,0.0
2017-12-26,900.0
2018-01-03,0.0
2018-05-23,-90.0
2018-09-07,0.0
2018-10-29,9900.0
2018-12-11,-99.0
2018-12-14,0.0
2018-12-17,0.0
2018-12-28,0.0
2019-01-22,9900.0
2019-03-18,0.0
2019-04-11,-90.0
2019-04-30,-90.0
2019-05-02,0.0
2019-05-10,0.0
2019-05-14,9900.0
2019-05-16,-99.0
2019-05-17,9900.0
2019-06-14,-99.0
2019-07-05,0.0
2019-07-09,0.0
2019-09-17,0.0
2019-10-21,9900.0
2019-11-15,-99.0
2019-11-26,0.0
2019-12-26,0.0
2019-12-31,900.0
2020-01-08,-90.0
2020-01-14,0.0
2020-02-12,79900.0002
2020-02-13,-99.875
2020-02-20,9900.0
2020-03-12,-90.0
2020-03-27,7900.0002
2020-04-15,0.0
2020-04-20,0.0
2020-04-29,0.0
2020-05-01,0.0
2020-05-04,-68.75
2020-05-08,220.0
2020-05-11,0.0
2020-05-13,0.0
2020-06-24,0.0
2020-06-30,0.0
2020-07-01,0.0
2020-07-07,0.0
2020-07-10,0.0
2020-07-16,-87.5
2020-07-21,300.0
2020-07-24,100.0
2020-07-29,0.0
2020-07-31,0.0
