ticker,CNO US Equity
field,DAY_TO_DAY_TOT_RETURN_GROSS_DVDS
date,
2003-09-11,8.75
2003-09-12,-6.7126
2003-09-15,-0.7886
2003-09-16,-7.8987
2003-09-17,4.2611
2003-09-18,-0.8277
2003-09-19,-0.1043
2003-09-22,-2.3499
2003-09-23,4.0107
2003-09-24,-2.982
2003-09-25,0.159
2003-09-26,-1.3228
2003-09-29,-1.3941
2003-09-30,-1.7945
2003-10-01,5.7586
2003-10-02,6.1257
2003-10-03,0.6413
2003-10-06,-3.8235
2003-10-07,-1.631
2003-10-08,1.1399
2003-10-09,1.6905999999999999
2003-10-10,1.7128
2003-10-13,-0.5944
2003-10-14,2.5411
2003-10-15,0.2915
2003-10-16,-1.5019
2003-10-17,-3.0989
2003-10-20,-0.7614
2003-10-21,1.8925999999999998
2003-10-22,-0.8032
2003-10-23,-1.9231
2003-10-24,0.1032
2003-10-27,1.9072
2003-10-28,2.1244
2003-10-29,-0.9411
2003-10-30,-0.25
2003-10-31,2.2556
2003-11-03,-1.1764999999999999
2003-11-04,-0.0496
2003-11-05,-0.4467
2003-11-06,-0.5982
2003-11-07,0.2006
2003-11-10,-2.6527
2003-11-11,0.5141
2003-11-12,-0.1535
2003-11-13,-2.6639
2003-11-14,-1.0526
2003-11-17,0.1596
2003-11-18,2.1243
2003-11-19,3.2241
2003-11-20,-1.2594
2003-11-21,-0.8163
2003-11-24,-2.572
2003-11-25,0.7392
2003-11-26,1.1006
2003-11-28,0.2074
2003-12-01,1.9659
2003-12-02,5.1243
2003-12-03,-0.0965
2003-12-04,0.0483
2003-12-05,-0.5311
2003-12-08,-1.0194
2003-12-09,1.6675
2003-12-10,1.7366000000000001
2003-12-11,-1.6120999999999999
2003-12-12,-0.1446
2003-12-15,-1.7856999999999998
2003-12-16,0.9828
2003-12-17,-0.7299
2003-12-18,3.5294
2003-12-19,-2.8409
2003-12-22,1.2671000000000001
2003-12-23,1.7324000000000002
2003-12-24,-0.3784
2003-12-26,0.8547
2003-12-29,2.919
2003-12-30,0.4117
2003-12-31,-0.6834
2004-01-02,-0.4128
2004-01-05,-0.5067
2004-01-06,-2.4074
2004-01-07,0.3321
2004-01-08,1.4184
2004-01-09,0.373
2004-01-12,1.3934
2004-01-13,-0.3665
2004-01-14,0.9195
2004-01-15,1.139
2004-01-16,0.4505
2004-01-20,2.6009
2004-01-21,2.0542
2004-01-22,1.2848
2004-01-23,-0.9725
2004-01-26,0.6405
2004-01-27,-1.2728
2004-01-28,-1.4181
2004-01-29,-0.7847
2004-01-30,-0.2636
2004-02-02,-1.2775
2004-02-03,1.071
2004-02-04,-3.4879
2004-02-05,0.6404
2004-02-06,0.0909
2004-02-09,-1.0899
2004-02-10,-0.4591
2004-02-11,2.4908
2004-02-12,2.5202999999999998
2004-02-13,-0.9219
2004-02-17,0.4431
2004-02-18,-1.2351
2004-02-19,-0.536
2004-02-20,-1.7961
2004-02-23,-3.0636
2004-02-24,-1.1792
2004-02-25,2.2912
2004-02-26,0.0933
2004-02-27,2.331
2004-03-01,2.0501
2004-03-02,0.4464
2004-03-03,0.0889
2004-03-04,0.3552
2004-03-05,0.2212
2004-03-08,1.9868000000000001
2004-03-09,-1.8182
2004-03-10,-0.1764
2004-03-11,-2.341
2004-03-12,2.6685
2004-03-15,-0.6167
2004-03-16,0.0887
2004-03-17,0.8415
2004-03-18,0.3513
2004-03-19,-1.4003999999999999
2004-03-22,-0.9321
2004-03-23,0.0448
2004-03-24,-0.3583
2004-03-25,-0.4045
2004-03-26,1.7599
2004-03-29,0.7095
2004-03-30,0.7486
2004-03-31,1.2238
2004-04-01,0.1727
2004-04-02,0.7759
2004-04-05,0.0855
2004-04-06,-0.2137
2004-04-07,-0.4283
2004-04-08,1.7204000000000002
2004-04-12,0.4651
2004-04-13,-2.7778
2004-04-14,-1.9048
2004-04-15,-1.7652
2004-04-16,1.0782
2004-04-19,0.4444
2004-04-20,-0.354
2004-04-21,0.9769
2004-04-22,2.5945
2004-04-23,-0.8573
2004-04-26,-0.2594
2004-04-27,-3.2076000000000002
2004-04-28,-1.7465000000000002
2004-04-29,-3.8286
2004-04-30,-6.1611
2004-05-03,1.0101
2004-05-04,-0.15
2004-05-05,-2.8042
2004-05-06,-5.8217
2004-05-07,-3.4464
2004-05-10,-1.8697
2004-05-11,3.8684
2004-05-12,-1.0561
2004-05-13,1.0674
2004-05-14,-0.8338
2004-05-17,-2.8026999999999997
2004-05-18,3.6909
2004-05-19,0.723
2004-05-20,-0.1657
2004-05-21,0.0
2004-05-24,0.1106
2004-05-25,1.4365
2004-05-26,-1.3617
2004-05-27,2.4848
2004-05-28,2.0474
2004-06-01,-0.528
2004-06-02,-0.1062
2004-06-03,-0.7439
2004-06-04,0.2677
2004-06-07,0.9076
2004-06-08,0.4233
2004-06-09,-1.8967
2004-06-10,0.6445
2004-06-14,-1.1206
2004-06-15,0.8635
2004-06-16,1.2841
2004-06-17,1.1094
2004-06-18,-0.8359
2004-06-21,1.3699
2004-06-22,0.5717
2004-06-23,-0.3101
2004-06-24,-0.0518
2004-06-25,3.1639
2004-06-28,0.3519
2004-06-29,-0.3006
2004-06-30,0.0
2004-07-01,0.1508
2004-07-02,0.0502
2004-07-06,-0.3511
2004-07-07,-1.8620999999999999
2004-07-08,-0.3077
2004-07-09,-1.8004
2004-07-12,-0.9953
2004-07-13,0.2116
2004-07-14,-0.7392
2004-07-15,0.4787
2004-07-16,-0.7411
2004-07-19,0.0
2004-07-20,-1.12
2004-07-21,-0.2157
2004-07-22,-1.6216
2004-07-23,0.6044
2004-07-26,0.2185
2004-07-27,0.1635
2004-07-28,-2.1763
2004-07-29,0.5006
2004-07-30,-0.4981
2004-08-02,-0.1669
2004-08-03,-0.8914
2004-08-04,-1.1242
2004-08-05,-2.5014
2004-08-06,-1.2245
2004-08-09,0.6494
2004-08-10,1.349
2004-08-11,-1.0417
2004-08-12,0.2924
2004-08-13,-8.2216
2004-08-16,1.3977
2004-08-17,1.5038
2004-08-18,1.2963
2004-08-19,1.2187999999999999
2004-08-20,0.8429
2004-08-23,-0.4776
2004-08-24,-0.12
2004-08-25,1.2012
2004-08-26,-0.8309
2004-08-27,1.7355
2004-08-30,-0.0588
2004-08-31,0.0589
2004-09-01,2.0588
2004-09-02,0.4035
2004-09-03,-0.7463
2004-09-07,0.2892
2004-09-08,-0.9804
2004-09-09,1.8637000000000001
2004-09-10,-0.0572
2004-09-13,-0.0572
2004-09-14,1.6600000000000001
2004-09-15,-0.1689
2004-09-16,1.5228000000000002
2004-09-17,-0.7222
2004-09-20,-1.1752
2004-09-21,-0.1133
2004-09-22,-0.2268
2004-09-23,0.8523
2004-09-24,-0.169
2004-09-27,-0.5643
2004-09-28,-0.1135
2004-09-29,0.2841
2004-09-30,0.0567
2004-10-01,0.0
2004-10-04,1.0193
2004-10-05,-1.009
2004-10-06,-0.2265
2004-10-07,0.1135
2004-10-08,-0.4535
2004-10-11,-0.2278
2004-10-12,-0.0571
2004-10-13,-1.028
2004-10-14,-3.116
2004-10-15,-0.2382
2004-10-18,1.194
2004-10-19,-2.4189
2004-10-20,-0.9674
2004-10-21,1.5873
2004-10-22,-0.1202
2004-10-25,-0.4212
2004-10-26,2.5982
2004-10-27,0.0
2004-10-28,-1.1779
2004-10-29,-0.1192
2004-11-01,0.8353
2004-11-02,-0.2367
2004-11-03,-0.2966
2004-11-04,-0.5949
2004-11-05,0.1197
2004-11-08,7.2923
2004-11-09,1.6713
2004-11-10,3.0137
2004-11-11,1.5426
2004-11-12,0.1048
2004-11-15,0.2616
2004-11-16,-1.5657999999999999
2004-11-17,-0.5832
2004-11-18,-0.1067
2004-11-19,-0.3737
2004-11-22,0.268
2004-11-23,0.3741
2004-11-24,0.1597
2004-11-26,-0.3721
2004-11-29,0.8004
2004-11-30,0.5294
2004-12-01,0.2633
2004-12-02,-0.2101
2004-12-03,-0.3158
2004-12-06,-0.6864
2004-12-07,-0.638
2004-12-08,0.1605
2004-12-09,0.1068
2004-12-10,1.2273
2004-12-13,0.1581
2004-12-14,2.6316
2004-12-15,0.7179
2004-12-16,1.4766
2004-12-17,-0.8028
2004-12-20,-1.8715000000000002
2004-12-21,1.9072
2004-12-22,0.8599
2004-12-23,-0.2006
2004-12-27,-0.4523
2004-12-28,0.4543
2004-12-29,1.005
2004-12-30,0.199
2004-12-31,-0.9434
2005-01-03,0.3008
2005-01-04,-2.6987
2005-01-05,-0.1027
2005-01-06,-0.4627
2005-01-07,0.3616
2005-01-10,-0.8235
2005-01-11,1.5049000000000001
2005-01-12,-0.3579
2005-01-13,-1.0775
2005-01-14,0.6743
2005-01-18,1.4941
2005-01-19,-0.9137
2005-01-20,0.2561
2005-01-21,-0.2044
2005-01-24,-0.256
2005-01-25,0.308
2005-01-26,-0.3071
2005-01-27,0.1027
2005-01-28,-2.5641
2005-01-31,0.2632
2005-02-01,2.3097
2005-02-02,-0.0513
2005-02-03,-0.2567
2005-02-04,0.5147
2005-02-07,0.4608
2005-02-08,-0.6116
2005-02-09,-0.359
2005-02-10,-0.8235
2005-02-11,-0.0519
2005-02-14,1.3498999999999999
2005-02-15,0.666
2005-02-16,0.2545
2005-02-17,-0.9645
2005-02-18,0.3075
2005-02-22,-0.5621
2005-02-23,-1.1305
2005-02-24,0.2079
2005-02-25,-0.8817
2005-02-28,-0.9942
2005-03-01,1.2685
2005-03-02,0.3653
2005-03-03,-0.884
2005-03-04,0.8395
2005-03-07,0.1041
2005-03-08,0.0
2005-03-09,-0.6237
2005-03-10,1.0983
2005-03-11,-0.9312
2005-03-14,3.3943
2005-03-15,0.2525
2005-03-16,-0.2519
2005-03-17,0.1515
2005-03-18,0.4034
2005-03-21,-0.3014
2005-03-22,0.5038
2005-03-23,-0.802
2005-03-24,0.6064
2005-03-28,1.0045
2005-03-29,0.0497
2005-03-30,0.7952
2005-03-31,0.6903
2005-04-01,-1.4691
2005-04-04,-0.6958
2005-04-05,0.0501
2005-04-06,1.0505
2005-04-07,0.9406
2005-04-08,-0.6376
2005-04-11,0.2468
2005-04-12,0.5908
2005-04-13,-1.909
2005-04-14,-1.1477
2005-04-15,-0.2524
2005-04-18,-0.1518
2005-04-19,0.3041
2005-04-20,-0.4548
2005-04-21,0.9137
2005-04-22,-0.0503
2005-04-25,-0.0503
2005-04-26,-0.7553
2005-04-27,0.3551
2005-04-28,-1.7694999999999999
2005-04-29,-0.9779
2005-05-02,2.183
2005-05-03,-0.5595
2005-05-04,0.3581
2005-05-05,-0.1019
2005-05-06,0.3571
2005-05-09,0.9659
2005-05-10,-0.0504
2005-05-11,0.2015
2005-05-12,-0.3017
2005-05-13,0.1513
2005-05-16,0.5539
2005-05-17,-0.4006
2005-05-18,0.553
2005-05-19,0.0
2005-05-20,0.0
2005-05-23,0.0
2005-05-24,-0.7
2005-05-25,0.4532
2005-05-26,-0.2005
2005-05-27,1.1552
2005-05-31,-0.6951
2005-06-01,0.0
2005-06-02,0.35
2005-06-03,-0.6477
2005-06-06,1.2036
2005-06-07,-0.1487
2005-06-08,0.3474
2005-06-09,0.7418
2005-06-10,0.1473
2005-06-13,-0.1471
2005-06-14,0.2455
2005-06-15,0.049
2005-06-16,0.3426
2005-06-17,2.0488
2005-06-20,-0.6214
2005-06-21,0.8177
2005-06-22,1.3836
2005-06-23,0.8
2005-06-24,0.8403
2005-06-27,0.3241
2005-06-28,1.2921
2005-06-29,-0.41
2005-06-30,-0.183
2005-07-01,1.5124
2005-07-05,1.3093
2005-07-06,-0.1783
2005-07-07,-0.6696
2005-07-08,-0.2697
2005-07-11,-0.2253
2005-07-12,-0.6323
2005-07-13,-0.1364
2005-07-14,0.1365
2005-07-15,0.0
2005-07-18,-0.9091
2005-07-19,1.055
2005-07-20,0.0454
2005-07-21,-1.5426
2005-07-22,-0.2304
2005-07-25,0.6005
2005-07-26,-0.5051
2005-07-27,1.0152
2005-07-28,-0.5025
2005-07-29,0.1377
2005-08-01,0.7795
2005-08-02,0.1365
2005-08-03,1.9990999999999999
2005-08-04,-6.2361
2005-08-05,1.4727000000000001
2005-08-08,0.6554
2005-08-09,-2.7442
2005-08-10,1.1478
2005-08-11,-0.0473
2005-08-12,0.0946
2005-08-15,0.3781
2005-08-16,-1.6478000000000002
2005-08-17,-1.101
2005-08-18,1.1617
2005-08-19,0.6699
2005-08-22,-0.2852
2005-08-23,0.143
2005-08-24,-0.9043
2005-08-25,-0.1441
2005-08-26,0.4329
2005-08-29,-0.2395
2005-08-30,-0.048
2005-08-31,0.2882
2005-09-01,1.1015
2005-09-02,-1.3738000000000001
2005-09-06,1.6811
2005-09-07,-1.1809
2005-09-08,0.0478
2005-09-09,-0.0478
2005-09-12,0.6692
2005-09-13,-0.5698
2005-09-14,0.6208
2005-09-15,-0.7594
2005-09-16,-0.0478
2005-09-19,0.2392
2005-09-20,0.1432
2005-09-21,-1.6206
2005-09-22,0.0969
2005-09-23,0.1452
2005-09-26,-0.6767
2005-09-27,0.7786
2005-09-28,0.8691
2005-09-29,1.4361
2005-09-30,-0.3775
2005-10-03,0.0
2005-10-04,-0.5211
2005-10-05,-0.6667
2005-10-06,0.6711
2005-10-07,-0.4286
2005-10-10,-1.1
2005-10-11,-0.1934
2005-10-12,-3.0523
2005-10-13,-0.8496
2005-10-14,1.4617
2005-10-17,0.5464
2005-10-18,0.0988
2005-10-19,0.5429
2005-10-20,-1.5709
2005-10-21,0.0
2005-10-24,2.7431
2005-10-25,-1.4078
2005-10-26,0.3447
2005-10-27,-0.4416
2005-10-28,-0.7393
2005-10-31,0.7944
2005-11-01,-0.2463
2005-11-02,0.6914
2005-11-03,0.7847
2005-11-04,0.2433
2005-11-07,0.2427
2005-11-08,-0.2421
2005-11-09,0.2913
2005-11-10,-0.4356
2005-11-11,0.6806
2005-11-14,-0.7726
2005-11-15,-1.2165
2005-11-16,-0.2463
2005-11-17,1.4815
2005-11-18,2.4331
2005-11-21,-0.4751
2005-11-22,0.716
2005-11-23,0.0
2005-11-25,0.1422
2005-11-28,5.2059
2005-11-29,-1.1696
2005-11-30,2.0482
2005-12-01,2.6316
2005-12-02,0.3477
2005-12-05,-0.8662
2005-12-06,-0.1747
2005-12-07,-1.0066
2005-12-08,1.0168
2005-12-09,0.0
2005-12-12,0.0875
2005-12-13,0.7871
2005-12-14,0.2603
2005-12-15,0.0865
2005-12-16,-0.1297
2005-12-19,-0.8225
2005-12-20,0.3928
2005-12-21,1.2609
2005-12-22,0.4723
2005-12-23,0.1282
2005-12-27,-0.5975
2005-12-28,0.4294
2005-12-29,-0.2138
2005-12-30,-0.7284
2006-01-03,0.7337
2006-01-04,0.5998
2006-01-05,0.0852
2006-01-06,0.4255
2006-01-09,1.1441
2006-01-10,0.0838
2006-01-11,1.1302
2006-01-12,0.3311
2006-01-13,-0.1238
2006-01-17,-0.4544
2006-01-18,-0.4564
2006-01-19,0.0417
2006-01-20,-1.6667
2006-01-23,1.4407
2006-01-24,-0.1253
2006-01-25,1.2129
2006-01-26,1.0331
2006-01-27,0.0
2006-01-30,0.8589
2006-01-31,-1.176
2006-02-01,-0.1641
2006-02-02,-0.6165
2006-02-03,-1.0339
2006-02-06,-0.0418
2006-02-07,-0.7943
2006-02-08,0.0843
2006-02-09,-0.1684
2006-02-10,-0.0422
2006-02-13,0.0
2006-02-14,2.1941
2006-02-15,-0.6193
2006-02-16,1.2048
2006-02-17,-1.3957
2006-02-21,-0.1249
2006-02-22,0.6669
2006-02-23,0.207
2006-02-24,-0.1653
2006-02-27,0.745
2006-02-28,2.0542
2006-03-01,0.4428
2006-03-02,-0.8016
2006-03-03,0.1212
2006-03-06,0.686
2006-03-07,1.2425
2006-03-08,0.1979
2006-03-09,0.0
2006-03-10,0.3161
2006-03-13,0.7483
2006-03-14,-0.5082
2006-03-15,0.3929
2006-03-16,-0.1957
2006-03-17,-0.0392
2006-03-20,0.2746
2006-03-21,-1.1346
2006-03-22,0.1979
2006-03-23,-0.8689
2006-03-24,-0.3586
2006-03-27,-0.08
2006-03-28,-0.6803
2006-03-29,-0.2015
2006-03-30,0.8074
2006-03-31,-0.6007
2006-04-03,1.5713
2006-04-04,1.0313
2006-04-05,0.9815
2006-04-06,-1.4386
2006-04-07,-0.7101
2006-04-10,-1.1522000000000001
2006-04-11,-0.2412
2006-04-12,-0.5238
2006-04-13,0.891
2006-04-17,0.4817
2006-04-18,1.0388
2006-04-19,0.5931
2006-04-20,0.1572
2006-04-21,0.314
2006-04-24,-0.8998
2006-04-25,0.2764
2006-04-26,0.0394
2006-04-27,-0.1574
2006-04-28,-0.473
2006-05-01,-0.198
2006-05-02,1.0317
2006-05-03,-0.3142
2006-05-04,-5.8314
2006-05-05,-1.6318000000000001
2006-05-08,0.8082
2006-05-09,-0.1688
2006-05-10,0.3804
2006-05-11,-0.6737
2006-05-12,-0.8478
2006-05-15,-0.7268
2006-05-16,1.1197
2006-05-17,-1.3203
2006-05-18,1.079
2006-05-19,1.8359999999999999
2006-05-22,0.4612
2006-05-23,0.8347
2006-05-24,-0.952
2006-05-25,0.4179
2006-05-26,0.6242
2006-05-30,-1.4061
2006-05-31,1.0487
2006-06-01,0.8717
2006-06-02,0.1646
2006-06-05,-2.0542
2006-06-06,0.2517
2006-06-07,0.9623
2006-06-08,-0.2901
2006-06-09,-0.1663
2006-06-12,-0.9159
2006-06-13,-0.7983
2006-06-14,-1.3977
2006-06-15,-0.6443
2006-06-16,-0.3459
2006-06-19,-0.4772
2006-06-20,0.218
2006-06-21,-1.0439
2006-06-22,-1.1429
2006-06-23,1.8675000000000002
2006-06-26,-0.873
2006-06-27,-1.0568
2006-06-28,0.1335
2006-06-29,1.7332999999999998
2006-06-30,0.9174
2006-07-03,-0.2597
2006-07-05,-0.217
2006-07-06,0.5655
2006-07-07,0.6488
2006-07-10,0.3008
2006-07-11,-1.0283
2006-07-12,-1.4285999999999999
2006-07-13,-1.6249
2006-07-14,-0.4911
2006-07-17,0.8075
2006-07-18,0.7566
2006-07-19,0.6184
2006-07-20,0.0
2006-07-21,-0.7024
2006-07-24,-0.7515
2006-07-25,0.4009
2006-07-26,0.2662
2006-07-27,-0.2655
2006-07-28,0.488
2006-07-31,0.6623
2006-08-01,1.4912
2006-08-02,-0.3457
2006-08-03,-9.713799999999999
2006-08-04,-0.6724
2006-08-07,-0.9188
2006-08-08,0.1464
2006-08-09,-1.7544
2006-08-10,0.0
2006-08-11,-0.0992
2006-08-14,1.1917
2006-08-15,1.0304
2006-08-16,1.0199
2006-08-17,1.4423
2006-08-18,0.3318
2006-08-21,-1.1809
2006-08-22,-0.6692
2006-08-23,-0.3369
2006-08-24,0.2414
2006-08-25,-0.2408
2006-08-28,0.0483
2006-08-29,0.7239
2006-08-30,-1.5333
2006-08-31,0.7299
2006-09-01,0.0
2006-09-05,0.9662
2006-09-06,-0.1914
2006-09-07,0.2397
2006-09-08,-0.5261
2006-09-11,1.0096
2006-09-12,0.6188
2006-09-13,-0.8515
2006-09-14,0.8111
2006-09-15,1.0412
2006-09-18,0.2342
2006-09-19,0.1869
2006-09-20,0.3265
2006-09-21,-0.7903
2006-09-22,1.4995
2006-09-25,0.831
2006-09-26,-1.6484
2006-09-27,-0.9777
2006-09-28,-0.8463
2006-09-29,-0.4742
2006-10-02,0.3335
2006-10-03,-5.4606
2006-10-04,0.0502
2006-10-05,0.6526
2006-10-06,-0.4988
2006-10-09,-0.1504
2006-10-10,0.4016
2006-10-11,1.45
2006-10-12,1.0843
2006-10-13,1.2189
2006-10-16,0.0482
2006-10-17,-1.0111
2006-10-18,0.0
2006-10-19,-0.2432
2006-10-20,-0.0488
2006-10-23,-0.3415
2006-10-24,0.0
2006-10-25,-0.1958
2006-10-26,1.2751000000000001
2006-10-27,-0.7748
2006-10-30,-0.244
2006-10-31,-0.4892
2006-11-01,0.5408
2006-11-02,-2.8851
2006-11-03,-0.7553
2006-11-06,0.1522
2006-11-07,0.3546
2006-11-08,0.3029
2006-11-09,0.6039
2006-11-10,-0.7004
2006-11-13,0.403
2006-11-14,0.8028
2006-11-15,-0.0498
2006-11-16,-0.249
2006-11-17,0.0999
2006-11-20,-1.3965
2006-11-21,0.6576
2006-11-22,-0.1005
2006-11-24,0.1006
2006-11-27,-0.804
2006-11-28,0.3546
2006-11-29,0.2019
2006-11-30,0.2015
2006-12-01,0.3519
2006-12-04,0.3507
2006-12-05,0.3994
2006-12-06,0.2984
2006-12-07,-0.6445
2006-12-08,0.499
2006-12-11,0.5462
2006-12-12,0.0
2006-12-13,0.3951
2006-12-14,0.4427
2006-12-15,0.3918
2006-12-18,-0.4878
2006-12-19,-0.8333
2006-12-20,0.2472
2006-12-21,-0.9369
2006-12-22,0.3982
2006-12-26,0.2479
2006-12-27,-0.4946
2006-12-28,0.2982
2006-12-29,-0.9911
2007-01-03,0.8509
2007-01-04,-0.2978
2007-01-05,-0.448
2007-01-08,0.15
2007-01-09,-0.0999
2007-01-10,0.4498
2007-01-11,0.4975
2007-01-12,-0.0495
2007-01-16,-0.2476
2007-01-17,-0.4469
2007-01-18,-0.2993
2007-01-19,-0.2501
2007-01-22,-0.7021
2007-01-23,0.101
2007-01-24,-0.1514
2007-01-25,-1.5664
2007-01-26,-0.462
2007-01-29,1.0315
2007-01-30,0.6126
2007-01-31,0.7103
2007-02-01,0.806
2007-02-02,-0.3998
2007-02-05,-0.9032
2007-02-06,1.2152
2007-02-07,1.1506
2007-02-08,-0.0989
2007-02-09,-1.5347
2007-02-12,1.0558
2007-02-13,1.4428
2007-02-14,-0.8828
2007-02-15,0.2474
2007-02-16,-0.1481
2007-02-20,0.1483
2007-02-21,-0.7897
2007-02-22,0.0
2007-02-23,-0.3483
2007-02-26,0.699
2007-02-27,-1.289
2007-02-28,-0.1507
2007-03-01,-0.2515
2007-03-02,0.0504
2007-03-05,-1.2601
2007-03-06,0.3573
2007-03-07,-4.6287
2007-03-08,0.0
2007-03-09,-1.0667
2007-03-12,-5.6604
2007-03-13,-5.3143
2007-03-14,2.2933
2007-03-15,0.354
2007-03-16,1.7637
2007-03-19,-0.0578
2007-03-20,-0.289
2007-03-21,0.1159
2007-03-22,-0.2316
2007-03-23,3.1341
2007-03-26,-0.1125
2007-03-27,-1.8592
2007-03-28,-0.5166
2007-03-29,-0.6924
2007-03-30,0.523
2007-04-02,1.2717
2007-04-03,0.9132
2007-04-04,2.3756
2007-04-05,1.3812
2007-04-09,-1.2534
2007-04-10,-0.3863
2007-04-11,-1.1634
2007-04-12,-0.3924
2007-04-13,1.0129
2007-04-16,-0.5571
2007-04-17,-1.0644
2007-04-18,1.7553999999999998
2007-04-19,0.0556
2007-04-20,-0.0556
2007-04-23,-1.113
2007-04-24,0.1125
2007-04-25,0.0
2007-04-26,0.3373
2007-04-27,-0.5602
2007-04-30,-0.338
2007-05-01,0.0565
2007-05-02,0.6215
2007-05-03,0.5053
2007-05-04,0.0
2007-05-07,0.3911
2007-05-08,-1.0017
2007-05-09,0.8432
2007-05-10,-0.1672
2007-05-11,2.4567
2007-05-14,1.9074
2007-05-15,1.016
2007-05-16,1.0588
2007-05-17,1.0477
2007-05-18,-0.7776
2007-05-21,0.3135
2007-05-22,2.5
2007-05-23,-0.1524
2007-05-24,-1.2214
2007-05-25,-0.0515
2007-05-29,-0.1031
2007-05-30,1.806
2007-05-31,-0.1014
2007-06-01,1.6235
2007-06-04,3.2951
2007-06-05,-0.1933
2007-06-06,-2.7119
2007-06-07,0.0996
2007-06-08,1.4421
2007-06-11,-1.0784
2007-06-12,0.0991
2007-06-13,1.7822
2007-06-14,0.3405
2007-06-15,1.5511
2007-06-18,0.6205
2007-06-19,0.6641
2007-06-20,-1.0368
2007-06-21,0.1429
2007-06-22,-2.4727
2007-06-25,1.7551999999999999
2007-06-26,-0.4792
2007-06-27,0.8666
2007-06-28,0.0955
2007-06-29,-0.3815
2007-07-02,-0.1915
2007-07-03,-0.7194
2007-07-05,-0.3865
2007-07-06,1.3578999999999999
2007-07-09,-1.0526
2007-07-10,-3.0464
2007-07-11,-0.798
2007-07-12,1.2066
2007-07-13,0.2484
2007-07-16,-0.1982
2007-07-17,-0.149
2007-07-18,-0.9945
2007-07-19,0.9543
2007-07-20,-0.7463
2007-07-23,0.7018
2007-07-24,-1.8417
2007-07-25,-1.0142
2007-07-26,-3.5348
2007-07-27,-2.4429
2007-07-30,0.5444
2007-07-31,-1.516
2007-08-01,-0.4398
2007-08-02,-0.1104
2007-08-03,-4.754
2007-08-06,4.9913
2007-08-07,-8.0155
2007-08-08,-9.6755
2007-08-09,-0.3992
2007-08-10,-1.336
2007-08-13,0.0677
2007-08-14,-1.4885
2007-08-15,-1.0302
2007-08-16,-2.3595
2007-08-17,-0.1421
2007-08-20,1.0676
2007-08-21,-0.3521
2007-08-22,0.636
2007-08-23,0.2107
2007-08-24,0.2102
2007-08-27,-1.3986
2007-08-28,-1.3475
2007-08-29,0.8627
2007-08-30,-0.3564
2007-08-31,0.5722
2007-09-04,0.2134
2007-09-05,-0.2129
2007-09-06,-0.569
2007-09-07,-1.5021
2007-09-10,-1.6703000000000001
2007-09-11,0.0
2007-09-12,-0.1477
2007-09-13,2.4408
2007-09-14,1.0108
2007-09-17,-0.7863
2007-09-18,1.9452
2007-09-19,-0.2827
2007-09-20,5.6697
2007-09-21,6.1704
2007-09-24,-1.6425
2007-09-25,-1.9268
2007-09-26,2.947
2007-09-27,-1.6539000000000001
2007-09-28,3.4929
2007-10-01,0.8125
2007-10-02,-0.9299
2007-10-03,0.8761
2007-10-04,-1.3648
2007-10-05,-0.6918
2007-10-08,0.19
2007-10-09,0.2528
2007-10-10,-1.4502
2007-10-11,0.3199
2007-10-12,1.0204
2007-10-15,-0.3157
2007-10-16,-1.6465999999999998
2007-10-17,-0.5151
2007-10-18,-0.5825
2007-10-19,-0.7813
2007-10-22,0.1312
2007-10-23,-0.1966
2007-10-24,0.394
2007-10-25,-1.8313000000000001
2007-10-26,0.3997
2007-10-29,3.1851
2007-10-30,-0.836
2007-10-31,2.3995
2007-11-01,-10.3863
2007-11-02,-1.5548
2007-11-05,-2.1536
2007-11-06,1.1739
2007-11-07,-2.0305
2007-11-08,-0.074
2007-11-09,2.1481
2007-11-12,0.4351
2007-11-13,2.5271
2007-11-14,-0.4225
2007-11-15,-0.495
2007-11-16,-1.2082
2007-11-19,-4.8201
2007-11-20,-1.9651999999999998
2007-11-21,-0.1542
2007-11-23,0.7722
2007-11-26,-0.6897
2007-11-27,1.8519
2007-11-28,-1.5152
2007-11-29,0.9231
2007-11-30,-2.1341
2007-12-03,-0.6231
2007-12-04,0.0784
2007-12-05,0.6265
2007-12-06,1.5564
2007-12-07,0.3065
2007-12-10,-0.2292
2007-12-11,-2.2971
2007-12-12,-1.2539
2007-12-13,0.0794
2007-12-14,-0.8723
2007-12-17,-1.44
2007-12-18,1.5422
2007-12-19,0.1599
2007-12-20,1.1173
2007-12-21,-0.5525
2007-12-24,0.7143
2007-12-26,-0.9456
2007-12-27,-1.5114999999999998
2007-12-28,-1.6963
2007-12-31,3.2046
2008-01-02,-0.8758
2008-01-03,-4.257
2008-01-04,-1.0067
2008-01-07,-1.2711999999999999
2008-01-08,-1.2876
2008-01-09,-3.3043
2008-01-10,4.6763
2008-01-11,-3.2646
2008-01-14,0.0
2008-01-15,-1.2433
2008-01-16,0.1799
2008-01-17,-3.9497
2008-01-18,-6.3551
2008-01-22,2.1955999999999998
2008-01-23,2.0508
2008-01-24,0.2871
2008-01-25,-0.9542
2008-01-28,7.7071
2008-01-29,7.5134
2008-01-30,-4.7421
2008-01-31,4.9782
2008-02-01,2.2463
2008-02-04,-1.9527999999999999
2008-02-05,-1.0788
2008-02-06,1.2584
2008-02-07,2.237
2008-02-08,-2.8363
2008-02-11,-3.4195
2008-02-12,0.3454
2008-02-13,0.4303
2008-02-14,-0.5998
2008-02-15,4.6552
2008-02-19,1.4003
2008-02-20,-0.1625
2008-02-21,-1.7901
2008-02-22,0.2486
2008-02-25,-0.2479
2008-02-26,2.1541
2008-02-27,1.1354
2008-02-28,-2.3256
2008-02-29,-3.6946
2008-03-03,-0.7673
2008-03-04,-9.8797
2008-03-05,2.6692
2008-03-06,-5.1068
2008-03-07,0.0
2008-03-10,-0.9785
2008-03-11,2.9644
2008-03-12,0.5758
2008-03-13,0.7634
2008-03-14,-4.7348
2008-03-17,-12.9225
2008-03-18,6.621
2008-03-19,-0.3212
2008-03-20,7.5188
2008-03-24,3.4965
2008-03-25,1.2548
2008-03-26,2.0019
2008-03-27,-3.5514
2008-03-28,0.8721
2008-03-31,-2.0173
2008-04-01,3.4314
2008-04-02,7.0142
2008-04-03,-0.3543
2008-04-04,-2.0444
2008-04-07,2.1779
2008-04-08,-0.7105
2008-04-09,-3.0411
2008-04-10,0.2768
2008-04-11,-0.92
2008-04-14,-2.0427
2008-04-15,0.1896
2008-04-16,6.6225000000000005
2008-04-17,0.7098
2008-04-18,-1.1454
2008-04-21,-2.5846999999999998
2008-04-22,-3.6597
2008-04-23,-2.1842
2008-04-24,1.5534
2008-04-25,2.4857
2008-04-28,2.5187
2008-04-29,1.2739
2008-04-30,4.6721
2008-05-01,3.6052
2008-05-02,1.0771
2008-05-05,-1.4754
2008-05-06,1.7471
2008-05-07,-1.7170999999999998
2008-05-08,-11.7304
2008-05-09,-1.2253
2008-05-12,4.2939
2008-05-13,-2.1043
2008-05-14,0.8411
2008-05-15,3.0584
2008-05-16,0.6295
2008-05-19,4.3789
2008-05-20,0.1712
2008-05-21,-4.2735
2008-05-22,2.5893
2008-05-23,-0.9574
2008-05-27,0.8787
2008-05-28,1.8293
2008-05-29,1.1976
2008-05-30,-1.3525
2008-06-02,-0.3428
2008-06-03,-1.9776
2008-06-04,0.7895
2008-06-05,1.0444
2008-06-06,-2.4117
2008-06-09,-1.1474
2008-06-10,1.3393
2008-06-11,-3.8767
2008-06-12,3.1164
2008-06-13,1.0667
2008-06-16,3.0783
2008-06-17,-2.3891
2008-06-18,-1.2238
2008-06-19,-0.531
2008-06-20,-3.0249
2008-06-23,-3.6696999999999997
2008-06-24,-0.8571
2008-06-25,1.7290999999999999
2008-06-26,-5.3824
2008-06-27,-1.0977999999999999
2008-06-30,0.1009
2008-07-01,-0.1008
2008-07-02,-1.11
2008-07-03,-2.2449
2008-07-07,-3.3403
2008-07-08,2.6997999999999998
2008-07-09,-2.8391
2008-07-10,0.0
2008-07-11,-2.9221
2008-07-14,-4.7938
2008-07-15,-3.2787
2008-07-16,5.2058
2008-07-17,3.3372
2008-07-18,1.1136
2008-07-21,-1.4317
2008-07-22,3.6872
2008-07-23,-0.5388
2008-07-24,-8.9924
2008-07-25,0.5952
2008-07-28,-4.7337
2008-07-29,5.2174
2008-07-30,-2.5974
2008-07-31,1.5758
2008-08-01,0.2387
2008-08-04,-3.3333
2008-08-05,5.5419
2008-08-06,1.5169000000000001
2008-08-07,-2.069
2008-08-08,0.939
2008-08-11,6.0465
2008-08-12,-2.6316
2008-08-13,0.5631
2008-08-14,1.9037
2008-08-15,2.0879
2008-08-18,-4.0904
2008-08-19,0.0
2008-08-20,-1.3468
2008-08-21,-2.5028
2008-08-22,1.6336
2008-08-25,-1.6073
2008-08-26,2.5671
2008-08-27,2.5028
2008-08-28,-0.111
2008-08-29,-0.3333
2008-09-02,0.3344
2008-09-03,0.4444
2008-09-04,-3.208
2008-09-05,-0.9143
2008-09-08,2.4221
2008-09-09,-3.2658
2008-09-10,0.0
2008-09-11,-1.1641
2008-09-12,-1.1779
2008-09-15,-9.5352
2008-09-16,0.527
2008-09-17,-42.3329
2008-09-18,80.6818
2008-09-19,-13.2075
2008-09-22,-18.5507
2008-09-23,0.1779
2008-09-24,-15.0977
2008-09-25,4.8117
2008-09-26,-0.3992
2008-09-29,-35.8717
2008-09-30,10.0
2008-10-01,13.6364
2008-10-02,-10.0
2008-10-03,-3.3333
2008-10-06,-16.6667
2008-10-07,-6.2069
2008-10-08,-2.2059
2008-10-09,-36.4662
2008-10-10,24.8521
2008-10-13,18.4834
2008-10-14,14.0
2008-10-15,-27.7193
2008-10-16,21.8447
2008-10-17,3.5857
2008-10-20,-3.0769
2008-10-21,-11.1111
2008-10-22,-14.732099999999999
2008-10-23,-1.5707
2008-10-24,-2.1277
2008-10-27,-16.8478
2008-10-28,15.6863
2008-10-29,4.5198
2008-10-30,0.0
2008-10-31,0.0
2008-11-03,-5.4054
2008-11-04,16.5714
2008-11-05,-13.7255
2008-11-06,18.75
2008-11-07,35.8852
2008-11-10,-16.1972
2008-11-11,5.042
2008-11-12,-2.4
2008-11-13,24.5902
2008-11-14,-11.8421
2008-11-17,-18.2836
2008-11-18,29.2237
2008-11-19,-14.4876
2008-11-20,-26.4463
2008-11-21,8.9888
2008-11-24,21.6495
2008-11-25,20.339
2008-11-26,3.169
2008-11-28,15.0171
2008-12-01,-24.6291
2008-12-02,12.5984
2008-12-03,5.2448
2008-12-04,-5.3156
2008-12-05,14.0351
2008-12-08,5.8462
2008-12-09,-11.3372
2008-12-10,11.1475
2008-12-11,-10.0295
2008-12-12,6.8852
2008-12-15,-11.6564
2008-12-16,14.5833
2008-12-17,4.8485
2008-12-18,-2.3121
2008-12-19,11.2426
2008-12-22,-4.2553
2008-12-23,-0.8333
2008-12-24,5.6022
2008-12-26,-0.5305
2008-12-29,-1.8667
2008-12-30,13.3152
2008-12-31,24.2206
2009-01-02,-9.0734
2009-01-05,-5.5202
2009-01-06,5.3933
2009-01-07,-7.0362
2009-01-08,0.9174
2009-01-09,-10.0
2009-01-12,-19.1919
2009-01-13,6.5625
2009-01-14,-1.7595
2009-01-15,0.597
2009-01-16,6.2315
2009-01-20,-23.4637
2009-01-21,21.1679
2009-01-22,-16.8675
2009-01-23,11.5942
2009-01-26,-12.987
2009-01-27,1.1194
2009-01-28,5.1661
2009-01-29,-17.193
2009-01-30,-1.2711999999999999
2009-02-02,-6.867
2009-02-03,-6.4516
2009-02-04,-1.4778
2009-02-05,-8.5
2009-02-06,4.918
2009-02-09,1.5625
2009-02-10,-13.8462
2009-02-11,10.119
2009-02-12,-2.7027
2009-02-13,-0.5556
2009-02-17,-10.6145
2009-02-18,4.375
2009-02-19,-16.1677
2009-02-20,-6.4286
2009-02-23,-9.9237
2009-02-24,30.5085
2009-02-25,-1.9481000000000002
2009-02-26,2.649
2009-02-27,-21.9355
2009-03-02,-57.8512
2009-03-03,-25.4902
2009-03-04,42.1053
2009-03-05,-31.4815
2009-03-06,2.7027
2009-03-09,0.0
2009-03-10,-31.5789
2009-03-11,53.8462
2009-03-12,-15.0
2009-03-13,8.8235
2009-03-16,-2.7027
2009-03-17,-2.7778
2009-03-18,34.2857
2009-03-19,-14.8936
2009-03-20,-7.5
2009-03-23,35.1351
2009-03-24,44.0
2009-03-25,-4.1667
2009-03-26,7.2464
2009-03-27,-4.0541
2009-03-30,-4.2254
2009-03-31,35.2941
2009-04-01,17.3913
2009-04-02,4.6296
2009-04-03,19.469
2009-04-06,4.4444
2009-04-07,-14.8936
2009-04-08,7.5
2009-04-09,15.5039
2009-04-13,3.3557
2009-04-14,-9.0909
2009-04-15,15.0
2009-04-16,4.3478
2009-04-17,-1.1905000000000001
2009-04-20,-22.2892
2009-04-21,18.6047
2009-04-22,-5.8824
2009-04-23,4.1667
2009-04-24,-4.0
2009-04-27,-7.6389
2009-04-28,-0.7519
2009-04-29,10.6061
2009-04-30,9.589
2009-05-01,-6.875
2009-05-04,10.7383
2009-05-05,9.0909
2009-05-06,16.6667
2009-05-07,-0.9524
2009-05-08,29.3269
2009-05-11,20.8178
2009-05-12,-6.1538
2009-05-13,-25.2459
2009-05-14,17.1053
2009-05-15,-4.8689
2009-05-18,14.1732
2009-05-19,1.3793
2009-05-20,-7.1429
2009-05-21,4.7619
2009-05-22,-6.2937
2009-05-26,3.3582
2009-05-27,-6.4982
2009-05-28,-0.7722
2009-05-29,-6.2257
2009-06-01,7.8838
2009-06-02,5.0
2009-06-03,-6.2271
2009-06-04,3.9063
2009-06-05,-3.7594
2009-06-08,-2.7344
2009-06-09,-3.6145
2009-06-10,-0.8333
2009-06-11,1.6806999999999999
2009-06-12,-0.8264
2009-06-15,-9.5833
2009-06-16,-9.6774
2009-06-17,-2.551
2009-06-18,5.2356
2009-06-19,4.4776
2009-06-22,-4.7619
2009-06-23,-9.0
2009-06-24,3.8462
2009-06-25,-1.0582
2009-06-26,28.3422
2009-06-29,-6.6667
2009-06-30,5.8036
2009-07-01,3.7975
2009-07-02,-6.5041
2009-07-06,-6.087
2009-07-07,-7.8704
2009-07-08,-4.0201
2009-07-09,0.0
2009-07-10,-3.6649000000000003
2009-07-13,11.413
2009-07-14,2.9268
2009-07-15,8.5308
2009-07-16,-8.7336
2009-07-17,-7.6555
2009-07-20,1.5544
2009-07-21,2.0408
2009-07-22,-1.5
2009-07-23,3.0457
2009-07-24,-3.9409
2009-07-27,-1.5385
2009-07-28,-1.0417
2009-07-29,35.7895
2009-07-30,12.0155
2009-07-31,7.6125
2009-08-03,18.328
2009-08-04,-2.1739
2009-08-05,-7.5
2009-08-06,-5.1051
2009-08-07,4.7468
2009-08-10,1.5106000000000002
2009-08-11,-5.3571
2009-08-12,1.5723
2009-08-13,3.096
2009-08-14,-2.4024
2009-08-17,-9.8462
2009-08-18,9.5563
2009-08-19,1.2461
2009-08-20,2.4615
2009-08-21,3.003
2009-08-24,4.6647
2009-08-25,22.0056
2009-08-26,-1.8265
2009-08-27,4.8837
2009-08-28,-4.4346
2009-08-31,-0.464
2009-09-01,-7.2261
2009-09-02,-3.0151
2009-09-03,2.3316
2009-09-04,3.2911
2009-09-08,1.4706000000000001
2009-09-09,-0.2415
2009-09-10,8.7167
2009-09-11,2.0045
2009-09-14,10.4803
2009-09-15,0.9881
2009-09-16,16.4384
2009-09-17,1.5126
2009-09-18,-2.8146
2009-09-21,-1.3629
2009-09-22,0.1727
2009-09-23,-5.3448
2009-09-24,-5.2823
2009-09-25,-3.0769
2009-09-28,9.127
2009-09-29,-2.0
2009-09-30,-2.4119
2009-10-01,-9.6958
2009-10-02,8.4211
2009-10-05,2.7184
2009-10-06,-1.8904
2009-10-07,-1.9268
2009-10-08,0.1965
2009-10-09,0.7843
2009-10-12,-0.3891
2009-10-13,-2.5391
2009-10-14,29.4589
2009-10-15,6.0372
2009-10-16,-4.6715
2009-10-19,0.1531
2009-10-20,-3.9755000000000003
2009-10-21,-1.2739
2009-10-22,0.6452
2009-10-23,-2.7244
2009-10-26,-6.425
2009-10-27,-3.3451
2009-10-28,-5.1002
2009-10-29,5.7582
2009-10-30,-5.4446
2009-11-02,-0.7678
2009-11-03,5.029
2009-11-04,-0.7366
2009-11-05,-5.3803
2009-11-06,-0.1961
2009-11-09,4.7151
2009-11-10,-1.3133
2009-11-11,2.6616
2009-11-12,-1.2963
2009-11-13,-1.6886
2009-11-16,0.9542
2009-11-17,0.189
2009-11-18,0.9434
2009-11-19,-3.1776
2009-11-20,-2.8958
2009-11-23,0.3976
2009-11-24,-1.7822
2009-11-25,-1.4113
2009-11-27,-6.3395
2009-11-30,4.5852
2009-12-01,7.3069
2009-12-02,1.5564
2009-12-03,-2.2989
2009-12-04,2.7451
2009-12-07,-1.5267
2009-12-08,-6.2016
2009-12-09,-1.2397
2009-12-10,0.2092
2009-12-11,-0.8351
2009-12-14,4.0
2009-12-15,-2.6316
2009-12-16,6.8607
2009-12-17,-3.3074
2009-12-18,-1.006
2009-12-21,-0.6098
2009-12-22,-0.2045
2009-12-23,4.0984
2009-12-24,0.0
2009-12-28,-0.9843
2009-12-29,0.7952
2009-12-30,-0.5917
2009-12-31,-0.7937
2010-01-04,5.2
2010-01-05,-1.5209000000000001
2010-01-06,-0.5792
2010-01-07,6.7961
2010-01-08,2.0
2010-01-11,-0.3565
2010-01-12,-2.6834
2010-01-13,0.5515
2010-01-14,-0.1828
2010-01-15,-1.4652
2010-01-19,0.5576
2010-01-20,-2.403
2010-01-21,-4.3561
2010-01-22,-3.9604
2010-01-25,1.6495
2010-01-26,-2.0284
2010-01-27,3.1056
2010-01-28,-1.004
2010-01-29,-3.4483
2010-02-01,1.0504
2010-02-02,3.5343
2010-02-03,-2.8112
2010-02-04,-8.4711
2010-02-05,2.0316
2010-02-08,-2.6549
2010-02-09,0.0
2010-02-10,2.2727
2010-02-11,1.7778
2010-02-12,1.9651
2010-02-16,3.212
2010-02-17,7.2614
2010-02-18,1.354
2010-02-19,1.3359
2010-02-22,0.0
2010-02-23,-4.1431000000000004
2010-02-24,3.7328
2010-02-25,0.947
2010-02-26,-6.5666
2010-03-01,-0.2008
2010-03-02,0.2012
2010-03-03,3.012
2010-03-04,12.0858
2010-03-05,4.1739
2010-03-08,-1.1686
2010-03-09,1.8580999999999999
2010-03-10,3.3167
2010-03-11,1.2841
2010-03-12,0.0
2010-03-15,-1.2678
2010-03-16,3.8523
2010-03-17,-0.6182
2010-03-18,0.311
2010-03-19,-8.8372
2010-03-22,3.4013999999999998
2010-03-23,0.0
2010-03-24,1.1513
2010-03-25,-0.9756
2010-03-26,0.4926
2010-03-29,4.4118
2010-03-30,-2.5039
2010-03-31,-0.1605
2010-04-01,0.4823
2010-04-05,1.28
2010-04-06,1.5798
2010-04-07,0.9331
2010-04-08,0.4622
2010-04-09,0.7669
2010-04-12,-0.6088
2010-04-13,-1.2251
2010-04-14,2.3256
2010-04-15,-1.5152
2010-04-16,-5.0769
2010-04-19,0.6483
2010-04-20,1.7713
2010-04-21,-2.5316
2010-04-22,2.4351
2010-04-23,1.5848
2010-04-26,-2.1841
2010-04-27,-6.0606
2010-04-28,1.0187
2010-04-29,2.6891
2010-04-30,-3.437
2010-05-03,2.8814
2010-05-04,-4.2834
2010-05-05,6.0241
2010-05-06,-6.6558
2010-05-07,-7.4783
2010-05-10,13.7218
2010-05-11,0.3306
2010-05-12,2.9654
2010-05-13,-2.88
2010-05-14,-3.9539
2010-05-17,-1.3721999999999999
2010-05-18,-1.913
2010-05-19,-2.8369
2010-05-20,-8.9416
2010-05-21,4.008
2010-05-24,-2.1195
2010-05-25,2.3622
2010-05-26,-0.1923
2010-05-27,10.9827
2010-05-28,-2.6042
2010-06-01,-3.9215999999999998
2010-06-02,4.4527
2010-06-03,0.1776
2010-06-04,-8.8652
2010-06-07,-5.642
2010-06-08,4.5361
2010-06-09,-2.3669000000000002
2010-06-10,7.0707
2010-06-11,0.3774
2010-06-14,2.2556
2010-06-15,7.5368
2010-06-16,-0.6838
2010-06-17,-0.3442
2010-06-18,2.7634
2010-06-21,-2.1849
2010-06-22,-3.6082
2010-06-23,-1.9607999999999999
2010-06-24,-1.6364
2010-06-25,0.5545
2010-06-28,-0.1838
2010-06-29,-7.7348
2010-06-30,-1.1976
2010-07-01,-3.0303
2010-07-02,0.4167
2010-07-06,-1.8672
2010-07-07,5.9197
2010-07-08,3.1936
2010-07-09,2.1277
2010-07-12,-0.1894
2010-07-13,2.0873
2010-07-14,-1.3011
2010-07-15,-2.8249
2010-07-16,-6.2016
2010-07-19,-0.4132
2010-07-20,5.1867
2010-07-21,-2.1696
2010-07-22,4.6371
2010-07-23,3.2755
2010-07-26,1.306
2010-07-27,0.7366
2010-07-28,-4.0219
2010-07-29,2.2857
2010-07-30,0.0
2010-08-02,5.0279
2010-08-03,-6.0284
2010-08-04,6.6038
2010-08-05,-0.885
2010-08-06,-1.7856999999999998
2010-08-09,0.7273
2010-08-10,-3.4295999999999998
2010-08-11,-5.9813
2010-08-12,0.7952
2010-08-13,-1.9724
2010-08-16,0.8048
2010-08-17,-0.998
2010-08-18,0.0
2010-08-19,-3.2258
2010-08-20,-1.0417
2010-08-23,1.6842000000000001
2010-08-24,-0.6211
2010-08-25,0.625
2010-08-26,-3.3125999999999998
2010-08-27,4.0685
2010-08-30,-4.321
2010-08-31,1.7204000000000002
2010-09-01,7.611
2010-09-02,2.5540000000000003
2010-09-03,2.4904
2010-09-07,-2.4299
2010-09-08,1.1494
2010-09-09,-0.5682
2010-09-10,1.1429
2010-09-13,3.0132
2010-09-14,-2.3766
2010-09-15,0.0
2010-09-16,-1.8727
2010-09-17,1.9083999999999999
2010-09-20,5.2434
2010-09-21,1.6014
2010-09-22,-3.8529
2010-09-23,-4.7359
2010-09-24,6.6922
2010-09-27,-0.7168
2010-09-28,-0.5415
2010-09-29,0.363
2010-09-30,0.1808
2010-10-01,-2.5271
2010-10-04,-2.5926
2010-10-05,3.0418
2010-10-06,1.2915
2010-10-07,0.0
2010-10-08,1.0929
2010-10-11,0.0
2010-10-12,-1.0811
2010-10-13,1.0929
2010-10-14,-1.0811
2010-10-15,-3.0965
2010-10-18,2.4436
2010-10-19,-3.4862
2010-10-20,2.0913
2010-10-21,2.9795
2010-10-22,0.1808
2010-10-25,0.1805
2010-10-26,0.0
2010-10-27,-0.5405
2010-10-28,0.0
2010-10-29,-1.4493
2010-11-01,0.0
2010-11-02,2.7574
2010-11-03,3.5778
2010-11-04,3.4542
2010-11-05,1.0017
2010-11-08,-0.9917
2010-11-09,-2.1703
2010-11-10,1.3652
2010-11-11,0.3367
2010-11-12,-2.1812
2010-11-15,-0.8576
2010-11-16,-3.8062
2010-11-17,0.0
2010-11-18,2.6978
2010-11-19,0.7005
2010-11-22,1.0435
2010-11-23,-1.5491000000000001
2010-11-24,2.6224
2010-11-26,-1.0221
2010-11-29,-0.3442
2010-11-30,1.0363
2010-12-01,3.0769
2010-12-02,2.4876
2010-12-03,1.1327
2010-12-06,0.8
2010-12-07,-0.1587
2010-12-08,2.2258
2010-12-09,4.0435
2010-12-10,1.6442
2010-12-13,-2.0588
2010-12-14,0.4505
2010-12-15,0.4484
2010-12-16,2.3810000000000002
2010-12-17,-3.343
2010-12-20,1.3534
2010-12-21,1.9287999999999998
2010-12-22,1.7467000000000001
2010-12-23,-1.2876
2010-12-27,1.8841
2010-12-28,-1.4224999999999999
2010-12-29,-0.8658
2010-12-30,0.0
2010-12-31,-1.31
2011-01-03,5.0147
2011-01-04,-1.6854
2011-01-05,2.7143
2011-01-06,-3.0598
2011-01-07,1.1478
2011-01-10,-1.9858
2011-01-11,0.8683
2011-01-12,0.7174
2011-01-13,-0.2849
2011-01-14,0.1429
2011-01-18,-0.9986
2011-01-19,-3.8905
2011-01-20,-1.7991000000000001
2011-01-21,-1.2214
2011-01-24,3.864
2011-01-25,-2.0833
2011-01-26,-0.4559
2011-01-27,-0.3053
2011-01-28,-3.5221999999999998
2011-01-31,0.4762
2011-02-01,2.5276
2011-02-02,-2.0031
2011-02-03,-1.2579
2011-02-04,0.4777
2011-02-07,2.3772
2011-02-08,1.0836
2011-02-09,-0.3063
2011-02-10,-2.9186
2011-02-11,2.2152
2011-02-14,0.1548
2011-02-15,0.9274
2011-02-16,0.1531
2011-02-17,1.2232
2011-02-18,-1.9637
2011-02-22,-2.0031
2011-02-23,8.1761
2011-02-24,-0.7267
2011-02-25,2.7818
2011-02-28,3.1339
2011-03-01,0.1381
2011-03-02,0.0
2011-03-03,2.6207000000000003
2011-03-04,-2.4194
2011-03-07,-0.551
2011-03-08,2.2161
2011-03-09,-1.2195
2011-03-10,-2.1948
2011-03-11,0.2805
2011-03-14,-2.7972
2011-03-15,-0.4317
2011-03-16,-1.8786
2011-03-17,-0.2946
2011-03-18,2.8064999999999998
2011-03-21,1.7241
2011-03-22,1.2711999999999999
2011-03-23,-1.2551999999999999
2011-03-24,1.5537
2011-03-25,0.4172
2011-03-28,-0.9695
2011-03-29,0.8392
2011-03-30,2.9126
2011-03-31,1.2129
2011-04-01,1.5979
2011-04-04,1.0485
2011-04-05,0.6485
2011-04-06,2.7062
2011-04-07,-1.1292
2011-04-08,-0.6345
2011-04-11,-0.2554
2011-04-12,-2.4328
2011-04-13,-2.231
2011-04-14,0.5369
2011-04-15,-2.5366999999999997
2011-04-18,-0.8219
2011-04-19,-0.2762
2011-04-20,2.6316
2011-04-21,1.2146
2011-04-25,4.2667
2011-04-26,-0.1279
2011-04-27,0.5122
2011-04-28,1.2739
2011-04-29,1.3836
2011-05-02,-0.2481
2011-05-03,-1.4925
2011-05-04,-2.5253
2011-05-05,0.7772
2011-05-06,-1.0283
2011-05-09,1.8182
2011-05-10,-0.3827
2011-05-11,1.7926
2011-05-12,-2.2641999999999998
2011-05-13,-2.0592
2011-05-16,0.657
2011-05-17,-1.8277
2011-05-18,-0.3989
2011-05-19,4.0053
2011-05-20,-2.439
2011-05-23,-2.3684
2011-05-24,1.0782
2011-05-25,-0.1333
2011-05-26,1.3351
2011-05-27,0.6588
2011-05-31,1.3089
2011-06-01,-4.0052
2011-06-02,1.6151
2011-06-03,-1.5894
2011-06-06,-1.2113
2011-06-07,-1.3624
2011-06-08,0.0
2011-06-09,0.5525
2011-06-10,-2.0604
2011-06-13,0.9818
2011-06-14,2.6389
2011-06-15,-1.7591
2011-06-16,-0.9642
2011-06-17,0.1391
2011-06-20,2.5
2011-06-21,1.626
2011-06-22,0.5333
2011-06-23,-2.9177999999999997
2011-06-24,-1.0929
2011-06-27,0.4144
2011-06-28,4.1265
2011-06-29,2.3778
2011-06-30,2.0645
2011-07-01,1.6435
2011-07-05,-1.3682
2011-07-06,1.1349
2011-07-07,-1.7456
2011-07-08,-1.1421000000000001
2011-07-11,-3.7227
2011-07-12,-0.4
2011-07-13,1.3387
2011-07-14,-1.1889
2011-07-15,-0.4011
2011-07-18,-3.6242
2011-07-19,3.8997
2011-07-20,3.4853
2011-07-21,1.943
2011-07-22,-0.7624
2011-07-25,-0.6402
2011-07-26,-0.3866
2011-07-27,-4.0103
2011-07-28,0.6739
2011-07-29,-1.6064
2011-08-01,0.6803
2011-08-02,-4.7297
2011-08-03,1.5603
2011-08-04,-5.1676
2011-08-05,-2.9455
2011-08-08,-13.6571
2011-08-09,4.2179
2011-08-10,-9.1062
2011-08-11,6.308
2011-08-12,1.5707
2011-08-15,6.1856
2011-08-16,-2.1036
2011-08-17,2.4793
2011-08-18,-2.4194
2011-08-19,-3.9669
2011-08-22,-1.7212
2011-08-23,2.9772
2011-08-24,3.2313
2011-08-25,-2.9654
2011-08-26,2.0374
2011-08-29,7.6539
2011-08-30,-0.9274
2011-08-31,0.312
2011-09-01,-4.1991
2011-09-02,-5.6818
2011-09-06,-0.3442
2011-09-07,6.3903
2011-09-08,-3.2468
2011-09-09,-4.1946
2011-09-12,1.5762
2011-09-13,1.2069
2011-09-14,-0.1704
2011-09-15,2.7304
2011-09-16,-0.4983
2011-09-19,-2.0033
2011-09-20,-2.385
2011-09-21,-2.2688
2011-09-22,1.25
2011-09-23,-2.1164
2011-09-26,2.7027
2011-09-27,-0.7018
2011-09-28,-5.6537
2011-09-29,5.2434
2011-09-30,-3.7367
2011-10-03,-7.9482
2011-10-04,3.2129
2011-10-05,4.8638
2011-10-06,0.7421
2011-10-07,-3.6832000000000003
2011-10-10,2.4857
2011-10-11,3.3582
2011-10-12,3.7906
2011-10-13,-3.1304
2011-10-14,4.4883
2011-10-17,-4.4674
2011-10-18,4.1367
2011-10-19,-3.7997
2011-10-20,1.9748999999999999
2011-10-21,1.9365999999999999
2011-10-24,2.7634
2011-10-25,-5.042
2011-10-26,7.2566
2011-10-27,10.5611
2011-10-28,-1.4925
2011-10-31,-5.303
2011-11-01,-3.68
2011-11-02,2.6578
2011-11-03,1.7799
2011-11-04,-2.3847
2011-11-07,2.1173
2011-11-08,1.9139
2011-11-09,-4.3818
2011-11-10,1.3093
2011-11-11,1.7771
2011-11-14,-0.7937
2011-11-15,2.24
2011-11-16,-2.6604
2011-11-17,-2.2508
2011-11-18,0.6579
2011-11-21,-1.9607999999999999
2011-11-22,0.0
2011-11-23,-4.3333
2011-11-25,-2.0906
2011-11-28,5.3381
2011-11-29,-2.3649
2011-11-30,9.342600000000001
2011-12-01,-1.8987
2011-12-02,0.1613
2011-12-05,0.8052
2011-12-06,0.7987
2011-12-07,2.2187
2011-12-08,-4.8062000000000005
2011-12-09,2.7687
2011-12-12,-1.2678
2011-12-13,-3.2103
2011-12-14,-0.4975
2011-12-15,-1.6667
2011-12-16,0.678
2011-12-19,-3.8721
2011-12-20,6.655
2011-12-21,2.7915
2011-12-22,0.7987
2011-12-23,0.9509
2011-12-27,-0.314
2011-12-28,-2.0472
2011-12-29,3.0547
2011-12-30,-1.5601
2012-01-03,0.7924
2012-01-04,-0.4717
2012-01-05,-2.2117
2012-01-06,-0.6462
2012-01-09,-0.813
2012-01-10,3.9344
2012-01-11,1.5773000000000001
2012-01-12,0.1553
2012-01-13,-1.2403
2012-01-17,-0.7849
2012-01-18,2.6898999999999997
2012-01-19,2.1572
2012-01-20,4.6757
2012-01-23,-0.1441
2012-01-24,0.7215
2012-01-25,-2.149
2012-01-26,-1.9034
2012-01-27,1.3433
2012-01-30,-1.62
2012-01-31,0.5988
2012-02-01,2.9762
2012-02-02,2.6012
2012-02-03,4.2254
2012-02-06,-0.5405
2012-02-07,-2.4457
2012-02-08,2.9248
2012-02-09,-2.1651
2012-02-10,-0.6916
2012-02-13,1.6713
2012-02-14,-0.411
2012-02-15,-1.238
2012-02-16,4.4568
2012-02-17,-2.0
2012-02-21,1.7687
2012-02-22,-1.4706000000000001
2012-02-23,4.3419
2012-02-24,0.0
2012-02-27,-2.0806
2012-02-28,-0.2656
2012-02-29,-1.1984
2012-03-01,1.752
2012-03-02,-0.9272
2012-03-05,2.1390000000000002
2012-03-06,-3.534
2012-03-07,1.0855
2012-03-08,1.3423
2012-03-09,0.7947
2012-03-12,-0.7884
2012-03-13,3.0464
2012-03-14,-1.0283
2012-03-15,1.1688
2012-03-16,0.6418
2012-03-19,0.6378
2012-03-20,-0.6337
2012-03-21,0.1276
2012-03-22,-0.5096
2012-03-23,1.0243
2012-03-26,2.6616
2012-03-27,-0.8642
2012-03-28,0.1245
2012-03-29,-2.2388
2012-03-30,-1.0178
2012-04-02,2.1851
2012-04-03,0.0
2012-04-04,-2.8931
2012-04-05,0.1295
2012-04-09,-2.8461
2012-04-10,-2.9294000000000002
2012-04-11,0.9602
2012-04-12,2.9891
2012-04-13,-4.2216
2012-04-16,1.5152
2012-04-17,1.4925
2012-04-18,-1.6042999999999998
2012-04-19,-0.2717
2012-04-20,-0.9537
2012-04-23,-2.4759
2012-04-24,1.6925
2012-04-25,2.2191
2012-04-26,0.9498
2012-04-27,1.0753
2012-04-30,-3.3245
2012-05-01,0.4127
2012-05-02,1.0959
2012-05-03,-2.5745
2012-05-04,-1.9471
2012-05-07,-0.8511
2012-05-08,0.0
2012-05-09,-2.1459
2012-05-10,3.3626
2012-05-11,-1.2730000000000001
2012-05-14,-0.5731
2012-05-15,-1.585
2012-05-16,-2.0498
2012-05-17,-2.5411
2012-05-18,-0.7669
2012-05-21,1.7002000000000002
2012-05-22,-2.4316
2012-05-23,1.7134
2012-05-24,3.8285
2012-05-25,-0.885
2012-05-29,2.8274
2012-05-30,-2.026
2012-05-31,1.3294000000000001
2012-06-01,-6.7055
2012-06-04,-0.625
2012-06-05,0.9434
2012-06-06,4.0498
2012-06-07,0.8982
2012-06-08,-0.8929
2012-06-11,-1.952
2012-06-12,2.2971
2012-06-13,1.6467
2012-06-14,6.0383
2012-06-15,4.7222
2012-06-18,-1.9893999999999998
2012-06-19,2.8417
2012-06-20,-0.3947
2012-06-21,-2.9062
2012-06-22,2.1769
2012-06-25,-2.7963
2012-06-26,1.3699
2012-06-27,0.9459
2012-06-28,0.6693
2012-06-29,3.7234
2012-07-02,2.5641
2012-07-03,1.125
2012-07-05,-1.6069
2012-07-06,-0.2513
2012-07-09,0.1259
2012-07-10,-0.6289
2012-07-11,1.0127
2012-07-12,-0.2506
2012-07-13,1.2563
2012-07-16,-0.7444
2012-07-17,0.625
2012-07-18,2.7329
2012-07-19,-3.023
2012-07-20,-2.7431
2012-07-23,-1.1538
2012-07-24,0.6485
2012-07-25,-0.9021
2012-07-26,4.0312
2012-07-27,0.625
2012-07-30,4.7205
2012-07-31,-1.6606999999999998
2012-08-01,-3.2569
2012-08-02,-0.8728
2012-08-03,5.4088
2012-08-06,1.432
2012-08-07,0.8235
2012-08-08,1.9837
2012-08-09,0.5721
2012-08-10,0.6826
2012-08-13,1.5819
2012-08-14,-2.0022
2012-08-15,2.3837
2012-08-16,1.663
2012-08-17,0.5453
2012-08-20,-0.5423
2012-08-21,-0.6543
2012-08-22,-0.1098
2012-08-23,-1.2088
2012-08-24,-1.2236
2012-08-27,0.3378
2012-08-28,0.5612
2012-08-29,-0.1116
2012-08-30,-0.3352
2012-08-31,-0.2242
2012-09-04,0.6742
2012-09-05,5.4687
2012-09-06,2.5397
2012-09-07,0.4137
2012-09-10,-0.4119
2012-09-11,1.4478
2012-09-12,1.3252
2012-09-13,-0.4024
2012-09-14,1.0101
2012-09-17,0.5
2012-09-18,-1.194
2012-09-19,0.9063
2012-09-20,0.0
2012-09-21,0.0998
2012-09-24,-1.0967
2012-09-25,-3.4274
2012-09-26,-0.1044
2012-09-27,1.4628999999999999
2012-09-28,-0.6179
2012-10-01,1.5544
2012-10-02,-2.0408
2012-10-03,-0.2083
2012-10-04,0.7307
2012-10-05,1.1399
2012-10-08,-1.0246
2012-10-09,-0.6211
2012-10-10,0.1042
2012-10-11,1.6649
2012-10-12,-1.9447
2012-10-15,0.6263
2012-10-16,1.4523
2012-10-17,1.4315
2012-10-18,0.1008
2012-10-19,-2.719
2012-10-22,0.0
2012-10-23,-1.7598
2012-10-24,-0.843
2012-10-25,2.4442
2012-10-26,-1.0373
2012-10-31,0.4193
2012-11-01,-0.7307
2012-11-02,-2.4185
2012-11-05,0.2155
2012-11-06,0.4301
2012-11-07,-4.4968
2012-11-08,-2.2422
2012-11-09,0.8028
2012-11-12,-1.0239
2012-11-13,-1.6092
2012-11-14,-2.2196
2012-11-15,0.9558
2012-11-16,2.3669000000000002
2012-11-19,3.4682
2012-11-20,-3.1285
2012-11-21,1.0381
2012-11-23,1.3699
2012-11-26,-0.3378
2012-11-27,-1.8079
2012-11-28,1.3809
2012-11-29,3.4052
2012-11-30,-0.1098
2012-12-03,0.7692
2012-12-04,0.4362
2012-12-05,1.4115
2012-12-06,-0.4283
2012-12-07,-0.7543
2012-12-10,1.1944
2012-12-11,1.1803
2012-12-12,-2.439
2012-12-13,0.2174
2012-12-14,0.6508
2012-12-17,2.0474
2012-12-18,0.6336
2012-12-19,-1.3641
2012-12-20,2.1277
2012-12-21,-2.6042
2012-12-24,-0.8556
2012-12-26,-1.4024
2012-12-27,0.2188
2012-12-28,-0.8734
2012-12-31,2.7533
2013-01-02,1.0718
2013-01-03,-0.3181
2013-01-04,1.0638
2013-01-07,0.3158
2013-01-08,1.3641
2013-01-09,2.588
2013-01-10,-0.7064
2013-01-11,-0.5081
2013-01-14,-0.715
2013-01-15,-0.2058
2013-01-16,-0.6186
2013-01-17,0.3112
2013-01-18,-0.1034
2013-01-22,4.1408
2013-01-23,-0.2982
2013-01-24,-0.4985
2013-01-25,2.2044
2013-01-28,-0.9804
2013-01-29,1.1881
2013-01-30,-0.4892
2013-01-31,0.9833
2013-02-01,0.4869
2013-02-04,-2.907
2013-02-05,1.3972
2013-02-06,0.2953
2013-02-07,-1.2758
2013-02-08,0.5964
2013-02-11,1.6798
2013-02-12,6.414
2013-02-13,1.2785
2013-02-14,0.7214
2013-02-15,1.5219
2013-02-19,0.5291
2013-02-20,-3.0702
2013-02-21,-2.2624
2013-02-22,1.8519
2013-02-25,-3.7273
2013-02-26,1.6997
2013-02-27,1.0214
2013-02-28,0.5515
2013-03-01,-1.6453
2013-03-04,0.7435
2013-03-05,2.3063000000000002
2013-03-06,0.7214
2013-03-07,0.0895
2013-03-08,1.5232999999999999
2013-03-11,0.7061
2013-03-12,0.0
2013-03-13,1.0517
2013-03-14,0.6938
2013-03-15,-0.1723
2013-03-18,-0.3451
2013-03-19,-0.3463
2013-03-20,0.7819
2013-03-21,-1.1207
2013-03-22,-0.0872
2013-03-25,0.2618
2013-03-26,-0.1741
2013-03-27,0.0872
2013-03-28,-0.2613
2013-04-01,-1.9214
2013-04-02,0.3562
2013-04-03,-2.7507
2013-04-04,0.365
2013-04-05,-2.0
2013-04-08,1.7625
2013-04-09,1.0939
2013-04-10,2.7051
2013-04-11,0.2634
2013-04-12,-0.5254
2013-04-15,-4.6655
2013-04-16,1.385
2013-04-17,-3.0055
2013-04-18,-1.2207
2013-04-19,1.9011
2013-04-22,0.0
2013-04-23,2.5187
2013-04-24,1.7288000000000001
2013-04-25,-0.7156
2013-04-26,-0.9009
2013-04-29,2.1818
2013-04-30,0.7117
2013-05-01,-2.6502
2013-05-02,3.539
2013-05-03,2.7169
2013-05-06,0.6826
2013-05-07,1.2711999999999999
2013-05-08,0.1674
2013-05-09,-1.0025
2013-05-10,0.8439
2013-05-13,-0.251
2013-05-14,2.0973
2013-05-15,0.0
2013-05-16,-1.0682
2013-05-17,-0.1661
2013-05-20,-0.9151
2013-05-21,-1.2594
2013-05-22,-1.2755
2013-05-23,0.0861
2013-05-24,-0.8606
2013-05-28,2.8646000000000003
2013-05-29,0.2532
2013-05-30,3.4512
2013-05-31,0.4068
2013-06-03,1.2156
2013-06-04,-1.2810000000000001
2013-06-05,-1.2976
2013-06-06,2.5472
2013-06-07,1.7671000000000001
2013-06-10,1.105
2013-06-11,-0.9368
2013-06-12,-0.7092
2013-06-13,2.1429
2013-06-14,-1.554
2013-06-17,1.026
2013-06-18,0.5469
2013-06-19,-1.0101
2013-06-20,-0.0785
2013-06-21,-0.4713
2013-06-24,-2.9203
2013-06-25,2.7641999999999998
2013-06-26,0.7911
2013-06-27,1.1774
2013-06-28,0.5431
2013-07-01,1.7747000000000002
2013-07-02,-0.2274
2013-07-03,-0.152
2013-07-05,2.8919
2013-07-08,0.2219
2013-07-09,2.214
2013-07-10,2.1661
2013-07-11,1.4134
2013-07-12,-0.6969
2013-07-15,-0.4211
2013-07-16,-1.5504
2013-07-17,-0.1432
2013-07-18,1.2186
2013-07-19,-0.4958
2013-07-22,1.21
2013-07-23,-0.211
2013-07-24,-0.1409
2013-07-25,0.494
2013-07-26,0.0702
2013-07-29,0.3509
2013-07-30,0.979
2013-07-31,-1.108
2013-08-01,2.2409
2013-08-02,-0.411
2013-08-05,0.3439
2013-08-06,-1.2337
2013-08-07,-0.4164
2013-08-08,1.3937
2013-08-09,0.2749
2013-08-12,0.2742
2013-08-13,1.2987
2013-08-14,-0.4723
2013-08-15,-1.5593
2013-08-16,0.0689
2013-08-19,-1.0323
2013-08-20,-0.2086
2013-08-21,-0.5575
2013-08-22,1.6819
2013-08-23,-0.2068
2013-08-26,-0.7597
2013-08-27,-3.6186
2013-08-28,0.2166
2013-08-29,0.5043
2013-08-30,-2.5806
2013-09-03,1.6924000000000001
2013-09-04,3.5456
2013-09-05,1.3976
2013-09-06,0.6203
2013-09-09,0.8236
2013-09-10,0.0681
2013-09-11,-0.5442
2013-09-12,-1.71
2013-09-13,0.4175
2013-09-16,1.2474
2013-09-17,-0.4107
2013-09-18,-0.0687
2013-09-19,-1.7194
2013-09-20,-0.6998
2013-09-23,-0.9161
2013-09-24,0.7112
2013-09-25,1.9068
2013-09-26,0.2079
2013-09-27,-0.4841
2013-09-30,0.0695
2013-10-01,0.5556
2013-10-02,0.5525
2013-10-03,-0.4121
2013-10-04,2.2759
2013-10-07,-2.6972
2013-10-08,-2.5641
2013-10-09,-0.4267
2013-10-10,3.0714
2013-10-11,1.9404
2013-10-14,-0.5438
2013-10-15,-0.2734
2013-10-16,1.3708
2013-10-17,1.4875
2013-10-18,0.3997
2013-10-21,0.1991
2013-10-22,-0.3974
2013-10-23,-1.7287
2013-10-24,0.2706
2013-10-25,0.0
2013-10-28,-0.2699
2013-10-29,5.1421
2013-10-30,-0.0644
2013-10-31,0.322
2013-11-01,-0.1284
2013-11-04,1.1568
2013-11-05,0.0
2013-11-06,-0.2541
2013-11-07,-1.465
2013-11-08,3.426
2013-11-11,0.8125
2013-11-12,0.124
2013-11-13,1.9814
2013-11-14,-0.1821
2013-11-15,-0.2433
2013-11-18,0.0
2013-11-19,-1.3415
2013-11-20,1.2979
2013-11-21,1.5253
2013-11-22,0.7212
2013-11-25,0.537
2013-11-26,0.5341
2013-11-27,0.1181
2013-11-29,-0.2358
2013-12-02,-0.6501
2013-12-03,-0.8328
2013-12-04,0.3599
2013-12-05,-0.7173
2013-12-06,0.5418
2013-12-09,-0.3599
2013-12-10,1.7459
2013-12-11,-0.355
2013-12-12,0.5938
2013-12-13,-0.4132
2013-12-16,0.3557
2013-12-17,-0.5316
2013-12-18,2.3753
2013-12-19,0.174
2013-12-20,1.216
2013-12-23,1.1442
2013-12-24,0.2262
2013-12-26,0.1129
2013-12-27,0.0
2013-12-30,-1.1838
2013-12-31,0.9127
2014-01-02,-1.0175
2014-01-03,1.028
2014-01-06,1.2436
2014-01-07,1.4517
2014-01-08,-0.4403
2014-01-09,0.1658
2014-01-10,-0.1656
2014-01-13,-1.7689
2014-01-14,1.6320000000000001
2014-01-15,0.9967
2014-01-16,-0.4386
2014-01-17,0.0
2014-01-21,0.1652
2014-01-22,0.3848
2014-01-23,-1.9715
2014-01-24,-4.6369
2014-01-27,-1.9918
2014-01-28,0.8368
2014-01-29,-2.2525
2014-01-30,2.9715
2014-01-31,-0.2356
2014-02-03,-4.1913
2014-02-04,1.5404
2014-02-05,0.0
2014-02-06,1.1529
2014-02-07,1.9196
2014-02-10,0.1766
2014-02-11,1.5276
2014-02-12,3.2407
2014-02-13,2.2422
2014-02-14,0.3289
2014-02-18,0.5464
2014-02-19,-2.1196
2014-02-20,0.5552
2014-02-21,-0.1657
2014-02-24,0.4978
2014-02-25,0.1651
2014-02-26,-0.1099
2014-02-27,-0.11
2014-02-28,0.5507
2014-03-03,1.2596
2014-03-04,2.9205
2014-03-05,-1.6816
2014-03-06,0.3207
2014-03-07,0.586
2014-03-10,-0.3178
2014-03-11,-1.1158
2014-03-12,0.7523
2014-03-13,-0.9631
2014-03-14,-0.054
2014-03-17,0.2162
2014-03-18,0.4854
2014-03-19,0.6978
2014-03-20,2.0789
2014-03-21,-1.3577
2014-03-24,-0.6353
2014-03-25,-0.8524
2014-03-26,-1.827
2014-03-27,-2.3536
2014-03-28,-0.2803
2014-03-31,1.7426
2014-04-01,2.4309
2014-04-02,1.4024
2014-04-03,0.0
2014-04-04,-2.6596
2014-04-07,-3.7705
2014-04-08,1.3629
2014-04-09,1.7367
2014-04-10,-3.6894
2014-04-11,-4.0595
2014-04-14,-0.7747
2014-04-15,1.3213
2014-04-16,1.8969
2014-04-17,0.9308
2014-04-21,-0.1729
2014-04-22,2.2517
2014-04-23,-0.5082
2014-04-24,0.1135
2014-04-25,-1.5306
2014-04-28,-3.0512
2014-04-29,1.4252
2014-04-30,0.9953
2014-05-01,-2.2029
2014-05-02,0.3557
2014-05-05,0.4725
2014-05-06,-2.9981999999999998
2014-05-07,0.6061
2014-05-08,0.6627
2014-05-09,0.1795
2014-05-12,3.1063
2014-05-13,-1.6221999999999999
2014-05-14,-2.8857
2014-05-15,-2.6076
2014-05-16,-0.934
2014-05-19,0.7542
2014-05-20,-1.0605
2014-05-21,1.198
2014-05-22,0.6231
2014-05-23,-0.4334
2014-05-27,1.2438
2014-05-28,-0.86
2014-05-29,-0.1859
2014-05-30,0.1241
2014-06-02,1.4879
2014-06-03,0.7941
2014-06-04,2.1212
2014-06-05,-0.178
2014-06-06,0.5945
2014-06-09,-0.1186
2014-06-10,1.2469999999999999
2014-06-11,-0.9971
2014-06-12,-1.0664
2014-06-13,0.0599
2014-06-16,0.8378
2014-06-17,3.1454
2014-06-18,0.2877
2014-06-19,-0.5164
2014-06-20,0.6344
2014-06-23,-0.5158
2014-06-24,-0.288
2014-06-25,1.7909000000000002
2014-06-26,1.3053
2014-06-27,-0.4482
2014-06-30,0.1688
2014-07-01,1.0674
2014-07-02,-1.0006
2014-07-03,1.909
2014-07-07,-1.2121
2014-07-08,-2.3424
2014-07-09,-0.1142
2014-07-10,-0.972
2014-07-11,-0.2887
2014-07-14,1.6213
2014-07-15,-0.9687
2014-07-16,-0.8631
2014-07-17,-1.7992
2014-07-18,2.1868
2014-07-21,-1.3302
2014-07-22,0.5275
2014-07-23,0.2915
2014-07-24,0.2326
2014-07-25,-0.522
2014-07-28,0.1749
2014-07-29,-2.7357
2014-07-30,0.1795
2014-07-31,-3.3453
2014-08-01,-0.9271
2014-08-04,1.1229
2014-08-05,0.4935
2014-08-06,1.2277
2014-08-07,-1.1522000000000001
2014-08-08,0.4294
2014-08-11,1.7104
2014-08-12,-0.4204
2014-08-13,1.3269
2014-08-14,1.4881
2014-08-15,-1.2903
2014-08-18,3.3868
2014-08-19,0.2299
2014-08-20,0.1147
2014-08-21,1.7182
2014-08-22,-0.732
2014-08-25,1.2479
2014-08-26,0.6162
2014-08-27,-0.167
2014-08-28,-0.8924
2014-08-29,0.4502
2014-09-02,1.2325
2014-09-03,-1.3835
2014-09-04,-1.2907
2014-09-05,-0.1137
2014-09-08,-0.3415
2014-09-09,-1.7191999999999998
2014-09-10,0.5831
2014-09-11,0.8116
2014-09-12,0.1725
2014-09-15,-0.8611
2014-09-16,0.5211
2014-09-17,-0.5184
2014-09-18,0.5211
2014-09-19,-1.3249
2014-09-22,-0.4086
2014-09-23,-0.3517
2014-09-24,0.7647
2014-09-25,-1.6928999999999998
2014-09-26,0.6532
2014-09-29,-0.118
2014-09-30,0.1772
2014-10-01,0.0
2014-10-02,0.2948
2014-10-03,0.7643
2014-10-06,-0.7585
2014-10-07,-0.4703
2014-10-08,0.7679
2014-10-09,-3.2239
2014-10-10,-0.4846
2014-10-13,-0.9738
2014-10-14,1.1678
2014-10-15,-2.9162
2014-10-16,0.7509
2014-10-17,3.1056
2014-10-20,1.3855
2014-10-21,3.5651
2014-10-22,-2.1801
2014-10-23,1.2903
2014-10-24,0.1737
2014-10-27,-0.1156
2014-10-28,2.8356
2014-10-29,-0.619
2014-10-30,1.0759
2014-10-31,1.5686
2014-11-03,-0.4964
2014-11-04,0.9424
2014-11-05,0.4942
2014-11-06,-0.5464
2014-11-07,-0.4396
2014-11-10,-0.1104
2014-11-11,-0.884
2014-11-12,-0.223
2014-11-13,0.0
2014-11-14,-0.3911
2014-11-17,-0.1683
2014-11-18,-0.3371
2014-11-19,-1.8037999999999998
2014-11-20,0.7463
2014-11-21,-1.1966
2014-11-24,1.2111
2014-11-25,1.3105
2014-11-26,-1.1249
2014-11-28,-1.3652
2014-12-01,-1.9031
2014-12-02,0.1176
2014-12-03,0.411
2014-12-04,-0.1754
2014-12-05,1.9918
2014-12-08,-1.838
2014-12-09,-0.9982
2014-12-10,-2.1352
2014-12-11,0.4242
2014-12-12,-4.1038
2014-12-15,-2.0138
2014-12-16,1.413
2014-12-17,3.9265
2014-12-18,2.1328
2014-12-19,1.074
2014-12-22,0.7674
2014-12-23,1.1131
2014-12-24,0.2897
2014-12-26,0.2311
2014-12-29,1.0951
2014-12-30,0.057
2014-12-31,-1.8803
2015-01-02,-0.9292
2015-01-05,-2.9308
2015-01-06,-1.5699999999999998
2015-01-07,0.9816
2015-01-08,0.4253
2015-01-09,-3.6903
2015-01-12,0.8166
2015-01-13,-0.81
2015-01-14,-2.1357
2015-01-15,-3.7869
2015-01-16,2.4016
2015-01-20,-1.1726
2015-01-21,2.0435
2015-01-22,2.5194
2015-01-23,-0.6301
2015-01-26,1.0146
2015-01-27,-0.7533
2015-01-28,-2.4668
2015-01-29,1.8807
2015-01-30,-1.2094
2015-02-02,4.2526
2015-02-03,2.7812
2015-02-04,-1.6837
2015-02-05,1.5291000000000001
2015-02-06,2.1084
2015-02-09,-0.708
2015-02-10,0.3565
2015-02-11,-1.3025
2015-02-12,1.9196
2015-02-13,0.1766
2015-02-17,-1.3514
2015-02-18,-2.025
2015-02-19,1.0334
2015-02-20,-1.3839000000000001
2015-02-23,0.4271
2015-02-24,0.1823
2015-02-25,-0.4245
2015-02-26,-0.4263
2015-02-27,-0.5505
2015-03-02,0.246
2015-03-03,-0.0613
2015-03-04,0.1842
2015-03-05,1.7157
2015-03-06,2.3494
2015-03-09,-1.0041
2015-03-10,-4.3556
2015-03-11,4.3668
2015-03-12,1.6139000000000001
2015-03-13,0.4706
2015-03-16,1.9906000000000001
2015-03-17,-0.1148
2015-03-18,-0.5747
2015-03-19,-1.2139
2015-03-20,1.7553999999999998
2015-03-23,0.4025
2015-03-24,-1.0309
2015-03-25,-1.6782
2015-03-26,0.3531
2015-03-27,-0.6452
2015-03-30,1.771
2015-03-31,-0.116
2015-04-01,-0.5226
2015-04-02,3.8529
2015-04-06,0.1124
2015-04-07,-1.7967
2015-04-08,0.2859
2015-04-09,2.4515000000000002
2015-04-10,-1.3912
2015-04-13,-0.1129
2015-04-14,-0.678
2015-04-15,0.7964
2015-04-16,0.1129
2015-04-17,-1.522
2015-04-20,2.0607
2015-04-21,0.5048
2015-04-22,0.3906
2015-04-23,0.667
2015-04-24,-1.767
2015-04-27,-1.3491
2015-04-28,2.2222
2015-04-29,0.2787
2015-04-30,-5.5031
2015-05-01,2.4118
2015-05-04,0.919
2015-05-05,-0.2277
2015-05-06,0.9127
2015-05-07,0.8479
2015-05-08,0.8969
2015-05-11,2.6111
2015-05-12,0.8121
2015-05-13,-0.9667
2015-05-14,-0.4338
2015-05-15,-1.1983
2015-05-18,0.9372
2015-05-19,0.3823
2015-05-20,-1.0337
2015-05-21,0.9346
2015-05-22,-0.3268
2015-05-26,-2.2404
2015-05-27,1.8446
2015-05-28,-0.494
2015-05-29,-0.717
2015-06-01,-0.6667
2015-06-02,1.8456000000000001
2015-06-03,0.9336
2015-06-04,-1.0337
2015-06-05,0.4948
2015-06-08,-1.2035
2015-06-09,0.5559
2015-06-10,2.5427999999999997
2015-06-11,1.1320999999999999
2015-06-12,0.2665
2015-06-15,-2.0734
2015-06-16,1.2486
2015-06-17,-0.429
2015-06-18,1.1309
2015-06-19,2.7689
2015-06-22,-0.2073
2015-06-23,0.3115
2015-06-24,-0.8282
2015-06-25,-1.7745
2015-06-26,0.5845
2015-06-29,-3.9091
2015-06-30,0.8796
2015-07-01,0.1635
2015-07-02,-0.272
2015-07-06,-0.7638
2015-07-07,0.5498
2015-07-08,-2.7337
2015-07-09,1.2929
2015-07-10,1.8868
2015-07-13,1.3072
2015-07-14,0.3226
2015-07-15,0.5359
2015-07-16,1.2793
2015-07-17,-0.3684
2015-07-20,-0.2113
2015-07-21,0.0529
2015-07-22,0.1058
2015-07-23,-0.6342
2015-07-24,0.9574
2015-07-27,-2.1075
2015-07-28,1.4532
2015-07-29,0.6897
2015-07-30,-6.2171
2015-07-31,0.2247
2015-08-03,-0.5045
2015-08-04,-0.2254
2015-08-05,0.5082
2015-08-06,-0.2247
2015-08-07,-1.1824
2015-08-10,4.5014
2015-08-11,-0.8179
2015-08-12,-0.5498
2015-08-13,1.1609
2015-08-14,1.2568
2015-08-17,-0.5936
2015-08-18,-0.4343
2015-08-19,-1.1996
2015-08-20,-2.9801
2015-08-21,-1.7633999999999999
2015-08-24,-4.9218
2015-08-25,-1.4616
2015-08-26,3.7083
2015-08-27,5.3039
2015-08-28,0.5093
2015-08-31,0.732
2015-09-01,-2.6831
2015-09-02,1.5508
2015-09-03,0.2828
2015-09-04,-1.7484
2015-09-08,3.2721
2015-09-09,-1.0603
2015-09-10,0.7332
2015-09-11,0.6719
2015-09-14,-0.3337
2015-09-15,2.1205
2015-09-16,1.4754
2015-09-17,-0.377
2015-09-18,-3.3514
2015-09-21,3.0201
2015-09-22,-0.1629
2015-09-23,0.3263
2015-09-24,0.7046
2015-09-25,1.5608
2015-09-28,-2.3847
2015-09-29,1.5201
2015-09-30,0.5882
2015-10-01,-0.5316
2015-10-02,-0.5345
2015-10-05,3.1703
2015-10-06,-0.9375
2015-10-07,2.1556
2015-10-08,-1.1837
2015-10-09,0.0
2015-10-12,1.1979
2015-10-13,-1.0293
2015-10-14,-1.4561
2015-10-15,2.0053
2015-10-16,-0.2587
2015-10-19,0.2075
2015-10-20,0.8282
2015-10-21,-2.5667
2015-10-22,1.6333
2015-10-23,2.4365
2015-10-26,-1.4676
2015-10-27,-2.6193999999999997
2015-10-28,3.903
2015-10-29,-1.066
2015-10-30,-1.4365999999999999
2015-11-02,2.4987
2015-11-03,0.4571
2015-11-04,-3.0334
2015-11-05,1.512
2015-11-06,2.2085
2015-11-09,-1.5577999999999999
2015-11-10,1.4803
2015-11-11,-0.5533
2015-11-12,-2.0738
2015-11-13,0.3616
2015-11-16,0.3088
2015-11-17,0.4618
2015-11-18,1.8897
2015-11-19,-0.3509
2015-11-20,1.9618
2015-11-23,-1.0853
2015-11-24,0.2494
2015-11-25,0.4478
2015-11-27,0.3467
2015-11-30,-0.1481
2015-12-01,2.6693
2015-12-02,-3.1777
2015-12-03,-1.1934
2015-12-04,2.1137
2015-12-07,-1.8235999999999999
2015-12-08,-1.0542
2015-12-09,-2.6477
2015-12-10,0.7322
2015-12-11,-3.2191
2015-12-14,-1.6094
2015-12-15,2.181
2015-12-16,1.5474999999999999
2015-12-17,-0.9459
2015-12-18,-2.9177999999999997
2015-12-21,0.765
2015-12-22,1.6269
2015-12-23,2.6147
2015-12-24,2.4961
2015-12-28,-1.725
2015-12-29,1.1874
2015-12-30,-1.3776
2015-12-31,-1.2416
2016-01-04,-3.3002000000000002
2016-01-05,0.4875
2016-01-06,-2.8032
2016-01-07,-4.4925
2016-01-08,-1.1614
2016-01-11,1.9976
2016-01-12,-0.2304
2016-01-13,-1.5589
2016-01-14,-1.2903
2016-01-15,-3.0303
2016-01-19,-0.6127
2016-01-20,-0.8015
2016-01-21,0.8701
2016-01-22,2.4646
2016-01-25,-3.3674
2016-01-26,2.6757999999999997
2016-01-27,-0.6061
2016-01-28,2.7439
2016-01-29,3.2641
2016-02-01,-0.4598
2016-02-02,-0.7506
2016-02-03,-1.2216
2016-02-04,0.53
2016-02-05,-0.6444
2016-02-08,-5.4245
2016-02-09,-3.616
2016-02-10,0.3881
2016-02-11,-2.4485
2016-02-12,5.5482
2016-02-16,4.2553
2016-02-17,3.9616
2016-02-18,0.1732
2016-02-19,1.3833
2016-02-22,0.0
2016-02-23,-1.1939
2016-02-24,-0.2877
2016-02-25,1.0387
2016-02-26,0.5711
2016-02-29,-1.0221
2016-03-01,3.5571
2016-03-02,0.6648
2016-03-03,0.9906
2016-03-04,-0.3815
2016-03-07,1.3129
2016-03-08,-3.4557
2016-03-09,0.8984
2016-03-10,-0.5565
2016-03-11,2.6861
2016-03-14,-0.7084
2016-03-15,-0.2744
2016-03-16,1.0457
2016-03-17,0.5991
2016-03-18,0.7038
2016-03-21,0.1075
2016-03-22,-0.6445
2016-03-23,-0.8108
2016-03-24,-1.5804
2016-03-28,0.8859
2016-03-29,1.0428
2016-03-30,0.0
2016-03-31,-2.6616
2016-04-01,1.7856999999999998
2016-04-04,-2.0285
2016-04-05,-1.399
2016-04-06,-0.6243
2016-04-07,-3.084
2016-04-08,0.7071
2016-04-11,0.7607
2016-04-12,2.8455
2016-04-13,3.5008
2016-04-14,0.6547
2016-04-15,0.4336
2016-04-18,-0.4317
2016-04-19,1.626
2016-04-20,2.24
2016-04-21,-0.2608
2016-04-22,1.7259
2016-04-25,-0.8226
2016-04-26,2.1255
2016-04-27,-1.066
2016-04-28,-4.6178
2016-04-29,-1.1834
2016-05-02,1.9597
2016-05-03,-1.4415
2016-05-04,-1.1376
2016-05-05,0.9863
2016-05-06,1.5735000000000001
2016-05-09,0.1068
2016-05-10,2.5614
2016-05-11,-0.8845
2016-05-12,0.6299
2016-05-13,-0.939
2016-05-16,0.7372
2016-05-17,-0.8887
2016-05-18,3.5865
2016-05-19,-1.4766
2016-05-20,1.3437000000000001
2016-05-23,-0.408
2016-05-24,2.8162000000000003
2016-05-25,1.0458
2016-05-26,-0.6407
2016-05-27,1.1409
2016-05-31,-0.4904
2016-06-01,-0.345
2016-06-02,0.4451
2016-06-03,-2.6588000000000003
2016-06-06,0.607
2016-06-07,-0.1508
2016-06-08,0.4028
2016-06-09,-1.9637
2016-06-10,-1.849
2016-06-13,-1.9885000000000002
2016-06-14,-1.1212
2016-06-15,-0.27
2016-06-16,0.4331
2016-06-17,0.2695
2016-06-20,1.0215
2016-06-21,0.1597
2016-06-22,-0.1063
2016-06-23,2.4468
2016-06-24,-8.6189
2016-06-27,-8.75
2016-06-28,1.8679999999999999
2016-06-29,3.1785
2016-06-30,3.436
2016-07-01,-0.2864
2016-07-05,-3.274
2016-07-06,0.3563
2016-07-07,-0.1183
2016-07-08,3.3175
2016-07-11,1.0894
2016-07-12,2.6092
2016-07-13,-0.5528
2016-07-14,0.8338
2016-07-15,-0.6615
2016-07-18,0.333
2016-07-19,-0.3319
2016-07-20,0.6659
2016-07-21,-0.0551
2016-07-22,1.3789
2016-07-25,-0.0544
2016-07-26,0.3266
2016-07-27,-4.7206
2016-07-28,-0.7973
2016-07-29,-0.287
2016-08-01,-8.0599
2016-08-02,-4.1954
2016-08-03,-0.3268
2016-08-04,1.5737999999999999
2016-08-05,-0.6456
2016-08-08,-1.1046
2016-08-09,-0.1314
2016-08-10,1.25
2016-08-11,0.4548
2016-08-12,-0.7762
2016-08-15,1.8904999999999998
2016-08-16,1.0237
2016-08-17,-0.1267
2016-08-18,-0.7609
2016-08-19,-0.2556
2016-08-22,-0.4484
2016-08-23,1.2227000000000001
2016-08-24,1.7165
2016-08-25,0.8125
2016-08-26,-1.8599
2016-08-29,1.8319999999999999
2016-08-30,1.2407
2016-08-31,-0.4289
2016-09-01,-1.3538000000000001
2016-09-02,0.7486
2016-09-06,0.0
2016-09-07,-0.4954
2016-09-08,0.6879
2016-09-09,-2.1118
2016-09-12,1.2690000000000001
2016-09-13,-2.0677
2016-09-14,-0.3839
2016-09-15,0.8349
2016-09-16,-3.949
2016-09-19,0.1326
2016-09-20,0.0662
2016-09-21,0.3309
2016-09-22,1.9788999999999999
2016-09-23,-0.5175
2016-09-26,-1.3654
2016-09-27,2.0435
2016-09-28,2.4548
2016-09-29,-1.9546000000000001
2016-09-30,-1.8006
2016-10-03,-1.7682
2016-10-04,0.8
2016-10-05,4.2328
2016-10-06,0.2538
2016-10-07,-1.0759
2016-10-10,2.0473
2016-10-11,-1.442
2016-10-12,0.2545
2016-10-13,-2.0939
2016-10-14,1.5554000000000001
2016-10-17,-0.2553
2016-10-18,0.128
2016-10-19,-0.1917
2016-10-20,-1.4725
2016-10-21,-0.2599
2016-10-24,-0.0651
2016-10-25,-2.2164
2016-10-26,1.8667
2016-10-27,0.4581
2016-10-28,-1.759
2016-10-31,0.0
2016-11-01,-0.1326
2016-11-02,7.7025
2016-11-03,-1.3564
2016-11-04,-1.3125
2016-11-07,1.7099
2016-11-08,-0.3736
2016-11-09,0.0
2016-11-10,4.0625
2016-11-11,3.003
2016-11-14,2.8571
2016-11-15,-1.0771
2016-11-16,-0.2865
2016-11-17,0.5747
2016-11-18,0.0
2016-11-21,2.0
2016-11-22,0.7843
2016-11-23,0.0556
2016-11-25,0.0
2016-11-28,-1.1667
2016-11-29,-0.5621
2016-11-30,1.1871
2016-12-01,1.1173
2016-12-02,-0.663
2016-12-05,1.4461
2016-12-06,1.6996
2016-12-07,0.1617
2016-12-08,3.0811
2016-12-09,1.678
2016-12-12,-1.2378
2016-12-13,-0.5222
2016-12-14,0.2625
2016-12-15,2.4084
2016-12-16,-1.2781
2016-12-19,0.725
2016-12-20,2.1593999999999998
2016-12-21,-1.1072
2016-12-22,-0.916
2016-12-23,0.0
2016-12-27,-0.0514
2016-12-28,-1.1305
2016-12-29,-0.052
2016-12-30,-0.416
2017-01-03,0.5222
2017-01-04,1.2468
2017-01-05,-1.5393
2017-01-06,1.0943
2017-01-09,-2.3711
2017-01-10,1.056
2017-01-11,0.5747
2017-01-12,-2.7013
2017-01-13,2.9899
2017-01-17,-2.2291
2017-01-18,1.4316
2017-01-19,0.6273
2017-01-20,-0.3636
2017-01-23,-0.8863
2017-01-24,1.6833
2017-01-25,1.552
2017-01-26,0.2038
2017-01-27,-1.6777
2017-01-30,-0.4137
2017-01-31,-1.8172000000000001
2017-02-01,1.1634
2017-02-02,-1.0977999999999999
2017-02-03,1.8498999999999999
2017-02-06,-0.3114
2017-02-07,-0.4164
2017-02-08,4.4433
2017-02-09,0.8008
2017-02-10,2.0357
2017-02-13,0.9732
2017-02-14,1.3012000000000001
2017-02-15,1.1418
2017-02-16,-1.6933
2017-02-17,0.0957
2017-02-21,1.0994
2017-02-22,-0.2837
2017-02-23,-0.1422
2017-02-24,-1.0446
2017-02-27,1.1996
2017-02-28,-0.8535
2017-03-01,1.6738
2017-03-02,-1.0348
2017-03-03,0.5228
2017-03-06,-1.2293
2017-03-07,-1.101
2017-03-08,-0.8712
2017-03-09,-0.3922
2017-03-10,-0.1476
2017-03-13,-0.4929
2017-03-14,0.5448
2017-03-15,-0.3941
2017-03-16,0.6429
2017-03-17,1.1794
2017-03-20,0.8256
2017-03-21,-2.0713
2017-03-22,-1.1804999999999999
2017-03-23,0.6969
2017-03-24,-0.1483
2017-03-27,0.0495
2017-03-28,0.3464
2017-03-29,-0.641
2017-03-30,1.2903
2017-03-31,0.441
2017-04-03,-0.3415
2017-04-04,0.4895
2017-04-05,-0.5358
2017-04-06,2.4486
2017-04-07,0.0478
2017-04-10,-0.0956
2017-04-11,0.0478
2017-04-12,-2.5813
2017-04-13,-1.3248
2017-04-17,1.2432
2017-04-18,-0.3929
2017-04-19,0.0986
2017-04-20,2.0197
2017-04-21,-0.3863
2017-04-24,2.0843
2017-04-25,0.6173
2017-04-26,-2.7843
2017-04-27,3.3981
2017-04-28,-1.0798
2017-05-01,1.0441
2017-05-02,0.8924
2017-05-03,-1.0242
2017-05-04,0.6115
2017-05-05,-1.0285
2017-05-08,0.0472
2017-05-09,-0.7082
2017-05-10,0.6657
2017-05-11,0.7558
2017-05-12,-1.1721
2017-05-15,1.0436
2017-05-16,0.7042
2017-05-17,-6.3403
2017-05-18,0.2489
2017-05-19,0.6951
2017-05-22,0.1972
2017-05-23,0.4921
2017-05-24,0.049
2017-05-25,0.1958
2017-05-26,0.0977
2017-05-30,-0.488
2017-05-31,0.4904
2017-06-01,2.245
2017-06-02,-0.0477
2017-06-05,-2.8176
2017-06-06,-2.7518000000000002
2017-06-07,1.617
2017-06-08,2.0979
2017-06-09,2.1037
2017-06-12,0.4312
2017-06-13,-0.0954
2017-06-14,-0.7641
2017-06-15,-0.6737
2017-06-16,-0.1938
2017-06-19,-1.1165
2017-06-20,-1.9637
2017-06-21,-1.9029
2017-06-22,0.3573
2017-06-23,0.9156
2017-06-26,1.0081
2017-06-27,0.5988
2017-06-28,2.3810000000000002
2017-06-29,1.4535
2017-06-30,-0.2865
2017-07-03,1.1494
2017-07-05,-0.5682
2017-07-06,-0.3333
2017-07-07,0.1911
2017-07-10,-0.763
2017-07-11,0.2403
2017-07-12,1.2464
2017-07-13,0.142
2017-07-14,-0.3783
2017-07-17,1.3764
2017-07-18,-0.3745
2017-07-19,2.2086
2017-07-20,0.3218
2017-07-21,0.0917
2017-07-24,0.1832
2017-07-25,1.7824
2017-07-26,-2.335
2017-07-27,4.8736
2017-07-28,-0.1754
2017-07-31,0.4831
2017-08-01,1.2675
2017-08-02,-1.4243000000000001
2017-08-03,0.2627
2017-08-04,1.6594
2017-08-07,1.2887
2017-08-08,0.5089
2017-08-09,0.1266
2017-08-10,-0.8428
2017-08-11,-1.6575
2017-08-14,0.0864
2017-08-15,0.0864
2017-08-16,-0.3883
2017-08-17,-2.5119
2017-08-18,-0.8885
2017-08-21,-1.2102
2017-08-22,1.3612
2017-08-23,-0.0448
2017-08-24,0.1343
2017-08-25,0.3131
2017-08-28,-0.4458
2017-08-29,-0.5374
2017-08-30,0.4502
2017-08-31,0.1793
2017-09-01,1.2974999999999999
2017-09-05,-3.1802
2017-09-06,-0.8212
2017-09-07,-2.6219
2017-09-08,2.4563
2017-09-11,1.7593
2017-09-12,0.8644
2017-09-13,0.0
2017-09-14,-0.1353
2017-09-15,1.084
2017-09-18,1.2064
2017-09-19,1.1921
2017-09-20,0.3927
2017-09-21,-0.3042
2017-09-22,0.6103
2017-09-25,0.2166
2017-09-26,-0.2162
2017-09-27,2.9896000000000003
2017-09-28,-0.4207
2017-09-29,-1.3942
2017-10-02,1.5424
2017-10-03,-0.4219
2017-10-04,0.5085
2017-10-05,1.0118
2017-10-06,0.3339
2017-10-09,0.208
2017-10-10,0.6227
2017-10-11,0.165
2017-10-12,-0.2059
2017-10-13,0.0825
2017-10-16,1.1134
2017-10-17,-0.6117
2017-10-18,0.6976
2017-10-19,0.4482
2017-10-20,-1.501
2017-10-23,0.5766
2017-10-24,1.1466
2017-10-25,0.4858
2017-10-26,-1.3699
2017-10-27,0.2859
2017-10-30,-1.4257
2017-10-31,-0.9504
2017-11-01,-0.2086
2017-11-02,0.209
2017-11-03,-0.292
2017-11-06,0.3347
2017-11-07,-0.7923
2017-11-08,0.042
2017-11-09,-0.3782
2017-11-10,-0.9279
2017-11-13,0.9791
2017-11-14,-0.9275
2017-11-15,0.2128
2017-11-16,0.3822
2017-11-17,0.6345
2017-11-20,0.9668
2017-11-21,1.3322
2017-11-22,0.2054
2017-11-24,-1.148
2017-11-27,-0.5392
2017-11-28,2.5855
2017-11-29,3.0081
2017-11-30,-0.513
2017-12-01,-0.4363
2017-12-04,1.1952
2017-12-05,0.1969
2017-12-06,-0.0786
2017-12-07,0.2753
2017-12-08,0.0
2017-12-11,0.2755
2017-12-12,-0.9812
2017-12-13,-1.9818
2017-12-14,-1.9005
2017-12-15,2.2671
2017-12-18,-1.2898
2017-12-19,0.0817
2017-12-20,-0.1224
2017-12-21,0.4493
2017-12-22,1.1387
2017-12-26,-0.2413
2017-12-27,-0.6449
2017-12-28,0.568
2017-12-29,-0.4034
2018-01-02,-0.8505
2018-01-03,-0.6944
2018-01-04,2.4681
2018-01-05,0.3212
2018-01-08,0.5602
2018-01-09,0.7959
2018-01-10,2.4872
2018-01-11,1.6179000000000001
2018-01-12,-1.0993
2018-01-16,-3.0663
2018-01-17,0.3163
2018-01-18,-1.3402
2018-01-19,1.2785
2018-01-22,0.7495
2018-01-23,-0.1175
2018-01-24,-0.392
2018-01-25,0.5903
2018-01-26,0.626
2018-01-29,-1.0886
2018-01-30,-2.0833
2018-01-31,-1.2846
2018-02-01,-0.61
2018-02-02,-2.7414
2018-02-05,-3.7862999999999998
2018-02-06,0.6122
2018-02-07,0.2608
2018-02-08,-3.6411
2018-02-09,0.3599
2018-02-12,2.286
2018-02-13,0.3506
2018-02-14,1.6157
2018-02-15,-1.3322
2018-02-16,0.8275
2018-02-20,0.0
2018-02-21,0.7775
2018-02-22,-2.1432
2018-02-23,1.5769
2018-02-26,1.0349
2018-02-27,-0.3841
2018-02-28,-3.4276
2018-03-01,-2.2626
2018-03-02,-1.0894
2018-03-05,0.8261
2018-03-06,0.4552
2018-03-07,1.1781
2018-03-08,-0.9852
2018-03-09,2.4977
2018-03-12,-0.9304
2018-03-13,1.8336000000000001
2018-03-14,-1.9324
2018-03-15,0.6717
2018-03-16,1.9127999999999998
2018-03-19,-0.9166
2018-03-20,0.5727
2018-03-21,0.1752
2018-03-22,-3.8916
2018-03-23,-3.3667
2018-03-26,4.1902
2018-03-27,-1.9883
2018-03-28,0.7838
2018-03-29,-0.8692
2018-04-02,-0.5538
2018-04-03,4.5012
2018-04-04,0.5329
2018-04-05,-0.8834
2018-04-06,-2.4064
2018-04-09,-0.5936
2018-04-10,1.424
2018-04-11,-0.4529
2018-04-12,1.4104
2018-04-13,-0.4038
2018-04-16,1.2612999999999999
2018-04-17,-0.1335
2018-04-18,0.0445
2018-04-19,1.2021
2018-04-20,-0.396
2018-04-23,-0.3534
2018-04-24,-0.2216
2018-04-25,-0.1333
2018-04-26,-6.4502
2018-04-27,1.9020000000000001
2018-04-30,0.0467
2018-05-01,-0.6996
2018-05-02,-4.3213
2018-05-03,-1.1291
2018-05-04,0.6951
2018-05-07,0.641
2018-05-08,-0.8329
2018-05-09,-0.0988
2018-05-10,-0.1978
2018-05-11,-1.1893
2018-05-14,-0.1505
2018-05-15,0.6529
2018-05-16,0.499
2018-05-17,0.7944
2018-05-18,0.2956
2018-05-21,0.0
2018-05-22,1.0806
2018-05-23,-0.0486
2018-05-24,-0.2431
2018-05-25,0.0487
2018-05-29,-4.5786999999999995
2018-05-30,1.7356
2018-05-31,0.4516
2018-06-01,1.7982
2018-06-04,-2.5025
2018-06-05,-1.6105
2018-06-06,1.023
2018-06-07,0.4051
2018-06-08,0.3026
2018-06-11,0.9601
2018-06-12,-0.5005
2018-06-13,-0.4527
2018-06-14,0.9601
2018-06-15,0.8008
2018-06-18,-0.3972
2018-06-19,-0.997
2018-06-20,-0.7553
2018-06-21,-1.8265
2018-06-22,0.3618
2018-06-25,-1.1329
2018-06-26,0.0
2018-06-27,-1.25
2018-06-28,-0.1582
2018-06-29,0.5811
2018-07-02,0.2626
2018-07-03,0.681
2018-07-05,1.0926
2018-07-06,0.1029
2018-07-09,2.7763
2018-07-10,-1.5508
2018-07-11,-1.2195
2018-07-12,-0.463
2018-07-13,1.1886
2018-07-16,1.379
2018-07-17,-0.0504
2018-07-18,0.4032
2018-07-19,-0.3012
2018-07-20,-0.4028
2018-07-23,0.6572
2018-07-24,0.0502
2018-07-25,-0.6526
2018-07-26,1.718
2018-07-27,0.2484
2018-07-30,0.5946
2018-07-31,0.2463
2018-08-01,-0.1474
2018-08-02,9.5472
2018-08-03,-0.2246
2018-08-06,-0.3152
2018-08-07,-0.9485
2018-08-08,-0.7296
2018-08-09,-1.1024
2018-08-10,-0.836
2018-08-13,0.6089
2018-08-14,0.6052
2018-08-15,-1.5271
2018-08-16,1.3628
2018-08-17,0.9736
2018-08-20,0.551
2018-08-21,0.9589
2018-08-22,-1.2664
2018-08-23,-0.7787
2018-08-24,0.5078
2018-08-27,0.735
2018-08-28,-0.2736
2018-08-29,-0.2286
2018-08-30,-0.7791
2018-08-31,-0.1848
2018-09-04,-0.7867
2018-09-05,1.7257
2018-09-06,-0.917
2018-09-07,-1.2494
2018-09-10,-1.0358
2018-09-11,-0.7136
2018-09-12,-0.5271
2018-09-13,3.1792
2018-09-14,2.4276
2018-09-17,-1.4129
2018-09-18,-1.0633
2018-09-19,1.4485999999999999
2018-09-20,0.8291
2018-09-21,0.0457
2018-09-24,-1.0046
2018-09-25,-0.0923
2018-09-26,-2.3084
2018-09-27,0.6144
2018-09-28,-0.3288
2018-10-01,-0.6126
2018-10-02,-0.9483
2018-10-03,1.9627
2018-10-04,0.2347
2018-10-05,0.0937
2018-10-08,1.3102
2018-10-09,0.0
2018-10-10,-2.1247
2018-10-11,-4.9552
2018-10-12,-1.3406
2018-10-15,0.0
2018-10-16,1.2079
2018-10-17,0.7956
2018-10-18,-2.4667
2018-10-19,0.7587
2018-10-22,-0.9036
2018-10-23,-1.2158
2018-10-24,-4.8718
2018-10-25,1.2938
2018-10-26,-2.1288
2018-10-29,0.1088
2018-10-30,2.0641
2018-10-31,0.5854
2018-11-01,-1.0582
2018-11-02,-1.7647
2018-11-05,1.9597
2018-11-06,2.0822
2018-11-07,-0.4707
2018-11-08,0.9984
2018-11-09,-1.1446
2018-11-12,0.5263
2018-11-13,1.3613
2018-11-14,-3.6673999999999998
2018-11-15,0.7507
2018-11-16,-1.9159000000000002
2018-11-19,-0.3256
2018-11-20,-3.2662
2018-11-21,1.5194
2018-11-23,-1.2195
2018-11-26,2.4691
2018-11-27,-1.5882
2018-11-28,3.005
2018-11-29,-1.9989
2018-11-30,0.882
2018-12-03,-0.3825
2018-12-04,-5.9243
2018-12-06,-2.0991
2018-12-07,-0.8934
2018-12-10,-1.9346999999999999
2018-12-11,-0.4316
2018-12-12,-0.6192
2018-12-13,-0.7477
2018-12-14,-1.1927
2018-12-17,-0.953
2018-12-18,0.1924
2018-12-19,-2.3047
2018-12-20,-2.228
2018-12-21,-3.2172
2018-12-24,-4.2244
2018-12-26,6.9414
2018-12-27,-0.2705
2018-12-28,-0.0678
2018-12-31,0.9498
2019-01-02,1.2097
2019-01-03,-0.8632
2019-01-04,4.2867
2019-01-07,1.0276
2019-01-08,1.8436
2019-01-09,2.4345
2019-01-10,0.5484
2019-01-11,0.3636
2019-01-14,1.1473
2019-01-15,0.2388
2019-01-16,1.9655
2019-01-17,1.6355
2019-01-18,1.2069
2019-01-22,-0.3975
2019-01-23,-0.114
2019-01-24,-0.2854
2019-01-25,1.2021
2019-01-28,0.2262
2019-01-29,-0.5643
2019-01-30,0.6243
2019-01-31,0.846
2019-02-01,0.5593
2019-02-04,-0.1669
2019-02-05,0.0
2019-02-06,0.7799
2019-02-07,-0.7739
2019-02-08,-0.8357
2019-02-11,1.7978
2019-02-12,1.766
2019-02-13,-7.4295
2019-02-14,-1.1716
2019-02-15,2.6082
2019-02-19,0.9821
2019-02-20,-1.0297
2019-02-21,-0.1734
2019-02-22,-0.5211
2019-02-25,-0.8149
2019-02-26,0.1761
2019-02-27,-0.5858
2019-02-28,0.3536
2019-03-01,1.057
2019-03-04,0.8135
2019-03-05,-0.6916
2019-03-06,-2.4375999999999998
2019-03-07,-1.8441
2019-03-08,-0.1818
2019-03-11,0.733
2019-03-12,0.5458
2019-03-13,-0.5428
2019-03-14,0.3032
2019-03-15,1.7532999999999999
2019-03-18,1.0695000000000001
2019-03-19,-1.7637
2019-03-20,-1.3764
2019-03-21,-0.6675
2019-03-22,-3.9707
2019-03-25,1.145
2019-03-26,2.0755
2019-03-27,0.3697
2019-03-28,-0.3683
2019-03-29,-0.3081
2019-04-01,1.9778
2019-04-02,-0.6667
2019-04-03,0.6101
2019-04-04,0.7884
2019-04-05,0.4813
2019-04-08,-0.1198
2019-04-09,-2.0983
2019-04-10,1.7146
2019-04-11,0.7225
2019-04-12,0.2391
2019-04-15,1.4311
2019-04-16,1.4697
2019-04-17,-0.5794
2019-04-18,-1.3403
2019-04-22,-0.8269
2019-04-23,0.7147
2019-04-24,-0.6505
2019-04-25,-0.7143
2019-04-26,0.5396
2019-04-29,1.7292999999999998
2019-04-30,-2.9894
2019-05-01,-0.9668
2019-05-02,1.2203
2019-05-03,2.2904999999999998
2019-05-06,0.2357
2019-05-07,-1.7637
2019-05-08,0.1197
2019-05-09,0.4782
2019-05-10,0.5354
2019-05-13,-2.8402
2019-05-14,0.8526
2019-05-15,0.1208
2019-05-16,1.0856
2019-05-17,-1.1933
2019-05-20,0.2415
2019-05-21,1.0843
2019-05-22,-1.4899
2019-05-23,-2.7828
2019-05-24,2.3647
2019-05-28,-1.2158
2019-05-29,0.9231
2019-05-30,-1.4024
2019-05-31,-2.8448
2019-06-03,2.1006
2019-06-04,2.8678
2019-06-05,-1.3333
2019-06-06,0.0
2019-06-07,0.0614
2019-06-10,0.1236
2019-06-11,-0.2469
2019-06-12,-0.6188
2019-06-13,0.4359
2019-06-14,0.744
2019-06-17,-0.8
2019-06-18,2.5434
2019-06-19,-0.6655
2019-06-20,1.0352999999999999
2019-06-21,-0.9042
2019-06-24,-0.9732
2019-06-25,0.0614
2019-06-26,-0.9208
2019-06-27,1.6729
2019-06-28,1.6453
2019-07-01,0.8393
2019-07-02,-0.654
2019-07-03,1.7355
2019-07-05,1.6471
2019-07-08,-0.9838
2019-07-09,-0.3507
2019-07-10,-1.7008999999999999
2019-07-11,-1.7303
2019-07-12,1.3965
2019-07-15,-1.6766
2019-07-16,0.6699
2019-07-17,-1.6334
2019-07-18,1.5375
2019-07-19,-0.5451
2019-07-22,-0.7308
2019-07-23,0.6135
2019-07-24,2.0122
2019-07-25,-2.1518
2019-07-26,1.7715
2019-07-29,-0.9004
2019-07-30,1.4537
2019-07-31,0.9552
2019-08-01,-6.0319
2019-08-02,-0.5664
2019-08-05,-3.5443
2019-08-06,2.4934
2019-08-07,-1.4085
2019-08-08,2.9221
2019-08-09,-1.2618
2019-08-12,-3.77
2019-08-13,2.0584
2019-08-14,-4.4893
2019-08-15,-0.7493
2019-08-16,2.7454
2019-08-19,0.7348
2019-08-20,-1.7905
2019-08-21,0.2026
2019-08-22,0.9434
2019-08-23,-4.8064
2019-08-26,1.8233000000000001
2019-08-27,-2.9614000000000003
2019-08-28,1.3485
2019-08-29,1.9607999999999999
2019-08-30,-0.5495
2019-09-03,-1.105
2019-09-04,1.5363
2019-09-05,2.2696
2019-09-06,-0.4035
2019-09-09,3.0385
2019-09-10,3.1023
2019-09-11,3.073
2019-09-12,0.6832
2019-09-13,1.5423
2019-09-16,-1.8226
2019-09-17,-0.9901
2019-09-18,-0.25
2019-09-19,0.0627
2019-09-20,-0.2505
2019-09-23,2.8876
2019-09-24,-1.4643
2019-09-25,1.1764999999999999
2019-09-26,-1.6524
2019-09-27,-0.4978
2019-09-30,-1.0006
2019-10-01,-2.59
2019-10-02,-3.3722
2019-10-03,0.0671
2019-10-04,0.6707
2019-10-07,-0.3331
2019-10-08,-3.3422
2019-10-09,1.2448
2019-10-10,0.9563
2019-10-11,2.774
2019-10-14,1.0533
2019-10-15,1.4984
2019-10-16,-0.3209
2019-10-17,0.322
2019-10-18,0.2567
2019-10-21,0.3201
2019-10-22,0.0638
2019-10-23,0.2551
2019-10-24,-0.2545
2019-10-25,1.0204
2019-10-28,0.8207
2019-10-29,0.5009
2019-10-30,-1.1838
2019-10-31,-1.3241
2019-11-01,1.6613
2019-11-04,1.8228
2019-11-05,0.8025
2019-11-06,3.6742
2019-11-07,1.5356999999999998
2019-11-08,1.5125
2019-11-11,1.0888
2019-11-12,0.1701
2019-11-13,0.0
2019-11-14,-0.7923
2019-11-15,4.2783999999999995
2019-11-18,0.3829
2019-11-19,-1.5804
2019-11-20,-0.9413
2019-11-21,-0.6149
2019-11-22,0.5624
2019-11-25,0.4474
2019-11-26,-0.3341
2019-11-27,0.9497
2019-11-29,0.2767
2019-12-02,-1.3245
2019-12-03,-2.6286
2019-12-04,0.5169
2019-12-05,0.1143
2019-12-06,1.5981999999999998
2019-12-09,0.1124
2019-12-10,1.3552
2019-12-11,0.5571
2019-12-12,3.6010999999999997
2019-12-13,0.6417
2019-12-16,0.5845
2019-12-17,1.3207
2019-12-18,-1.7205
2019-12-19,-0.5836
2019-12-20,-0.5336
2019-12-23,-0.9657
2019-12-24,-0.1083
2019-12-26,-0.4881
2019-12-27,-0.7629
2019-12-30,-0.2197
2019-12-31,-0.2201
2020-01-02,0.5516
2020-01-03,-1.2617
2020-01-06,-0.9444
2020-01-07,0.1122
2020-01-08,0.5042
2020-01-09,0.4459
2020-01-10,-1.4428
2020-01-13,1.3514
2020-01-14,-0.3889
2020-01-15,0.2231
2020-01-16,1.9477
2020-01-17,-0.2729
2020-01-21,-1.642
2020-01-22,1.3356
2020-01-23,-0.9336
2020-01-24,-1.4412
2020-01-27,-1.9685000000000001
2020-01-28,1.5491000000000001
2020-01-29,0.1695
2020-01-30,1.5792000000000002
2020-01-31,-2.332
2020-02-03,2.1035
2020-02-04,1.392
2020-02-05,3.5695
2020-02-06,-0.5302
2020-02-07,0.0533
2020-02-10,-0.586
2020-02-11,1.5005
2020-02-12,3.1679
2020-02-13,1.0747
2020-02-14,-0.1013
2020-02-18,-1.7233
2020-02-19,0.9283
2020-02-20,-0.1022
2020-02-21,-1.4322
2020-02-24,-4.6186
2020-02-25,-3.9173
2020-02-26,-2.0385
2020-02-27,-4.4509
2020-02-28,-3.0853
2020-03-02,5.3059
2020-03-03,-4.1494
2020-03-04,2.6592000000000002
2020-03-05,-5.6024
2020-03-06,-0.6382
2020-03-09,-8.6063
2020-03-10,5.6657
2020-03-11,-7.7748
2020-03-12,-17.514499999999998
2020-03-13,12.4229
2020-03-16,-18.8871
2020-03-17,9.2754
2020-03-18,-4.5093
2020-03-19,0.9259
2020-03-20,-9.633
2020-03-23,-8.2234
2020-03-24,24.8894
2020-03-25,14.0833
2020-03-26,9.0062
2020-03-27,-8.547
2020-03-30,1.0125
2020-03-31,-4.4719
2020-04-01,-11.5416
2020-04-02,1.1861
2020-04-03,-3.156
2020-04-06,12.4767
2020-04-07,-1.2417
2020-04-08,5.3646
2020-04-09,10.1034
2020-04-13,-5.5636
2020-04-14,0.5356
2020-04-15,-8.1431
2020-04-16,-2.9826
2020-04-17,6.9172
2020-04-20,-1.9968
2020-04-21,-4.1565
2020-04-22,0.9354
2020-04-23,0.5055
2020-04-24,4.0235
2020-04-27,5.0766
2020-04-28,4.2178
2020-04-29,8.5357
2020-04-30,-4.678
2020-05-01,-4.1252
2020-05-04,-0.2226
2020-05-05,0.223
2020-05-06,-7.0475
2020-05-07,6.0654
2020-05-08,4.3642
2020-05-11,-0.6489
2020-05-12,-4.7896
2020-05-13,-5.4116
2020-05-14,0.3223
2020-05-15,-1.4458
2020-05-18,8.8835
2020-05-19,-2.9939999999999998
2020-05-20,3.3951000000000002
2020-05-21,1.4925
2020-05-22,-2.1324
2020-05-26,6.7618
2020-05-27,5.9817
2020-05-28,-3.1208
2020-05-29,-1.645
2020-06-01,2.6481
2020-06-02,0.3394
2020-06-03,2.9093
2020-06-04,2.1696
2020-06-05,6.435
2020-06-08,5.1391
2020-06-09,-3.2777
2020-06-10,-4.7904
2020-06-11,-11.3208
2020-06-12,2.9078
2020-06-15,2.55
2020-06-16,2.5538
2020-06-17,-2.228
2020-06-18,3.8874
2020-06-19,-0.9677
2020-06-22,-0.1954
2020-06-23,0.1305
2020-06-24,-2.8683
2020-06-25,4.094
2020-06-26,-4.4487
2020-06-29,2.6316
2020-06-30,2.3669000000000002
2020-07-01,-4.1105
2020-07-02,-0.5358
2020-07-06,1.5488
2020-07-07,-3.8462
2020-07-08,2.2759
2020-07-09,-5.0573
2020-07-10,5.6108
2020-07-13,0.1345
2020-07-14,2.7535
2020-07-15,2.2876
2020-07-16,1.278
2020-07-17,-1.7035
2020-07-20,-1.4763
2020-07-21,2.0195
2020-07-22,-0.7663
2020-07-23,3.5393
2020-07-24,-2.5482
2020-07-27,0.574
2020-07-28,-2.2828
2020-07-29,1.6872
2020-07-30,-3.7652
2020-07-31,0.1326
