ticker,COHR US Equity
field,DAY_TO_DAY_TOT_RETURN_GROSS_DVDS
date,
2000-01-03,-2.5701
2000-01-04,-1.4388
2000-01-05,4.1363
2000-01-06,7.0093
2000-01-07,4.8035
2000-01-10,42.9167
2000-01-11,-17.7843
2000-01-12,16.3121
2000-01-13,0.9146
2000-01-14,0.1511
2000-01-18,7.6923
2000-01-19,12.605
2000-01-20,-3.2338
2000-01-21,-2.3136
2000-01-24,4.3421
2000-01-25,9.9622
2000-01-26,-1.7202
2000-01-27,-2.9172000000000002
2000-01-28,-14.9038
2000-01-31,-0.4237
2000-02-01,13.1915
2000-02-02,2.7569
2000-02-03,6.0976
2000-02-04,-1.6092
2000-02-07,3.6215
2000-02-08,2.9312
2000-02-09,3.8335
2000-02-10,7.384
2000-02-11,-5.9921
2000-02-14,7.001
2000-02-15,6.543
2000-02-16,11.824
2000-02-17,5.7377
2000-02-18,-1.6279
2000-02-22,-4.3341
2000-02-23,1.4003
2000-02-24,11.9415
2000-02-25,12.0464
2000-02-28,0.0648
2000-02-29,9.7735
2000-03-01,-5.7193000000000005
2000-03-02,-13.8211
2000-03-03,14.0058
2000-03-06,-8.5933
2000-03-07,-4.4568
2000-03-08,0.0
2000-03-09,3.207
2000-03-10,-6.2147
2000-03-13,-6.1370000000000005
2000-03-14,-2.126
2000-03-15,-7.7049
2000-03-16,9.7691
2000-03-17,4.8544
2000-03-20,-11.1111
2000-03-21,0.0
2000-03-22,9.0278
2000-03-23,2.4283
2000-03-24,-5.7909
2000-03-27,1.2376
2000-03-28,-6.194
2000-03-29,-6.6898
2000-03-30,-17.6909
2000-03-31,-5.8824
2000-04-03,2.7644
2000-04-04,-4.7953
2000-04-05,-2.8256
2000-04-06,12.263
2000-04-07,1.464
2000-04-10,-11.2098
2000-04-11,2.875
2000-04-12,-6.6829
2000-04-13,4.6875
2000-04-14,-5.9701
2000-04-17,-1.3228
2000-04-18,16.8901
2000-04-19,1.3761
2000-04-20,-5.543
2000-04-24,-5.3892
2000-04-25,16.962
2000-04-26,-7.3593
2000-04-27,-2.8037
2000-04-28,11.1779
2000-05-01,6.3784
2000-05-02,-0.9146
2000-05-03,-9.538499999999999
2000-05-04,-1.6723
2000-05-05,7.812
2000-05-08,-1.6042999999999998
2000-05-09,-2.8261
2000-05-10,-10.5145
2000-05-11,8.0
2000-05-12,3.8194
2000-05-15,-1.6722000000000001
2000-05-16,8.39
2000-05-17,8.159
2000-05-18,-7.5435
2000-05-19,-3.3473
2000-05-22,-5.303
2000-05-23,-1.6
2000-05-24,-8.2462
2000-05-25,-3.7975
2000-05-26,-0.6579
2000-05-30,8.0795
2000-05-31,10.7843
2000-06-01,4.5354
2000-06-02,-1.6931
2000-06-05,6.6738
2000-06-06,0.0
2000-06-07,0.9082
2000-06-08,-5.8
2000-06-09,2.8662
2000-06-12,0.3096
2000-06-13,0.3086
2000-06-14,-3.3846
2000-06-15,2.7601
2000-06-16,-0.1033
2000-06-19,0.9307
2000-06-20,13.5246
2000-06-21,6.6787
2000-06-22,2.9611
2000-06-23,-4.0263
2000-06-26,7.8767
2000-06-27,-5.2381
2000-06-28,5.8626000000000005
2000-06-29,1.1867
2000-06-30,4.9257
2000-07-03,-0.0745
2000-07-05,3.9523
2000-07-06,-0.1435
2000-07-07,2.1552
2000-07-10,-5.7665
2000-07-11,-5.0
2000-07-12,10.2907
2000-07-13,-3.7037
2000-07-14,5.5473
2000-07-17,-2.5228
2000-07-18,-2.3005
2000-07-19,-4.8565000000000005
2000-07-20,0.0773
2000-07-21,-6.0278
2000-07-24,-2.7961
2000-07-25,-8.291
2000-07-26,-2.8598
2000-07-27,-2.3742
2000-07-28,-5.8366
2000-07-31,-1.0331
2000-08-01,-0.1044
2000-08-02,1.9854
2000-08-03,-5.9426
2000-08-04,4.793
2000-08-07,5.6133
2000-08-08,1.1811
2000-08-09,0.7782
2000-08-10,0.2896
2000-08-11,6.1598
2000-08-14,-0.2267
2000-08-15,-1.045
2000-08-16,5.7851
2000-08-17,-2.6042
2000-08-18,-2.6738
2000-08-21,5.3114
2000-08-22,-1.3043
2000-08-23,-1.7621
2000-08-24,2.7803
2000-08-25,3.2286
2000-08-28,5.1564
2000-08-29,0.3215
2000-08-30,1.6026
2000-08-31,1.5773000000000001
2000-09-01,-0.6211
2000-09-05,-6.875
2000-09-06,2.6846
2000-09-07,-2.451
2000-09-08,-4.9414
2000-09-11,-3.7885
2000-09-12,-0.1832
2000-09-13,4.8624
2000-09-14,4.9869
2000-09-15,-1.3333
2000-09-18,-6.4189
2000-09-19,10.1083
2000-09-20,-3.2787
2000-09-21,-1.6949
2000-09-22,-6.1207
2000-09-25,-1.2856
2000-09-26,5.6744
2000-09-27,-5.6338
2000-09-28,4.1045
2000-09-29,-2.509
2000-10-02,-9.9265
2000-10-03,-13.0612
2000-10-04,5.3991
2000-10-05,-7.5724
2000-10-06,-11.0843
2000-10-09,-3.1165
2000-10-10,-8.2517
2000-10-11,-2.8963
2000-10-12,-5.8085
2000-10-13,2.8333
2000-10-16,-9.2382
2000-10-17,0.625
2000-10-18,9.4942
2000-10-19,-1.9449
2000-10-20,-5.2893
2000-10-23,0.1745
2000-10-24,-11.1498
2000-10-25,-12.549
2000-10-26,0.6726
2000-10-27,-5.7905999999999995
2000-10-30,8.5106
2000-10-31,21.3508
2000-11-01,-8.6176
2000-11-02,44.4008
2000-11-03,-5.5782
2000-11-06,2.3055
2000-11-07,1.2676
2000-11-08,0.2782
2000-11-09,-4.8544
2000-11-10,-4.8105
2000-11-13,-2.6034
2000-11-14,5.1887
2000-11-15,1.4948000000000001
2000-11-16,-10.4566
2000-11-17,-1.3158
2000-11-20,-2.6667
2000-11-21,-2.3973
2000-11-22,-0.5263
2000-11-24,4.4092
2000-11-27,2.3649
2000-11-28,-13.3663
2000-11-29,-2.1905
2000-11-30,-9.6397
2000-12-01,4.7414
2000-12-04,2.0576
2000-12-05,12.2984
2000-12-06,-5.9246
2000-12-07,0.0
2000-12-08,9.1603
2000-12-11,9.0909
2000-12-12,-9.0545
2000-12-13,-2.3789
2000-12-14,-5.9567
2000-12-15,-3.6468
2000-12-18,-1.3944
2000-12-19,0.6061
2000-12-20,-5.0201
2000-12-21,-2.7484
2000-12-22,10.4348
2000-12-26,-0.5906
2000-12-27,-6.7327
2000-12-28,13.5881
2000-12-29,-2.8037
2001-01-02,-7.6923
2001-01-03,14.1667
2001-01-04,-0.365
2001-01-05,-9.5238
2001-01-08,4.4534
2001-01-09,6.2016
2001-01-10,4.7445
2001-01-11,1.7422
2001-01-12,1.7123
2001-01-16,0.8418
2001-01-17,9.015
2001-01-18,13.0168
2001-01-19,0.271
2001-01-22,0.5405
2001-01-23,-3.7634
2001-01-24,18.5754
2001-01-25,-6.9494
2001-01-26,5.8228
2001-01-29,-4.3062000000000005
2001-01-30,4.25
2001-01-31,-2.2782
2001-02-01,-3.3129
2001-02-02,0.3807
2001-02-05,-4.9305
2001-02-06,5.4521
2001-02-07,0.0
2001-02-08,-0.1261
2001-02-09,-8.9646
2001-02-12,-5.1318
2001-02-13,-1.7544
2001-02-14,3.4226
2001-02-15,3.0216
2001-02-16,-3.9106
2001-02-20,-1.0174
2001-02-21,-0.1468
2001-02-22,3.0882
2001-02-23,-1.8545
2001-02-26,6.5407
2001-02-27,-8.0491
2001-02-28,-0.5935
2001-03-01,-3.4328
2001-03-02,-3.5549
2001-03-05,-10.2564
2001-03-06,4.4643
2001-03-07,1.5385
2001-03-08,-6.3972999999999995
2001-03-09,-7.1942
2001-03-12,-5.6202
2001-03-13,4.7228
2001-03-14,0.7843
2001-03-15,1.3618999999999999
2001-03-16,-8.8292
2001-03-19,17.6842
2001-03-20,-5.1878
2001-03-21,-1.8868
2001-03-22,11.1538
2001-03-23,5.1903
2001-03-26,0.8224
2001-03-27,-2.1207
2001-03-28,-9.3333
2001-03-29,1.4706000000000001
2001-03-30,2.8986
2001-04-02,-5.6338
2001-04-03,-2.9851
2001-04-04,1.0096
2001-04-05,9.6621
2001-04-06,-6.4236
2001-04-09,7.013
2001-04-10,-0.423
2001-04-11,11.957699999999999
2001-04-12,1.3436
2001-04-16,-1.9396
2001-04-17,1.3771
2001-04-18,4.4702
2001-04-19,7.5649999999999995
2001-04-20,-4.9451
2001-04-23,-2.0809
2001-04-24,-8.4061
2001-04-25,1.4695
2001-04-26,-1.7785
2001-04-27,0.2328
2001-04-30,1.9355
2001-05-01,-1.9241000000000001
2001-05-02,-0.6195
2001-05-03,-3.9221
2001-05-04,-2.2709
2001-05-07,-1.5213999999999999
2001-05-08,-2.5
2001-05-09,2.7082
2001-05-10,4.0954
2001-05-11,-2.1827
2001-05-14,-5.427
2001-05-15,0.1165
2001-05-16,3.2878
2001-05-17,4.9014
2001-05-18,-1.4501
2001-05-21,0.545
2001-05-22,6.5041
2001-05-23,-3.4351
2001-05-24,1.4493
2001-05-25,-0.3636
2001-05-29,-2.9458
2001-05-30,-7.3328
2001-05-31,2.8986
2001-06-01,-1.3521
2001-06-04,-0.771
2001-06-05,4.3165
2001-06-06,4.1103
2001-06-07,-1.6162999999999998
2001-06-08,-0.2424
2001-06-11,-4.0767
2001-06-12,4.1373
2001-06-13,-5.4054
2001-06-14,1.2570999999999999
2001-06-15,-4.035
2001-06-18,-3.2931
2001-06-19,2.1587
2001-06-20,-4.9405
2001-06-21,-4.2893
2001-06-22,1.4066
2001-06-25,1.0645
2001-06-26,3.2557
2001-06-27,5.1005
2001-06-28,4.1176
2001-06-29,2.1751
2001-07-02,-3.0688
2001-07-03,1.1124
2001-07-05,-3.6107
2001-07-06,-0.9369
2001-07-09,3.4863
2001-07-10,-2.6549
2001-07-11,-2.9032
2001-07-12,4.1981
2001-07-13,1.4493
2001-07-16,-1.5714000000000001
2001-07-17,2.148
2001-07-18,-2.1313
2001-07-19,1.1905000000000001
2001-07-20,-0.4304
2001-07-23,-0.5764
2001-07-24,-4.0
2001-07-25,1.1775
2001-07-26,6.2369
2001-07-27,3.9326
2001-07-30,-3.1081
2001-07-31,3.152
2001-08-01,-1.6766
2001-08-02,1.7602
2001-08-03,0.027
2001-08-06,-6.7549
2001-08-07,4.2017
2001-08-08,-2.5862
2001-08-09,-2.3694
2001-08-10,0.1754
2001-08-13,2.627
2001-08-14,2.1330999999999998
2001-08-15,-0.9747
2001-08-16,0.225
2001-08-17,0.6453
2001-08-20,-0.223
2001-08-21,-1.2294
2001-08-22,2.6591
2001-08-23,-0.3858
2001-08-24,6.473
2001-08-27,0.6755
2001-08-28,-3.6387
2001-08-29,-3.0798
2001-08-30,-0.5526
2001-08-31,-1.6393
2001-09-04,0.9887
2001-09-05,-0.979
2001-09-06,-9.887
2001-09-07,4.232
2001-09-10,-0.0301
2001-09-17,-5.9266
2001-09-18,0.7355
2001-09-19,-3.7778
2001-09-20,-7.6872
2001-09-21,-7.97
2001-09-24,6.3301
2001-09-25,3.4697
2001-09-26,-6.1772
2001-09-27,-1.2415
2001-09-28,8.1905
2001-10-01,-7.5
2001-10-02,0.8755
2001-10-03,0.9434
2001-10-04,7.5514
2001-10-05,-0.0695
2001-10-08,-0.8696
2001-10-09,-5.1228
2001-10-10,10.761800000000001
2001-10-11,2.3372
2001-10-12,-1.3051
2001-10-15,-0.4959
2001-10-16,3.6877
2001-10-17,-7.5617
2001-10-18,-1.4211
2001-10-19,1.09
2001-10-22,0.8696
2001-10-23,0.8621
2001-10-24,2.8718
2001-10-25,1.2629000000000001
2001-10-26,1.6738
2001-10-29,-7.3596
2001-10-30,-3.3101
2001-10-31,-4.5045
2001-11-01,2.6414999999999997
2001-11-02,-0.8088
2001-11-05,1.5567
2001-11-06,1.8248
2001-11-07,0.5376
2001-11-08,-3.6364
2001-11-09,0.185
2001-11-12,2.8434
2001-11-13,1.4363000000000001
2001-11-14,0.0885
2001-11-15,-1.6799
2001-11-16,2.3381
2001-11-19,-0.0351
2001-11-20,0.3868
2001-11-21,-1.5762
2001-11-23,4.2705
2001-11-26,3.9249
2001-11-27,0.8539
2001-11-28,-1.8235000000000001
2001-11-29,3.2836
2001-11-30,-2.0552
2001-12-03,-4.7869
2001-12-04,3.3058
2001-12-05,5.6667
2001-12-06,-0.2839
2001-12-07,-1.9614
2001-12-10,-6.9055
2001-12-11,0.7626
2001-12-12,1.1696
2001-12-13,-0.51
2001-12-14,-0.1025
2001-12-17,2.7027
2001-12-18,2.7315
2001-12-19,-0.8106
2001-12-20,-2.0922
2001-12-21,2.5376
2001-12-24,0.6838
2001-12-26,0.7439
2001-12-27,1.1236
2001-12-28,0.0
2001-12-31,-1.8413
2002-01-02,-2.9754
2002-01-03,1.6667
2002-01-04,6.8852
2002-01-07,4.5706
2002-01-08,3.4028
2002-01-09,0.3972
2002-01-10,-1.102
2002-01-11,-1.5143
2002-01-14,-3.0461
2002-01-15,0.2394
2002-01-16,-5.7015
2002-01-17,1.3928
2002-01-18,-3.2157
2002-01-22,-2.3548
2002-01-23,5.7813
2002-01-24,-1.3117
2002-01-25,0.8861
2002-01-28,-1.1292
2002-01-29,-3.5533
2002-01-30,3.9802999999999997
2002-01-31,-0.7276
2002-02-01,2.7725
2002-02-04,-7.4419
2002-02-05,-2.2446
2002-02-06,-5.1062
2002-02-07,-2.5641
2002-02-08,3.6323
2002-02-11,2.8255
2002-02-12,-1.0087
2002-02-13,5.376
2002-02-14,0.4001
2002-02-15,-5.3471
2002-02-19,-2.6316
2002-02-20,2.7027
2002-02-21,2.7368
2002-02-22,0.2391
2002-02-25,-1.0562
2002-02-26,0.0689
2002-02-27,0.4818
2002-02-28,-2.8082000000000003
2002-03-01,6.8006
2002-03-04,2.2765
2002-03-05,-0.3871
2002-03-06,7.2863
2002-03-07,-0.5735
2002-03-08,7.6503
2002-03-11,-1.2972000000000001
2002-03-12,-1.5714000000000001
2002-03-13,-2.6125
2002-03-14,0.4471
2002-03-15,0.5935
2002-03-18,0.0
2002-03-19,1.5044
2002-03-20,-0.8137
2002-03-21,-0.2051
2002-03-22,3.4938000000000002
2002-03-25,-4.539
2002-03-26,-0.0297
2002-03-27,1.3674
2002-03-28,-0.5865
2002-04-01,2.5074
2002-04-02,-0.5468
2002-04-03,-3.2118
2002-04-04,1.7339
2002-04-05,-2.8798
2002-04-08,1.3011
2002-04-09,0.3286
2002-04-10,-1.042
2002-04-11,-0.7822
2002-04-12,2.5167
2002-04-15,0.5324
2002-04-16,1.6475
2002-04-17,-0.3184
2002-04-18,-1.2776
2002-04-19,-1.1176
2002-04-22,-3.5693
2002-04-23,-4.5034
2002-04-24,3.3915
2002-04-25,-3.4052
2002-04-26,-2.9754
2002-04-29,-0.0333
2002-04-30,2.034
2002-05-01,2.8430999999999997
2002-05-02,-2.2561
2002-05-03,-2.8283
2002-05-06,-1.7397
2002-05-07,-3.2686
2002-05-08,7.1454
2002-05-09,0.9198
2002-05-10,-3.2552
2002-05-13,-0.9085
2002-05-14,7.1647
2002-05-15,1.3625
2002-05-16,-1.5316999999999998
2002-05-17,0.6349
2002-05-20,-1.8927
2002-05-21,-3.1833
2002-05-22,1.0628
2002-05-23,4.8308
2002-05-24,-3.2571
2002-05-28,0.9365
2002-05-29,-3.2424
2002-05-30,-2.223
2002-05-31,1.9681
2002-06-03,-5.1581
2002-06-04,0.5263
2002-06-05,0.4538
2002-06-06,-4.7255
2002-06-07,6.2728
2002-06-10,-2.3679
2002-06-11,-5.1318
2002-06-12,5.7762
2002-06-13,0.5289
2002-06-14,-0.2787
2002-06-17,3.4242
2002-06-18,-0.3378
2002-06-19,-4.0339
2002-06-20,-4.6273
2002-06-21,0.5185
2002-06-24,3.5372
2002-06-25,-0.8185
2002-06-26,1.9017
2002-06-27,3.8731999999999998
2002-06-28,1.0847
2002-07-01,-5.7344
2002-07-02,-3.3796
2002-07-03,1.3623
2002-07-05,3.2692
2002-07-08,-2.0049
2002-07-09,-1.9742
2002-07-10,-4.3574
2002-07-11,2.7182
2002-07-12,-0.5591
2002-07-15,1.1619
2002-07-16,-2.8159
2002-07-17,-6.0999
2002-07-18,-2.5579
2002-07-19,-3.4583
2002-07-22,-1.3378999999999999
2002-07-23,-2.9309
2002-07-24,4.1009
2002-07-25,-6.4502
2002-07-26,0.8792
2002-07-29,8.0734
2002-07-30,1.9949
2002-07-31,-4.1615
2002-08-01,-3.9514
2002-08-02,-2.5316
2002-08-05,-5.8442
2002-08-06,6.9951
2002-08-07,-1.7035
2002-08-08,5.2927
2002-08-09,-2.3577
2002-08-12,-2.779
2002-08-13,-2.9991
2002-08-14,2.6087
2002-08-15,-1.5066000000000002
2002-08-16,3.9675000000000002
2002-08-19,3.1310000000000002
2002-08-20,-5.6663
2002-08-21,6.758
2002-08-22,-1.4166
2002-08-23,-2.8738
2002-08-26,2.6352
2002-08-27,-3.8288
2002-08-28,-1.6393
2002-08-29,2.5238
2002-08-30,-5.7594
2002-09-03,-1.4293
2002-09-04,4.995
2002-09-05,-4.7574
2002-09-06,5.55
2002-09-09,-2.1791
2002-09-10,1.1138
2002-09-11,1.2931
2002-09-12,-4.0189
2002-09-13,1.5764
2002-09-16,-1.7944
2002-09-17,-0.9383
2002-09-18,-0.1994
2002-09-19,-2.3477
2002-09-20,0.5115
2002-09-23,-2.9008000000000003
2002-09-24,-2.3061
2002-09-25,3.6481
2002-09-26,0.8799
2002-09-27,-2.9246
2002-09-30,-3.5412
2002-10-01,5.9178
2002-10-02,-1.8107
2002-10-03,0.2107
2002-10-04,-4.1535
2002-10-07,-4.7175
2002-10-08,-2.3604
2002-10-09,-4.658
2002-10-10,3.6487
2002-10-11,0.5489
2002-10-14,2.4804
2002-10-15,5.9062
2002-10-16,-5.7408
2002-10-17,3.0742
2002-10-18,0.4502
2002-10-21,0.8964
2002-10-22,-4.3871
2002-10-23,5.4015
2002-10-24,-1.2671999999999999
2002-10-25,2.0647
2002-10-28,0.0
2002-10-29,0.0
2002-10-30,-5.6862
2002-10-31,2.4348
2002-11-01,1.2394
2002-11-04,2.1857
2002-11-05,0.0547
2002-11-06,-0.4374
2002-11-07,-0.659
2002-11-08,1.5976
2002-11-11,-1.1916
2002-11-12,5.3414
2002-11-13,2.3523
2002-11-14,3.8815
2002-11-15,-0.4425
2002-11-18,-2.2716
2002-11-19,0.1011
2002-11-20,2.0697
2002-11-21,6.3304
2002-11-22,-3.5814
2002-11-25,3.8590999999999998
2002-11-26,-1.347
2002-11-27,0.6591
2002-11-29,-2.2451
2002-12-02,3.0622
2002-12-03,0.4178
2002-12-04,-4.5306999999999995
2002-12-05,-3.7772
2002-12-06,1.2582
2002-12-09,-5.6163
2002-12-10,0.4213
2002-12-11,3.828
2002-12-12,1.0606
2002-12-13,-2.049
2002-12-16,1.6327
2002-12-17,0.0602
2002-12-18,-2.7694
2002-12-19,0.8772
2002-12-20,1.4322
2002-12-23,0.1009
2002-12-24,-2.0151
2002-12-26,-0.3033
2002-12-27,1.9029
2002-12-30,-0.6073
2002-12-31,1.5784
2003-01-02,2.6566
2003-01-03,-1.9531
2003-01-06,4.0339
2003-01-07,0.4308
2003-01-08,-0.3813
2003-01-09,2.8708
2003-01-10,0.9302
2003-01-13,-0.2811
2003-01-14,1.391
2003-01-15,-4.1477
2003-01-16,-1.9020000000000001
2003-01-17,-3.5385
2003-01-21,-4.7236
2003-01-22,-0.8966
2003-01-23,-0.479
2003-01-24,-2.7273
2003-01-27,-2.144
2003-01-28,-1.8483
2003-01-29,14.5899
2003-01-30,-1.7483
2003-01-31,0.4575
2003-02-03,-3.8968
2003-02-04,2.6856
2003-02-05,-2.8718
2003-02-06,-0.7392
2003-02-07,-1.2766
2003-02-10,2.1552
2003-02-11,0.0
2003-02-12,-1.1076
2003-02-13,0.2667
2003-02-14,-0.7926
2003-02-18,2.4074
2003-02-19,-2.199
2003-02-20,0.9101
2003-02-21,1.0027
2003-02-24,-0.625
2003-02-25,-0.2643
2003-02-26,0.5829
2003-02-27,1.9494
2003-02-28,1.1886
2003-03-03,-0.8682
2003-03-04,-2.0608
2003-03-05,1.4203000000000001
2003-03-06,-0.1037
2003-03-07,0.5192
2003-03-10,-1.6012
2003-03-11,0.0
2003-03-12,0.8399
2003-03-13,2.1812
2003-03-14,-0.1477
2003-03-17,-0.051
2003-03-18,7.2486
2003-03-19,-0.5236
2003-03-20,-9.1388
2003-03-21,4.0021
2003-03-24,-1.119
2003-03-25,-0.0973
2003-03-26,-1.5377
2003-03-27,-0.7808
2003-03-28,-0.6296
2003-03-31,-1.0032
2003-04-01,4.0
2003-04-02,3.8462
2003-04-03,-0.3457
2003-04-04,-2.0317
2003-04-07,3.3839
2003-04-08,-1.1204
2003-04-09,-3.1667
2003-04-10,0.0
2003-04-11,-0.9709
2003-04-14,3.1992
2003-04-15,3.7
2003-04-16,0.7715
2003-04-17,0.6699
2003-04-21,4.8004
2003-04-22,0.0952
2003-04-23,5.7995
2003-04-24,-0.0428
2003-04-25,-6.2165
2003-04-28,4.8881
2003-04-29,1.311
2003-04-30,-1.1219999999999999
2003-05-01,0.3913
2003-05-02,0.7362
2003-05-05,-1.2038
2003-05-06,1.9582000000000002
2003-05-07,0.6829
2003-05-08,-1.6109
2003-05-09,3.3175
2003-05-12,1.5847
2003-05-13,0.8621
2003-05-14,-1.221
2003-05-15,-3.2138
2003-05-16,-6.8114
2003-05-19,-1.873
2003-05-20,1.0242
2003-05-21,0.0
2003-05-22,-0.1382
2003-05-23,1.0152
2003-05-27,3.4718999999999998
2003-05-28,2.0751
2003-05-29,0.519
2003-05-30,4.2169
2003-06-02,-1.858
2003-06-03,3.7020999999999997
2003-06-04,3.4077
2003-06-05,0.0392
2003-06-06,-1.0588
2003-06-09,-3.2897
2003-06-10,2.459
2003-06-11,-0.04
2003-06-12,-0.3641
2003-06-13,-1.8434
2003-06-16,1.4729999999999999
2003-06-17,-0.9677
2003-06-18,0.0
2003-06-19,1.3844
2003-06-20,-1.3253
2003-06-23,-5.698
2003-06-24,-1.5969
2003-06-25,3.2412
2003-06-26,3.148
2003-06-27,-0.2059
2003-06-30,0.1651
2003-07-01,-0.3296
2003-07-02,1.1988
2003-07-03,-1.9607999999999999
2003-07-07,-0.0417
2003-07-08,1.6257000000000001
2003-07-09,3.8146
2003-07-10,-0.7902
2003-07-11,2.1107
2003-07-14,-0.858
2003-07-15,-0.5114
2003-07-16,-1.3444
2003-07-17,-5.6112
2003-07-18,2.7176
2003-07-21,-3.2658
2003-07-22,3.1197
2003-07-23,1.4463
2003-07-24,0.4534
2003-07-25,-0.122
2003-07-28,0.7736
2003-07-29,-1.0101
2003-07-30,0.3673
2003-07-31,-0.4473
2003-08-01,-3.7582
2003-08-04,0.6791
2003-08-05,-1.8128
2003-08-06,-0.0429
2003-08-07,-1.1168
2003-08-08,-1.086
2003-08-11,2.4594
2003-08-12,2.8718
2003-08-13,-1.2917
2003-08-14,3.5458
2003-08-15,0.4484
2003-08-18,6.0065
2003-08-19,1.3783
2003-08-20,0.9441
2003-08-21,3.2174
2003-08-22,-3.4433
2003-08-25,-1.464
2003-08-26,-0.9524
2003-08-27,0.0
2003-08-28,0.0385
2003-08-29,0.7305
2003-09-02,1.6412
2003-09-03,3.8303000000000003
2003-09-04,2.8571
2003-09-05,-2.602
2003-09-08,1.4043
2003-09-09,-1.2069
2003-09-10,-6.018
2003-09-11,1.9172
2003-09-12,-1.5049000000000001
2003-09-15,0.6112
2003-09-16,-0.3417
2003-09-17,0.2667
2003-09-18,-0.114
2003-09-19,-0.4564
2003-09-22,-0.9171
2003-09-23,1.3498
2003-09-24,-1.8265
2003-09-25,-2.907
2003-09-26,-2.8343
2003-09-29,5.4643
2003-09-30,-4.0514
2003-10-01,1.8717000000000001
2003-10-02,3.1446
2003-10-03,4.0185
2003-10-06,-1.4859
2003-10-07,2.0739
2003-10-08,-0.9605
2003-10-09,0.4103
2003-10-10,3.6033
2003-10-13,0.0359
2003-10-14,-1.7204000000000002
2003-10-15,1.0941
2003-10-16,0.2886
2003-10-17,-2.9856
2003-10-20,0.8528
2003-10-21,-0.9559
2003-10-22,-2.9324
2003-10-23,-15.1052
2003-10-24,2.1622
2003-10-27,3.0423
2003-10-28,1.1981
2003-10-29,3.8478
2003-10-30,-2.0358
2003-10-31,-4.4057
2003-11-03,0.8696
2003-11-04,-0.2155
2003-11-05,0.9503
2003-11-06,2.3106999999999998
2003-11-07,0.0836
2003-11-10,-3.6356
2003-11-11,-1.301
2003-11-12,-5.9754000000000005
2003-11-13,7.8505
2003-11-14,-0.3466
2003-11-17,0.0
2003-11-18,-0.8696
2003-11-19,2.3246
2003-11-20,0.0
2003-11-21,-0.3
2003-11-24,3.6973000000000003
2003-11-25,0.0
2003-11-26,-0.6633
2003-11-28,-0.0835
2003-12-01,2.3392
2003-12-02,-0.5306
2003-12-03,-0.6155
2003-12-04,-3.8811
2003-12-05,-0.988
2003-12-08,-0.2603
2003-12-09,-1.6094
2003-12-10,0.0884
2003-12-11,1.1484
2003-12-12,-1.5284
2003-12-15,-3.2816
2003-12-16,-1.6505999999999998
2003-12-17,-1.0256
2003-12-18,2.4965
2003-12-19,-1.7004000000000001
2003-12-22,5.1893
2003-12-23,3.1111
2003-12-24,-1.0733
2003-12-26,0.8932
2003-12-29,2.4356999999999998
2003-12-30,0.9696
2003-12-31,-0.6263
2004-01-02,1.6806999999999999
2004-01-05,2.8926
2004-01-06,-0.6024
2004-01-07,3.2727
2004-01-08,-0.0782
2004-01-09,-0.3915
2004-01-12,1.3365
2004-01-13,0.931
2004-01-14,-0.0384
2004-01-15,-0.7305
2004-01-16,0.6971
2004-01-20,5.5385
2004-01-21,-2.1866
2004-01-22,-1.8629
2004-01-23,-2.0501
2004-01-26,2.7519
2004-01-27,-3.3949
2004-01-28,15.1113
2004-01-29,3.4261
2004-01-30,0.0984
2004-02-02,0.0655
2004-02-03,-0.3929
2004-02-04,-4.6022
2004-02-05,3.2736
2004-02-06,2.5359
2004-02-09,-1.8549
2004-02-10,0.431
2004-02-11,-0.2641
2004-02-12,-2.8798
2004-02-13,-1.5678
2004-02-17,2.7701000000000002
2004-02-18,-2.7628
2004-02-19,-2.5295
2004-02-20,-1.6353
2004-02-23,0.0361
2004-02-24,-0.4335
2004-02-25,0.8345
2004-02-26,1.1875
2004-02-27,1.138
2004-03-01,1.8636
2004-03-02,-0.069
2004-03-03,0.1727
2004-03-04,2.2069
2004-03-05,-1.0796000000000001
2004-03-08,-1.9782
2004-03-09,-3.0967
2004-03-10,-3.8779
2004-03-11,-1.0086
2004-03-12,2.1509
2004-03-15,-4.8762
2004-03-16,1.165
2004-03-17,1.3436
2004-03-18,-1.3636
2004-03-19,-1.3441
2004-03-22,-3.3476
2004-03-23,0.7249
2004-03-24,-0.3199
2004-03-25,5.9366
2004-03-26,-0.6437
2004-03-29,0.9909
2004-03-30,0.3774
2004-03-31,-1.1654
2004-04-01,0.4184
2004-04-02,2.2348
2004-04-05,3.1123
2004-04-06,-1.1498
2004-04-07,0.3272
2004-04-08,0.3986
2004-04-12,0.3248
2004-04-13,-7.2302
2004-04-14,-0.8143
2004-04-15,-0.43
2004-04-16,0.0785
2004-04-19,-0.1962
2004-04-20,0.1179
2004-04-21,-0.8245
2004-04-22,1.6627
2004-04-23,-0.7399
2004-04-26,-0.8631
2004-04-27,2.9679
2004-04-28,-3.4973
2004-04-29,-0.3982
2004-04-30,-2.2791
2004-05-03,3.1097
2004-05-04,1.5873
2004-05-05,0.2734
2004-05-06,-1.0129
2004-05-07,-1.0232
2004-05-10,-1.9085
2004-05-11,3.5266
2004-05-12,1.5662
2004-05-13,-0.6554
2004-05-14,-1.0477
2004-05-17,-2.5882
2004-05-18,3.6231999999999998
2004-05-19,-0.4662
2004-05-20,-0.4294
2004-05-21,0.8624
2004-05-24,1.5157
2004-05-25,2.6034
2004-05-26,-0.3731
2004-05-27,0.7491
2004-05-28,0.7063
2004-06-01,0.0738
2004-06-02,0.332
2004-06-03,-3.5294
2004-06-04,3.8872
2004-06-07,3.5949999999999998
2004-06-08,0.0
2004-06-09,-2.0892
2004-06-10,-0.3255
2004-06-14,-3.193
2004-06-15,3.1484
2004-06-16,-0.1453
2004-06-17,-0.9098
2004-06-18,2.4238
2004-06-21,1.2549000000000001
2004-06-22,2.3371
2004-06-23,3.2526
2004-06-24,-5.0603
2004-06-25,2.1179
2004-06-28,-1.9703
2004-06-29,4.3018
2004-06-30,0.9128
2004-07-01,-4.0536
2004-07-02,-0.7682
2004-07-06,-1.8649
2004-07-07,-2.7608
2004-07-08,-1.9174
2004-07-09,4.0977
2004-07-12,-1.3723
2004-07-13,1.0253
2004-07-14,-1.5223
2004-07-15,1.4722
2004-07-16,-3.5183
2004-07-19,-0.0752
2004-07-20,0.4327
2004-07-21,-1.667
2004-07-22,2.8571
2004-07-23,-1.1111
2004-07-26,-4.4944
2004-07-27,3.2549
2004-07-28,-4.9753
2004-07-29,3.9169
2004-07-30,1.2115
2004-08-02,0.855
2004-08-03,-5.6895
2004-08-04,3.0364
2004-08-05,-1.1632
2004-08-06,-4.8254
2004-08-09,3.5862
2004-08-10,0.7959
2004-08-11,0.7106
2004-08-12,-3.4104
2004-08-13,-0.3653
2004-08-16,1.9144999999999999
2004-08-17,0.0799
2004-08-18,3.155
2004-08-19,-2.0132
2004-08-20,2.3706
2004-08-23,-1.0035
2004-08-24,2.0663
2004-08-25,0.4584
2004-08-26,-0.7985
2004-08-27,1.5715
2004-08-30,-3.0566
2004-08-31,-1.0121
2004-09-01,0.7078
2004-09-02,0.3124
2004-09-03,-1.9074
2004-09-07,-0.6746
2004-09-08,0.3596
2004-09-09,1.4729
2004-09-10,-1.8439
2004-09-13,2.2782
2004-09-14,0.1954
2004-09-15,-1.5991
2004-09-16,3.0123
2004-09-17,0.4617
2004-09-20,-3.6002
2004-09-21,4.3703
2004-09-22,-3.5402
2004-09-23,0.3552
2004-09-24,-1.1797
2004-09-27,-1.4325999999999999
2004-09-28,0.8882
2004-09-29,2.1609
2004-09-30,1.6059999999999999
2004-10-01,0.5012
2004-10-04,-1.4576
2004-10-05,-1.6738
2004-10-06,1.6231
2004-10-07,-3.3891999999999998
2004-10-08,-4.5161
2004-10-11,0.8446
2004-10-12,-1.6332
2004-10-13,0.8514
2004-10-14,-1.7729
2004-10-15,1.8908
2004-10-18,-0.4639
2004-10-19,-0.6356
2004-10-20,-1.322
2004-10-21,4.3215
2004-10-22,-5.3024000000000004
2004-10-25,1.0499
2004-10-26,2.9436999999999998
2004-10-27,3.0278
2004-10-28,-0.2857
2004-10-29,-1.228
2004-11-01,1.9891999999999999
2004-11-02,-2.2349
2004-11-03,2.66
2004-11-04,6.4777000000000005
2004-11-05,2.1293
2004-11-08,-1.1541
2004-11-09,1.5443
2004-11-10,1.4466
2004-11-11,0.0731
2004-11-12,1.8999000000000001
2004-11-15,1.2908
2004-11-16,-1.3096999999999999
2004-11-17,1.8651
2004-11-18,0.8451
2004-11-19,-1.0824
2004-11-22,1.8355000000000001
2004-11-23,-1.3518
2004-11-24,2.8461
2004-11-26,-0.7175
2004-11-29,1.6862
2004-11-30,-2.2335
2004-12-01,6.2651
2004-12-02,-1.4658
2004-12-03,2.4793
2004-12-06,-0.6774
2004-12-07,-2.0136
2004-12-08,3.2483
2004-12-09,-1.8941
2004-12-10,0.0
2004-12-13,0.0
2004-12-14,2.3887
2004-12-15,3.132
2004-12-16,-2.6029999999999998
2004-12-17,1.2727
2004-12-20,-1.4452
2004-12-21,-1.9764
2004-12-22,-0.4878
2004-12-23,0.4248
2004-12-27,-2.8311
2004-12-28,2.8801
2004-12-29,0.1302
2004-12-30,-0.3251
2004-12-31,-0.7175
2005-01-03,-0.7227
2005-01-04,-1.2574
2005-01-05,-2.5134
2005-01-06,-1.5469
2005-01-07,-0.6983
2005-01-10,0.3516
2005-01-11,0.2102
2005-01-12,-0.6643
2005-01-13,0.0704
2005-01-14,3.6933
2005-01-18,-0.9498
2005-01-19,-1.3699
2005-01-20,-0.3125
2005-01-21,1.1146
2005-01-24,-0.31
2005-01-25,0.933
2005-01-26,3.5604
2005-01-27,-0.8926
2005-01-28,-0.9006
2005-01-31,0.9761
2005-02-01,-0.3333
2005-02-02,0.4682
2005-02-03,-0.9654
2005-02-04,1.3445
2005-02-07,0.1658
2005-02-08,1.0596
2005-02-09,-2.9161
2005-02-10,0.0506
2005-02-11,2.3444
2005-02-14,-0.4944
2005-02-15,-0.7618
2005-02-16,0.6175
2005-02-17,-3.4666
2005-02-18,-0.9622
2005-02-22,1.7696
2005-02-23,-0.9547
2005-02-24,2.6162
2005-02-25,1.2412
2005-02-28,0.5633
2005-03-01,1.3509
2005-03-02,-1.3979
2005-03-03,0.8243
2005-03-04,-0.3924
2005-03-07,1.0506
2005-03-08,-0.2599
2005-03-09,-0.5537
2005-03-10,-0.3603
2005-03-11,0.3287
2005-03-14,1.4744
2005-03-15,-0.9687
2005-03-16,-0.0326
2005-03-17,2.12
2005-03-18,0.8943
2005-03-21,1.1396
2005-03-22,2.8482
2005-03-23,-0.7912
2005-03-24,0.3681
2005-03-28,0.6724
2005-03-29,1.4268
2005-03-30,1.7659
2005-03-31,-0.7059
2005-04-01,-1.1848
2005-04-04,-0.03
2005-04-05,0.9895
2005-04-06,0.0297
2005-04-07,0.0594
2005-04-08,-0.7713
2005-04-11,-1.1958
2005-04-12,2.2088
2005-04-13,-5.0622
2005-04-14,-0.9978
2005-04-15,-3.3701
2005-04-18,0.5541
2005-04-19,1.5883
2005-04-20,-1.3401
2005-04-21,4.4955
2005-04-22,-4.2402
2005-04-25,1.9392
2005-04-26,-2.4413
2005-04-27,3.2174
2005-04-28,0.0945
2005-04-29,0.9122
2005-05-02,1.1222
2005-05-03,0.6165
2005-05-04,0.337
2005-05-05,1.4962
2005-05-06,-2.0156
2005-05-09,0.8597
2005-05-10,-1.4307
2005-05-11,0.4324
2005-05-12,-2.2755
2005-05-13,1.3216
2005-05-16,0.8385
2005-05-17,0.0616
2005-05-18,0.2155
2005-05-19,1.5356
2005-05-20,-1.1494
2005-05-23,-0.3978
2005-05-24,-1.6282999999999999
2005-05-25,-1.2492
2005-05-26,1.3283
2005-05-27,-0.4682
2005-05-31,2.9476
2005-06-01,0.8529
2005-06-02,-1.1175
2005-06-03,-0.4887
2005-06-06,1.8263
2005-06-07,2.8184
2005-06-08,2.6972
2005-06-09,1.6843
2005-06-10,-0.1123
2005-06-13,0.4216
2005-06-14,1.3994
2005-06-15,-1.1317
2005-06-16,3.1547
2005-06-17,1.4885
2005-06-20,0.6667
2005-06-21,-2.9934
2005-06-22,2.1573
2005-06-23,-2.8335
2005-06-24,-2.9436
2005-06-27,-1.5590000000000002
2005-06-28,4.5206
2005-06-29,1.6529
2005-06-30,-2.4119
2005-07-01,0.8609
2005-07-05,0.2753
2005-07-06,-1.5651000000000002
2005-07-07,0.0279
2005-07-08,3.4858000000000002
2005-07-11,2.533
2005-07-12,-0.4205
2005-07-13,0.6334
2005-07-14,-1.2326
2005-07-15,-1.1683
2005-07-18,-1.827
2005-07-19,2.8188
2005-07-20,2.3423
2005-07-21,-3.407
2005-07-22,4.1465
2005-07-25,-0.9824
2005-07-26,-0.6527
2005-07-27,-1.3929
2005-07-28,0.08
2005-07-29,-9.3475
2005-08-01,1.1163
2005-08-02,2.76
2005-08-03,-1.866
2005-08-04,-3.4284
2005-08-05,0.537
2005-08-08,-2.997
2005-08-09,-1.3766
2005-08-10,-2.7605
2005-08-11,2.4561
2005-08-12,-2.6463
2005-08-15,1.8868
2005-08-16,-1.4123999999999999
2005-08-17,-1.6555
2005-08-18,-2.2337
2005-08-19,-1.9868000000000001
2005-08-22,0.4054
2005-08-23,-0.8412
2005-08-24,-0.0679
2005-08-25,4.5501000000000005
2005-08-26,-0.812
2005-08-29,0.2292
2005-08-30,1.6008
2005-08-31,2.3794
2005-09-01,-1.8216
2005-09-02,-1.4395
2005-09-06,0.3895
2005-09-07,-0.0647
2005-09-08,-0.3559
2005-09-09,0.0974
2005-09-12,4.4437
2005-09-13,-3.0435
2005-09-14,-2.4984
2005-09-15,0.0329
2005-09-16,0.9524
2005-09-19,-1.4639
2005-09-20,-0.6933
2005-09-21,-0.6649
2005-09-22,0.7028
2005-09-23,-1.429
2005-09-26,-1.7869000000000002
2005-09-27,0.5493
2005-09-28,0.8877
2005-09-29,0.7107
2005-09-30,-1.6129
2005-10-03,0.4098
2005-10-04,0.3741
2005-10-05,-1.6943000000000001
2005-10-06,0.1379
2005-10-07,1.3081
2005-10-10,0.8835
2005-10-11,-5.0522
2005-10-12,-1.4189
2005-10-13,5.6135
2005-10-14,-1.0562
2005-10-17,-1.5495999999999999
2005-10-18,-2.4134
2005-10-19,4.1219
2005-10-20,0.5852
2005-10-21,-3.1485
2005-10-24,2.3322
2005-10-25,-3.0387
2005-10-26,-1.1396
2005-10-27,-0.9006
2005-10-28,4.0712
2005-10-31,3.423
2005-11-01,-2.2627
2005-11-02,3.2135
2005-11-03,4.6535
2005-11-04,-1.9514
2005-11-07,0.0979
2005-11-08,-1.4342
2005-11-09,-0.0992
2005-11-10,3.4426
2005-11-11,0.736
2005-11-14,-0.1588
2005-11-15,-1.3363
2005-11-16,0.1612
2005-11-17,1.2878
2005-11-18,1.1443
2005-11-21,-0.6914
2005-11-22,3.2911
2005-11-23,0.6434
2005-11-25,-1.035
2005-11-28,-0.9228
2005-11-29,-2.2664
2005-11-30,0.3494
2005-12-01,1.5511
2005-12-02,0.187
2005-12-05,-1.4935
2005-12-06,-0.6633
2005-12-07,-1.1129
2005-12-08,1.0289
2005-12-09,2.2597
2005-12-12,-0.2179
2005-12-13,-2.1522
2005-12-14,0.4144
2005-12-15,-3.2381
2005-12-16,-1.9685000000000001
2005-12-19,-0.6359
2005-12-20,1.1788
2005-12-21,0.7656
2005-12-22,0.3964
2005-12-23,0.7897
2005-12-27,-2.5465
2005-12-28,-1.139
2005-12-29,0.8811
2005-12-30,-0.3023
2006-01-03,1.0108
2006-01-04,0.1001
2006-01-05,0.3332
2006-01-06,0.5646
2006-01-09,-0.1982
2006-01-10,0.2647
2006-01-11,1.2211
2006-01-12,0.2282
2006-01-13,0.4229
2006-01-17,-0.162
2006-01-18,1.2005
2006-01-19,3.5587999999999997
2006-01-20,-0.9598
2006-01-23,-0.5002
2006-01-24,0.377
2006-01-25,4.3505
2006-01-26,1.9796
2006-01-27,-9.6471
2006-01-30,0.7161
2006-01-31,0.0646
2006-02-01,1.7119
2006-02-02,-0.5081
2006-02-03,-1.5321
2006-02-06,0.1297
2006-02-07,-1.5215
2006-02-08,0.5917
2006-02-09,-0.4248
2006-02-10,0.2954
2006-02-13,-2.4215
2006-02-14,-0.4695
2006-02-15,2.0889
2006-02-16,0.6601
2006-02-17,-0.3607
2006-02-21,1.6782
2006-02-22,1.4563
2006-02-23,1.9139
2006-02-24,-0.6573
2006-02-27,0.8192
2006-02-28,1.4375
2006-03-01,2.5878
2006-03-02,0.0901
2006-03-03,-1.7402
2006-03-06,-6.8702
2006-03-07,-3.4754
2006-03-08,2.5815
2006-03-09,1.7881
2006-03-10,3.2531
2006-03-13,1.9219
2006-03-14,2.102
2006-03-15,2.089
2006-03-16,0.3262
2006-03-17,-0.1478
2006-03-20,0.8289
2006-03-21,-1.1743999999999999
2006-03-22,-0.0891
2006-03-23,1.1002
2006-03-24,-0.7647
2006-03-27,-1.0077
2006-03-28,-1.4371
2006-03-29,5.3463
2006-03-30,0.9516
2006-03-31,0.2856
2006-04-03,-1.2532
2006-04-04,-2.1633
2006-04-05,0.3538
2006-04-06,0.8519
2006-04-07,-2.7673
2006-04-10,-1.408
2006-04-11,-0.3342
2006-04-12,0.3049
2006-04-13,0.0304
2006-04-17,1.337
2006-04-18,3.0885
2006-04-19,0.349
2006-04-20,0.2609
2006-04-21,0.8384
2006-04-24,-0.9174
2006-04-25,2.3437
2006-04-26,0.2827
2006-04-27,4.3135
2006-04-28,0.027
2006-05-01,0.8376
2006-05-02,-0.7503
2006-05-03,-0.567
2006-05-04,1.6019999999999999
2006-05-05,0.0267
2006-05-08,1.2557
2006-05-09,-0.6332
2006-05-10,-1.9118
2006-05-11,-0.5956
2006-05-12,-3.1318
2006-05-15,-0.0562
2006-05-16,-0.7876
2006-05-17,-2.0414
2006-05-18,-1.2446
2006-05-19,0.6741
2006-05-22,2.0087
2006-05-23,-0.8276
2006-05-24,-2.1007
2006-05-25,0.7349
2006-05-26,0.0292
2006-05-30,-3.7048
2006-05-31,-0.2424
2006-06-01,1.3969
2006-06-02,0.6888
2006-06-05,-2.32
2006-06-06,0.0305
2006-06-07,1.3699
2006-06-08,1.3213
2006-06-09,-0.0593
2006-06-12,-4.3298
2006-06-13,-0.496
2006-06-14,-0.0623
2006-06-15,2.7743
2006-06-16,-2.8814
2006-06-19,-3.248
2006-06-20,1.5171000000000001
2006-06-21,2.2576
2006-06-22,0.2799
2006-06-23,-0.155
2006-06-26,1.3043
2006-06-27,-1.3489
2006-06-28,1.2119
2006-06-29,2.9168
2006-06-30,0.6563
2006-07-03,0.3853
2006-07-05,-3.1591
2006-07-06,0.1524
2006-07-07,-1.0654
2006-07-10,-0.6769
2006-07-11,2.1375
2006-07-12,-2.6691000000000003
2006-07-13,-0.8725
2006-07-14,-2.1063
2006-07-17,-0.6101
2006-07-18,2.2294
2006-07-19,2.2756
2006-07-20,-4.0173
2006-07-21,-3.8635
2006-07-24,4.1527
2006-07-25,-1.1897
2006-07-26,-1.5945
2006-07-27,5.2249
2006-07-28,1.8542
2006-07-31,-1.0799
2006-08-01,-1.31
2006-08-02,1.6751
2006-08-03,0.8082
2006-08-04,1.0484
2006-08-07,0.8544
2006-08-08,-0.3026
2006-08-09,1.6995
2006-08-10,1.313
2006-08-11,-0.1473
2006-08-14,1.3274
2006-08-15,2.3581
2006-08-16,2.4175
2006-08-17,0.3888
2006-08-18,0.8299
2006-08-21,-0.0549
2006-08-22,-1.0156
2006-08-23,-1.3311
2006-08-24,-0.9275
2006-08-25,0.4823
2006-08-28,0.1976
2006-08-29,1.3807
2006-08-30,1.0561
2006-08-31,-0.275
2006-09-01,-0.1931
2006-09-05,0.1658
2006-09-06,0.0
2006-09-07,-1.1862
2006-09-08,0.4746
2006-09-11,0.7224
2006-09-12,1.931
2006-09-13,0.4601
2006-09-14,-0.1886
2006-09-15,0.4318
2006-09-18,-0.5375
2006-09-19,-1.3780000000000001
2006-09-20,-0.4932
2006-09-21,-0.3579
2006-09-22,-1.3263
2006-09-25,1.7362
2006-09-26,-0.9909
2006-09-27,-3.3639
2006-09-28,0.8631
2006-09-29,-1.1409
2006-10-02,0.1731
2006-10-03,-1.6129
2006-10-04,2.0199
2006-10-05,1.7791000000000001
2006-10-06,-0.3947
2006-10-09,1.5568
2006-10-10,-2.0067
2006-10-11,1.4505
2006-10-12,2.1587
2006-10-13,0.3842
2006-10-16,0.4921
2006-10-17,-1.1153
2006-10-18,-0.4952
2006-10-19,0.0
2006-10-20,-0.5806
2006-10-23,0.0
2006-10-24,-0.3337
2006-10-25,-0.4185
2006-10-26,-5.5758
2006-10-27,0.9792
2006-10-30,-0.2645
2006-10-31,-5.0383
2006-11-01,0.0
2006-11-02,0.4034
2006-11-03,0.5871
2006-11-06,1.3825
2006-11-07,1.8182
2006-11-08,-1.1905000000000001
2006-11-09,-1.8072
2006-11-10,2.0859
2006-11-13,-0.6911
2006-11-14,2.2088
2006-11-15,0.9177
2006-11-16,0.352
2006-11-17,-2.7477
2006-11-20,0.2104
2006-11-21,1.1398
2006-11-22,0.1483
2006-11-24,-0.1184
2006-11-27,-3.113
2006-11-28,-0.8874
2006-11-29,0.247
2006-11-30,-0.4928
2006-12-01,-1.2690000000000001
2006-12-04,1.2539
2006-12-05,-1.6409
2006-12-06,0.3148
2006-12-07,-1.161
2006-12-08,0.0952
2006-12-11,0.7295
2006-12-12,0.1259
2006-12-13,0.4088
2006-12-14,-0.3132
2006-12-15,0.2513
2006-12-18,-2.319
2006-12-19,0.2567
2006-12-20,-0.256
2006-12-21,-0.4812
2006-12-22,-1.3216999999999999
2006-12-26,2.3195
2006-12-27,1.3729
2006-12-28,-0.063
2006-12-29,-0.5043
2007-01-03,-1.2037
2007-01-04,-0.0641
2007-01-05,-2.2457
2007-01-08,-0.9846
2007-01-09,0.0
2007-01-10,-0.7623
2007-01-11,0.1336
2007-01-12,0.1334
2007-01-16,-0.0666
2007-01-17,0.2667
2007-01-18,-0.0997
2007-01-19,1.1647
2007-01-22,-1.4144999999999999
2007-01-23,0.1335
2007-01-24,2.1993
2007-01-25,-0.3587
2007-01-26,0.3599
2007-01-29,-0.9782
2007-01-30,1.4159
2007-01-31,-0.1948
2007-02-01,-1.1061
2007-02-02,-0.9539
2007-02-05,-0.1328
2007-02-06,-1.2305
2007-02-07,0.7407
2007-02-08,0.0668
2007-02-09,0.3674
2007-02-12,-0.2329
2007-02-13,1.4343
2007-02-14,0.855
2007-02-15,-0.2282
2007-02-16,1.0784
2007-02-20,0.4526
2007-02-21,1.9633
2007-02-22,-0.5682
2007-02-23,-0.6667
2007-02-26,-0.1598
2007-02-27,-2.9129
2007-02-28,-0.8902
2007-03-01,0.4657
2007-03-02,-2.5166
2007-03-05,-1.6303999999999998
2007-03-06,1.8992
2007-03-07,-0.61
2007-03-08,-1.432
2007-03-09,2.0408
2007-03-12,1.8643999999999998
2007-03-13,-2.3295
2007-03-14,0.1022
2007-03-15,1.0892
2007-03-16,-0.303
2007-03-19,0.8105
2007-03-20,1.7085
2007-03-21,0.9552
2007-03-22,-0.2284
2007-03-23,1.3734
2007-03-26,0.1935
2007-03-27,-0.0966
2007-03-28,0.5156
2007-03-29,1.0901
2007-03-30,0.666
2007-04-02,-0.5986
2007-04-03,0.5388
2007-04-04,0.0315
2007-04-05,-0.1261
2007-04-09,-0.5049
2007-04-10,0.3806
2007-04-11,-0.4423
2007-04-12,0.603
2007-04-13,0.6309
2007-04-16,1.6614
2007-04-17,-0.5242
2007-04-18,-1.1159
2007-04-19,-0.4075
2007-04-20,1.3535
2007-04-23,-1.1801
2007-04-24,0.0943
2007-04-25,0.5965
2007-04-26,0.5306
2007-04-27,-1.5834000000000001
2007-04-30,-0.9779
2007-05-01,-0.0319
2007-05-02,0.8604
2007-05-03,-1.1374
2007-05-04,0.9268
2007-05-07,-0.665
2007-05-08,-1.0838
2007-05-09,0.3223
2007-05-10,-3.7906
2007-05-11,1.6027
2007-05-14,-2.2346
2007-05-15,-1.4622
2007-05-16,0.904
2007-05-17,-0.9466
2007-05-18,1.0239
2007-05-21,0.7432
2007-05-22,2.5151
2007-05-23,0.4253
2007-05-24,-0.9772
2007-05-25,-0.4276
2007-05-29,1.9822
2007-05-30,1.0366
2007-05-31,-0.545
2007-06-01,-0.1934
2007-06-04,0.4845
2007-06-05,-0.7715
2007-06-06,-0.8422
2007-06-07,0.0
2007-06-08,-0.4574
2007-06-11,-0.8533
2007-06-12,-1.0262
2007-06-13,0.8696
2007-06-14,0.5968
2007-06-15,1.5491000000000001
2007-06-18,1.2658
2007-06-19,0.5128
2007-06-20,-1.8495
2007-06-21,-0.0325
2007-06-22,-1.17
2007-06-25,1.7757
2007-06-26,-0.517
2007-06-27,0.8444
2007-06-28,-0.6119
2007-06-29,-1.1342
2007-07-02,1.7044000000000001
2007-07-03,0.3867
2007-07-05,0.321
2007-07-06,0.064
2007-07-09,-0.7035
2007-07-10,-2.2544
2007-07-11,0.1647
2007-07-12,2.3684
2007-07-13,0.3535
2007-07-16,-1.8252000000000002
2007-07-17,0.7502
2007-07-18,0.259
2007-07-19,0.4843
2007-07-20,-1.3817
2007-07-23,1.2056
2007-07-24,-1.4809999999999999
2007-07-25,-0.2941
2007-07-26,-1.5405
2007-07-27,-3.4621
2007-07-30,0.8621
2007-07-31,-1.0256
2007-08-01,0.38
2007-08-02,0.8603
2007-08-03,-2.2177
2007-08-06,0.5932
2007-08-07,-0.0694
2007-08-08,1.5967
2007-08-09,-5.5687999999999995
2007-08-10,2.9305
2007-08-13,-0.9139
2007-08-14,-0.9223
2007-08-15,0.6803
2007-08-16,1.138
2007-08-17,0.6681
2007-08-20,4.0866
2007-08-21,0.1342
2007-08-22,0.7038
2007-08-23,-0.9318
2007-08-24,2.4521
2007-08-27,-0.6885
2007-08-28,-3.1363
2007-08-29,2.4199
2007-08-30,-0.599
2007-08-31,0.7365
2007-09-04,0.8308
2007-09-05,-0.5603
2007-09-06,-0.3977
2007-09-07,-1.2646
2007-09-10,-0.4719
2007-09-11,0.3725
2007-09-12,-0.0675
2007-09-13,-0.4727
2007-09-14,0.7123
2007-09-17,-2.1219
2007-09-18,5.4714
2007-09-19,0.4241
2007-09-20,-0.0975
2007-09-21,0.6504
2007-09-24,-0.42
2007-09-25,-1.6223
2007-09-26,1.4512
2007-09-27,-0.065
2007-09-28,4.3591
2007-10-01,1.995
2007-10-02,0.7029
2007-10-03,-1.214
2007-10-04,-0.9524
2007-10-05,0.3102
2007-10-08,0.3092
2007-10-09,-1.1714
2007-10-10,1.7779
2007-10-11,-0.2145
2007-10-12,1.4128
2007-10-15,-0.4846
2007-10-16,-0.0913
2007-10-17,-0.0305
2007-10-18,-0.518
2007-10-19,-1.072
2007-10-22,1.4241
2007-10-23,0.0305
2007-10-24,-1.4647999999999999
2007-10-25,-0.96
2007-10-26,1.6886
2007-10-29,-0.4613
2007-10-30,-0.1854
2007-10-31,1.5166
2007-11-01,-5.3963
2007-11-02,1.708
2007-11-05,-3.6439
2007-11-06,1.5127000000000002
2007-11-07,-1.7492999999999999
2007-11-08,-1.8134000000000001
2007-11-09,-4.3653
2007-11-12,1.9312
2007-11-13,0.0
2007-11-14,-0.2067
2007-11-15,0.1381
2007-11-16,-0.1034
2007-11-19,-1.5873
2007-11-20,0.7363
2007-11-21,0.4873
2007-11-23,1.1431
2007-11-26,-2.2603
2007-11-27,2.0673
2007-11-28,2.609
2007-11-29,-1.4052
2007-11-30,-2.3753
2007-12-03,-0.4171
2007-12-04,-3.4555
2007-12-05,0.5785
2007-12-06,0.647
2007-12-07,0.7857
2007-12-10,-0.4607
2007-12-11,-0.534
2007-12-12,0.7158
2007-12-13,-0.4264
2007-12-14,-0.7852
2007-12-17,-2.2302
2007-12-18,-8.0206
2007-12-19,2.2
2007-12-20,-0.1957
2007-12-21,0.1961
2007-12-24,-0.5871
2007-12-26,-1.7323
2007-12-27,1.1619
2007-12-28,0.0
2007-12-31,-0.7129
2008-01-02,-0.8775
2008-01-03,-2.4547
2008-01-04,-2.434
2008-01-07,-2.6216
2008-01-08,-0.7382
2008-01-09,4.112
2008-01-10,-1.2605
2008-01-11,-1.2766
2008-01-14,-1.7241
2008-01-15,-1.2719
2008-01-16,2.6211
2008-01-17,1.1688
2008-01-18,0.9842
2008-01-22,5.5085
2008-01-23,-4.9398
2008-01-24,2.6616
2008-01-25,0.823
2008-01-28,-2.0408
2008-01-29,0.625
2008-01-30,1.4493
2008-01-31,6.1224
2008-02-01,0.9615
2008-02-04,0.381
2008-02-05,-0.9488
2008-02-06,0.1916
2008-02-07,0.4589
2008-02-08,0.6852
2008-02-11,0.3781
2008-02-12,-0.565
2008-02-13,8.6364
2008-02-14,0.2441
2008-02-15,-0.5217
2008-02-19,-1.0839
2008-02-20,1.3432
2008-02-21,-0.2442
2008-02-22,0.4021
2008-02-25,-0.9925
2008-02-26,1.407
2008-02-27,-0.6243
2008-02-28,-0.3839
2008-02-29,-0.3504
2008-03-03,-0.0703
2008-03-04,0.1407
2008-03-05,-0.4919
2008-03-06,-0.6356
2008-03-07,-0.462
2008-03-10,0.7497
2008-03-11,0.815
2008-03-12,0.7733
2008-03-13,-0.1744
2008-03-14,0.2795
2008-03-17,-0.8014
2008-03-18,-1.3699
2008-03-19,-0.5342
2008-03-20,-0.6803
2008-03-24,0.5768
2008-03-25,0.1075
2008-03-26,0.3222
2008-03-27,-0.9636
2008-03-28,0.4685
2008-03-31,0.0359
2008-04-01,0.6812
2008-04-02,0.3561
2008-04-03,1.242
2008-04-04,1.1672
2008-04-07,0.9597
2008-04-08,1.0295
2008-04-09,-0.7813
2008-04-10,0.1712
2008-04-11,-2.3582
2008-04-14,0.84
2008-04-15,1.8742999999999999
2008-04-16,0.7496
2008-04-17,-0.0676
2008-04-18,0.9814
2008-04-21,0.0335
2008-04-22,0.067
2008-04-23,-0.1674
2008-04-24,2.3810000000000002
2008-04-25,0.262
2008-04-28,-4.639
2008-04-29,1.062
2008-04-30,1.0169
2008-05-01,0.5705
2008-05-02,0.0334
2008-05-05,-2.3682
2008-05-06,2.1524
2008-05-07,-0.5351
2008-05-08,-0.3026
2008-05-09,0.4047
2008-05-12,0.7726
2008-05-13,0.0667
2008-05-14,0.5996
2008-05-15,0.1987
2008-05-16,-0.727
2008-05-19,2.0306
2008-05-20,-0.783
2008-05-21,-0.8221
2008-05-22,0.7294
2008-05-23,-0.79
2008-05-27,-0.1327
2008-05-28,0.4319
2008-05-29,-0.3308
2008-05-30,0.4647
2008-06-02,-0.892
2008-06-03,1.0333
2008-06-04,1.9795
2008-06-05,1.9735
2008-06-06,-0.7931
2008-06-09,3.0381
2008-06-10,0.7449
2008-06-11,0.0308
2008-06-12,-0.616
2008-06-13,2.9749
2008-06-16,0.3611
2008-06-17,0.5097
2008-06-18,0.8353
2008-06-19,-1.9822
2008-06-20,-0.9357
2008-06-23,-0.2742
2008-06-24,-2.5359
2008-06-25,-0.4075
2008-06-26,-2.3292
2008-06-27,-1.3213
2008-06-30,-2.3841
2008-07-01,0.6691
2008-07-02,-1.562
2008-07-03,0.2701
2008-07-07,-1.7845
2008-07-08,6.7878
2008-07-09,-1.7014
2008-07-10,2.1555
2008-07-11,1.2147999999999999
2008-07-14,-1.2003
2008-07-15,-1.3427
2008-07-16,1.7498
2008-07-17,4.0446
2008-07-18,-0.9795
2008-07-21,1.1128
2008-07-22,2.3846
2008-07-23,-1.3437000000000001
2008-07-24,-1.2107
2008-07-25,2.1752
2008-07-28,-0.5397
2008-07-29,1.7486000000000002
2008-07-30,-5.7778
2008-07-31,8.4906
2008-08-01,-1.1884000000000001
2008-08-04,-0.1173
2008-08-05,1.1454
2008-08-06,3.8037
2008-08-07,-0.1119
2008-08-08,4.5926
2008-08-11,-0.6426
2008-08-12,0.7545
2008-08-13,1.1768
2008-08-14,0.7402
2008-08-15,-4.3558
2008-08-18,1.1248
2008-08-19,-1.7363
2008-08-20,-1.2147999999999999
2008-08-21,-1.09
2008-08-22,0.4521
2008-08-25,-1.4909
2008-08-26,1.0565
2008-08-27,1.6389
2008-08-28,1.8071000000000002
2008-08-29,-2.0481
2008-09-02,-0.4182
2008-09-03,0.6719
2008-09-04,-3.7542
2008-09-05,1.2713
2008-09-08,2.7960000000000003
2008-09-09,-1.0547
2008-09-10,2.1599
2008-09-11,0.1098
2008-09-12,0.5211
2008-09-15,-3.7653
2008-09-16,4.905
2008-09-17,-5.1892
2008-09-18,4.732
2008-09-19,0.7077
2008-09-22,-1.7297
2008-09-23,-0.5501
2008-09-24,-2.6825
2008-09-25,0.6252
2008-09-26,-1.1861
2008-09-29,-4.4013
2008-09-30,6.2780000000000005
2008-10-01,-5.4008
2008-10-02,-1.8733
2008-10-03,0.0303
2008-10-06,-0.2424
2008-10-07,-4.4336
2008-10-08,-2.7963
2008-10-09,-6.8323
2008-10-10,3.7895
2008-10-13,-1.8932
2008-10-14,-1.2061
2008-10-15,-9.9756
2008-10-16,2.7509
2008-10-17,-4.638
2008-10-20,4.745
2008-10-21,-5.6625
2008-10-22,-6.0824
2008-10-23,0.98
2008-10-24,-4.346
2008-10-27,-2.382
2008-10-28,6.5974
2008-10-29,1.1022
2008-10-30,4.0252
2008-10-31,1.975
2008-11-03,-0.2372
2008-11-04,3.645
2008-11-05,-6.1927
2008-11-06,-3.0562
2008-11-07,2.9844
2008-11-10,-2.2449
2008-11-11,-0.9603
2008-11-12,-3.0354
2008-11-13,8.7391
2008-11-14,-6.1575
2008-11-17,-1.3208
2008-11-18,0.7772
2008-11-19,-2.9563
2008-11-20,-5.1656
2008-11-21,11.1732
2008-11-24,4.6901
2008-11-25,0.72
2008-11-26,0.5957
2008-11-28,-1.7370999999999999
2008-12-01,-11.6914
2008-12-02,6.4604
2008-12-03,-2.0513
2008-12-04,-3.8394
2008-12-05,-3.539
2008-12-08,3.0103
2008-12-09,-1.5068000000000001
2008-12-10,0.0927
2008-12-11,-3.7054
2008-12-12,2.9341
2008-12-15,-3.4579
2008-12-16,4.7919
2008-12-17,-0.0462
2008-12-18,1.3862999999999999
2008-12-19,0.7293
2008-12-22,-2.3077
2008-12-23,-1.6674
2008-12-24,-1.9312
2008-12-26,-0.6244
2008-12-29,-1.595
2008-12-30,4.0275
2008-12-31,1.322
2009-01-02,1.8639000000000001
2009-01-05,-0.7319
2009-01-06,2.765
2009-01-07,-0.4484
2009-01-08,0.0
2009-01-09,-1.036
2009-01-12,-0.6827
2009-01-13,0.3666
2009-01-14,-7.5799
2009-01-15,-0.1976
2009-01-16,0.3465
2009-01-20,-5.9201
2009-01-21,2.2549
2009-01-22,-4.7692
2009-01-23,-1.4001000000000001
2009-01-26,0.3823
2009-01-27,-0.7617
2009-01-28,3.125
2009-01-29,-2.6582
2009-01-30,-1.2015
2009-02-02,0.8292
2009-02-03,-3.3443
2009-02-04,-2.042
2009-02-05,13.3179
2009-02-06,2.4016
2009-02-09,1.9461
2009-02-10,-9.7895
2009-02-11,-4.4493
2009-02-12,-2.7824999999999998
2009-02-13,4.1472
2009-02-17,-3.9821
2009-02-18,-5.1402
2009-02-19,-2.9557
2009-02-20,0.5076
2009-02-23,0.7576
2009-02-24,0.4386
2009-02-25,-4.242
2009-02-26,-0.3257
2009-02-27,0.0
2009-03-02,-1.5032999999999999
2009-03-03,-2.787
2009-03-04,1.5017
2009-03-05,-2.421
2009-03-06,1.5851
2009-03-09,-1.5604
2009-03-10,4.9620999999999995
2009-03-11,-0.1313
2009-03-12,3.6818
2009-03-13,3.8681
2009-03-16,0.3663
2009-03-17,2.6764
2009-03-18,2.5474
2009-03-19,1.2709
2009-03-20,-1.312
2009-03-23,7.7457
2009-03-24,-3.0579
2009-03-25,-0.3874
2009-03-26,3.8889
2009-03-27,-5.4011
2009-03-30,-0.961
2009-03-31,-1.5411000000000001
2009-04-01,4.1159
2009-04-02,2.951
2009-04-03,0.0541
2009-04-06,-3.4054
2009-04-07,-5.8198
2009-04-08,2.6738
2009-04-09,5.2661999999999995
2009-04-13,-2.0891
2009-04-14,-2.5827999999999998
2009-04-15,3.7464
2009-04-16,2.2778
2009-04-17,1.032
2009-04-20,-4.1935
2009-04-21,4.5455
2009-04-22,-1.5030000000000001
2009-04-23,0.8719
2009-04-24,1.2426
2009-04-27,0.9072
2009-04-28,0.2644
2009-04-29,2.8481
2009-04-30,-2.5641
2009-05-01,0.4737
2009-05-04,2.1477
2009-05-05,-1.1282
2009-05-06,-0.2593
2009-05-07,-2.1321
2009-05-08,-3.8257
2009-05-11,2.3204000000000002
2009-05-12,-1.5659
2009-05-13,-3.3461
2009-05-14,2.8944
2009-05-15,-0.9377
2009-05-18,3.8419
2009-05-19,0.0536
2009-05-20,2.358
2009-05-21,0.6283
2009-05-22,-0.3642
2009-05-26,2.8721
2009-05-27,-2.7919
2009-05-28,-0.2089
2009-05-29,2.1455
2009-06-01,2.2541
2009-06-02,-0.3006
2009-06-03,0.201
2009-06-04,1.3039
2009-06-05,0.1485
2009-06-08,-0.692
2009-06-09,0.0
2009-06-10,0.9955
2009-06-11,1.3307
2009-06-12,1.6537
2009-06-15,-0.2871
2009-06-16,-1.0077
2009-06-17,0.921
2009-06-18,-0.2402
2009-06-19,0.6259
2009-06-22,-0.8134
2009-06-23,-0.0482
2009-06-24,1.3514
2009-06-25,1.0476
2009-06-26,-0.9896
2009-06-29,-1.9515
2009-06-30,0.3883
2009-07-01,-0.3868
2009-07-02,-1.068
2009-07-06,-2.6006
2009-07-07,-2.8715
2009-07-08,-1.1411
2009-07-09,-0.1574
2009-07-10,-0.7357
2009-07-13,2.2763
2009-07-14,-1.087
2009-07-15,5.0235
2009-07-16,0.7474
2009-07-17,-0.9397
2009-07-20,-1.3979
2009-07-21,-0.2025
2009-07-22,0.3551
2009-07-23,-0.9606
2009-07-24,-0.4084
2009-07-27,1.1789
2009-07-28,0.6079
2009-07-29,-1.5106000000000002
2009-07-30,1.6871
2009-07-31,-1.3575
2009-08-03,1.682
2009-08-04,-0.5013
2009-08-05,-1.9647000000000001
2009-08-06,0.8222
2009-08-07,2.2426
2009-08-10,7.9262
2009-08-11,-0.7852
2009-08-12,0.9777
2009-08-13,-0.0461
2009-08-14,-0.0461
2009-08-17,0.0
2009-08-18,1.7536
2009-08-19,0.1361
2009-08-20,1.3587
2009-08-21,2.8597
2009-08-24,-0.1738
2009-08-25,-0.1305
2009-08-26,0.8715
2009-08-27,-0.2592
2009-08-28,-0.563
2009-08-31,-2.6132
2009-09-01,-1.5653000000000001
2009-09-02,1.8174000000000001
2009-09-03,1.5617999999999999
2009-09-04,0.5272
2009-09-08,0.6993
2009-09-09,0.1736
2009-09-10,-0.1733
2009-09-11,0.1736
2009-09-14,2.643
2009-09-15,4.9388
2009-09-16,2.1319
2009-09-17,0.4726
2009-09-18,-0.1176
2009-09-21,-2.1978
2009-09-22,-1.6453
2009-09-23,-2.04
2009-09-24,-2.7072000000000003
2009-09-25,-0.4281
2009-09-28,1.2038
2009-09-29,-1.7842
2009-09-30,0.8651
2009-10-01,-1.3721999999999999
2009-10-02,-0.1304
2009-10-05,1.5673
2009-10-06,1.9287999999999998
2009-10-07,0.1682
2009-10-08,1.0076
2009-10-09,4.1978
2009-10-12,0.5185
2009-10-13,-1.2698
2009-10-14,4.4212
2009-10-15,0.5004
2009-10-16,0.3447
2009-10-19,2.7862999999999998
2009-10-20,-1.6339000000000001
2009-10-21,-2.3028
2009-10-22,-0.6569
2009-10-23,0.0778
2009-10-26,1.3214000000000001
2009-10-27,1.3042
2009-10-28,-2.6505
2009-10-29,2.7227
2009-10-30,-4.8466000000000005
2009-11-02,-0.3183
2009-11-03,0.6387
2009-11-04,-1.4677
2009-11-05,5.3543
2009-11-06,2.9805
2009-11-09,0.1484
2009-11-10,-4.5943000000000005
2009-11-11,0.4272
2009-11-12,0.0773
2009-11-13,2.3957
2009-11-16,3.0566
2009-11-17,-0.1465
2009-11-18,-1.1001
2009-11-19,-2.5955
2009-11-20,-0.4187
2009-11-23,1.2997
2009-11-24,0.4528
2009-11-25,-0.1503
2009-11-27,-2.6336
2009-11-30,-1.7774
2009-12-01,2.9898
2009-12-02,1.0695000000000001
2009-12-03,-2.2298
2009-12-04,2.8218
2009-12-07,0.9398
2009-12-08,-1.1173
2009-12-09,0.0753
2009-12-10,-1.2796
2009-12-11,0.3431
2009-12-14,0.8739
2009-12-15,1.8832
2009-12-16,0.6285
2009-12-17,0.7715
2009-12-18,1.7135
2009-12-21,0.5735
2009-12-22,1.3899
2009-12-23,3.0931
2009-12-24,0.2728
2009-12-28,2.6862
2009-12-29,-0.5298
2009-12-30,-0.4993
2009-12-31,-0.5353
2010-01-04,0.5718
2010-01-05,-0.1672
2010-01-06,-0.402
2010-01-07,-1.7490999999999999
2010-01-08,-0.7874
2010-01-11,-0.6211
2010-01-12,-0.2083
2010-01-13,0.3479
2010-01-14,1.4216
2010-01-15,-0.8547
2010-01-19,0.931
2010-01-20,-0.8541
2010-01-21,-0.6547
2010-01-22,-3.9195
2010-01-25,-1.9134
2010-01-26,-3.018
2010-01-27,1.4421
2010-01-28,0.0
2010-01-29,11.0363
2010-02-01,0.1348
2010-02-02,1.6824
2010-02-03,1.5222
2010-02-04,-2.0535
2010-02-05,-0.9318
2010-02-08,-1.2765
2010-02-09,0.7486
2010-02-10,-0.2702
2010-02-11,2.5059
2010-02-12,-0.033
2010-02-16,1.2558
2010-02-17,2.4151
2010-02-18,0.1593
2010-02-19,0.1591
2010-02-22,1.6200999999999999
2010-02-23,-1.1566
2010-02-24,0.5693
2010-02-25,0.7233
2010-02-26,-0.7493
2010-03-01,1.1639
2010-03-02,0.7152
2010-03-03,1.6981000000000002
2010-03-04,-3.4608
2010-03-05,1.5093999999999999
2010-03-08,1.1461999999999999
2010-03-09,0.4594
2010-03-10,0.6707
2010-03-11,-1.6051
2010-03-12,-1.0465
2010-03-15,1.6174
2010-03-16,0.7958
2010-03-17,-0.911
2010-03-18,0.8888
2010-03-19,-2.6428000000000003
2010-03-22,0.9984
2010-03-23,1.7917999999999998
2010-03-24,-2.5797
2010-03-25,0.4673
2010-03-26,-0.5891
2010-03-29,0.7798
2010-03-30,0.4024
2010-03-31,-1.4797
2010-04-01,0.1252
2010-04-05,1.3125
2010-04-06,0.1851
2010-04-07,-1.0468
2010-04-08,-0.1245
2010-04-09,-0.5607
2010-04-12,1.7231
2010-04-13,-0.8623
2010-04-14,2.1746
2010-04-15,-0.7297
2010-04-16,0.49
2010-04-19,-0.6705
2010-04-20,0.4296
2010-04-21,1.6499000000000001
2010-04-22,3.7872
2010-04-23,1.4769999999999999
2010-04-26,-0.9418
2010-04-27,2.9962999999999997
2010-04-28,1.5944
2010-04-29,-3.2214
2010-04-30,7.0555
2010-05-03,1.5945
2010-05-04,-0.9678
2010-05-05,-4.2789
2010-05-06,-2.3731
2010-05-07,-0.9045
2010-05-10,4.6207
2010-05-11,-0.3817
2010-05-12,0.7663
2010-05-13,-0.8148
2010-05-14,-1.2596
2010-05-17,1.9412
2010-05-18,-2.2851
2010-05-19,0.3341
2010-05-20,-5.7158999999999995
2010-05-21,1.6480000000000001
2010-05-24,-1.1002
2010-05-25,1.2002
2010-05-26,-0.7232
2010-05-27,3.4091
2010-05-28,-0.5354
2010-06-01,0.1133
2010-06-02,0.0566
2010-06-03,0.0
2010-06-04,-2.8281
2010-06-07,-2.7357
2010-06-08,0.2394
2010-06-09,0.597
2010-06-10,2.4629
2010-06-11,0.5213
2010-06-14,0.6338
2010-06-15,1.3742
2010-06-16,0.2542
2010-06-17,0.0282
2010-06-18,0.9012
2010-06-21,-1.3117
2010-06-22,-0.509
2010-06-23,0.5969
2010-06-24,-2.4018
2010-06-25,4.806
2010-06-28,0.9669
2010-06-29,-4.186
2010-06-30,-2.056
2010-07-01,-1.4577
2010-07-02,-1.213
2010-07-06,-1.6771
2010-07-07,3.6247
2010-07-08,0.823
2010-07-09,0.0583
2010-07-12,-0.5245
2010-07-13,4.9795
2010-07-14,-0.4743
2010-07-15,0.4766
2010-07-16,-1.5067
2010-07-19,1.3881000000000001
2010-07-20,0.8382
2010-07-21,-1.4408
2010-07-22,2.727
2010-07-23,1.7515
2010-07-26,2.2862
2010-07-27,-0.9466
2010-07-28,-1.0352999999999999
2010-07-29,4.882
2010-07-30,-5.3197
2010-08-02,0.1891
2010-08-03,-0.1618
2010-08-04,1.1882
2010-08-05,-0.8273
2010-08-06,0.4306
2010-08-09,1.8489
2010-08-10,-0.8419
2010-08-11,-3.3961
2010-08-12,-1.0986
2010-08-13,-1.7772999999999999
2010-08-16,2.1204
2010-08-17,3.0177
2010-08-18,0.0403
2010-08-19,-1.7596
2010-08-20,-0.0273
2010-08-23,-0.7659
2010-08-24,-0.0276
2010-08-25,1.351
2010-08-26,0.9793
2010-08-27,1.1584
2010-08-30,-1.3316
2010-08-31,0.2699
2010-09-01,2.4764
2010-09-02,-0.0525
2010-09-03,1.025
2010-09-07,-0.9365
2010-09-08,0.4727
2010-09-09,-0.2875
2010-09-10,0.0786
2010-09-13,0.4976
2010-09-14,1.2770000000000001
2010-09-15,-0.6433
2010-09-16,-1.1137
2010-09-17,1.231
2010-09-20,3.1565
2010-09-21,-0.6521
2010-09-22,-0.9341
2010-09-23,-1.58
2010-09-24,2.6151999999999997
2010-09-27,-0.2271
2010-09-28,1.6439
2010-09-29,-0.3235
2010-09-30,-0.1248
2010-10-01,0.4749
2010-10-04,-2.3134
2010-10-05,3.6669
2010-10-06,-2.5792
2010-10-07,1.5885
2010-10-08,1.9856
2010-10-11,-0.219
2010-10-12,-0.8293
2010-10-13,1.1804999999999999
2010-10-14,0.5834
2010-10-15,-0.6283
2010-10-18,1.5321
2010-10-19,-1.7485
2010-10-20,1.2677
2010-10-21,-0.0481
2010-10-22,-0.7707
2010-10-25,1.068
2010-10-26,-0.2402
2010-10-27,-0.4574
2010-10-28,2.636
2010-10-29,-1.131
2010-11-01,1.8827
2010-11-02,1.5439
2010-11-03,2.1424
2010-11-04,0.2706
2010-11-05,0.8772
2010-11-08,-0.8919
2010-11-09,-2.0472
2010-11-10,0.0919
2010-11-11,-1.1244
2010-11-12,-1.6245
2010-11-15,-0.5662
2010-11-16,0.0237
2010-11-17,-0.2372
2010-11-18,2.7104
2010-11-19,-0.4861
2010-11-22,0.0
2010-11-23,-2.489
2010-11-24,2.0277
2010-11-26,-0.2572
2010-11-29,-1.4768
2010-11-30,-1.7130999999999998
2010-12-01,3.5585
2010-12-02,1.7064
2010-12-03,1.379
2010-12-06,1.2469000000000001
2010-12-07,-0.4478
2010-12-08,0.9897
2010-12-09,-0.1114
2010-12-10,-0.1561
2010-12-13,-0.6253
2010-12-14,0.6517
2010-12-15,0.1563
2010-12-16,1.8502
2010-12-17,2.2981
2010-12-20,-0.706
2010-12-21,0.0431
2010-12-22,-0.1723
2010-12-23,0.0539
2010-12-27,0.0755
2010-12-28,0.9481
2010-12-29,-0.8751
2010-12-30,-1.292
2010-12-31,-1.5271
2011-01-03,2.747
2011-01-04,-0.7978
2011-01-05,1.2171
2011-01-06,0.9448
2011-01-07,0.702
2011-01-10,1.542
2011-01-11,-0.1997
2011-01-12,0.617
2011-01-13,0.7044
2011-01-14,1.0286
2011-01-18,-0.4072
2011-01-19,-0.8587
2011-01-20,-0.9899
2011-01-21,-2.6869
2011-01-24,1.1772
2011-01-25,-0.7404
2011-01-26,1.9607999999999999
2011-01-27,-0.857
2011-01-28,12.6713
2011-01-31,0.2058
2011-02-01,-0.0747
2011-02-02,1.5137
2011-02-03,0.3314
2011-02-04,-0.3486
2011-02-07,2.0991
2011-02-08,1.2083
2011-02-09,-0.2138
2011-02-10,2.3214
2011-02-11,3.0192
2011-02-14,3.3373
2011-02-15,-0.9344
2011-02-16,1.1253
2011-02-17,0.6382
2011-02-18,-0.5528
2011-02-22,-3.5154
2011-02-23,-1.0168
2011-02-24,1.1813
2011-02-25,3.2487
2011-02-28,1.1963
2011-03-01,-1.1984
2011-03-02,-1.3604
2011-03-03,3.3898
2011-03-04,0.1125
2011-03-07,-1.6054
2011-03-08,0.3508
2011-03-09,-2.8047
2011-03-10,-4.0147
2011-03-11,1.4814
2011-03-14,-2.1467
2011-03-15,-9.0383
2011-03-16,2.6818
2011-03-17,-0.6576
2011-03-18,3.0641
2011-03-21,4.8449
2011-03-22,0.1925
2011-03-23,-1.0307
2011-03-24,-0.0883
2011-03-25,3.2332
2011-03-28,-0.753
2011-03-29,0.1724
2011-03-30,0.1721
2011-03-31,-0.1375
2011-04-01,-0.9465
2011-04-04,0.6949
2011-04-05,0.1898
2011-04-06,-4.3396
2011-04-07,0.018
2011-04-08,-1.1519
2011-04-11,1.0015
2011-04-12,-4.543
2011-04-13,2.1907
2011-04-14,-0.4805
2011-04-15,1.9499
2011-04-18,-2.4044
2011-04-19,2.2396
2011-04-20,4.0891
2011-04-21,0.2631
2011-04-25,-0.2449
2011-04-26,3.8839
2011-04-27,3.8231
2011-04-28,3.6579
2011-04-29,-1.9605000000000001
2011-05-02,-0.8799
2011-05-03,-2.8405
2011-05-04,3.5714
2011-05-05,-4.154
2011-05-06,-1.2383
2011-05-09,0.593
2011-05-10,1.4822
2011-05-11,-3.6846
2011-05-12,0.3791
2011-05-13,-1.8369
2011-05-16,-3.3054
2011-05-17,-1.0852
2011-05-18,0.9325
2011-05-19,1.3949
2011-05-20,0.7861
2011-05-23,-2.0032
2011-05-24,-2.1708
2011-05-25,-0.1294
2011-05-26,0.1296
2011-05-27,2.4038
2011-05-31,1.3001
2011-06-01,-5.1872
2011-06-02,1.4194
2011-06-03,-3.0865
2011-06-06,-2.7927
2011-06-07,0.6297
2011-06-08,-0.9973
2011-06-09,-0.6123
2011-06-10,-0.4769
2011-06-13,-1.0783
2011-06-14,4.0977
2011-06-15,-2.7148
2011-06-16,-0.3588
2011-06-17,-0.7602
2011-06-20,1.2497
2011-06-21,4.6188
2011-06-22,-0.9324
2011-06-23,-1.1909
2011-06-24,0.7582
2011-06-27,0.3666
2011-06-28,2.922
2011-06-29,0.2055
2011-06-30,3.0196
2011-07-01,1.3027
2011-07-05,1.9111
2011-07-06,2.6814
2011-07-07,1.7409
2011-07-08,-0.7046
2011-07-11,-2.3653
2011-07-12,-3.1147
2011-07-13,0.0
2011-07-14,-4.5008
2011-07-15,0.2244
2011-07-18,-0.2426
2011-07-19,2.7497
2011-07-20,-0.0182
2011-07-21,4.3154
2011-07-22,1.2393
2011-07-25,0.0517
2011-07-26,-0.517
2011-07-27,-5.8029
2011-07-28,-7.3924
2011-07-29,-4.6267
2011-08-01,-1.6032
2011-08-02,-1.0368
2011-08-03,2.4375
2011-08-04,-5.7817
2011-08-05,-1.5729
2011-08-08,-7.2699
2011-08-09,7.5
2011-08-10,-6.48
2011-08-11,8.7156
2011-08-12,0.5774
2011-08-15,3.9302
2011-08-16,-3.7391
2011-08-17,-2.0967
2011-08-18,-9.7836
2011-08-19,-2.1739
2011-08-22,-0.5875
2011-08-23,6.3464
2011-08-24,-0.0242
2011-08-25,-3.8424
2011-08-26,4.1719
2011-08-29,3.5223
2011-08-30,1.1885
2011-08-31,1.8194
2011-09-01,-0.9726
2011-09-02,-6.5327
2011-09-06,-2.2727
2011-09-07,4.4761
2011-09-08,-2.0345
2011-09-09,-2.4188
2011-09-12,4.006
2011-09-13,2.287
2011-09-14,1.2003
2011-09-15,0.6279
2011-09-16,1.2018
2011-09-19,2.512
2011-09-20,-0.3342
2011-09-21,-0.7376
2011-09-22,-3.4001
2011-09-23,0.4429
2011-09-26,2.7617000000000003
2011-09-27,2.8907
2011-09-28,-6.1238
2011-09-29,2.5484999999999998
2011-09-30,-2.052
2011-10-03,-5.7263
2011-10-04,6.8889
2011-10-05,3.7884
2011-10-06,-0.7345
2011-10-07,-3.9462
2011-10-10,6.6293
2011-10-11,4.225
2011-10-12,1.3653
2011-10-13,-0.3315
2011-10-14,1.9543
2011-10-17,-4.0783
2011-10-18,4.3367
2011-10-19,-3.4026
2011-10-20,-1.3498999999999999
2011-10-21,3.4424
2011-10-24,4.4233
2011-10-25,-5.483
2011-10-26,1.8429
2011-10-27,9.4181
2011-10-28,-1.184
2011-10-31,-3.062
2011-11-01,-4.9637
2011-11-02,2.4979
2011-11-03,8.4794
2011-11-04,-1.0397
2011-11-07,-0.9756
2011-11-08,1.2884
2011-11-09,-6.3786
2011-11-10,0.4396
2011-11-11,4.1774000000000004
2011-11-14,-2.215
2011-11-15,2.6753
2011-11-16,-3.024
2011-11-17,-2.4318
2011-11-18,-0.1809
2011-11-21,-3.4031000000000002
2011-11-22,-0.0625
2011-11-23,-3.8173
2011-11-25,-1.0193
2011-11-28,5.8282
2011-11-29,-1.7805
2011-11-30,7.0826
2011-12-01,-0.1575
2011-12-02,-0.0394
2011-12-05,1.9329
2011-12-06,0.1548
2011-12-07,1.5455999999999999
2011-12-08,0.2854
2011-12-09,2.4853
2011-12-12,-1.0552
2011-12-13,-0.9355
2011-12-14,-3.5505
2011-12-15,1.2923
2011-12-16,-0.348
2011-12-19,-2.9874
2011-12-20,4.5591
2011-12-21,-0.1147
2011-12-22,1.2445
2011-12-23,0.7375
2011-12-27,2.309
2011-12-28,-3.5413
2011-12-29,1.5408
2011-12-30,-2.0794
2012-01-03,2.5445
2012-01-04,-1.4365999999999999
2012-01-05,-0.0757
2012-01-06,-0.9471
2012-01-09,0.3442
2012-01-10,3.7355
2012-01-11,4.0051
2012-01-12,0.4416
2012-01-13,-0.9497
2012-01-17,0.3551
2012-01-18,2.6185
2012-01-19,2.931
2012-01-20,-0.1843
2012-01-23,-2.6682
2012-01-24,-0.5517
2012-01-25,-1.2656
2012-01-26,1.2116
2012-01-27,-2.1686
2012-01-30,-1.6138
2012-01-31,0.703
2012-02-01,2.3089
2012-02-02,-0.9972
2012-02-03,1.1663000000000001
2012-02-06,0.2271
2012-02-07,0.1917
2012-02-08,0.4175
2012-02-09,-1.9747
2012-02-10,-1.9968
2012-02-13,1.4605000000000001
2012-02-14,-1.7771
2012-02-15,-0.9046
2012-02-16,1.3694
2012-02-17,0.1261
2012-02-21,-0.4857
2012-02-22,-1.3557000000000001
2012-02-23,3.8483
2012-02-24,0.7764
2012-02-27,0.0
2012-02-28,0.1401
2012-02-29,-2.99
2012-03-01,0.9913
2012-03-02,-1.5527
2012-03-05,0.0
2012-03-06,-1.4141
2012-03-07,0.6252
2012-03-08,1.2610000000000001
2012-03-09,2.4003
2012-03-12,-0.1057
2012-03-13,3.1052
2012-03-14,-1.5828
2012-03-15,2.0777
2012-03-16,-0.528
2012-03-19,1.4897
2012-03-20,-1.8053
2012-03-21,-0.4811
2012-03-22,-1.0704
2012-03-23,1.9721
2012-03-26,2.0537
2012-03-27,-0.9894
2012-03-28,-0.5928
2012-03-29,0.0682
2012-03-30,-0.6811
2012-04-02,1.6287
2012-04-03,-1.7713
2012-04-04,-2.0608
2012-04-05,-0.4734
2012-04-09,-3.7174
2012-04-10,-2.3971
2012-04-11,1.931
2012-04-12,1.361
2012-04-13,-2.5766999999999998
2012-04-16,0.5029
2012-04-17,2.4463
2012-04-18,-1.7909000000000002
2012-04-19,-0.5157
2012-04-20,1.5737999999999999
2012-04-23,-1.6404999999999998
2012-04-24,0.2409
2012-04-25,2.1631
2012-04-26,1.6468
2012-04-27,-5.4477
2012-04-30,-0.9603
2012-05-01,0.5323
2012-05-02,1.0779
2012-05-03,-1.029
2012-05-04,-3.0246
2012-05-07,1.6764000000000001
2012-05-08,-0.0383
2012-05-09,-2.9152
2012-05-10,-1.047
2012-05-11,-1.1978
2012-05-14,-2.1014
2012-05-15,0.1238
2012-05-16,-3.6487
2012-05-17,-1.9255
2012-05-18,-0.829
2012-05-21,3.1896
2012-05-22,-0.7035
2012-05-23,-0.2576
2012-05-24,-2.0878
2012-05-25,0.0879
2012-05-29,1.823
2012-05-30,-1.9628999999999999
2012-05-31,-2.8823
2012-06-01,-3.3983
2012-06-04,-0.3518
2012-06-05,0.6825
2012-06-06,1.7765
2012-06-07,2.7561
2012-06-08,0.6035
2012-06-11,-2.0218
2012-06-12,0.9524
2012-06-13,-3.549
2012-06-14,0.3959
2012-06-15,3.2243
2012-06-18,-1.191
2012-06-19,2.5472
2012-06-20,-1.5746
2012-06-21,-5.3628
2012-06-22,-0.2857
2012-06-25,-2.0296
2012-06-26,-3.0953
2012-06-27,4.7284
2012-06-28,0.5043
2012-06-29,3.0346
2012-07-02,0.8349
2012-07-03,1.242
2012-07-05,0.5225
2012-07-06,-1.2203
2012-07-09,-0.3203
2012-07-10,0.2295
2012-07-11,0.1145
2012-07-12,0.2973
2012-07-13,-0.0456
2012-07-16,-0.5932
2012-07-17,-0.4131
2012-07-18,3.0191
2012-07-19,-0.9843
2012-07-20,-0.9038
2012-07-23,-1.1400000000000001
2012-07-24,-1.7758
2012-07-25,2.3714
2012-07-26,2.867
2012-07-27,11.8395
2012-07-30,-1.8939
2012-07-31,-0.7722
2012-08-01,-2.4165
2012-08-02,-1.595
2012-08-03,4.7132
2012-08-06,-0.2851
2012-08-07,1.0927
2012-08-08,-1.2021
2012-08-09,-1.5337
2012-08-10,-0.8515
2012-08-13,-0.2933
2012-08-14,-1.9118
2012-08-15,2.6558
2012-08-16,1.7526000000000002
2012-08-17,1.1893
2012-08-20,-0.1621
2012-08-21,-0.8321
2012-08-22,-0.7368
2012-08-23,-0.732
2012-08-24,0.862
2012-08-27,0.0206
2012-08-28,-0.4118
2012-08-29,-1.5918999999999999
2012-08-30,-2.5
2012-08-31,1.4652
2012-09-04,1.1892
2012-09-05,-0.6506
2012-09-06,1.9011
2012-09-07,1.1401
2012-09-10,0.5329
2012-09-11,-0.2854
2012-09-12,0.5111
2012-09-13,0.9764
2012-09-14,1.6519
2012-09-17,-0.7233
2012-09-18,0.0499
2012-09-19,-0.1995
2012-09-20,-3.6785
2012-09-21,2.1171
2012-09-24,-0.1423
2012-09-25,-2.4018
2012-09-26,-2.7529
2012-09-27,0.2573
2012-09-28,-1.9037
2012-10-01,0.3925
2012-10-02,1.5421
2012-10-03,-2.9091
2012-10-04,0.6389
2012-10-05,1.2916
2012-10-08,2.6583
2012-10-09,-2.6526
2012-10-10,-1.7085
2012-10-11,0.088
2012-10-12,-0.7694
2012-10-15,-0.5981
2012-10-16,1.4041000000000001
2012-10-17,3.6703
2012-10-18,-2.2472
2012-10-19,-2.841
2012-10-22,-0.2455
2012-10-23,4.162
2012-10-24,-1.203
2012-10-25,0.5001
2012-10-26,1.0385
2012-10-31,-2.2484
2012-11-01,-7.7108
2012-11-02,0.3086
2012-11-05,3.6677999999999997
2012-11-06,2.1685
2012-11-07,-4.4459
2012-11-08,-0.0935
2012-11-09,0.6319
2012-11-12,0.9535
2012-11-13,-1.4974
2012-11-14,-1.1225
2012-11-15,-0.473
2012-11-16,0.0
2012-11-19,4.135
2012-11-20,-0.1826
2012-11-21,-0.4344
2012-11-23,1.0103
2012-11-26,1.5231
2012-11-27,0.8733
2012-11-28,1.1764999999999999
2012-11-29,1.448
2012-11-30,0.0216
2012-12-03,0.7135
2012-12-04,1.052
2012-12-05,0.4461
2012-12-06,0.2961
2012-12-07,-0.7803
2012-12-10,1.9129
2012-12-11,3.1283
2012-12-12,-2.3862
2012-12-13,-0.8701
2012-12-14,-0.0836
2012-12-17,3.2002
2012-12-18,1.3428
2012-12-19,0.4509
2012-12-20,-0.1016
2012-12-21,0.6509
2012-12-24,0.4244
2012-12-26,-1.1471
2012-12-27,1.2622
2012-12-28,-1.0856
2012-12-31,2.9112
2013-01-02,3.669
2013-01-03,-0.4953
2013-01-04,-0.9595
2013-01-07,1.1814
2013-01-08,-0.5541
2013-01-09,-0.3458
2013-01-10,2.005
2013-01-11,-1.4175
2013-01-14,1.2845
2013-01-15,1.2304
2013-01-16,-0.561
2013-01-17,2.2565
2013-01-18,0.1839
2013-01-22,1.0463
2013-01-23,-3.7784
2013-01-24,-3.115
2013-01-25,10.6391
2013-01-28,-0.951
2013-01-29,-0.6935
2013-01-30,-0.5909
2013-01-31,-0.1981
2013-02-01,2.5266
2013-02-04,-0.6337
2013-02-05,1.3109
2013-02-06,0.9267
2013-02-07,0.9356
2013-02-08,0.206
2013-02-11,0.394
2013-02-12,-0.2389
2013-02-13,0.8722
2013-02-14,0.2543
2013-02-15,1.4544000000000001
2013-02-19,-1.867
2013-02-20,-1.0362
2013-02-21,-0.6694
2013-02-22,0.7258
2013-02-25,-1.9729
2013-02-26,0.2975
2013-02-27,0.4362
2013-02-28,0.3475
2013-03-01,-0.0693
2013-03-04,-1.0568
2013-03-05,1.2082
2013-03-06,0.3287
2013-03-07,0.2414
2013-03-08,0.6365
2013-03-11,-0.0855
2013-03-12,-0.479
2013-03-13,-0.6017
2013-03-14,1.5566
2013-03-15,-1.124
2013-03-18,-1.5846
2013-03-19,-1.6101
2013-03-20,0.498
2013-03-21,-0.5487
2013-03-22,-0.5339
2013-03-25,-0.5189
2013-03-26,1.0252
2013-03-27,2.083
2013-03-28,-1.0464
2013-04-01,-0.6873
2013-04-02,-1.3487
2013-04-03,-2.4825
2013-04-04,0.332
2013-04-05,-1.9489
2013-04-08,0.1875
2013-04-09,-0.4679
2013-04-10,2.3881
2013-04-11,-0.5877
2013-04-12,-0.7574
2013-04-15,-5.0819
2013-04-16,1.2748
2013-04-17,-1.0651
2013-04-18,-0.8612
2013-04-19,0.5528
2013-04-22,-0.0393
2013-04-23,2.4356999999999998
2013-04-24,-0.7287
2013-04-25,5.4472
2013-04-26,-0.4396
2013-04-29,1.2695
2013-04-30,1.617
2013-05-01,-1.931
2013-05-02,-0.0365
2013-05-03,1.6414
2013-05-06,0.2153
2013-05-07,0.8594
2013-05-08,0.5326
2013-05-09,-0.6534
2013-05-10,0.8887
2013-05-13,-1.4623
2013-05-14,2.2349
2013-05-15,0.5247
2013-05-16,0.174
2013-05-17,1.2852000000000001
2013-05-20,0.3086
2013-05-21,-0.5641
2013-05-22,-2.2348
2013-05-23,0.8264
2013-05-24,-0.2267
2013-05-28,2.7792
2013-05-29,-1.9048
2013-05-30,0.8842
2013-05-31,-1.3576
2013-06-03,1.6202
2013-06-04,-0.9943
2013-06-05,-2.0952
2013-06-06,0.7075
2013-06-07,1.2294
2013-06-10,1.4226
2013-06-11,-1.7106
2013-06-12,-1.8274
2013-06-13,4.0596
2013-06-14,-3.4753
2013-06-17,0.8119
2013-06-18,0.8228
2013-06-19,-2.24
2013-06-20,-2.1314
2013-06-21,1.7241
2013-06-24,-2.8546
2013-06-25,1.0836
2013-06-26,-0.3089
2013-06-27,1.9501
2013-06-28,-1.5552000000000001
2013-07-01,2.5241
2013-07-02,0.8147
2013-07-03,-0.0176
2013-07-05,2.9345
2013-07-08,1.3657
2013-07-09,0.9599
2013-07-10,1.4012
2013-07-11,1.4805
2013-07-12,0.0811
2013-07-15,0.4373
2013-07-16,-0.0645
2013-07-17,-0.5648
2013-07-18,-0.1461
2013-07-19,0.4388
2013-07-22,1.4239
2013-07-23,-0.7977
2013-07-24,-0.9489
2013-07-25,0.4059
2013-07-26,-4.4308
2013-07-29,-1.8105
2013-07-30,-0.6893
2013-07-31,-1.6484
2013-08-01,2.0289
2013-08-02,1.3834
2013-08-05,-0.0171
2013-08-06,-1.433
2013-08-07,-1.073
2013-08-08,1.767
2013-08-09,-0.8595
2013-08-12,1.6646
2013-08-13,0.4264
2013-08-14,-1.4266
2013-08-15,-2.0503
2013-08-16,-0.9147
2013-08-19,-1.0474
2013-08-20,0.1794
2013-08-21,-1.164
2013-08-22,1.6851
2013-08-23,0.2673
2013-08-26,0.0533
2013-08-27,-1.5986
2013-08-28,0.6498
2013-08-29,1.1118999999999999
2013-08-30,-0.4434
2013-09-03,-0.5345
2013-09-04,1.8449
2013-09-05,-1.2311
2013-09-06,0.5342
2013-09-09,2.0191
2013-09-10,3.2292
2013-09-11,-0.2523
2013-09-12,-1.6692
2013-09-13,0.1372
2013-09-16,0.1712
2013-09-17,0.2051
2013-09-18,0.4777
2013-09-19,0.034
2013-09-20,2.9701
2013-09-23,0.1978
2013-09-24,0.8883
2013-09-25,-0.0489
2013-09-26,0.6852
2013-09-27,-0.6481
2013-09-30,0.0652
2013-10-01,2.0372
2013-10-02,0.0958
2013-10-03,-0.9255
2013-10-04,0.4349
2013-10-07,-1.347
2013-10-08,-0.4876
2013-10-09,-0.3594
2013-10-10,3.2622999999999998
2013-10-11,1.6827999999999999
2013-10-14,0.5621
2013-10-15,-0.2329
2013-10-16,0.5602
2013-10-17,1.9808
2013-10-18,-0.0425
2013-10-21,-0.4736
2013-10-22,0.3356
2013-10-23,-1.201
2013-10-24,0.3231
2013-10-25,0.5828
2013-10-28,0.488
2013-10-29,0.3794
2013-10-30,-1.2396
2013-10-31,1.3164
2013-11-01,-2.0698
2013-11-04,1.913
2013-11-05,-0.1968
2013-11-06,0.2882
2013-11-07,-3.0702
2013-11-08,2.1532
2013-11-11,0.6293
2013-11-12,0.2854
2013-11-13,0.0757
2013-11-14,-0.5747
2013-11-15,0.1521
2013-11-18,-0.6531
2013-11-19,-1.009
2013-11-20,-0.8958
2013-11-21,4.7218
2013-11-22,0.4613
2013-11-25,-0.2963
2013-11-26,1.8125
2013-11-27,0.6858
2013-11-29,0.058
2013-12-02,-0.0724
2013-12-03,-0.2464
2013-12-04,0.2761
2013-12-05,0.2029
2013-12-06,2.2849
2013-12-09,1.2018
2013-12-10,-1.0757
2013-12-11,-0.0565
2013-12-12,0.0848
2013-12-13,-0.2541
2013-12-16,1.5145
2013-12-17,-0.3625
2013-12-18,0.2239
2013-12-19,-0.5445
2013-12-20,0.6318
2013-12-23,2.3298
2013-12-24,1.3361
2013-12-26,-0.3632
2013-12-27,-0.0135
2013-12-30,-0.9588
2013-12-31,1.4317
2014-01-02,-3.1994
2014-01-03,1.2637
2014-01-06,0.5074
2014-01-07,1.5964
2014-01-08,-1.2624
2014-01-09,-0.2856
2014-01-10,-1.0231
2014-01-13,-1.516
2014-01-14,2.1131
2014-01-15,1.8090000000000002
2014-01-16,-0.0269
2014-01-17,-0.0808
2014-01-21,2.2638
2014-01-22,-0.1845
2014-01-23,-0.2904
2014-01-24,-2.7539
2014-01-27,-0.776
2014-01-28,-0.247
2014-01-29,-1.7330999999999999
2014-01-30,-3.4015
2014-01-31,-3.1445
2014-02-03,-4.3986
2014-02-04,1.252
2014-02-05,0.1546
2014-02-06,-0.1543
2014-02-07,0.6646
2014-02-10,-0.8598
2014-02-11,0.2633
2014-02-12,0.587
2014-02-13,0.4914
2014-02-14,0.107
2014-02-18,0.748
2014-02-19,-0.0909
2014-02-20,0.9099
2014-02-21,0.6011
2014-02-24,0.2988
2014-02-25,0.2979
2014-02-26,0.9207
2014-02-27,-0.5886
2014-02-28,0.8733
2014-03-03,-1.0858
2014-03-04,3.8718
2014-03-05,0.1143
2014-03-06,-1.0842
2014-03-07,0.9807
2014-03-10,0.357
2014-03-11,-2.5758
2014-03-12,-0.7157
2014-03-13,-1.9125999999999999
2014-03-14,0.195
2014-03-17,0.9132
2014-03-18,0.5934
2014-03-19,-0.059
2014-03-20,1.3723
2014-03-21,0.6696
2014-03-24,-1.0266
2014-03-25,-0.3652
2014-03-26,-3.3724
2014-03-27,-1.2595
2014-03-28,-1.337
2014-03-31,1.7913000000000001
2014-04-01,2.9379999999999997
2014-04-02,2.2298
2014-04-03,-1.425
2014-04-04,-3.1863
2014-04-07,-1.158
2014-04-08,0.871
2014-04-09,0.4355
2014-04-10,-4.0018
2014-04-11,-0.9193
2014-04-14,-0.6879
2014-04-15,0.2255
2014-04-16,0.6107
2014-04-17,2.2843
2014-04-21,-1.1245
2014-04-22,0.8056
2014-04-23,-1.1595
2014-04-24,0.2061
2014-04-25,-3.1957
2014-04-28,-1.5199
2014-04-29,-0.8297
2014-04-30,-0.0837
2014-05-01,1.859
2014-05-02,-0.9372
2014-05-05,-0.2158
2014-05-06,-3.2601
2014-05-07,-0.4814
2014-05-08,-1.6759
2014-05-09,0.8962
2014-05-12,3.7443
2014-05-13,-2.283
2014-05-14,-2.3535
2014-05-15,-0.2815
2014-05-16,1.6231
2014-05-19,1.5278
2014-05-20,-1.6074000000000002
2014-05-21,0.8342
2014-05-22,0.0345
2014-05-23,1.2922
2014-05-27,2.2622999999999998
2014-05-28,-0.5988
2014-05-29,0.1171
2014-05-30,0.2507
2014-06-02,-2.4508
2014-06-03,0.376
2014-06-04,-0.0851
2014-06-05,3.5958
2014-06-06,1.4476
2014-06-09,0.9081
2014-06-10,-0.3535
2014-06-11,0.3064
2014-06-12,-0.1768
2014-06-13,0.8053
2014-06-16,0.1118
2014-06-17,3.0482
2014-06-18,-0.031
2014-06-19,0.3253
2014-06-20,2.0383
2014-06-23,1.1653
2014-06-24,-1.2715
2014-06-25,-0.3182
2014-06-26,-1.0184
2014-06-27,0.9214
2014-06-30,0.6847
2014-07-01,1.9193
2014-07-02,-0.519
2014-07-03,0.7304
2014-07-07,-2.1604
2014-07-08,-1.225
2014-07-09,0.3751
2014-07-10,-2.3721
2014-07-11,0.125
2014-07-14,0.9988
2014-07-15,-2.6267
2014-07-16,-2.0311
2014-07-17,-2.4133
2014-07-18,1.6598000000000002
2014-07-21,-0.8327
2014-07-22,0.7573
2014-07-23,-1.0294
2014-07-24,-0.9741
2014-07-25,-1.2504
2014-07-28,0.4896
2014-07-29,0.5208
2014-07-30,0.2507
2014-07-31,-1.7839
2014-08-01,-0.7639
2014-08-04,1.4198
2014-08-05,0.8602
2014-08-06,1.0535
2014-08-07,0.2648
2014-08-08,1.0068
2014-08-11,-0.5065
2014-08-12,-1.0347
2014-08-13,1.0787
2014-08-14,0.3119
2014-08-15,-0.8183
2014-08-18,1.8481999999999998
2014-08-19,0.324
2014-08-20,0.2745
2014-08-21,2.4158
2014-08-22,0.8492
2014-08-25,-0.1247
2014-08-26,1.7955
2014-08-27,-1.0276
2014-08-28,-0.3874
2014-08-29,0.2956
2014-09-02,0.4498
2014-09-03,-0.4787
2014-09-04,0.1707
2014-09-05,-0.031
2014-09-08,0.8057
2014-09-09,-0.538
2014-09-10,0.8809
2014-09-11,0.9344
2014-09-12,0.9258
2014-09-15,0.0
2014-09-16,0.015
2014-09-17,0.1052
2014-09-18,0.9913
2014-09-19,-1.9482
2014-09-22,-2.4116
2014-09-23,-0.7771
2014-09-24,0.5013
2014-09-25,-2.3223
2014-09-26,0.4308
2014-09-29,-1.557
2014-09-30,-0.9522
2014-10-01,-2.3138
2014-10-02,1.3845
2014-10-03,-0.6581
2014-10-06,-1.5899
2014-10-07,-1.8176
2014-10-08,2.674
2014-10-09,-2.9215
2014-10-10,-4.1445
2014-10-13,0.6279
2014-10-14,-0.3387
2014-10-15,2.7549
2014-10-16,2.3329
2014-10-17,-1.5822
2014-10-20,1.4002
2014-10-21,1.7388
2014-10-22,-1.9771999999999998
2014-10-23,2.9402
2014-10-24,-0.9963
2014-10-27,0.2013
2014-10-28,4.6368
2014-10-29,0.256
2014-10-30,0.2234
2014-10-31,3.7255000000000003
2014-11-03,-0.4758
2014-11-04,0.0617
2014-11-05,-8.7084
2014-11-06,-2.9208
2014-11-07,1.6522000000000001
2014-11-10,-0.0684
2014-11-11,-0.4965
2014-11-12,1.3075999999999999
2014-11-13,-1.2568
2014-11-14,0.4128
2014-11-17,-1.8328
2014-11-18,-0.1396
2014-11-19,-2.4637000000000002
2014-11-20,-0.0717
2014-11-21,0.502
2014-11-24,1.1416
2014-11-25,0.2469
2014-11-26,0.2111
2014-11-28,-2.809
2014-12-01,-1.4993
2014-12-02,1.2287
2014-12-03,2.7717
2014-12-04,1.4983
2014-12-05,3.5949999999999998
2014-12-08,-0.4191
2014-12-09,1.0101
2014-12-10,-2.65
2014-12-11,1.2498
2014-12-12,-1.4373
2014-12-15,0.6176
2014-12-16,-0.0853
2014-12-17,3.9078
2014-12-18,0.8129
2014-12-19,1.2951
2014-12-22,0.0161
2014-12-23,0.0322
2014-12-24,0.3536
2014-12-26,0.2883
2014-12-29,-0.575
2014-12-30,-0.498
2014-12-31,-1.9696
2015-01-02,-1.1858
2015-01-05,-3.3333
2015-01-06,-2.0517
2015-01-07,-0.0528
2015-01-08,2.1310000000000002
2015-01-09,0.0172
2015-01-12,-1.1207
2015-01-13,0.279
2015-01-14,-1.1476
2015-01-15,-3.8874
2015-01-16,-0.2745
2015-01-20,0.3854
2015-01-21,-0.4936
2015-01-22,0.643
2015-01-23,1.8801999999999999
2015-01-26,0.8421
2015-01-27,-0.6574
2015-01-28,-1.4487999999999999
2015-01-29,-1.4519
2015-01-30,13.9595
2015-02-02,2.5695
2015-02-03,1.5913
2015-02-04,0.1861
2015-02-05,0.9598
2015-02-06,-1.104
2015-02-09,-0.9147
2015-02-10,-0.1878
2015-02-11,0.8936
2015-02-12,0.5283
2015-02-13,0.3864
2015-02-17,-0.6467
2015-02-18,0.0155
2015-02-19,0.2169
2015-02-20,-0.1701
2015-02-23,0.0155
2015-02-24,0.1703
2015-02-25,-0.1082
2015-02-26,-0.0155
2015-02-27,-0.5727
2015-03-02,1.9146999999999998
2015-03-03,1.558
2015-03-04,-1.4889000000000001
2015-03-05,1.0382
2015-03-06,-2.7500999999999998
2015-03-09,0.6992
2015-03-10,-1.7436
2015-03-11,2.7167
2015-03-12,1.5288
2015-03-13,-0.4216
2015-03-16,-1.2852999999999999
2015-03-17,-0.4289
2015-03-18,1.1385
2015-03-19,0.289
2015-03-20,2.1235
2015-03-23,0.9505
2015-03-24,-0.5149
2015-03-25,-3.8449999999999998
2015-03-26,-0.6306
2015-03-27,-0.6501
2015-03-30,3.0534
2015-03-31,-1.7989000000000002
2015-04-01,-1.016
2015-04-02,0.4821
2015-04-06,0.6501
2015-04-07,0.1999
2015-04-08,2.5322
2015-04-09,0.0748
2015-04-10,-0.0598
2015-04-13,-0.3592
2015-04-14,-1.1715
2015-04-15,2.9483
2015-04-16,0.5905
2015-04-17,-1.1154
2015-04-20,-0.3413
2015-04-21,-0.2532
2015-04-22,-0.2687
2015-04-23,-0.1347
2015-04-24,-2.3535
2015-04-27,-0.5987
2015-04-28,0.3861
2015-04-29,-2.0462
2015-04-30,-5.7641
2015-05-01,0.2333
2015-05-04,-0.0831
2015-05-05,0.0
2015-05-06,0.1831
2015-05-07,0.6645
2015-05-08,0.9241
2015-05-11,1.4061
2015-05-12,-0.7578
2015-05-13,0.2437
2015-05-14,1.718
2015-05-15,-0.2709
2015-05-18,2.3486000000000002
2015-05-19,-1.0147
2015-05-20,-0.9935
2015-05-21,3.1698
2015-05-22,-1.9453
2015-05-26,-1.9839
2015-05-27,-0.3695
2015-05-28,0.5482
2015-05-29,-0.1924
2015-06-01,0.8837
2015-06-02,-0.1593
2015-06-03,2.0896
2015-06-04,-2.1563
2015-06-05,1.9962
2015-06-08,0.4619
2015-06-09,0.0701
2015-06-10,1.8533
2015-06-11,-0.7798
2015-06-12,0.5394
2015-06-15,-0.138
2015-06-16,-0.3991
2015-06-17,-0.6781
2015-06-18,0.8534
2015-06-19,-0.1538
2015-06-22,1.171
2015-06-23,1.6296
2015-06-24,-0.6594
2015-06-25,-1.8857
2015-06-26,0.1076
2015-06-29,-3.1946
2015-06-30,0.7139
2015-07-01,0.0
2015-07-02,-1.4965
2015-07-06,0.3039
2015-07-07,-0.3348
2015-07-08,-1.5518
2015-07-09,-0.3087
2015-07-10,1.8418999999999999
2015-07-13,0.8643
2015-07-14,0.7141
2015-07-15,-1.0241
2015-07-16,1.3372
2015-07-17,-1.4923
2015-07-20,-1.8178999999999998
2015-07-21,-0.6334
2015-07-22,-0.0981
2015-07-23,-2.1924
2015-07-24,-1.7564
2015-07-27,-0.63
2015-07-28,-0.0685
2015-07-29,3.3608000000000002
2015-07-30,0.4977
2015-07-31,-4.3414
2015-08-03,-1.2079
2015-08-04,0.1048
2015-08-05,2.5824
2015-08-06,-0.5273
2015-08-07,-0.1197
2015-08-10,1.1642000000000001
2015-08-11,-0.6092
2015-08-12,0.0681
2015-08-13,-1.5654
2015-08-14,1.6249
2015-08-17,0.7654
2015-08-18,-2.0594
2015-08-19,-0.7584
2015-08-20,-0.66
2015-08-21,0.0
2015-08-24,-2.5524
2015-08-25,-1.9734
2015-08-26,2.3609
2015-08-27,1.9489
2015-08-28,1.4205999999999999
2015-08-31,0.8127
2015-09-01,-4.7341
2015-09-02,0.9543
2015-09-03,-0.2319
2015-09-04,-2.1809
2015-09-08,2.7412
2015-09-09,-0.9427
2015-09-10,0.2693
2015-09-11,-1.0566
2015-09-14,0.1629
2015-09-15,3.8851
2015-09-16,1.3568
2015-09-17,0.3432
2015-09-18,-1.1801
2015-09-21,-0.4327
2015-09-22,-1.3037
2015-09-23,-2.3072
2015-09-24,-0.5408
2015-09-25,-0.435
2015-09-28,-0.8374
2015-09-29,-0.5875
2015-09-30,1.0157
2015-10-01,-2.9433
2015-10-02,2.9949
2015-10-05,3.6942
2015-10-06,-0.2998
2015-10-07,1.7867
2015-10-08,1.0254
2015-10-09,-0.5505
2015-10-12,0.1211
2015-10-13,-1.4686
2015-10-14,-0.754
2015-10-15,1.4311
2015-10-16,-2.456
2015-10-19,-1.7679
2015-10-20,0.6726
2015-10-21,-2.9975
2015-10-22,0.5398
2015-10-23,0.8887
2015-10-26,-3.3034
2015-10-27,-0.4365
2015-10-28,5.3183
2015-10-29,-0.9412
2015-10-30,-0.9684
2015-11-02,3.0996
2015-11-03,0.8232
2015-11-04,-0.7987
2015-11-05,12.2741
2015-11-06,1.6255
2015-11-09,-0.7527
2015-11-10,-0.1264
2015-11-11,-1.7402
2015-11-12,-0.8855
2015-11-13,-0.8122
2015-11-16,2.6695
2015-11-17,0.8773
2015-11-18,1.9766
2015-11-19,2.357
2015-11-20,1.2271
2015-11-23,-1.5114999999999998
2015-11-24,2.4312
2015-11-25,-0.2522
2015-11-27,0.9072
2015-11-30,0.1032
2015-12-01,0.265
2015-12-02,-0.4846
2015-12-03,-0.118
2015-12-04,0.9455
2015-12-07,-2.1513
2015-12-08,-0.8974
2015-12-09,-2.3845
2015-12-10,1.2368999999999999
2015-12-11,-0.733
2015-12-14,0.1692
2015-12-15,1.5973000000000002
2015-12-16,0.1361
2015-12-17,-0.7699
2015-12-18,-2.9210000000000003
2015-12-21,2.6170999999999998
2015-12-22,2.4893
2015-12-23,-0.3129
2015-12-24,0.1196
2015-12-28,-0.5972
2015-12-29,0.1652
2015-12-30,-0.5848
2015-12-31,-1.7949000000000002
2016-01-04,-4.4079
2016-01-05,0.9479
2016-01-06,-1.321
2016-01-07,-1.9194
2016-01-08,-1.0525
2016-01-11,0.1163
2016-01-12,1.7429999999999999
2016-01-13,-1.6804999999999999
2016-01-14,1.4271
2016-01-15,-4.074
2016-01-19,-1.1428
2016-01-20,3.1746
2016-01-21,-1.1037
2016-01-22,3.6185
2016-01-25,-1.1749
2016-01-26,3.4511
2016-01-27,0.3512
2016-01-28,-0.5249
2016-01-29,23.5529
2016-02-01,0.6988
2016-02-02,0.9125
2016-02-03,-0.5476
2016-02-04,1.716
2016-02-05,-3.7895
2016-02-08,2.2769
2016-02-09,-0.1535
2016-02-10,-0.0769
2016-02-11,-4.5781
2016-02-12,3.2119
2016-02-16,0.9766
2016-02-17,3.8685
2016-02-18,-1.9491
2016-02-19,4.0137
2016-02-22,1.8016
2016-02-23,-0.6337
2016-02-24,1.5764
2016-02-25,-0.4857
2016-02-26,0.0
2016-02-29,0.7143
2016-03-01,0.6619
2016-03-02,0.9981
2016-03-03,-1.4766
2016-03-04,0.059
2016-03-07,2.6772
2016-03-08,-1.1945999999999999
2016-03-09,0.0814
2016-03-10,-1.2197
2016-03-11,2.199
2016-03-14,-1.0701
2016-03-15,-1.291
2016-03-16,0.2357
2016-03-17,3.5853
2016-03-18,1.4866
2016-03-21,0.5256
2016-03-22,-0.9232
2016-03-23,-0.5726
2016-03-24,0.2033
2016-03-28,0.4733
2016-03-29,3.3535
2016-03-30,-1.2697
2016-03-31,1.0112
2016-04-01,0.7399
2016-04-04,-1.7498
2016-04-05,-0.3518
2016-04-06,0.6289
2016-04-07,-1.3485
2016-04-08,1.3447
2016-04-11,-0.0987
2016-04-12,1.1196
2016-04-13,3.4846
2016-04-14,1.563
2016-04-15,-1.0432
2016-04-18,0.1983
2016-04-19,-0.4479
2016-04-20,-1.5381
2016-04-21,-0.3719
2016-04-22,1.152
2016-04-25,0.0633
2016-04-26,2.1182
2016-04-27,1.1558
2016-04-28,-2.6525
2016-04-29,-2.117
2016-05-02,-2.8908
2016-05-03,-1.8523
2016-05-04,0.5617
2016-05-05,-0.3463
2016-05-06,1.0761
2016-05-09,-2.3955
2016-05-10,-0.7045
2016-05-11,-0.6637
2016-05-12,0.1498
2016-05-13,-1.6678
2016-05-16,0.1755
2016-05-17,-1.7865
2016-05-18,1.7239
2016-05-19,-0.2104
2016-05-20,2.4479
2016-05-23,2.4466
2016-05-24,3.426
2016-05-25,-0.6582
2016-05-26,0.6082
2016-05-27,3.7461
2016-05-31,-1.5401
2016-06-01,1.0674
2016-06-02,1.6417000000000002
2016-06-03,0.3395
2016-06-06,0.5127
2016-06-07,0.2346
2016-06-08,-0.9363
2016-06-09,-1.0581
2016-06-10,-1.8793
2016-06-13,-1.3333
2016-06-14,1.1261
2016-06-15,-0.1061
2016-06-16,0.6689
2016-06-17,-1.5292
2016-06-20,0.3963
2016-06-21,-0.256
2016-06-22,-1.5722
2016-06-23,1.8364
2016-06-24,-4.6308
2016-06-27,-3.0879
2016-06-28,-0.1154
2016-06-29,1.2136
2016-06-30,4.8076
2016-07-01,-1.3946
2016-07-05,-1.1823
2016-07-06,0.6262
2016-07-07,0.4667
2016-07-08,2.8758
2016-07-11,0.0215
2016-07-12,1.8596
2016-07-13,0.4643
2016-07-14,-0.8508
2016-07-15,0.1801
2016-07-18,0.2115
2016-07-19,-1.2347
2016-07-20,0.7052
2016-07-21,-0.8382
2016-07-22,3.1885
2016-07-25,-0.6118
2016-07-26,-0.1148
2016-07-27,3.1022
2016-07-28,5.1059
2016-07-29,2.2169
2016-08-01,0.9901
2016-08-02,-1.3445
2016-08-03,-0.1609
2016-08-04,0.5498
2016-08-05,-0.1886
2016-08-08,-0.3778
2016-08-09,2.7401
2016-08-10,0.12
2016-08-11,0.6452
2016-08-12,-0.5403
2016-08-15,0.7274
2016-08-16,-0.0366
2016-08-17,-0.3567
2016-08-18,0.5415
2016-08-19,1.7344
2016-08-22,-0.6101
2016-08-23,0.1896
2016-08-24,-1.4417
2016-08-25,-0.9142
2016-08-26,-0.6274
2016-08-29,-0.4085
2016-08-30,0.1865
2016-08-31,-2.1217
2016-09-01,0.8842
2016-09-02,-0.3675
2016-09-06,0.1135
2016-09-07,0.0378
2016-09-08,0.0283
2016-09-09,-3.1442
2016-09-12,0.8384
2016-09-13,-1.5855000000000001
2016-09-14,-0.2554
2016-09-15,3.2106
2016-09-16,-0.0954
2016-09-19,1.5855000000000001
2016-09-20,0.5547
2016-09-21,3.324
2016-09-22,1.0181
2016-09-23,-0.5912
2016-09-26,-0.1622
2016-09-27,-0.0903
2016-09-28,0.0
2016-09-29,-1.2919
2016-09-30,1.1715
2016-10-03,-0.7328
2016-10-04,-0.7655
2016-10-05,0.0643
2016-10-06,4.0474
2016-10-07,-1.9935
2016-10-10,0.846
2016-10-11,-1.3298
2016-10-12,-1.4381
2016-10-13,-2.8907
2016-10-14,-0.9167
2016-10-17,-1.0968
2016-10-18,-0.5979
2016-10-19,0.1843
2016-10-20,-0.1259
2016-10-21,1.3768
2016-10-24,2.171
2016-10-25,-0.805
2016-10-26,-0.4341
2016-10-27,0.1043
2016-10-28,0.0568
2016-10-31,-1.4762
2016-11-01,-1.9593
2016-11-02,-0.6368
2016-11-03,12.9547
2016-11-04,0.899
2016-11-07,1.3580999999999999
2016-11-08,-0.5121
2016-11-09,3.2427
2016-11-10,0.2908
2016-11-11,4.2999
2016-11-14,0.3416
2016-11-15,0.5304
2016-11-16,1.4883
2016-11-17,0.1707
2016-11-18,1.3633
2016-11-21,-0.6725
2016-11-22,1.2617
2016-11-23,0.3799
2016-11-25,0.9688
2016-11-28,-1.1394
2016-11-29,0.8417
2016-11-30,-1.8723
2016-12-01,-2.7126
2016-12-02,1.4256
2016-12-05,1.1959
2016-12-06,-1.0206
2016-12-07,2.3492
2016-12-08,3.0073
2016-12-09,-2.8239
2016-12-12,-0.1211
2016-12-13,0.8183
2016-12-14,-1.458
2016-12-15,3.6226000000000003
2016-12-16,1.4867
2016-12-19,-2.1249
2016-12-20,0.9262
2016-12-21,0.4478
2016-12-22,0.307
2016-12-23,0.1093
2016-12-27,0.6842
2016-12-28,-1.6482
2016-12-29,1.323
2016-12-30,-0.3373
2017-01-03,-0.7024
2017-01-04,3.8337
2017-01-05,-3.1839
2017-01-06,1.1302
2017-01-09,4.0234
2017-01-10,-1.4833
2017-01-11,1.3437999999999999
2017-01-12,0.0417
2017-01-13,1.2214
2017-01-17,-0.4456
2017-01-18,1.577
2017-01-19,-0.9153
2017-01-20,1.3820999999999999
2017-01-23,-0.8369
2017-01-24,5.0841
2017-01-25,2.0337
2017-01-26,-0.3809
2017-01-27,-0.1593
2017-01-30,-0.485
2017-01-31,1.1544
2017-02-01,0.1839
2017-02-02,-0.6392
2017-02-03,0.9171
2017-02-06,-0.6248
2017-02-07,2.4641
2017-02-08,18.1666
2017-02-09,1.3742
2017-02-10,2.0283
2017-02-13,-1.42
2017-02-14,-0.2109
2017-02-15,-0.3969
2017-02-16,-0.7608
2017-02-17,0.9701
2017-02-21,-1.1312
2017-02-22,-0.8202
2017-02-23,-1.9069
2017-02-24,0.4833
2017-02-27,-0.0641
2017-02-28,-2.3636
2017-03-01,2.9795
2017-03-02,-1.7816999999999998
2017-03-03,-0.8718
2017-03-06,0.2513
2017-03-07,0.0763
2017-03-08,-0.9855
2017-03-09,-0.209
2017-03-10,1.4768
2017-03-13,1.9548999999999999
2017-03-14,0.3409
2017-03-15,3.2645
2017-03-16,-0.2262
2017-03-17,-0.5976
2017-03-20,0.1866
2017-03-21,-1.5572
2017-03-22,1.2349999999999999
2017-03-23,1.8065
2017-03-24,0.9382
2017-03-27,3.5108
2017-03-28,0.5368
2017-03-29,-0.4709
2017-03-30,0.278
2017-03-31,0.0146
2017-04-03,-1.0455
2017-04-04,-1.4497
2017-04-05,-1.5457999999999998
2017-04-06,0.9167
2017-04-07,0.2008
2017-04-10,-0.3456
2017-04-11,0.1458
2017-04-12,-1.8269
2017-04-13,-1.4416
2017-04-17,1.4783
2017-04-18,-0.4345
2017-04-19,2.9724
2017-04-20,2.3931
2017-04-21,0.0438
2017-04-24,2.8666
2017-04-25,0.4826
2017-04-26,-0.4332
2017-04-27,1.9294
2017-04-28,0.0278
2017-05-01,1.2152
2017-05-02,-0.4353
2017-05-03,-2.3795
2017-05-04,1.471
2017-05-05,4.6185
2017-05-08,-3.3665
2017-05-09,1.1352
2017-05-10,14.0741
2017-05-11,-0.235
2017-05-12,-0.6149
2017-05-15,1.8723
2017-05-16,2.5004999999999997
2017-05-17,-5.6909
2017-05-18,1.7748
2017-05-19,-1.4873
2017-05-22,1.6724999999999999
2017-05-23,-0.8925
2017-05-24,-1.1631
2017-05-25,1.0133
2017-05-26,0.5016
2017-05-30,0.4186
2017-05-31,-0.5411
2017-06-01,1.3096999999999999
2017-06-02,1.7621
2017-06-05,-1.2547
2017-06-06,0.8471
2017-06-07,1.2129
2017-06-08,1.5513
2017-06-09,-4.7966
2017-06-12,-1.3197
2017-06-13,-0.3862
2017-06-14,-2.1179
2017-06-15,-2.2555
2017-06-16,2.7938
2017-06-19,3.5975
2017-06-20,-2.8798
2017-06-21,1.6579000000000002
2017-06-22,-1.7079
2017-06-23,-1.3496000000000001
2017-06-26,-0.7573
2017-06-27,-4.8607
2017-06-28,3.1017
2017-06-29,-4.749
2017-06-30,1.516
2017-07-03,-1.2445
2017-07-05,2.1153
2017-07-06,0.0176
2017-07-07,4.0453
2017-07-10,1.512
2017-07-11,1.5729
2017-07-12,4.6827
2017-07-13,4.7871
2017-07-14,1.8386
2017-07-17,1.0627
2017-07-18,-3.4091
2017-07-19,0.4746
2017-07-20,1.4771
2017-07-21,-0.6576
2017-07-24,2.7743
2017-07-25,-0.8178
2017-07-26,-0.653
2017-07-27,-0.9695
2017-07-28,-1.4536
2017-07-31,-0.2822
2017-08-01,2.2641999999999998
2017-08-02,-21.6162
2017-08-03,1.9443000000000001
2017-08-04,-2.5675
2017-08-07,4.0713
2017-08-08,2.1359
2017-08-09,-2.1537
2017-08-10,-4.1879
2017-08-11,2.0357
2017-08-14,1.5569
2017-08-15,3.4929
2017-08-16,-0.7806
2017-08-17,-3.8575
2017-08-18,1.5203
2017-08-21,-0.4488
2017-08-22,1.0627
2017-08-23,1.097
2017-08-24,0.7429
2017-08-25,-1.6536
2017-08-28,1.6723
2017-08-29,-0.9342
2017-08-30,2.7793
2017-08-31,2.4232
2017-09-01,-0.1672
2017-09-05,-2.0221
2017-09-06,2.0901
2017-09-07,1.6739000000000002
2017-09-08,-0.6163
2017-09-11,4.4854
2017-09-12,3.8782
2017-09-13,-0.9157
2017-09-14,-1.3508
2017-09-15,1.6015000000000001
2017-09-18,2.8687
2017-09-19,1.8464
2017-09-20,-2.7006
2017-09-21,-1.0862
2017-09-22,-0.5745
2017-09-25,-2.4685
2017-09-26,-2.4544
2017-09-27,1.9872999999999998
2017-09-28,-3.1801
2017-09-29,-1.6025
2017-10-02,-0.2211
2017-10-03,2.6209
2017-10-04,1.3829
2017-10-05,-1.0199
2017-10-06,1.4277
2017-10-09,0.151
2017-10-10,0.4522
2017-10-11,0.5759
2017-10-12,2.2944
2017-10-13,0.0197
2017-10-16,0.0591
2017-10-17,0.3978
2017-10-18,1.9577
2017-10-19,-0.5426
2017-10-20,1.2884
2017-10-23,0.233
2017-10-24,0.0724
2017-10-25,0.3656
2017-10-26,-0.4325
2017-10-27,-0.5373
2017-10-30,-1.1839
2017-10-31,1.8572
2017-11-01,-2.261
2017-11-02,-0.8957
2017-11-03,2.1221
2017-11-06,2.4127
2017-11-07,-0.2517
2017-11-08,11.9675
2017-11-09,-0.148
2017-11-10,4.1004
2017-11-13,-2.476
2017-11-14,-0.4148
2017-11-15,0.8898
2017-11-16,0.5252
2017-11-17,0.9825
2017-11-20,1.0152
2017-11-21,2.8991
2017-11-22,-1.4432
2017-11-24,1.1403
2017-11-27,-2.2674
2017-11-28,0.5816
2017-11-29,-6.6995000000000005
2017-11-30,-0.0274
2017-12-01,-0.8186
2017-12-04,-5.3251
2017-12-05,2.8634
2017-12-06,0.7801
2017-12-07,1.6995
2017-12-08,1.3563
2017-12-11,-0.7305
2017-12-12,-1.3789
2017-12-13,1.3947
2017-12-14,-1.7882
2017-12-15,0.8508
2017-12-18,3.7323
2017-12-19,-0.733
2017-12-20,-0.1787
2017-12-21,-0.6823
2017-12-22,0.3979
2017-12-26,-3.7295
2017-12-27,0.5524
2017-12-28,0.1505
2017-12-29,-1.3906
2018-01-02,3.2138
2018-01-03,1.8401
2018-01-04,-2.6698
2018-01-05,2.4313000000000002
2018-01-08,1.4303
2018-01-09,0.27
2018-01-10,-2.5599
2018-01-11,1.3887
2018-01-12,1.484
2018-01-16,1.5585
2018-01-17,5.1066
2018-01-18,-0.5902
2018-01-19,-0.5187
2018-01-22,-6.1316
2018-01-23,-5.4345
2018-01-24,0.5556
2018-01-25,-3.9661
2018-01-26,-1.4585
2018-01-29,-0.8553
2018-01-30,-0.8214
2018-01-31,-1.8531
2018-02-01,-1.7686
2018-02-02,-0.8277
2018-02-05,-4.078
2018-02-06,4.338
2018-02-07,-1.5373999999999999
2018-02-08,-17.3597
2018-02-09,1.8068
2018-02-12,-0.3149
2018-02-13,-1.3256999999999999
2018-02-14,3.7880000000000003
2018-02-15,2.4954
2018-02-16,-4.0669
2018-02-20,1.5826
2018-02-21,-0.0795
2018-02-22,-1.2549000000000001
2018-02-23,-0.3272
2018-02-26,1.3083
2018-02-27,-2.9397
2018-02-28,1.195
2018-03-01,0.1052
2018-03-02,-0.2722
2018-03-05,-1.2308
2018-03-06,0.0824
2018-03-07,2.5629
2018-03-08,1.4029
2018-03-09,3.6801
2018-03-12,2.9564
2018-03-13,-2.6576
2018-03-14,-1.1253
2018-03-15,-0.6937
2018-03-16,1.2054
2018-03-19,-4.8227
2018-03-20,1.2419
2018-03-21,0.2622
2018-03-22,-5.6736
2018-03-23,-4.9307
2018-03-26,0.9061
2018-03-27,-2.1364
2018-03-28,-5.0517
2018-03-29,4.0764
2018-04-02,-0.7577
2018-04-03,-3.0057
2018-04-04,0.7595
2018-04-05,-2.2557
2018-04-06,-1.4747
2018-04-09,-1.1712
2018-04-10,2.347
2018-04-11,0.0904
2018-04-12,1.5067
2018-04-13,-1.8457
2018-04-16,-0.3455
2018-04-17,3.2225
2018-04-18,-1.6078000000000001
2018-04-19,-1.8691
2018-04-20,-0.9694
2018-04-23,-2.7813
2018-04-24,-0.8174
2018-04-25,-4.0072
2018-04-26,2.5258000000000003
2018-04-27,1.4867
2018-04-30,0.58
2018-05-01,4.6962
2018-05-02,-1.8397000000000001
2018-05-03,-3.2218999999999998
2018-05-04,0.4602
2018-05-07,-0.9162
2018-05-08,2.3958
2018-05-09,2.8851
2018-05-10,1.7441
2018-05-11,-2.3472
2018-05-14,0.3327
2018-05-15,-0.2859
2018-05-16,2.6491
2018-05-17,-0.5083
2018-05-18,-6.8497
2018-05-21,1.6153
2018-05-22,1.1329
2018-05-23,1.3255
2018-05-24,0.3589
2018-05-25,0.4037
2018-05-29,6.4453
2018-05-30,-7.6255
2018-05-31,-2.407
2018-06-01,-0.2814
2018-06-04,-0.09
2018-06-05,0.9313
2018-06-06,0.2441
2018-06-07,0.5048
2018-06-08,0.7563
2018-06-11,-2.7152
2018-06-12,0.7234
2018-06-13,-3.148
2018-06-14,1.1555
2018-06-15,-3.2193
2018-06-18,0.2083
2018-06-19,-1.2472
2018-06-20,-0.051
2018-06-21,-0.8551
2018-06-22,-0.2832
2018-06-25,-2.4852
2018-06-26,1.1518
2018-06-27,-2.0941
2018-06-28,0.3476
2018-06-29,4.1897
2018-07-02,-2.6339
2018-07-03,0.0919
2018-07-05,2.3681
2018-07-06,1.1407
2018-07-09,2.338
2018-07-10,2.6313
2018-07-11,-3.9754
2018-07-12,4.0646
2018-07-13,-1.4549
2018-07-16,-1.8745
2018-07-17,3.0715
2018-07-18,4.2277000000000005
2018-07-19,-0.4417
2018-07-20,-1.2958
2018-07-23,1.3897
2018-07-24,-0.6649
2018-07-25,1.8260999999999998
2018-07-26,1.7299
2018-07-27,-3.1289
2018-07-30,-4.7981
2018-07-31,-2.8519
2018-08-01,13.4063
2018-08-02,2.4156
2018-08-03,-0.8062
2018-08-06,2.8171
2018-08-07,0.3365
2018-08-08,-5.7383
2018-08-09,-0.9826
2018-08-10,2.7718
2018-08-13,-0.4939
2018-08-14,1.3719000000000001
2018-08-15,-0.7262
2018-08-16,0.3159
2018-08-17,0.0884
2018-08-20,-1.126
2018-08-21,0.3126
2018-08-22,0.9182
2018-08-23,1.373
2018-08-24,-0.2393
2018-08-27,0.0818
2018-08-28,2.2828
2018-08-29,1.1878
2018-08-30,-0.5211
2018-08-31,0.8572
2018-09-04,0.2256
2018-09-05,-4.0622
2018-09-06,-5.2054
2018-09-07,-0.282
2018-09-10,2.7938
2018-09-11,-0.1011
2018-09-12,-0.0112
2018-09-13,0.832
2018-09-14,2.1409
2018-09-17,-1.7412999999999998
2018-09-18,0.1444
2018-09-19,0.6046
2018-09-20,2.4482
2018-09-21,0.4306
2018-09-24,1.3023
2018-09-25,-0.0159
2018-09-26,-7.8148
2018-09-27,-1.1996
2018-09-28,0.029
2018-10-01,0.2323
2018-10-02,0.2955
2018-10-03,3.4258
2018-10-04,-3.4631
2018-10-05,-8.7543
2018-10-08,-2.6506
2018-10-09,-5.198
2018-10-10,-6.6854
2018-10-11,-2.9895
2018-10-12,0.6224
2018-10-15,0.445
2018-10-16,7.6224
2018-10-17,-0.4745
2018-10-18,-2.0963
2018-10-19,-5.2922
2018-10-22,-6.5633
2018-10-23,0.5179
2018-10-24,-2.8742
2018-10-25,0.7792
2018-10-26,1.645
2018-10-29,-2.7836
2018-10-30,2.9049
2018-10-31,-0.3963
2018-11-01,8.9573
2018-11-02,0.6708
2018-11-05,-2.1766
2018-11-06,0.7871
2018-11-07,2.05
2018-11-08,-0.206
2018-11-09,-3.1854
2018-11-12,-7.0145
2018-11-13,0.9583
2018-11-14,4.3648
2018-11-15,5.2705
2018-11-16,-3.2492
2018-11-19,-3.5414
2018-11-20,-0.5143
2018-11-21,1.2169
2018-11-23,0.5265
2018-11-26,2.9469
2018-11-27,-1.8679000000000001
2018-11-28,3.3658
2018-11-29,0.5839
2018-11-30,2.8205999999999998
2018-12-03,-0.4777
2018-12-04,-6.0073
2018-12-06,-3.4587
2018-12-07,-4.0555
2018-12-10,-0.3843
2018-12-11,-2.4486
2018-12-12,1.1261
2018-12-13,-3.5022
2018-12-14,-2.1934
2018-12-17,-1.7652999999999999
2018-12-18,-2.1821
2018-12-19,-2.6525
2018-12-20,-2.4071
2018-12-21,-6.6101
2018-12-24,-0.4543
2018-12-26,9.0523
2018-12-27,1.1094
2018-12-28,-1.3186
2018-12-31,3.1015
2019-01-02,1.0122
2019-01-03,-8.3162
2019-01-04,8.856
2019-01-07,-0.5255
2019-01-08,1.2169
2019-01-09,2.8611
2019-01-10,4.2856
2019-01-11,0.1911
2019-01-14,-1.3874
2019-01-15,0.6683
2019-01-16,1.9916
2019-01-17,-1.062
2019-01-18,4.1638
2019-01-22,-5.8921
2019-01-23,-0.106
2019-01-24,6.9395
2019-01-25,3.3231
2019-01-28,-0.408
2019-01-29,-1.3416000000000001
2019-01-30,-3.7293
2019-01-31,-0.0254
2019-02-01,3.1218
2019-02-04,0.8286
2019-02-05,1.5377999999999998
2019-02-06,1.763
2019-02-07,-5.6304
2019-02-08,0.9763
2019-02-11,3.008
2019-02-12,4.5006
2019-02-13,0.7907
2019-02-14,-1.8509
2019-02-15,-0.6208
2019-02-19,0.1874
2019-02-20,0.304
2019-02-21,0.9325
2019-02-22,5.1582
2019-02-25,2.8845
2019-02-26,-3.3445
2019-02-27,-0.7657
2019-02-28,-1.2686
2019-03-01,1.8860999999999999
2019-03-04,0.3245
2019-03-05,-0.419
2019-03-06,-0.7973
2019-03-07,-2.7311
2019-03-08,2.4099
2019-03-11,3.1227
2019-03-12,-0.7896
2019-03-13,0.8251
2019-03-14,-1.9771
2019-03-15,3.6202
2019-03-18,-0.7843
2019-03-19,-0.3162
2019-03-20,-1.9465
2019-03-21,5.3305
2019-03-22,-5.6401
2019-03-25,-0.2663
2019-03-26,1.2906
2019-03-27,-0.7616
2019-03-28,0.7896
2019-03-29,3.7558
2019-04-01,5.5814
2019-04-02,0.3609
2019-04-03,2.9367
2019-04-04,-0.0841
2019-04-05,-1.1719
2019-04-08,2.7254
2019-04-09,-4.1901
2019-04-10,-0.5125
2019-04-11,1.4318
2019-04-12,3.0277
2019-04-15,-0.4802
2019-04-16,1.0615
2019-04-17,-0.3947
2019-04-18,0.0
2019-04-22,-1.8598
2019-04-23,1.5434
2019-04-24,-0.3399
2019-04-25,-1.7309999999999999
2019-04-26,0.9626
2019-04-29,-4.3326
2019-04-30,0.3458
2019-05-01,-3.0201
2019-05-02,-1.038
2019-05-03,9.461500000000001
2019-05-06,-4.7141
2019-05-07,-4.8056
2019-05-08,-3.1693
2019-05-09,-0.2197
2019-05-10,0.7192
2019-05-13,-6.8852
2019-05-14,2.4413
2019-05-15,0.9166
2019-05-16,-3.8449999999999998
2019-05-17,-4.471
2019-05-20,-2.3319
2019-05-21,2.5225999999999997
2019-05-22,-3.9993
2019-05-23,-5.2374
2019-05-24,2.5509
2019-05-28,0.3087
2019-05-29,-0.5188
2019-05-30,-0.6718
2019-05-31,-2.0824
2019-06-03,2.3539
2019-06-04,3.4718999999999998
2019-06-05,1.2272
2019-06-06,0.6697
2019-06-07,0.7663
2019-06-10,2.014
2019-06-11,-0.2376
2019-06-12,-1.6998
2019-06-13,2.3975
2019-06-14,-2.9205
2019-06-17,1.1092
2019-06-18,3.9395
2019-06-19,0.2399
2019-06-20,3.3025
2019-06-21,-0.6255
2019-06-24,-0.7304
2019-06-25,0.2427
2019-06-26,5.2241
2019-06-27,0.7347
2019-06-28,0.4641
2019-07-01,0.8873
2019-07-02,-0.5815
2019-07-03,0.0585
2019-07-05,-1.8048
2019-07-08,-4.6953
2019-07-09,2.8106999999999998
2019-07-10,1.7922
2019-07-11,-1.3801999999999999
2019-07-12,0.2269
2019-07-15,0.4076
2019-07-16,0.1128
2019-07-17,0.9461
2019-07-18,1.9042
2019-07-19,-0.7007
2019-07-22,1.9259
2019-07-23,3.3247
2019-07-24,4.4322
2019-07-25,-1.7377
2019-07-26,0.1768
2019-07-29,-1.9079000000000002
2019-07-30,3.0733
2019-07-31,-6.7558
2019-08-01,-0.3673
2019-08-02,-3.7733
2019-08-05,-6.0021
2019-08-06,2.1178
2019-08-07,-0.0783
2019-08-08,6.9549
2019-08-09,0.4101
2019-08-12,-0.9481
2019-08-13,5.4189
2019-08-14,-4.414
2019-08-15,0.1607
2019-08-16,6.8792
2019-08-19,5.1328
2019-08-20,-1.4932
2019-08-21,-0.5932
2019-08-22,-1.7238
2019-08-23,-4.7426
2019-08-26,0.4674
2019-08-27,-1.8961999999999999
2019-08-28,-0.5748
2019-08-29,3.4834
2019-08-30,1.2361
2019-09-03,-3.2147
2019-09-04,4.4191
2019-09-05,6.4096
2019-09-06,4.5609
2019-09-09,2.5092
2019-09-10,-1.3346
2019-09-11,2.9600999999999997
2019-09-12,-2.2917
2019-09-13,-0.006
2019-09-16,-3.232
2019-09-17,-0.1371
2019-09-18,-0.8112
2019-09-19,-2.3402
2019-09-20,-2.4671
2019-09-23,1.4134
2019-09-24,-3.8294
2019-09-25,2.6343
2019-09-26,-0.2309
2019-09-27,0.2182
2019-09-30,1.4386
2019-10-01,-3.2332
2019-10-02,-1.4655
2019-10-03,3.3022
2019-10-04,0.6869
2019-10-07,0.5641
2019-10-08,-1.5981
2019-10-09,2.6515
2019-10-10,-0.8136
2019-10-11,2.2656
2019-10-14,-3.3168
2019-10-15,0.6585
2019-10-16,-1.3868
2019-10-17,4.398
2019-10-18,0.8642
2019-10-21,-1.5245
2019-10-22,-2.5461
2019-10-23,-3.1574
2019-10-24,1.0777
2019-10-25,1.4284
2019-10-28,2.3934
2019-10-29,-4.9138
2019-10-30,-0.1901
2019-10-31,1.3199
2019-11-01,5.7413
2019-11-04,1.1812
2019-11-05,3.2574
2019-11-06,-0.6139
2019-11-07,2.1405
2019-11-08,-4.0656
2019-11-11,-2.4279
2019-11-12,-0.1407
2019-11-13,-1.4733
2019-11-14,-0.3771
2019-11-15,1.7033
2019-11-18,-1.0588
2019-11-19,-1.563
2019-11-20,1.5878
2019-11-21,-2.8796
2019-11-22,0.7412
2019-11-25,2.6846
2019-11-26,-1.1360999999999999
2019-11-27,1.6585
2019-11-29,-3.1023
2019-12-02,-3.2944
2019-12-03,-0.7403
2019-12-04,1.4018
2019-12-05,-1.8592
2019-12-06,1.2907
2019-12-09,-1.3496000000000001
2019-12-10,1.2083
2019-12-11,1.4066
2019-12-12,3.1667
2019-12-13,2.8858
2019-12-16,3.7929
2019-12-17,1.2406
2019-12-18,-0.3761
2019-12-19,1.2057
2019-12-20,-1.432
2019-12-23,1.6176
2019-12-24,-0.4385
2019-12-26,0.9111
2019-12-27,-0.8789
2019-12-30,-0.1146
2019-12-31,0.459
2020-01-02,1.581
2020-01-03,-1.4144
2020-01-06,-0.1381
2020-01-07,2.0918
2020-01-08,1.8135
2020-01-09,-0.2718
2020-01-10,-2.8007999999999997
2020-01-13,5.2977
2020-01-14,-0.0057
2020-01-15,-4.0626
2020-01-16,1.571
2020-01-17,1.0001
2020-01-21,-2.4467
2020-01-22,0.4072
2020-01-23,-0.4937
2020-01-24,-2.5044
2020-01-27,-6.9672
2020-01-28,1.1266
2020-01-29,-3.3743
2020-01-30,-1.3396
2020-01-31,-4.465
2020-02-03,0.5303
2020-02-04,6.8505
2020-02-05,-1.5666
2020-02-06,3.6713
2020-02-07,-2.7672
2020-02-10,2.0366
2020-02-11,1.2938
2020-02-12,2.3363
2020-02-13,0.1066
2020-02-14,-3.6339
2020-02-18,-5.8254
2020-02-19,3.7349
2020-02-20,0.0466
2020-02-21,-5.1819
2020-02-24,-4.1181
2020-02-25,-4.6974
2020-02-26,-2.572
2020-02-27,-3.2388
2020-02-28,4.8212
2020-03-02,0.3885
2020-03-03,-2.198
2020-03-04,6.2515
2020-03-05,-2.6141
2020-03-06,2.409
2020-03-09,-6.8927
2020-03-10,1.564
2020-03-11,-7.7075
2020-03-12,-9.3608
2020-03-13,5.296
2020-03-16,-14.5688
2020-03-17,6.4645
2020-03-18,-19.0833
2020-03-19,8.2592
2020-03-20,1.024
2020-03-23,4.344
2020-03-24,13.0124
2020-03-25,0.4534
2020-03-26,6.5161999999999995
2020-03-27,-9.0131
2020-03-30,1.3971
2020-03-31,1.818
2020-04-01,-6.2588
2020-04-02,-3.0977
2020-04-03,-3.5796
2020-04-06,13.8197
2020-04-07,0.3676
2020-04-08,3.8884
2020-04-09,2.1517
2020-04-13,-3.1861
2020-04-14,6.6825
2020-04-15,-3.6161
2020-04-16,-0.8535
2020-04-17,1.0491
2020-04-20,-3.7537000000000003
2020-04-21,-2.8029
2020-04-22,2.5707
2020-04-23,2.5617
2020-04-24,6.8079
2020-04-27,6.011
2020-04-28,-0.43
2020-04-29,5.3427
2020-04-30,-2.9154999999999998
2020-05-01,-3.613
2020-05-04,-2.9047
2020-05-05,6.8271
2020-05-06,0.8683
2020-05-07,5.3276
2020-05-08,3.2249
2020-05-11,-3.5093
2020-05-12,-2.6611000000000002
2020-05-13,-1.4733
2020-05-14,1.0868
2020-05-15,2.2721999999999998
2020-05-18,4.19
2020-05-19,3.1413
2020-05-20,3.0387
2020-05-21,-2.801
2020-05-22,-0.9767
2020-05-26,1.588
2020-05-27,2.7131
2020-05-28,-2.8693999999999997
2020-05-29,0.2278
2020-06-01,0.7024
2020-06-02,0.5402
2020-06-03,3.7885999999999997
2020-06-04,0.1966
2020-06-05,2.178
2020-06-08,-1.1266
2020-06-09,-1.9423
2020-06-10,-0.68
2020-06-11,-7.2392
2020-06-12,1.2398
2020-06-15,2.0245
2020-06-16,1.7623
2020-06-17,-0.7704
2020-06-18,-2.9957000000000003
2020-06-19,0.7012
2020-06-22,-0.0492
2020-06-23,-0.7248
2020-06-24,-6.0608
2020-06-25,0.8753
2020-06-26,-2.7753
2020-06-29,1.7772999999999999
2020-06-30,-0.9828
2020-07-01,-3.2295
2020-07-02,1.4675
2020-07-06,0.6454
2020-07-07,1.1511
2020-07-08,-1.7949000000000002
2020-07-09,1.081
2020-07-10,-2.2467
2020-07-13,-0.0236
2020-07-14,0.2755
2020-07-15,4.3495
2020-07-16,-2.686
2020-07-17,1.268
2020-07-20,5.1611
2020-07-21,-4.0293
2020-07-22,-0.8624
2020-07-23,1.6024
2020-07-24,-3.5599
2020-07-27,9.3061
2020-07-28,-3.89
2020-07-29,2.3351
2020-07-30,1.2532
2020-07-31,-0.6796
