ticker,FXNC US Equity
field,DAY_TO_DAY_TOT_RETURN_GROSS_DVDS
date,
2000-01-06,-3.7037
2000-01-11,3.8462
2000-01-12,-3.7037
2000-01-18,-7.6923
2000-01-19,0.0
2000-01-21,0.0
2000-01-25,-2.0833
2000-01-26,0.0
2000-01-27,-1.5957
2000-01-31,0.0
2000-02-01,3.7838000000000003
2000-02-03,-6.25
2000-02-04,0.0
2000-02-07,5.5556
2000-02-10,-1.0526
2000-02-15,-1.0638
2000-03-13,0.7186
2000-03-16,8.1081
2000-03-21,-8.5
2000-03-28,0.5464
2000-03-29,-1.6303999999999998
2000-03-31,2.7624
2000-04-11,-2.1505
2000-04-13,-0.8242
2000-04-14,1.9391
2000-04-19,0.0
2000-04-25,-1.6303999999999998
2000-04-26,0.0
2000-04-28,-0.5525
2000-05-01,-1.1111
2000-05-03,0.0
2000-05-05,3.3708
2000-05-08,0.0
2000-05-11,0.0
2000-05-16,-3.2609
2000-05-19,-0.5618
2000-05-24,-0.565
2000-06-01,0.0
2000-06-02,0.0
2000-06-05,0.5682
2000-06-06,1.9774
2000-06-09,-2.4931
2000-06-12,1.7045
2000-06-20,-0.3849
2000-06-21,0.0
2000-06-26,0.0
2000-06-28,0.0
2000-07-03,-1.1364
2000-07-07,-0.5747
2000-07-11,-0.578
2000-07-17,0.5814
2000-08-04,-1.7341
2000-08-07,2.3529
2000-08-17,-2.2989
2000-08-18,1.1764999999999999
2000-08-23,1.7442
2000-08-24,-1.7143000000000002
2000-08-25,1.1628
2000-08-28,1.908
2000-08-29,-1.7143000000000002
2000-08-30,0.0
2000-09-05,0.0
2000-09-06,0.5814
2000-09-11,-1.1561
2000-09-14,0.5848
2000-09-15,0.0
2000-09-19,2.3256
2000-09-21,-2.2727
2000-09-25,2.3256
2000-10-02,0.0
2000-10-10,0.0
2000-10-17,-1.1364
2000-10-19,0.0
2000-10-24,0.0
2000-10-25,1.1494
2000-10-26,-1.1364
2000-10-31,0.5747
2000-11-01,1.1429
2000-11-02,-0.565
2000-11-06,-0.5682
2000-11-16,2.2857
2000-11-17,0.0
2000-11-20,0.0
2000-11-30,-0.7711
2000-12-05,1.1429
2000-12-08,1.1299
2000-12-11,0.0
2000-12-12,0.0
2000-12-13,0.0
2000-12-14,0.0
2000-12-15,1.1173
2000-12-19,0.0
2000-12-21,0.0
2000-12-26,-1.6575
2000-12-27,0.0
2000-12-28,2.2472
2000-12-29,0.5495
2001-01-26,1.6393
2001-01-29,0.5376
2001-01-30,0.5348
2001-01-31,2.6596
2001-02-01,0.5181
2001-02-05,1.0309
2001-02-08,0.0
2001-02-16,0.0
2001-03-15,-0.7444
2001-03-16,2.0833
2001-03-22,0.0
2001-03-23,-1.0204
2001-03-28,2.0619
2001-03-29,-1.7677
2001-03-30,1.2852999999999999
2001-04-02,0.5076
2001-04-04,1.0101
2001-04-12,0.0
2001-04-17,4.0
2001-04-19,3.8462
2001-04-26,-5.9259
2001-04-27,3.3465
2001-05-18,0.9524
2001-05-30,9.434
2001-05-31,-2.8276
2001-06-01,2.9099
2001-06-15,15.0628
2001-06-26,-10.6061
2001-06-27,5.9322
2001-07-02,-0.8
2001-07-05,6.4516
2001-07-10,-3.0303
2001-07-16,1.5625
2001-07-18,3.0769
2001-07-20,1.4925
2001-07-23,-2.9412000000000003
2001-07-31,0.7576
2001-08-01,-2.2556
2001-08-03,0.7692
2001-08-22,-0.7634
2001-08-23,-1.5385
2001-08-24,2.3437
2001-09-18,-3.6386
2001-09-20,0.0
2001-09-21,-3.2
2001-09-24,3.3058
2001-09-25,-2.08
2001-09-27,-0.3268
2001-10-03,3.2787
2001-10-10,2.3810000000000002
2001-11-08,0.7752
2001-11-14,1.2308
2001-11-16,0.304
2001-11-28,1.3472
2001-12-14,-0.3021
2001-12-17,1.5152
2001-12-18,-0.7463
2001-12-21,1.5038
2001-12-28,0.0
2002-01-02,-1.4815
2002-01-08,0.0
2002-01-28,1.203
2002-02-08,0.2972
2002-02-11,-1.3333
2002-02-12,-0.3003
2002-02-19,0.9036
2002-02-20,-1.4925
2002-02-21,0.7576
2002-02-22,-3.0075
2002-02-25,3.876
2002-03-07,0.7463
2002-03-08,0.7407
2002-03-11,0.2647
2002-03-13,-2.963
2002-03-20,0.7634
2002-03-26,3.0303
2002-03-28,5.1471
2002-04-03,6.993
2002-04-08,-4.5752
2002-04-18,9.589
2002-04-22,-7.5
2002-04-23,2.7027
2002-04-25,0.0
2002-05-01,-1.9737
2002-05-02,0.0
2002-05-07,2.0134
2002-05-08,1.9737
2002-05-09,1.9355
2002-05-13,-1.2658
2002-05-16,1.2821
2002-05-22,0.6329
2002-05-23,-0.6289
2002-05-24,-3.7975
2002-05-31,1.3158
2002-06-10,1.2987
2002-06-19,2.1728
2002-06-21,1.2658
2002-06-24,2.5
2002-06-26,-2.439
2002-06-28,1.0
2002-07-12,0.0
2002-07-15,0.0
2002-07-17,-2.8465
2002-07-19,-0.1274
2002-07-26,-0.5102
2002-08-07,-0.5128
2002-08-12,0.0
2002-08-13,-0.1289
2002-08-14,-0.3871
2002-08-16,0.5181
2002-08-23,-2.5773
2002-08-26,-0.7937
2002-08-27,1.8667
2002-08-30,0.0
2002-09-11,-1.5969
2002-09-27,0.0
2002-10-04,2.0134
2002-10-08,-1.9737
2002-10-09,0.0
2002-10-10,1.2081
2002-10-15,-0.3979
2002-10-23,0.9321
2002-10-25,0.2639
2002-10-29,-1.0526
2002-10-30,0.3989
2002-10-31,-0.9272
2002-11-01,0.9358
2002-11-04,4.0795
2002-11-05,-3.2833
2002-11-11,0.6579
2002-11-12,0.0
2002-11-14,0.0
2002-11-19,2.6144
2002-11-20,0.2803
2002-11-25,-0.641
2002-12-06,0.6452
2002-12-30,0.0
2002-12-31,3.2051
2003-01-02,4.3478
2003-01-06,5.9524
2003-01-23,3.3708
2003-02-04,1.087
2003-02-05,0.3226
2003-02-06,1.8221
2003-02-07,-1.5579
2003-02-10,-3.7639
2003-02-11,-4.0
2003-02-12,-3.3565
2003-02-13,1.7964
2003-02-14,-3.5294
2003-02-18,3.0488
2003-02-20,1.1834
2003-02-21,0.4678
2003-02-25,1.2806
2003-02-26,0.0
2003-02-27,2.2989
2003-02-28,0.5618
2003-03-03,-1.6760000000000002
2003-03-04,1.1364
2003-03-05,1.3483
2003-03-07,1.4412
2003-03-14,3.5927
2003-03-25,-3.617
2003-03-26,3.2009
2003-03-28,-0.5348
2003-04-10,-1.5053999999999998
2003-04-11,2.6201
2003-04-14,0.0
2003-04-16,0.0
2003-04-21,0.0
2003-04-22,-1.0638
2003-04-24,1.9355
2003-04-25,1.2658
2003-04-28,0.0
2003-04-29,-0.25
2003-04-30,0.2506
2003-05-01,0.0
2003-05-02,-1.5625
2003-05-05,1.5873
2003-05-07,0.5208
2003-05-12,0.0
2003-05-13,0.5181
2003-05-14,4.1237
2003-05-15,1.9802
2003-05-16,0.0
2003-05-21,-2.9126
2003-05-28,0.0
2003-06-02,11.0
2003-06-03,-2.7027
2003-06-04,-1.8519
2003-06-05,3.7736
2003-06-06,-0.3636
2003-06-09,0.6934
2003-06-13,-1.4599
2003-06-18,-3.7037
2003-06-19,2.8846
2003-06-24,-2.243
2003-06-25,1.3384
2003-06-27,1.0943
2003-07-03,0.7839
2003-07-07,-0.9259
2003-07-09,0.9346
2003-07-10,0.0
2003-07-11,0.0
2003-07-14,1.8519
2003-07-15,0.0
2003-07-22,-3.6364
2003-07-25,1.8868
2003-07-28,-1.8519
2003-07-29,0.9434
2003-07-30,-0.9346
2003-08-04,1.8868
2003-08-05,0.0
2003-08-06,0.0
2003-08-11,0.0
2003-08-12,0.7407
2003-08-14,-2.2059
2003-08-15,2.2556
2003-08-19,-2.2059
2003-08-20,2.2556
2003-08-21,0.0
2003-08-25,0.1838
2003-08-26,0.0
2003-08-28,0.0
2003-08-29,0.5505
2003-09-04,0.0
2003-09-05,-1.2774
2003-09-08,1.2939
2003-09-09,0.0
2003-09-11,-1.4599
2003-09-12,0.9259
2003-09-15,-0.367
2003-09-16,0.0
2003-09-18,0.9208
2003-09-22,0.0
2003-09-24,-0.7299
2003-09-26,0.7353
2003-09-29,1.2495
2003-10-14,1.6334
2003-10-16,-0.8929
2003-10-21,-0.9009
2003-10-22,0.9091
2003-10-24,1.8018
2003-10-28,2.6549
2003-10-29,0.0
2003-11-04,6.8966
2003-11-05,3.2258
2003-11-07,5.4688
2003-11-10,-5.1852
2003-11-17,4.6875
2003-11-19,0.1493
2003-11-20,1.0495
2003-11-21,-1.1869
2003-11-24,0.0
2003-11-25,2.1021
2003-11-26,-2.0588
2003-11-28,0.0
2003-12-01,2.1021
2003-12-02,-2.0588
2003-12-03,0.0
2003-12-05,1.8919000000000001
2003-12-08,0.2063
2003-12-09,-2.0588
2003-12-10,1.3514
2003-12-12,-0.4444
2003-12-17,1.1905000000000001
2003-12-19,-1.9118
2003-12-22,0.4498
2003-12-23,-0.4478
2003-12-30,0.4498
2004-01-05,2.2388
2004-01-06,-0.7299
2004-01-12,-0.2941
2004-01-14,1.4159
2004-01-22,1.8034
2004-01-23,2.1429
2004-01-28,-0.6993
2004-01-30,2.5352
2004-02-05,-1.0989
2004-02-06,1.3889
2004-02-12,0.0
2004-02-20,-0.6849
2004-02-25,-2.069
2004-03-01,0.0
2004-03-02,0.0
2004-03-03,2.0845
2004-03-04,-2.0419
2004-03-08,1.4085
2004-03-09,0.0
2004-03-15,-0.8101
2004-03-16,6.2799
2004-03-17,-4.6105
2004-03-18,1.3889
2004-03-19,-2.0548
2004-03-23,0.0
2004-03-26,10.4895
2004-04-01,-3.7975
2004-04-02,-2.3684
2004-04-07,4.4474
2004-04-12,1.2903
2004-04-14,1.7833999999999999
2004-04-15,-3.7547
2004-04-16,-2.4707
2004-04-19,0.2933
2004-04-20,2.3664
2004-04-21,0.0
2004-04-22,-1.2987
2004-04-27,3.9474
2004-04-28,-2.5316
2004-04-29,-1.2987
2004-05-03,0.3947
2004-05-13,2.8834
2004-05-19,-3.3121
2004-05-20,0.6588
2004-05-21,-1.178
2004-05-25,1.3245
2004-05-27,-1.3072
2004-05-28,1.0596
2004-06-03,-1.0485
2004-06-07,0.6623
2004-06-15,1.1905000000000001
2004-06-16,-0.6536
2004-06-21,0.0
2004-06-22,-0.6579
2004-06-23,0.9272
2004-06-24,-0.2625
2004-06-25,-0.3947
2004-06-28,-0.2642
2004-06-30,0.0
2004-07-01,-0.6623
2004-07-02,-1.3333
2004-07-06,-2.027
2004-07-09,2.069
2004-07-13,-0.5405
2004-07-16,-1.4946
2004-07-22,2.0966
2004-07-26,-1.351
2004-07-27,2.0268
2004-07-29,-0.6711
2004-07-30,0.6757
2004-08-09,-0.6711
2004-08-10,1.3514
2004-08-11,-1.3333
2004-08-13,1.3514
2004-08-20,1.3333
2004-08-27,-1.9737
2004-09-03,2.0134
2004-09-08,0.5263
2004-09-14,-0.1316
2004-09-15,0.1318
2004-09-24,0.3947
2004-09-27,-0.3932
2004-10-01,-0.6579
2004-10-04,0.0
2004-10-08,-0.6623
2004-10-12,1.7332999999999998
2004-10-13,-2.3590999999999998
2004-10-14,0.0
2004-10-18,2.4161
2004-10-21,-0.3932
2004-10-26,-1.3158
2004-10-29,6.6667
2004-11-01,0.0
2004-11-08,-2.5
2004-11-09,2.5641
2004-11-16,2.5
2004-11-19,4.878
2004-11-24,0.5143
2004-11-29,-1.1628
2004-11-30,2.3529
2004-12-02,0.0
2004-12-07,-1.1494
2004-12-08,1.1628
2004-12-10,1.1494
2004-12-13,-2.2727
2004-12-14,-1.7442
2004-12-16,-0.1183
2004-12-17,-1.4218
2004-12-20,-1.9231
2004-12-21,2.9412000000000003
2005-01-04,-2.3810000000000002
2005-01-06,2.439
2005-01-10,0.5952
2005-01-12,-2.9586
2005-01-14,-0.4878
2005-01-18,0.4902
2005-01-19,0.6098
2005-01-21,0.6061
2005-01-25,3.6145
2005-01-27,2.093
2005-01-31,0.2278
2005-02-03,-0.2273
2005-02-07,0.0
2005-02-08,-0.0228
2005-02-09,-0.8886
2005-02-10,-1.1494
2005-02-11,-0.5814
2005-02-14,-1.0526
2005-02-15,-1.3002
2005-02-18,2.6347
2005-02-22,-2.5671
2005-02-24,1.7964
2005-02-25,0.8235
2005-03-03,0.3501
2005-03-07,-1.7442
2005-03-08,4.142
2005-03-09,0.5
2005-03-11,-3.9773
2005-03-14,0.0
2005-03-15,0.0
2005-03-16,0.0
2005-03-17,1.1834
2005-03-18,1.2865
2005-03-21,5.6582
2005-03-22,-1.6393
2005-03-23,1.1111
2005-03-24,-0.1099
2005-03-28,2.3102
2005-03-29,-2.1505
2005-03-30,0.5495
2005-03-31,-3.8251
2005-04-01,2.2727
2005-04-04,0.0
2005-04-05,2.2222
2005-04-06,-3.2609
2005-04-07,-2.809
2005-04-08,1.7341
2005-04-12,0.0
2005-04-13,1.1364
2005-04-18,1.1236
2005-04-19,0.5556
2005-04-20,0.5525
2005-04-21,0.0
2005-04-22,-1.6484
2005-04-25,2.7933
2005-04-27,2.1739
2005-04-29,0.0
2005-05-02,1.0638
2005-05-03,5.2632
2005-05-04,0.0
2005-05-05,0.0
2005-05-06,-3.84
2005-05-10,3.5774
2005-05-11,0.4016
2005-05-12,-1.0
2005-05-17,-2.6263
2005-05-19,2.6971
2005-05-20,1.0101
2005-05-23,0.0
2005-05-24,0.8
2005-05-25,1.1905000000000001
2005-05-26,-1.9607999999999999
2005-05-27,0.0
2005-05-31,1.0
2005-06-01,0.0
2005-06-02,0.9901
2005-06-03,0.0
2005-06-07,0.7843
2005-06-08,0.428
2005-06-09,-0.3891
2005-06-14,-2.1484
2005-06-15,0.1996
2005-06-16,0.7968
2005-06-17,0.0
2005-06-20,0.0
2005-06-21,-1.1858
2005-06-22,2.0
2005-06-24,0.7843
2005-06-27,0.7782
2005-06-28,0.3861
2005-06-30,-0.9615
2005-07-01,0.9709
2005-07-06,0.0
2005-07-11,0.3846
2005-07-12,-1.1494
2005-07-14,0.0
2005-07-15,-0.1938
2005-07-18,0.0
2005-07-22,0.9709
2005-07-27,-1.5385
2005-08-02,0.0
2005-08-04,1.5625
2005-08-05,-0.3846
2005-08-08,0.8494
2005-08-10,-2.5651
2005-08-11,0.0
2005-08-12,2.1611
2005-08-15,0.5385
2005-08-17,0.0
2005-08-18,-1.1094
2005-08-23,0.5803
2005-08-24,0.7692
2005-08-25,-0.3817
2005-08-29,-1.341
2005-08-30,-1.165
2005-09-01,2.1611
2005-09-02,0.0
2005-09-06,0.9615
2005-09-13,-0.9181
2005-09-14,0.3861
2005-09-15,0.5385
2005-09-16,-2.6395999999999997
2005-09-20,3.1434
2005-09-21,0.0
2005-09-22,0.381
2005-09-23,1.518
2005-09-26,0.0
2005-09-30,-2.0561
2005-10-03,-0.7634
2005-10-05,0.0
2005-10-06,0.0
2005-10-12,-1.9231
2005-10-14,-1.1764999999999999
2005-10-17,0.0
2005-10-18,1.1905000000000001
2005-10-19,-1.5686
2005-10-20,1.5936
2005-10-21,0.0
2005-10-24,0.1961
2005-10-26,0.8219
2005-10-27,0.9317
2005-10-28,0.0
2005-10-31,1.9231
2005-11-01,0.0
2005-11-03,0.0
2005-11-08,-1.5093999999999999
2005-11-09,0.5747
2005-11-11,1.1429
2005-11-17,-1.1299
2005-11-22,1.4095
2005-11-25,0.0
2005-11-28,0.0
2005-11-29,0.1887
2005-11-30,0.7533
2005-12-01,0.5607
2005-12-02,-1.487
2005-12-05,0.0
2005-12-09,4.717
2005-12-14,0.9009
2005-12-19,0.0
2005-12-21,0.0
2005-12-27,-3.5714
2005-12-28,0.1852
2005-12-29,3.512
2005-12-30,-3.3929
2006-01-03,-3.512
2006-01-04,0.1916
2006-01-06,2.6769
2006-01-10,3.352
2006-01-12,-5.2252
2006-01-13,0.7605
2006-01-17,1.5093999999999999
2006-01-18,-2.2305
2006-01-19,-0.1901
2006-01-20,-0.5714
2006-01-23,2.2989
2006-01-27,0.0
2006-01-31,-2.2472
2006-02-02,1.1494
2006-02-03,-2.4621
2006-02-06,1.5534
2006-02-07,-0.5736
2006-02-08,-1.7308
2006-02-09,0.7828
2006-02-15,-2.9126
2006-02-16,1.8
2006-02-22,-0.9037
2006-02-23,0.5976
2006-02-28,0.198
2006-03-01,0.7905
2006-03-03,-0.9804
2006-03-07,-0.9901
2006-03-08,3.0
2006-03-10,1.3592
2006-03-14,2.8352
2006-03-15,3.1297
2006-03-16,0.7948
2006-03-17,-0.1792
2006-03-20,-4.8474
2006-03-23,5.6604
2006-03-29,-5.3571
2006-03-30,0.3774
2006-03-31,5.2632
2006-04-03,0.0
2006-04-07,0.0
2006-04-13,-5.0
2006-04-19,0.0
2006-04-24,4.2481
2006-04-25,0.7934
2006-04-26,0.1789
2006-04-28,0.0
2006-05-02,0.0
2006-05-04,0.0
2006-05-11,0.0
2006-05-12,0.0
2006-05-16,0.0
2006-05-19,0.0
2006-05-24,0.0
2006-05-25,0.0
2006-05-30,0.0
2006-06-01,-2.2597
2006-06-02,-2.2018
2006-06-05,3.1895
2006-06-06,-3.0909
2006-06-16,1.3133
2006-06-19,3.7037
2006-06-20,0.0
2006-06-21,-3.2143
2006-06-22,-1.6604999999999999
2006-06-23,4.1276
2006-06-28,-3.964
2006-06-29,0.0
2006-06-30,0.0
2006-07-13,0.0
2006-07-14,0.3752
2006-07-17,-0.3738
2006-07-18,0.0
2006-07-20,0.5629
2006-07-24,4.4776
2006-07-25,-3.9286
2006-08-01,-0.5576
2006-08-02,4.6729
2006-08-03,-4.8214
2006-08-07,0.0
2006-08-08,3.1895
2006-08-11,0.0
2006-08-15,-1.8182
2006-08-16,0.7407
2006-08-18,-1.1029
2006-08-21,0.3717
2006-08-24,0.0744
2006-08-25,3.7175000000000002
2006-08-28,-3.5842
2006-09-05,3.7175000000000002
2006-09-06,0.3584
2006-09-08,-3.9286
2006-09-15,6.8773
2006-09-19,-2.6087
2006-09-22,-4.4643
2006-09-26,-0.9346
2006-09-27,0.0
2006-09-28,0.0
2006-09-29,0.0
2006-10-02,-0.9434
2006-10-06,2.8571
2006-10-09,2.963
2006-10-10,-1.9784000000000002
2006-10-11,2.0183
2006-10-12,0.7194
2006-10-13,-2.6786
2006-10-16,-1.8349
2006-10-17,0.9346
2006-10-23,1.8519
2006-10-25,1.8182
2006-10-31,-3.5714
2006-11-09,1.8148
2006-11-10,0.0364
2006-11-13,1.7455
2006-11-15,-1.7155
2006-12-01,-3.7267
2006-12-04,0.0
2006-12-05,1.518
2006-12-06,0.0
2006-12-07,-1.6822
2006-12-08,2.6616
2006-12-11,0.3704
2006-12-12,2.3985
2006-12-18,0.8649
2006-12-19,-5.3233
2006-12-22,-0.7547
2006-12-26,0.0
2006-12-27,0.0
2006-12-28,0.0
2006-12-29,2.6616
2007-01-03,-0.9259
2007-01-04,-1.3084
2007-01-05,6.0227
2007-01-08,-3.537
2007-01-11,-2.5926
2007-01-16,-0.9506
2007-01-18,-0.691
2007-01-19,0.5025
2007-01-24,1.1538
2007-01-26,1.7109999999999999
2007-01-29,0.9346
2007-01-30,0.3704
2007-01-31,-0.369
2007-02-01,-0.9259
2007-02-05,2.4299
2007-02-07,-2.3723
2007-02-09,2.4299
2007-02-15,0.0
2007-02-16,0.365
2007-02-20,-2.9091
2007-02-21,0.0
2007-02-22,-1.3109
2007-02-23,2.4668
2007-02-26,0.0
2007-03-01,2.3446
2007-03-02,0.0
2007-03-05,-3.6364
2007-03-06,0.0
2007-03-07,1.8868
2007-03-08,-1.8519
2007-03-09,0.0
2007-03-15,1.8868
2007-03-16,1.8519
2007-03-19,-0.1818
2007-03-20,2.0036
2007-03-22,0.0
2007-03-26,-1.7856999999999998
2007-03-27,-1.8182
2007-03-28,0.1852
2007-03-30,1.6636
2007-04-03,3.6364
2007-04-11,-7.0175
2007-04-12,-0.4906
2007-04-13,0.493
2007-04-17,0.0
2007-04-18,5.4717
2007-04-25,-6.7979
2007-04-27,1.1516
2007-04-30,-0.3795
2007-05-03,-0.7619
2007-05-04,0.1919
2007-05-08,-0.3831
2007-05-10,0.3846
2007-05-11,-0.7663
2007-05-16,2.3166
2007-05-18,-1.8868
2007-05-21,0.0
2007-05-24,1.9231
2007-05-29,-1.5093999999999999
2007-05-31,0.0
2007-06-06,1.6558000000000002
2007-06-11,-1.5152
2007-06-12,-0.5769
2007-06-14,0.0
2007-06-15,0.5803
2007-06-18,-0.3846
2007-06-21,-1.5058
2007-06-22,-3.9592
2007-06-25,-1.0204
2007-06-26,-1.0309
2007-06-27,0.0
2007-06-28,1.6667
2007-06-29,0.0
2007-07-02,-1.6393
2007-07-03,-1.0417
2007-07-06,2.1053
2007-07-10,-1.0309
2007-07-11,-2.0833
2007-07-12,0.0
2007-07-13,-4.2553
2007-07-16,1.1111
2007-07-17,0.0
2007-07-18,1.0989
2007-07-19,-0.6522
2007-07-20,0.6565
2007-07-23,-0.2174
2007-07-24,-1.9607999999999999
2007-07-25,1.7778
2007-07-31,-1.7467000000000001
2007-08-01,-1.1111
2007-08-02,2.6966
2007-08-03,-1.5316999999999998
2007-08-09,-3.3333
2007-08-10,-0.9195
2007-08-13,-0.232
2007-08-14,6.9767
2007-08-16,0.0
2007-08-21,0.0
2007-08-22,2.7391
2007-08-23,1.0638
2007-08-29,0.0
2007-08-30,0.0
2007-09-04,1.0526
2007-09-11,-1.0417
2007-09-12,-2.1053
2007-09-13,2.1505
2007-09-14,0.0
2007-09-17,-1.0526
2007-09-18,3.1915
2007-09-19,-1.0309
2007-09-20,-9.9583
2007-09-21,4.1185
2007-09-24,0.0
2007-09-25,0.0
2007-09-27,2.2222
2007-10-01,0.0
2007-10-02,6.5217
2007-10-05,0.0
2007-10-10,-5.102
2007-10-11,5.3763
2007-10-17,-5.102
2007-10-18,3.2258
2007-10-19,-2.0833
2007-10-22,2.1277
2007-10-23,-4.1667
2007-10-24,0.0
2007-10-25,0.0
2007-10-26,2.1739
2007-10-29,-4.2553
2007-10-30,2.4444
2007-10-31,-2.3861
2007-11-01,1.7778
2007-11-05,-1.0917
2007-11-06,4.5916
2007-11-07,-2.9126
2007-11-12,1.087
2007-11-14,-6.0215
2007-11-15,9.8398
2007-11-16,0.0
2007-11-19,0.0
2007-11-20,-4.1667
2007-11-21,3.2609
2007-11-28,1.6421000000000001
2007-11-29,0.0
2007-11-30,4.1667
2007-12-03,-0.4
2007-12-04,-1.6064
2007-12-05,0.0
2007-12-10,-5.102
2007-12-11,2.1505
2007-12-12,-3.1579
2007-12-13,-2.1739
2007-12-14,3.1111
2007-12-18,-3.0172
2007-12-19,-1.1111
2007-12-21,-3.3708
2007-12-24,4.6512
2007-12-26,4.4444
2007-12-27,-8.5106
2007-12-28,0.2326
2007-12-31,4.4084
2008-01-02,-2.2222
2008-01-04,2.1818
2008-01-10,-6.1388
2008-01-11,4.2654
2008-01-16,-1.1364
2008-01-29,-2.069
2008-01-30,0.0
2008-02-04,2.1127
2008-02-05,0.0
2008-02-08,3.2184
2008-02-14,2.4499
2008-02-15,-0.6522
2008-02-20,1.7505
2008-02-21,-1.0753
2008-02-22,0.0
2008-02-25,-1.5217
2008-02-26,1.5453000000000001
2008-02-27,-2.6522
2008-02-28,-0.6742
2008-02-29,0.0
2008-03-03,0.0
2008-03-06,2.2624
2008-03-10,-5.9735
2008-03-11,9.4118
2008-03-12,-9.6774
2008-03-14,9.5238
2008-03-17,2.1739
2008-03-18,0.0
2008-03-19,1.0638
2008-03-20,0.0
2008-03-25,0.5895
2008-03-26,-4.9812
2008-03-27,1.3216
2008-04-02,0.0
2008-04-03,1.9565000000000001
2008-04-07,-4.0512
2008-04-08,0.0
2008-04-10,0.6667
2008-04-15,1.5453000000000001
2008-04-16,0.0
2008-04-23,1.087
2008-04-29,-2.5806
2008-05-01,2.649
2008-05-12,-1.7204000000000002
2008-05-15,1.2254
2008-05-20,0.5188
2008-05-21,0.0
2008-05-22,-3.6559
2008-05-23,2.6786
2008-05-27,1.087
2008-05-28,-0.4301
2008-05-29,-3.4557
2008-05-30,-1.1186
2008-06-02,1.81
2008-06-04,1.2889
2008-06-09,-11.6998
2008-06-10,0.0
2008-06-11,-2.5
2008-06-13,2.0
2008-06-16,0.3017
2008-06-17,-2.5063
2008-06-20,5.9126
2008-06-23,-3.1553
2008-06-24,2.7569
2008-06-26,-3.6585
2008-06-27,-0.7595
2008-06-30,0.0
2008-07-09,-1.0204
2008-07-10,3.0928
2008-07-14,0.0
2008-07-16,-1.25
2008-07-21,1.2658
2008-07-22,0.0
2008-07-29,2.5
2008-08-01,2.439
2008-08-04,-2.3810000000000002
2008-08-07,2.439
2008-08-13,0.0
2008-08-19,-1.1905000000000001
2008-08-20,0.0
2008-08-21,-2.6506
2008-08-22,-0.7426
2008-08-25,7.2318999999999996
2008-08-26,-6.9767
2008-08-27,5.7
2008-08-28,-4.7619
2008-08-29,0.0
2008-09-02,1.25
2008-09-03,-1.2346
2008-09-04,-3.5
2008-09-08,1.0363
2008-09-09,2.5641
2008-09-12,4.95
2008-09-15,-2.3344
2008-09-16,-2.439
2008-09-17,-4.5
2008-09-18,4.4503
2008-09-19,-3.5088
2008-09-22,1.039
2008-09-24,2.5707
2008-10-02,0.0
2008-10-06,-7.2682
2008-10-07,8.1081
2008-10-08,-10.0
2008-10-09,-5.5556
2008-10-10,17.0588
2008-10-13,-9.5477
2008-10-14,5.5556
2008-10-15,-10.2632
2008-10-20,5.5718
2008-10-22,-7.2222
2008-10-24,-1.1976
2008-10-27,3.0303
2008-10-28,2.9412000000000003
2008-10-29,1.4285999999999999
2008-11-06,-9.2958
2008-11-07,11.8012
2008-11-11,5.5556
2008-11-19,-10.0
2008-11-20,-0.5848
2008-11-21,0.0
2008-12-03,-2.7284
2008-12-05,-5.4878
2008-12-08,0.0
2008-12-09,-4.8387
2008-12-12,5.0847
2008-12-23,4.8387
2008-12-24,0.0
2009-01-02,1.5385
2009-01-06,3.0303
2009-01-07,0.5882
2009-01-08,0.0
2009-01-13,0.8772
2009-01-20,-1.4493
2009-01-22,-2.9412000000000003
2009-01-23,3.0303
2009-01-26,-4.4118
2009-01-27,4.6154
2009-01-28,-4.4118
2009-01-29,0.0
2009-01-30,0.0
2009-02-02,-9.2308
2009-02-03,-3.3898
2009-02-04,0.0
2009-02-05,0.3509
2009-02-06,4.8951
2009-02-11,0.0
2009-02-12,-13.3333
2009-02-13,-10.7692
2009-02-17,3.4483
2009-02-19,7.9167
2009-02-20,-7.3359
2009-02-25,9.5
2009-02-26,-5.7692
2009-02-27,2.0408
2009-03-02,-7.2
2009-03-04,1.7241
2009-03-06,-2.5423999999999998
2009-03-10,5.2174
2009-03-12,3.719
2009-03-13,-4.3825
2009-03-16,7.9167
2009-03-17,4.2471
2009-03-18,1.8519
2009-03-19,9.0909
2009-03-20,0.0
2009-03-23,-1.6667
2009-03-26,8.4746
2009-03-31,3.125
2009-04-01,-1.5152
2009-04-06,1.5385
2009-04-07,-6.9697
2009-04-13,-2.2801
2009-04-15,0.0
2009-04-17,6.6667
2009-04-20,-3.125
2009-04-21,3.2258
2009-04-23,7.8125
2009-04-24,-10.1449
2009-04-27,0.0
2009-04-28,-1.6129
2009-04-29,6.5574
2009-04-30,0.0
2009-05-04,-1.5385
2009-05-13,3.125
2009-05-14,0.0
2009-05-15,-1.5152
2009-05-19,0.0
2009-05-26,-1.5385
2009-05-28,-1.5625
2009-06-03,8.8254
2009-06-04,-11.7647
2009-06-05,0.0
2009-06-09,5.0
2009-06-12,1.5873
2009-06-16,3.125
2009-06-19,0.0
2009-06-22,3.0303
2009-06-23,0.0
2009-06-24,-1.5293999999999999
2009-06-25,-2.9271000000000003
2009-06-26,1.5385
2009-06-29,-2.7273
2009-07-06,-0.3115
2009-07-09,0.625
2009-07-10,-3.1056
2009-07-14,0.9615
2009-07-15,1.5873
2009-07-21,0.0
2009-07-22,-5.625
2009-07-23,-0.6623
2009-07-27,5.0
2009-07-28,1.2698
2009-07-29,-4.3887
2009-08-04,-4.918
2009-08-07,3.4483
2009-08-10,-3.3333
2009-08-11,3.4483
2009-08-12,0.0
2009-08-17,0.0
2009-08-18,0.0
2009-08-21,0.6667
2009-08-24,-0.6623
2009-08-25,-1.0
2009-08-27,-3.1271
2009-08-31,1.7544
2009-09-02,-0.069
2009-09-08,-2.0014
2009-09-09,-3.169
2009-09-10,1.8182
2009-09-11,3.5714
2009-09-15,-6.5517
2009-09-16,3.321
2009-09-17,-6.4286
2009-09-18,0.7634
2009-09-21,-1.5152
2009-09-22,3.8462
2009-09-23,-5.1852
2009-09-24,0.0
2009-09-25,0.7813
2009-09-29,-0.2854
2009-10-02,-1.2686
2009-10-07,6.2992
2009-10-08,3.7037
2009-10-09,0.0
2009-10-13,-9.2857
2009-10-16,0.3937
2009-10-19,-0.3922
2009-10-21,-3.9370000000000003
2009-10-27,-5.7377
2009-10-28,6.087
2009-10-29,-5.7377
2009-10-30,6.087
2009-11-02,0.0
2009-11-03,-3.6885
2009-11-09,-4.2553
2009-11-11,-2.3111
2009-11-12,-5.8235
2009-11-13,20.7729
2009-11-17,-19.2
2009-11-18,13.3663
2009-11-19,-3.9301
2009-11-30,-5.6169
2009-12-02,-2.439
2009-12-03,3.0
2009-12-07,-1.9417
2009-12-08,3.9604
2009-12-09,-8.5714
2009-12-11,25.0
2009-12-14,0.0
2009-12-15,-8.3333
2009-12-17,-4.5455
2009-12-18,-4.7619
2009-12-21,-2.0
2009-12-23,2.0408
2009-12-28,-7.5
2009-12-30,2.7027
2009-12-31,5.2632
2010-01-06,1.0
2010-01-07,-0.495
2010-01-11,0.4975
2010-01-12,0.0
2010-01-20,0.0
2010-01-26,0.0
2010-01-27,0.0
2010-01-28,1.4851
2010-02-12,-1.4634
2010-02-16,0.0
2010-02-17,1.9802
2010-02-22,0.0
2010-02-26,-1.5748
2010-03-04,5.0
2010-03-08,0.0
2010-03-09,4.7619
2010-03-10,-4.5455
2010-03-11,0.9524
2010-03-12,3.5849
2010-03-15,0.1821
2010-03-16,2.2727
2010-03-17,1.3333
2010-03-18,5.2632
2010-03-19,-2.0833
2010-03-22,2.1277
2010-03-23,-8.25
2010-03-29,8.9918
2010-04-07,0.0
2010-04-08,-5.0
2010-04-12,0.0877
2010-04-13,5.1709
2010-04-14,0.0
2010-04-15,0.0
2010-04-16,-0.0833
2010-04-22,0.0
2010-04-23,-3.2527
2010-04-26,3.4483
2010-04-27,1.6667
2010-04-30,46.3115
2010-05-03,-6.7227
2010-05-06,-1.2012
2010-05-07,-5.7751
2010-05-11,-0.3226
2010-05-14,-12.6214
2010-05-18,-7.4074
2010-05-20,0.0
2010-05-24,12.0
2010-06-01,10.0
2010-06-04,-13.1717
2010-06-07,0.0
2010-06-09,-0.3774
2010-06-15,16.6667
2010-06-21,-8.7662
2010-06-23,-3.9146
2010-06-25,-1.8519
2010-07-09,-3.7736
2010-07-19,0.7843
2010-07-21,-2.7237
2010-07-22,0.0
2010-07-27,0.0
2010-07-29,4.0
2010-08-03,-6.1538
2010-08-04,4.0984
2010-08-10,-1.5748
2010-08-11,2.8
2010-08-13,0.0
2010-08-16,1.1673
2010-08-23,-3.4615
2010-08-24,3.5857
2010-08-26,-4.3546
2010-09-03,13.8211
2010-09-07,-7.1429
2010-09-08,-3.0769
2010-09-13,2.3810000000000002
2010-09-21,6.5891
2010-09-24,-5.4545
2010-09-27,-1.9231
2010-10-04,0.0
2010-10-05,0.0
2010-10-15,-1.5686
2010-10-19,1.5936
2010-10-21,1.9607999999999999
2010-10-25,0.0
2010-10-26,-1.9231
2010-10-27,3.9215999999999998
2010-10-28,0.0
2010-11-01,0.0
2010-11-03,0.0
2010-11-10,0.0
2010-11-12,0.0
2010-11-15,1.8868
2010-11-16,-1.8519
2010-11-24,0.0
2010-12-01,-0.8391
2010-12-07,3.0769
2010-12-10,-6.7164
2010-12-16,1.2
2010-12-22,-2.7668
2010-12-23,-0.6504
2010-12-27,0.2455
2010-12-28,0.0
2010-12-29,-0.3265
2010-12-30,0.3276
2010-12-31,3.6734999999999998
2011-01-03,0.3937
2011-01-04,0.0
2011-01-05,-1.9607999999999999
2011-01-10,0.0
2011-01-12,-5.2
2011-01-13,-0.8439
2011-01-14,4.2553
2011-01-18,-2.0408
2011-01-24,0.0
2011-01-28,-5.8333
2011-01-31,0.0
2011-02-01,0.885
2011-02-02,-2.6316
2011-02-03,4.5045
2011-02-04,-2.5862
2011-02-08,0.0
2011-02-09,2.2124
2011-02-10,-2.1645
2011-02-14,0.177
2011-02-15,0.0
2011-02-16,-7.2438
2011-02-22,-1.9048
2011-02-23,0.9709
2011-02-24,-3.8462
2011-02-25,-7.5
2011-03-02,0.0
2011-03-03,0.0
2011-03-07,8.1081
2011-03-08,2.0
2011-03-09,-0.098
2011-03-14,4.0634
2011-03-15,0.0
2011-03-16,-2.8571
2011-03-21,1.9607999999999999
2011-03-22,5.7692
2011-03-23,0.0
2011-03-25,-6.8182
2011-03-28,0.4878
2011-03-29,6.7961
2011-03-31,2.2727
2011-04-13,-9.2444
2011-04-15,0.3918
2011-04-20,1.4634
2011-04-27,-2.8846
2011-04-29,7.4257
2011-05-02,5.0691
2011-05-03,-4.8246
2011-05-04,1.3825
2011-05-05,-1.8182
2011-05-06,8.7963
2011-05-11,-9.3617
2011-05-12,1.4085
2011-05-13,6.4815
2011-05-16,-6.5217
2011-05-18,-1.8605
2011-05-24,-0.4739
2011-05-26,-1.9048
2011-05-31,1.9417
2011-06-01,2.3810000000000002
2011-06-07,-1.4085
2011-06-14,0.0
2011-06-16,0.0
2011-06-17,1.4285999999999999
2011-06-20,0.4695
2011-06-21,-4.2056000000000004
2011-06-22,0.9756
2011-06-28,-1.4493
2011-07-12,-4.4118
2011-07-19,-3.5897
2011-07-20,3.7234
2011-07-21,-0.6154
2011-07-25,-5.0568
2011-07-29,0.0
2011-08-01,-5.4348
2011-08-02,-2.2989
2011-08-04,8.8235
2011-08-05,0.0
2011-08-09,-2.1622
2011-08-11,-0.5525
2011-08-12,0.0
2011-08-15,0.0
2011-08-19,2.7778
2011-08-22,0.0
2011-08-25,2.7027
2011-08-26,-9.473700000000001
2011-08-29,1.7442
2011-09-06,-1.7143000000000002
2011-09-12,0.0
2011-09-16,-1.1628
2011-09-22,-1.7647
2011-09-23,1.7964
2011-09-27,-10.5882
2011-09-29,9.8684
2011-10-14,-8.7425
2011-10-18,0.0
2011-10-19,0.0
2011-10-21,1.706
2011-10-24,-7.0968
2011-10-25,5.5556
2011-10-27,-5.2632
2011-10-31,0.1389
2011-11-01,0.5548
2011-11-02,5.5172
2011-11-14,-8.4967
2011-11-17,-12.857099999999999
2011-11-18,0.0
2011-11-21,-1.6393
2011-11-22,-5.0
2011-11-25,0.8772
2011-11-28,0.0
2011-11-29,-4.3478
2011-12-01,3.6364
2011-12-02,-1.0526
2011-12-06,-1.2411
2011-12-07,-10.2334
2011-12-08,0.0
2011-12-09,0.0
2011-12-13,-12.0
2011-12-14,7.9545
2011-12-15,5.2632
2011-12-16,0.2
2011-12-19,19.7605
2011-12-21,0.0
2011-12-23,0.0
2011-12-27,-5.5
2011-12-28,5.8201
2011-12-30,0.0
2012-01-05,-0.8333
2012-01-06,0.8403
2012-01-09,-7.5
2012-01-10,8.1081
2012-01-11,0.0
2012-01-12,-8.3333
2012-01-17,0.0
2012-01-18,0.0
2012-01-20,0.0
2012-01-23,-1.8182
2012-01-24,0.3704
2012-01-25,1.845
2012-01-30,-4.8913
2012-01-31,0.0
2012-02-02,-1.9048
2012-02-03,-0.5825
2012-02-06,-0.1953
2012-02-08,0.1957
2012-02-09,2.7344
2012-02-10,0.0
2012-02-15,0.0
2012-02-16,-4.7529
2012-02-17,4.99
2012-02-21,0.3802
2012-02-23,-4.7348
2012-02-24,4.3738
2012-02-27,-4.7619
2012-02-29,0.0
2012-03-01,3.8
2012-03-02,-1.1561
2012-03-06,-2.5341
2012-03-07,0.2
2012-03-08,0.0
2012-03-14,-0.1996
2012-03-15,2.0
2012-03-26,3.9215999999999998
2012-03-28,0.0
2012-03-30,-3.7736
2012-04-03,-1.9607999999999999
2012-04-09,0.0
2012-04-10,6.0
2012-04-12,-5.6604
2012-04-13,0.0
2012-04-16,6.0
2012-04-18,-6.2264
2012-04-19,4.6278
2012-04-24,1.9231
2012-04-26,-5.6604
2012-04-30,0.0
2012-05-01,0.0
2012-05-07,5.0
2012-05-08,0.0
2012-05-10,-19.0476
2012-05-16,-1.1764999999999999
2012-05-21,-4.7619
2012-05-24,0.0
2012-05-25,0.0
2012-05-29,0.0
2012-05-30,-5.0
2012-05-31,-2.3684
2012-06-01,5.1213
2012-06-04,7.1795
2012-06-06,-11.4833
2012-06-07,4.0541
2012-06-08,0.0
2012-06-12,3.8961
2012-06-13,0.0
2012-06-14,0.0
2012-06-19,0.0
2012-06-27,0.0
2012-06-28,-3.75
2012-07-02,0.0
2012-07-05,1.2987
2012-07-06,2.3077
2012-07-09,-2.2556
2012-07-10,-2.3077
2012-07-11,0.0
2012-07-13,0.0
2012-07-16,3.6745
2012-07-17,0.0
2012-07-19,-1.2658
2012-07-24,0.0
2012-07-25,1.2821
2012-08-01,-1.0127
2012-08-03,-0.2558
2012-08-07,-1.7949000000000002
2012-08-08,0.0
2012-08-09,0.0
2012-08-10,3.1332
2012-08-14,0.0
2012-08-17,1.2658
2012-08-22,3.75
2012-08-27,4.5783000000000005
2012-08-28,3.6866
2012-08-29,5.5556
2012-08-30,5.2632
2012-08-31,4.0
2012-09-04,0.0
2012-09-05,0.0
2012-09-06,0.0
2012-09-07,-2.8846
2012-09-10,-1.9802
2012-09-11,-3.0303
2012-09-12,4.1667
2012-09-13,0.0
2012-09-14,0.0
2012-09-17,0.0
2012-09-18,0.0
2012-09-19,0.0
2012-09-25,3.0
2012-09-26,6.7961
2012-09-28,-9.0909
2012-10-09,12.0
2012-10-15,-1.7856999999999998
2012-10-16,-2.7273
2012-10-17,-6.5421
2012-10-18,0.0
2012-10-19,0.0
2012-10-23,0.0
2012-11-01,4.2
2012-11-06,4.2226
2012-11-13,-5.1565
2012-11-14,-0.9709
2012-11-16,-5.8824
2012-11-20,1.4583
2012-11-21,1.6427
2012-11-27,-4.0404
2012-11-28,-0.8421
2012-11-29,0.4246
2012-12-03,0.4228
2012-12-04,0.0
2012-12-05,-1.0526
2012-12-07,1.0638
2012-12-10,0.0
2012-12-11,0.0
2012-12-12,1.0526
2012-12-14,3.9583
2012-12-18,0.2004
2012-12-19,-3.8
2012-12-21,-1.2474
2012-12-24,5.0526
2012-12-31,5.2104
2013-01-07,-0.9524
2013-01-08,-3.8462
2013-01-09,6.0
2013-01-11,1.8868
2013-01-14,-0.1852
2013-01-16,0.0
2013-01-17,2.9685
2013-01-22,-2.7027
2013-01-25,6.4815
2013-01-28,0.8696
2013-01-30,3.4483
2013-02-01,0.0
2013-02-05,8.3333
2013-02-06,0.0
2013-02-08,-1.5385
2013-02-11,-0.7813
2013-02-12,1.5748
2013-02-13,0.7752
2013-02-15,-1.5385
2013-02-19,1.0937999999999999
2013-02-20,0.3091
2013-02-21,-0.3082
2013-02-27,1.2365
2013-03-13,0.0
2013-03-14,0.0
2013-03-15,6.8702
2013-03-25,0.0
2013-03-26,-7.1429
2013-04-01,0.0
2013-04-05,-1.5385
2013-04-15,-10.1562
2013-04-25,4.3478
2013-05-02,8.3333
2013-05-14,15.3846
2013-05-21,-13.3333
2013-05-22,0.0
2013-05-23,-0.1538
2013-05-28,-0.4622
2013-05-31,4.4892
2013-06-03,-3.7037
2013-06-05,0.0
2013-06-10,0.7692
2013-06-11,-0.7634
2013-06-17,7.6923
2013-06-18,0.0
2013-06-24,0.0
2013-06-26,-3.5714
2013-06-27,-3.7037
2013-06-28,-1.0769
2013-07-05,0.0
2013-07-08,-0.4666
2013-07-10,-0.625
2013-07-12,10.0629
2013-07-15,-9.1429
2013-07-16,0.6289
2013-07-17,0.7813
2013-07-18,-2.3256
2013-07-19,0.7937
2013-07-22,-8.6614
2013-07-23,0.0
2013-07-24,0.8621
2013-07-25,2.5641
2013-07-30,-0.5
2013-07-31,0.5025
2013-08-07,-0.8333
2013-08-08,0.8403
2013-08-09,-7.5
2013-08-12,-1.8018
2013-08-13,4.5872
2013-08-14,4.386
2013-08-15,0.5042
2013-08-16,0.3344
2013-08-19,-1.6667
2013-08-20,1.6949
2013-08-23,0.0
2013-09-03,-0.8333
2013-09-05,0.0
2013-09-09,0.0
2013-09-10,-7.563
2013-09-13,9.0909
2013-09-16,0.8333
2013-09-24,-6.6116
2013-09-26,-0.885
2013-09-27,6.9643
2013-09-30,-0.6678
2013-10-01,-5.8824
2013-10-03,0.0
2013-10-04,-7.1429
2013-10-07,-1.9231
2013-10-08,-5.8824
2013-10-10,1.0417
2013-10-11,-4.1237
2013-10-14,1.0753
2013-10-15,-3.1915
2013-10-18,2.1978
2013-10-21,3.2258
2013-10-22,-2.2917
2013-10-23,0.2132
2013-10-24,17.0213
2013-10-28,0.9091
2013-10-29,-9.7297
2013-11-04,12.7745
2013-11-05,-0.885
2013-11-06,-6.0714
2013-11-08,4.5626999999999995
2013-11-11,-1.8182
2013-11-12,1.8519
2013-11-14,0.9091
2013-11-15,0.0
2013-11-20,-0.9009
2013-11-22,1.8182
2013-11-25,0.0
2013-11-26,-0.8929
2013-11-27,3.6036
2013-12-04,-2.9565
2013-12-05,3.0466
2013-12-09,1.7391
2013-12-10,0.0
2013-12-11,0.0
2013-12-13,-1.3675
2013-12-18,-0.3466
2013-12-19,1.7391
2013-12-23,0.0
2013-12-26,0.0
2013-12-27,-0.8547
2013-12-30,0.8621
2013-12-31,-3.4188
2014-01-06,0.885
2014-01-15,-0.5263
2014-01-16,3.1746
2014-01-24,0.6838
2014-01-27,-1.528
2014-01-29,1.5516999999999999
2014-01-30,11.2054
2014-01-31,-2.2901
2014-02-04,9.375
2014-02-05,0.0
2014-02-07,3.5714
2014-02-14,6.8966
2014-02-18,-1.2903
2014-02-19,0.0
2014-02-20,-3.268
2014-02-28,2.7027
2014-03-03,-1.3158
2014-03-04,0.0
2014-03-06,0.0
2014-03-07,0.0
2014-03-11,0.0
2014-03-13,0.0
2014-03-18,3.3333
2014-03-19,-3.2258
2014-03-20,0.0
2014-03-21,3.3333
2014-03-25,0.6452
2014-03-26,-0.641
2014-03-28,0.6452
2014-03-31,0.0
2014-04-01,0.0
2014-04-02,-4.6154
2014-04-03,-0.5376
2014-04-07,0.0
2014-04-08,-0.1351
2014-04-09,0.1353
2014-04-10,1.3514
2014-04-14,-2.0
2014-04-16,0.0
2014-04-21,1.3605
2014-04-24,4.0268
2014-04-25,0.0
2014-04-29,-4.5161
2014-04-30,1.3514
2014-05-06,0.0
2014-05-07,3.3333
2014-05-08,0.0
2014-05-14,0.6452
2014-05-19,-0.3846
2014-05-28,1.0296
2014-05-29,-0.6369
2014-06-02,0.0
2014-06-09,2.2508
2014-06-11,-4.4025
2014-06-17,5.1316
2014-06-19,-8.6358
2014-06-20,5.4795
2014-06-23,-1.2987
2014-06-30,5.1316
2014-07-08,-2.8786
2014-07-09,0.0
2014-07-10,0.0
2014-07-14,0.2577
2014-07-15,-2.3136
2014-07-16,0.0
2014-07-17,0.0
2014-07-22,0.0
2014-07-24,-3.2895
2014-07-25,6.2585
2014-07-28,13.9565
2014-07-29,-2.0225
2014-07-30,-0.344
2014-07-31,-0.1151
2014-08-06,-0.2304
2014-08-08,-0.6928
2014-08-14,-9.186
2014-08-18,-0.128
2014-08-20,2.5641
2014-09-02,-1.875
2014-09-04,-0.3195
2014-09-05,5.7692
2014-09-16,2.4242
2014-09-19,-2.9586
2014-09-23,1.2195
2014-09-29,-2.4096
2014-09-30,1.2346
2014-10-01,0.0
2014-10-03,0.0
2014-10-07,0.0
2014-10-09,-0.9756
2014-10-10,-1.4778
2014-10-13,0.0
2014-10-15,-1.25
2014-10-20,1.2658
2014-10-21,1.875
2014-10-22,-1.227
2014-10-23,-2.4845
2014-10-27,0.5096
2014-10-28,0.1267
2014-10-29,2.4051
2014-10-30,-1.1125
2014-10-31,0.125
2014-11-04,-0.4994
2014-11-05,-1.1292
2014-11-07,0.1269
2014-11-11,1.3942
2014-11-17,3.125
2014-11-18,0.0
2014-11-19,3.0303
2014-11-20,-2.2353
2014-11-21,1.083
2014-11-24,-0.4762
2014-11-25,1.6745999999999999
2014-12-02,0.5882
2014-12-04,-0.0587
2014-12-10,0.3521
2014-12-11,0.0
2014-12-12,-2.924
2014-12-15,2.4096
2014-12-16,0.0
2014-12-18,0.0
2014-12-19,1.1764999999999999
2014-12-22,0.0
2014-12-23,0.0
2014-12-26,0.0
2014-12-30,0.5814
2015-01-12,-0.578
2015-01-16,0.5814
2015-01-20,0.0
2015-01-21,1.1561
2015-01-22,0.0
2015-01-23,0.0
2015-01-26,0.0
2015-01-27,0.0
2015-01-29,2.8571
2015-01-30,2.7778
2015-02-02,-3.7838000000000003
2015-02-03,0.0
2015-02-04,1.1236
2015-02-05,-5.5556
2015-02-06,10.5882
2015-02-09,0.0
2015-02-10,-1.5957
2015-02-11,-2.7027
2015-02-12,1.1111
2015-02-13,1.6484
2015-02-17,2.7027
2015-02-19,1.0526
2015-02-25,-0.2083
2015-02-26,-0.3132
2015-02-27,-0.5236
2015-03-06,-0.686
2015-03-10,-0.1063
2015-03-11,1.0638
2015-03-13,1.2631999999999999
2015-03-17,0.104
2015-03-18,0.0
2015-03-19,0.7269
2015-03-20,0.8247
2015-03-23,1.7382
2015-03-24,-7.5377
2015-03-26,7.0652
2015-03-30,0.5076
2015-03-31,0.0
2015-04-06,0.5051
2015-04-09,-1.5074999999999998
2015-04-24,-3.0612
2015-04-29,0.2105
2015-04-30,2.416
2015-05-01,0.0
2015-05-04,-2.0513
2015-05-06,-1.0471
2015-05-07,1.0582
2015-05-08,2.199
2015-05-11,-5.0205
2015-05-15,2.4811
2015-05-18,-2.3158
2015-05-21,2.3707
2015-05-22,0.0
2015-05-28,-1.0526
2015-06-02,0.0
2015-06-04,-1.4894
2015-06-05,1.0799
2015-06-09,0.1068
2015-06-16,0.2675
2015-06-17,0.3202
2015-06-18,1.0638
2015-06-19,0.0
2015-06-23,4.7368
2015-07-01,-4.5226
2015-07-06,-7.3684
2015-07-09,0.5682
2015-07-10,0.0
2015-07-16,-1.6949
2015-07-23,0.5747
2015-07-24,-3.4286
2015-08-03,3.5503
2015-08-04,0.0
2015-08-05,0.0
2015-08-07,0.0
2015-08-12,0.0
2015-08-13,0.5714
2015-08-17,0.0
2015-08-19,0.0
2015-08-24,0.0
2015-08-28,-3.9773
2015-08-31,0.5917
2015-09-02,0.2941
2015-09-11,-2.2353
2015-09-14,0.6017
2015-09-15,0.0
2015-09-23,-0.7177
2015-09-25,0.0
2015-09-30,0.0
2015-10-05,0.0
2015-10-06,0.0
2015-10-07,1.2048
2015-10-13,0.0
2015-10-15,-1.1905000000000001
2015-10-16,0.0
2015-10-21,0.0
2015-10-26,-1.2048
2015-10-30,-0.6098
2015-11-02,-1.227
2015-11-03,1.2422
2015-11-04,-2.8221
2015-11-05,2.2727
2015-11-06,3.0864
2015-11-10,-1.7964
2015-11-13,1.2195
2015-11-17,-1.2048
2015-11-18,0.6098
2015-11-19,0.0
2015-11-20,0.6061
2015-11-23,0.0
2015-11-24,1.2048
2015-11-25,0.0
2015-11-30,1.1905000000000001
2015-12-01,-0.4706
2015-12-02,0.8865
2015-12-03,-0.1175
2015-12-07,0.0
2015-12-08,0.2353
2015-12-09,0.0
2015-12-11,0.1174
2015-12-14,0.8206
2015-12-15,0.4651
2015-12-16,0.1157
2015-12-18,0.578
2015-12-21,0.1149
2015-12-22,1.0333
2015-12-23,0.3409
2015-12-28,-0.906
2015-12-30,0.3429
2015-12-31,1.9362
2016-01-04,-1.1173
2016-01-05,-1.1299
2016-01-06,0.0
2016-01-07,0.5714
2016-01-11,0.0
2016-01-12,-0.5682
2016-01-14,-0.5714
2016-01-15,0.0
2016-01-19,0.0
2016-01-22,0.0
2016-01-27,0.0
2016-02-02,0.1149
2016-02-03,0.1148
2016-02-05,0.0
2016-02-08,0.0
2016-02-10,0.9174
2016-02-11,0.0
2016-02-16,1.1364
2016-02-17,0.0562
2016-02-29,-0.0561
2016-03-01,0.0
2016-03-03,0.3382
2016-03-04,0.0
2016-03-15,2.2472
2016-03-16,-1.0989
2016-03-17,-1.1111
2016-03-18,2.2472
2016-03-21,-2.1978
2016-03-22,0.0
2016-03-24,0.1124
2016-03-31,0.0
2016-04-06,0.0
2016-04-08,0.1122
2016-04-12,0.0
2016-04-14,-0.2242
2016-04-26,-0.6742
2016-04-27,2.9398
2016-04-28,0.5508
2016-04-29,0.0
2016-05-05,2.7321999999999997
2016-05-09,1.0638
2016-05-11,0.0
2016-05-12,-0.1211
2016-05-13,0.1212
2016-05-17,0.6316
2016-05-18,0.0
2016-05-19,0.3367
2016-05-23,1.6452
2016-05-24,0.0
2016-06-06,-1.5432000000000001
2016-06-07,1.0462
2016-06-08,0.3089
2016-06-13,0.0
2016-06-17,-0.1031
2016-06-24,-0.9288
2016-06-27,0.0
2016-06-28,0.0
2016-06-30,0.9375
2016-07-11,-0.9288
2016-07-12,0.0
2016-07-14,0.0
2016-07-15,-0.3125
2016-07-19,-0.7315
2016-07-20,1.0526
2016-07-21,1.0417
2016-07-22,0.0
2016-07-25,0.5155
2016-07-26,2.5641
2016-07-27,1.0
2016-07-28,1.4851
2016-07-29,0.9756
2016-08-02,-0.8696
2016-08-03,0.0
2016-08-04,0.3899
2016-08-05,0.4854
2016-08-08,3.3816
2016-08-09,-0.4673
2016-08-10,-0.2817
2016-08-11,0.7533
2016-08-15,-0.4673
2016-08-17,1.8779
2016-08-23,0.0
2016-08-24,0.0
2016-08-26,0.0
2016-08-30,-0.1843
2016-08-31,0.277
2016-09-01,0.0
2016-09-06,-0.277
2016-09-08,0.0
2016-09-12,0.463
2016-09-13,0.0
2016-09-14,-0.4608
2016-09-15,0.0
2016-09-16,0.5544
2016-09-20,1.2903
2016-09-21,0.0
2016-09-22,1.2727
2016-09-23,-0.9874
2016-09-26,0.0
2016-09-28,0.1813
2016-09-29,-0.181
2016-09-30,0.0
2016-10-05,1.5413000000000001
2016-10-06,0.1786
2016-10-07,-0.1771
2016-10-10,-1.4297
2016-10-12,-1.721
2016-10-20,-1.8433000000000002
2016-10-21,0.0
2016-10-24,1.4085
2016-10-25,1.853
2016-10-26,-0.9102
2016-10-27,3.6696999999999997
2016-10-28,3.0088
2016-10-31,2.9210000000000003
2016-11-01,1.419
2016-11-04,-2.8807
2016-11-10,0.0
2016-11-21,3.3898
2016-11-25,0.0
2016-11-28,0.8197
2016-11-29,0.0
2016-11-30,1.4634
2016-12-01,-0.8022
2016-12-07,1.2136
2016-12-08,5.04
2016-12-09,-1.2238
2016-12-13,-0.5344
2016-12-14,0.0
2016-12-15,-0.3876
2016-12-16,0.0
2016-12-19,-0.3113
2016-12-20,0.6245
2016-12-21,-0.0776
2016-12-22,-0.1475
2016-12-23,0.3032
2016-12-27,-0.124
2016-12-28,-0.1863
2016-12-29,0.1011
2016-12-30,-0.1787
2017-01-03,0.0
2017-01-04,1.1673
2017-01-05,0.5385
2017-01-06,-0.5356
2017-01-09,-0.0769
2017-01-10,0.077
2017-01-13,-0.2308
2017-01-18,0.6168
2017-01-25,1.5326
2017-01-26,2.0377
2017-01-27,0.6657
2017-01-30,-0.0661
2017-01-31,2.9336
2017-02-01,0.0
2017-02-02,1.4285999999999999
2017-02-03,3.5211
2017-02-06,-0.6803
2017-02-07,2.3973
2017-02-08,1.6722000000000001
2017-02-10,-3.2895
2017-02-17,0.0
2017-02-21,3.7415000000000003
2017-02-22,1.7902
2017-02-23,0.1739
2017-02-27,-0.3215
2017-02-28,-8.7032
2017-03-02,4.1371
2017-03-03,-1.3605
2017-03-06,-1.7241
2017-03-09,1.7544
2017-03-13,0.0
2017-03-14,-0.3448
2017-03-15,-1.0381
2017-03-16,-0.4196
2017-03-20,-1.4677
2017-03-21,-0.0071
2017-03-22,1.2117
2017-03-23,-1.4085
2017-03-27,-1.5714000000000001
2017-03-30,0.0726
2017-03-31,0.3626
2017-04-03,-0.289
2017-04-04,0.2899
2017-04-05,0.4335
2017-04-10,-0.9353
2017-04-11,0.0
2017-04-12,-0.1452
2017-04-13,0.3636
2017-04-19,0.2899
2017-04-20,1.1561
2017-04-21,0.3286
2017-04-24,-2.0362
2017-04-26,2.1076
2017-04-27,5.694
2017-04-28,2.3569
2017-05-01,-3.6184
2017-05-05,2.3891
2017-05-09,-0.0067
2017-05-10,-7.2605
2017-05-11,2.4443
2017-05-12,0.0
2017-05-15,-1.7544
2017-05-17,-0.7857
2017-05-18,-0.504
2017-05-23,1.6643
2017-05-25,0.0
2017-05-30,-0.3559
2017-06-01,0.179
2017-06-08,0.0715
2017-06-13,0.0
2017-06-16,3.2143
2017-06-19,0.0
2017-06-20,0.346
2017-06-22,3.4483
2017-06-23,-5.9933
2017-06-30,3.8933
2017-07-06,0.6826
2017-07-07,-0.678
2017-07-13,-2.7304
2017-07-17,0.7018
2017-07-20,0.0
2017-07-24,0.0
2017-07-25,3.1359
2017-07-26,0.6757
2017-07-27,0.3356
2017-07-28,1.0033
2017-07-31,0.0
2017-08-01,0.3311
2017-08-03,0.0066
2017-08-04,0.3234
2017-08-07,0.3289
2017-08-08,0.0
2017-08-09,-0.0066
2017-08-10,-1.6263
2017-08-14,1.6599
2017-08-15,-1.5672000000000001
2017-08-16,1.5922
2017-08-17,-0.0066
2017-08-23,0.3344
2017-08-24,-1.634
2017-08-25,1.6611
2017-08-29,-0.3268
2017-08-31,-0.7493
2017-09-01,0.9867
2017-09-06,0.9836
2017-09-07,-1.2981
2017-09-13,0.6572
2017-09-15,-0.3268
2017-09-19,-0.3279
2017-09-20,0.3355
2017-09-21,-0.6623
2017-09-22,0.33
2017-09-25,0.6579
2017-09-28,1.3072
2017-09-29,0.0
2017-10-02,-0.6452
2017-10-04,-0.3247
2017-10-06,0.9772
2017-10-10,0.3226
2017-10-16,0.9646
2017-10-23,0.0
2017-10-24,0.3185
2017-10-25,0.6349
2017-10-26,2.2082
2017-10-27,0.6173
2017-10-30,-1.8405
2017-11-01,1.5625
2017-11-02,0.2462
2017-11-10,2.8238
2017-11-14,0.0
2017-11-15,0.8955
2017-11-16,-0.2959
2017-11-17,0.2967
2017-11-20,1.0059
2017-11-21,0.1757
2017-11-22,0.5848
2017-11-24,0.0
2017-11-27,0.0
2017-11-28,-0.5233
2017-11-29,0.526
2017-12-04,0.4952
2017-12-07,-0.2841
2017-12-08,0.2849
2017-12-11,-0.2841
2017-12-13,0.2849
2017-12-15,0.0058
2017-12-18,0.5739
2017-12-19,0.0576
2017-12-20,0.5184
2017-12-21,3.2951
2017-12-22,-0.1387
2017-12-27,-0.0006
2017-12-28,0.0006
2018-01-02,-0.1111
2018-01-03,-0.1057
2018-01-04,0.2171
2018-01-05,0.0
2018-01-08,0.0
2018-01-10,0.2722
2018-01-12,0.5596
2018-01-16,0.0
2018-01-18,3.0303
2018-01-19,-1.6042999999999998
2018-01-22,-0.8152
2018-01-23,0.0
2018-01-25,0.0
2018-01-26,0.011
2018-01-29,-0.0055
2018-01-30,1.3638
2018-02-05,0.0546
2018-02-06,-0.0546
2018-02-09,-0.2697
2018-02-12,-0.271
2018-02-13,0.2717
2018-02-14,0.271
2018-02-15,0.5405
2018-02-20,0.8065
2018-02-21,-1.3333
2018-02-26,0.8108
2018-03-01,-0.5362
2018-03-02,-0.5405
2018-03-05,0.5435
2018-03-06,0.0
2018-03-08,0.2703
2018-03-12,0.0
2018-03-14,0.0
2018-03-16,-0.1078
2018-03-19,0.1079
2018-03-21,0.0108
2018-03-23,-0.0054
2018-03-26,0.2641
2018-03-27,0.0
2018-03-28,0.0
2018-03-29,-0.2688
2018-04-03,-0.2695
2018-04-04,0.0
2018-04-05,0.0054
2018-04-09,0.5351
2018-04-11,0.0
2018-04-12,-0.5376
2018-04-13,0.2162
2018-04-16,0.863
2018-04-17,0.0
2018-04-18,-1.3369
2018-04-19,2.71
2018-04-20,0.0053
2018-04-23,0.7862
2018-04-27,-0.5236
2018-04-30,0.2632
2018-05-01,0.5249
2018-05-07,-0.2089
2018-05-09,0.471
2018-05-10,0.5208
2018-05-14,-0.5181
2018-05-15,0.3125
2018-05-16,0.7269
2018-05-18,0.5155
2018-05-22,0.2564
2018-05-25,1.023
2018-05-29,-1.0076
2018-05-30,2.0408
2018-06-01,-0.1005
2018-06-05,0.3521
2018-06-06,0.2506
2018-06-07,0.0
2018-06-08,-0.25
2018-06-11,0.2556
2018-06-12,-0.005
2018-06-13,-0.25
2018-06-14,0.0
2018-06-15,1.5038
2018-06-18,1.2346
2018-06-19,1.2195
2018-06-21,-1.9277
2018-06-28,-0.9828
2018-07-05,0.4963
2018-07-09,0.2469
2018-07-16,5.9113
2018-07-17,0.0
2018-07-24,-0.0465
2018-07-25,1.2099
2018-07-26,8.046
2018-07-27,-4.2553
2018-07-31,-2.2222
2018-08-01,0.0
2018-08-02,0.0
2018-08-03,0.0
2018-08-06,0.0
2018-08-07,-0.2273
2018-08-08,0.0046
2018-08-10,0.2232
2018-08-13,0.0
2018-08-17,-0.2273
2018-08-22,-0.9112
2018-08-27,0.0
2018-08-28,-2.2943
2018-08-29,2.3481
2018-08-30,0.2299
2018-09-04,-0.6897
2018-09-05,-0.463
2018-09-06,0.6977
2018-09-07,0.4619
2018-09-10,-0.2299
2018-09-11,-0.3687
2018-09-17,1.7576
2018-09-20,0.0
2018-09-21,-1.1364
2018-09-25,0.2299
2018-09-26,0.0
2018-09-28,-1.3761
2018-10-01,-0.2326
2018-10-02,-0.6993
2018-10-03,0.7042
2018-10-05,0.0
2018-10-08,2.5641
2018-10-09,-2.9545
2018-10-10,0.0
2018-10-11,0.0
2018-10-12,-0.4684
2018-10-15,-1.6471
2018-10-16,-0.7177
2018-10-17,-0.241
2018-10-18,-1.9324
2018-10-22,-1.4778
2018-10-23,0.25
2018-10-24,-0.2494
2018-10-26,-1.25
2018-10-29,0.0
2018-10-30,0.0
2018-10-31,-0.2532
2018-11-06,-0.7614
2018-11-08,0.4604
2018-11-09,-0.9674
2018-11-12,-0.7712
2018-11-13,0.9845
2018-11-14,-0.2052
2018-11-15,-0.5141
2018-11-19,-0.2532
2018-11-20,0.2539
2018-11-26,-0.155
2018-11-27,-0.3623
2018-11-30,0.7813
2018-12-03,-0.2584
2018-12-04,0.2591
2018-12-06,0.0
2018-12-10,-4.3928
2018-12-11,-0.2703
2018-12-12,0.271
2018-12-13,-0.4865
2018-12-14,3.1505
2018-12-17,-4.2654
2018-12-18,4.1804
2018-12-20,-3.3263
2018-12-21,-1.6931
2018-12-27,1.3889
2018-12-28,4.1096
2018-12-31,2.1053
2019-01-03,-4.634
2019-01-04,2.6972
2019-01-07,-4.7895
2019-01-09,1.1609
2019-01-10,0.0
2019-01-14,0.5464
2019-01-15,-1.6303999999999998
2019-01-17,0.5525
2019-01-18,4.3956
2019-01-23,1.3158
2019-01-25,0.0
2019-01-28,0.0
2019-01-29,1.2987
2019-01-31,0.0
2019-02-01,-0.0513
2019-02-04,-0.2052
2019-02-05,0.0
2019-02-08,0.0
2019-02-11,0.5141
2019-02-15,2.046
2019-02-19,0.0
2019-02-21,0.2506
2019-02-22,0.75
2019-02-25,0.4963
2019-02-28,0.4444
2019-03-04,0.0
2019-03-06,-0.7407
2019-03-07,-0.4975
2019-03-12,0.0
2019-03-14,-0.05
2019-03-15,1.0505
2019-03-18,-0.9901
2019-03-21,0.0
2019-03-22,-1.25
2019-03-25,2.2785
2019-03-28,0.0
2019-04-12,0.2475
2019-04-17,6.1728
2019-04-18,-0.9302
2019-04-22,2.1042
2019-04-23,2.0774
2019-04-24,0.2252
2019-04-25,-3.573
2019-04-26,3.7054
2019-04-30,0.0
2019-05-01,0.0
2019-05-02,-0.4665
2019-05-03,0.4235
2019-05-07,-3.2374
2019-05-09,-4.2165
2019-05-10,3.1752
2019-05-17,-0.2215
2019-05-20,0.0
2019-05-21,-1.2724
2019-05-22,-0.9547
2019-05-24,0.4819
2019-05-31,-0.0482
2019-06-04,0.0
2019-06-06,0.2096
2019-06-10,1.8588
2019-06-11,-2.0302
2019-06-12,-2.6506
2019-06-13,-0.9901
2019-06-14,3.65
2019-06-17,2.1708
2019-06-18,9.7734
2019-06-19,0.9677
2019-06-20,-4.6645
2019-06-21,-5.8534
2019-06-24,-2.8477
2019-06-25,5.9111
2019-06-26,-0.9686
2019-06-27,1.3041
2019-06-28,-6.4368
2019-07-01,3.4398
2019-07-02,-2.6603
2019-07-05,0.0
2019-07-08,-0.8297
2019-07-09,-0.3332
2019-07-10,1.2231
2019-07-11,-2.0054
2019-07-12,-3.031
2019-07-17,-0.3593
2019-07-18,0.4637
2019-07-19,-0.9744
2019-07-22,0.9839
2019-07-23,0.0
2019-07-24,-1.0256
2019-07-29,-1.2953000000000001
2019-07-30,2.3622
2019-07-31,0.0
2019-08-01,-2.7692
2019-08-05,-0.9019
2019-08-06,0.0585
2019-08-07,-1.5957
2019-08-08,-3.027
2019-08-12,-2.1182
2019-08-13,8.2005
2019-08-15,-2.5263
2019-08-16,1.9438
2019-08-19,-4.2903
2019-08-21,0.9408
2019-08-22,-4.0022
2019-08-23,8.4523
2019-08-26,7.9516
2019-08-30,-8.8682
2019-09-04,-4.1935
2019-09-05,1.4029
2019-09-06,5.1472
2019-09-12,-3.8952
2019-09-13,4.0936
2019-09-16,-3.3539
2019-09-17,1.0343
2019-09-18,0.2694
2019-09-19,-0.3224
2019-09-20,2.4259
2019-09-23,-2.4721
2019-09-24,-0.1635
2019-09-25,-2.1622
2019-09-26,1.105
2019-09-27,0.2732
2019-10-01,3.4877000000000002
2019-10-03,-2.5803000000000003
2019-10-07,-0.7568
2019-10-08,-0.3268
2019-10-09,3.8798
2019-10-10,-2.9984
2019-10-14,0.609
2019-10-15,0.1321
2019-10-16,1.2015
2019-10-17,-0.266
2019-10-18,0.8208
2019-10-23,0.5084
2019-10-25,0.0
2019-10-28,0.0526
2019-10-29,-0.0526
2019-10-31,3.9079
2019-11-01,-0.0127
2019-11-06,-0.8105
2019-11-08,0.1021
2019-11-11,-0.7653
2019-11-14,1.5424
2019-11-19,-0.2532
2019-11-20,-2.2843
2019-11-21,0.7964
2019-11-22,3.0753
2019-11-26,0.0
2019-11-27,0.45
2019-12-02,1.25
2019-12-03,-2.8350999999999997
2019-12-04,0.4783
2019-12-06,1.1634
2019-12-10,1.5
2019-12-11,0.4926
2019-12-12,0.0
2019-12-13,0.0
2019-12-16,-1.9118
2019-12-17,2.4488
2019-12-18,0.0
2019-12-19,0.5854
2019-12-20,2.3763
2019-12-23,1.6106
2019-12-24,-2.1911
2019-12-30,2.2402
2019-12-31,-0.2331
2020-01-07,-3.5902
2020-01-09,-0.6383
2020-01-10,2.439
2020-01-14,1.8094999999999999
2020-01-15,-2.2451
2020-01-16,-0.7177
2020-01-17,-0.1446
2020-01-23,0.1448
2020-01-24,-1.3253
2020-01-27,-1.8315000000000001
2020-01-28,3.2338
2020-01-31,-1.6867
2020-02-03,-1.0784
2020-02-04,0.0
2020-02-05,0.0496
2020-02-06,0.2972
2020-02-07,-0.4938
2020-02-10,0.5002
2020-02-11,3.6008
2020-02-12,-0.1907
2020-02-13,0.2388
2020-02-18,-1.1434
2020-02-19,-1.5904
2020-02-20,1.5671
2020-02-21,-2.5554
2020-02-24,-0.9896
2020-02-25,-0.1999
2020-02-26,2.0531
2020-02-27,0.2699
2020-03-02,-5.2891
2020-03-05,-0.2597
2020-03-09,-9.375
2020-03-10,3.1609
2020-03-11,-5.2925
2020-03-12,-7.4118
2020-03-13,7.9416
2020-03-16,-6.9411000000000005
2020-03-17,-0.5104
2020-03-18,0.0636
2020-03-19,-3.8119
2020-03-23,1.7833999999999999
2020-03-25,0.9085
2020-03-26,-0.9646
2020-03-27,-0.6494
2020-03-30,-1.0366
2020-03-31,-0.9339
2020-04-03,-0.7333
2020-04-06,-5.7085
2020-04-07,3.9886
2020-04-08,-0.6164
2020-04-09,7.7188
2020-04-13,6.27
2020-04-14,-0.0602
2020-04-15,0.0602
2020-04-16,-6.6827
2020-04-17,-3.5484
2020-04-20,-0.1338
2020-04-21,-1.5405
2020-04-22,-0.3401
2020-04-24,4.0956
2020-04-27,3.2787
2020-04-28,-0.9524
2020-04-29,0.0
2020-04-30,-2.5641
2020-05-01,0.0
2020-05-05,-3.0013
2020-05-06,0.0421
2020-05-08,1.3559
2020-05-11,-6.3545
2020-05-12,0.7143
2020-05-13,3.1206
2020-05-14,0.0688
2020-05-15,1.3746
2020-05-18,-4.9492
2020-05-19,-0.1427
2020-05-20,0.7143
2020-05-21,-3.8298
2020-05-22,2.4336
2020-05-26,-3.6717
2020-05-27,0.3737
2020-05-28,-1.1169
2020-05-29,0.0
2020-06-01,3.9157
2020-06-02,0.5797
2020-06-03,3.5483000000000002
2020-06-04,3.2527
2020-06-05,-0.6065
2020-06-08,0.339
2020-06-09,-2.7027
2020-06-10,-2.3611
2020-06-11,-3.7696
2020-06-12,0.1478
2020-06-16,-0.369
2020-06-17,0.0741
2020-06-18,5.0703
2020-06-19,6.4459
2020-06-22,-1.4
2020-06-23,1.3523
2020-06-24,0.0
2020-06-26,-4.6030999999999995
2020-06-29,-2.028
2020-06-30,-0.9493
2020-07-01,14.9384
2020-07-02,-8.5893
2020-07-07,1.2346
2020-07-08,-5.2168
2020-07-09,-2.7877
2020-07-10,1.9853
2020-07-13,0.721
2020-07-14,2.0043
2020-07-15,-2.5263
2020-07-21,1.5119
2020-07-23,-3.5461
2020-07-24,-0.1471
2020-07-27,0.1473
2020-07-29,-0.2206
2020-07-30,0.0737
2020-07-31,-1.6937
