ticker,JAGR US Equity
field,DAY_TO_DAY_TOT_RETURN_GROSS_DVDS
date,
2000-01-03,0.0
2000-01-04,-6.6667
2000-01-07,0.0
2000-01-10,0.0
2000-01-11,0.0
2000-01-12,-7.1429
2000-01-13,0.0
2000-01-14,15.3846
2000-01-18,-6.6667
2000-01-19,0.0
2000-01-24,-7.1429
2000-01-26,15.3846
2000-01-27,6.6667
2000-01-28,-6.25
2000-01-31,6.6667
2000-02-01,0.0
2000-02-02,-12.5
2000-02-03,7.1429
2000-02-04,13.3333
2000-02-07,-1.1764999999999999
2000-02-08,1.1905000000000001
2000-02-09,11.7647
2000-02-10,26.3158
2000-02-11,12.5
2000-02-14,14.0741
2000-02-15,-4.2208
2000-02-16,10.1695
2000-02-17,1.5385
2000-02-18,-3.0303
2000-02-22,15.625
2000-02-23,0.0
2000-02-24,-2.7027
2000-02-25,0.0
2000-02-28,2.7778
2000-02-29,-2.7027
2000-03-01,0.0
2000-03-02,2.7778
2000-03-03,21.6216
2000-03-06,15.5556
2000-03-07,-7.6923
2000-03-08,4.1667
2000-03-09,0.0
2000-03-10,4.32
2000-03-13,-15.6442
2000-03-14,4.5455
2000-03-15,0.0
2000-03-16,4.3478
2000-03-17,-4.1667
2000-03-20,-10.8696
2000-03-21,-1.2195
2000-03-22,-16.0494
2000-03-23,11.7647
2000-03-24,5.2632
2000-03-27,-10.0
2000-03-28,0.0
2000-03-29,0.0
2000-03-30,-5.5556
2000-03-31,0.0
2000-04-03,5.8824
2000-04-04,-5.5556
2000-04-05,5.8824
2000-04-06,-11.1111
2000-04-07,-18.75
2000-04-12,-7.6923
2000-04-13,0.0
2000-04-14,-6.25
2000-04-17,-28.8889
2000-04-18,31.25
2000-04-19,33.3333
2000-04-20,0.0
2000-04-24,-7.1429
2000-04-25,15.3846
2000-04-26,-11.6667
2000-04-27,-5.6604
2000-04-28,4.0
2000-05-01,7.6923
2000-05-02,7.1429
2000-05-03,-6.6667
2000-05-05,7.1429
2000-05-09,-6.6667
2000-05-10,0.0
2000-05-11,-7.1429
2000-05-12,7.6923
2000-05-16,21.4286
2000-05-17,0.0
2000-05-18,0.0
2000-05-24,-11.7647
2000-05-25,6.6667
2000-05-26,-6.25
2000-05-30,0.0
2000-06-01,0.0
2000-06-05,0.0
2000-06-08,0.0
2000-06-12,0.0
2000-06-14,0.0
2000-06-20,3.3333
2000-06-21,3.2258
2000-06-22,0.0
2000-06-23,-6.25
2000-06-27,6.6667
2000-06-30,0.0
2000-07-11,-6.25
2000-07-12,0.0
2000-07-13,0.0
2000-07-14,0.0
2000-07-18,-20.0
2000-07-21,0.0
2000-07-24,33.3333
2000-07-27,0.0
2000-07-28,-6.25
2000-07-31,3.3333
2000-08-01,-9.6774
2000-08-02,3.5714
2000-08-09,3.4483
2000-08-10,0.0
2000-08-11,-6.6667
2000-08-14,0.0
2000-08-15,0.0
2000-08-17,7.1429
2000-08-22,-1.6667
2000-08-24,-1.6949
2000-08-28,10.3448
2000-08-29,-4.6875
2000-08-30,1.6393
2000-09-05,0.0
2000-09-06,1.6129
2000-09-08,-1.5873
2000-09-11,0.0
2000-09-13,-3.2258
2000-09-14,0.0
2000-09-18,-6.6667
2000-09-25,-7.1429
2000-09-26,-5.7692
2000-10-04,-18.3673
2000-10-05,10.0
2000-10-06,-9.0909
2000-10-10,0.0
2000-10-11,-20.0
2000-10-12,0.0
2000-10-16,-6.25
2000-10-17,-6.6667
2000-10-18,7.1429
2000-10-20,13.3333
2000-10-23,17.647100000000002
2000-10-24,-10.0
2000-10-25,27.7778
2000-10-26,-10.8696
2000-10-27,-2.439
2000-10-30,0.0
2000-10-31,2.5
2000-11-02,-9.7561
2000-11-03,8.1081
2000-11-07,-5.0
2000-11-13,-2.6316
2000-11-14,8.1081
2000-11-15,2.5
2000-11-17,-2.439
2000-11-20,-10.0
2000-11-21,-5.5556
2000-11-22,-17.647100000000002
2000-11-24,-7.1429
2000-11-27,15.3846
2000-11-28,-13.3333
2000-11-29,15.3846
2000-12-01,-6.6667
2000-12-04,-7.1429
2000-12-06,0.0
2000-12-07,-7.6923
2000-12-08,16.6667
2000-12-11,0.0
2000-12-12,-14.2857
2000-12-13,16.6667
2000-12-14,0.0
2000-12-15,0.0
2000-12-20,0.0
2000-12-21,3.5714
2000-12-22,-3.4483
2000-12-26,3.5714
2000-12-27,-3.4483
2000-12-28,17.8571
2000-12-29,21.2121
2001-01-02,0.0
2001-01-05,0.0
2001-01-08,-10.0
2001-01-11,2.7778
2001-01-12,-8.1081
2001-01-17,-4.9412
2001-01-18,0.0
2001-01-19,-7.1782
2001-01-22,-6.6667
2001-01-23,7.1429
2001-01-25,0.0
2001-01-26,0.0
2001-01-29,0.0
2001-01-30,6.6667
2001-01-31,-6.25
2001-02-01,0.0
2001-02-06,0.0
2001-02-08,0.0
2001-02-09,0.0
2001-02-15,-13.3333
2001-02-26,0.0
2001-03-02,7.6923
2001-03-06,71.4286
2001-03-07,-4.1667
2001-03-08,0.0
2001-03-09,-13.0435
2001-03-12,10.0
2001-03-13,-9.0909
2001-03-14,0.0
2001-03-15,0.0
2001-03-16,0.0
2001-03-19,-10.0
2001-03-20,-11.1111
2001-03-23,0.0
2001-03-27,0.0
2001-03-28,-9.375
2001-04-03,0.0
2001-04-04,0.0
2001-04-05,24.1379
2001-04-10,-5.7778
2001-04-11,0.0
2001-04-16,-0.9434
2001-04-17,1.9048
2001-04-18,-0.9346
2001-04-20,3.7736
2001-04-25,3.6364
2001-04-30,2.6316
2001-05-01,-14.5299
2001-05-02,27.0
2001-05-03,-1.5748
2001-05-04,-3.2
2001-05-11,-1.6529
2001-05-14,26.0504
2001-05-15,-7.3333
2001-05-16,0.7194
2001-05-17,-5.7143
2001-05-21,6.0606
2001-05-22,42.8571
2001-05-23,-11.5
2001-05-24,-3.3898
2001-05-25,13.4503
2001-05-29,-10.3093
2001-06-01,-1.7241
2001-06-04,-1.7544
2001-06-05,-1.7856999999999998
2001-06-06,0.7273
2001-06-19,5.2948
2001-06-20,-15.4286
2001-06-22,1.3514
2001-06-27,6.6667
2001-06-28,6.25
2001-06-29,-5.8824
2001-07-03,0.0
2001-07-05,-6.25
2001-07-06,0.6667
2001-07-09,-0.6623
2001-07-10,2.0
2001-07-11,11.1111
2001-07-13,2.9412000000000003
2001-07-16,2.8571
2001-07-17,-2.7778
2001-07-19,8.5714
2001-07-20,0.5263
2001-07-23,-0.5236
2001-07-24,5.2632
2001-07-26,2.5
2001-07-27,-1.4634
2001-07-30,8.9109
2001-07-31,-10.4545
2001-08-01,0.0
2001-08-03,-6.0914
2001-08-06,5.4054
2001-08-08,-9.7436
2001-08-10,0.0
2001-08-13,0.0
2001-08-14,-9.0909
2001-08-15,-3.125
2001-08-20,3.2258
2001-08-21,0.0
2001-08-23,-5.0
2001-08-24,-0.6579
2001-08-28,-0.6623
2001-08-29,0.0
2001-08-31,-3.3333
2001-09-04,0.0
2001-09-07,0.0
2001-09-10,-2.7586
2001-09-17,-0.7092
2001-09-18,0.0
2001-09-19,-17.8571
2001-09-21,-4.3478
2001-09-24,0.0
2001-09-25,-4.5455
2001-09-26,-14.2857
2001-09-27,-11.1111
2001-10-05,18.75
2001-10-08,7.3684
2001-10-09,0.9804
2001-10-10,11.6505
2001-10-11,-4.3478
2001-10-12,2.7273
2001-10-15,-25.6637
2001-10-17,14.2857
2001-10-22,-11.4583
2001-10-31,17.647100000000002
2001-11-01,0.0
2001-11-05,-1.0
2001-11-08,-13.1313
2001-11-12,-6.9767
2001-11-13,1.25
2001-11-19,11.1111
2001-11-21,-10.0
2001-11-28,0.0
2001-11-29,0.0
2001-12-10,11.1111
2001-12-11,0.0
2001-12-13,12.2222
2001-12-19,-10.8911
2001-12-21,0.0
2001-12-24,0.0
2001-12-27,0.0
2001-12-31,11.1111
2002-01-02,5.0
2002-01-03,21.9048
2002-01-07,-6.25
2002-01-08,0.0
2002-01-09,4.1667
2002-01-15,-4.0
2002-01-16,8.3333
2002-01-17,-3.8462
2002-01-18,-4.0
2002-01-22,-8.3333
2002-01-23,0.0
2002-01-24,-9.0909
2002-01-25,0.0
2002-01-31,-5.0
2002-02-01,10.526299999999999
2002-02-06,-9.5238
2002-02-12,0.0
2002-02-21,1.0526
2002-02-25,4.1667
2002-02-26,-5.0
2002-03-07,-5.2632
2002-03-08,10.0
2002-03-13,-14.1414
2002-03-15,8.2353
2002-03-20,-7.6087
2002-04-02,0.0
2002-04-03,7.0588
2002-04-09,-12.0879
2002-04-10,0.0
2002-04-12,-1.25
2002-04-17,6.3291
2002-04-23,-5.9524
2002-04-26,5.0633
2002-04-30,-12.0482
2002-05-07,2.7397
2002-05-15,-7.3333
2002-05-16,0.7194
2002-05-20,-7.1429
2002-05-21,-7.6923
2002-05-24,13.3333
2002-05-28,-11.7647
2002-06-04,-8.3333
2002-06-05,3.6364
2002-06-06,-10.526299999999999
2002-06-11,-1.9607999999999999
2002-06-13,0.0
2002-06-20,6.0
2002-06-27,-5.6604
2002-07-01,2.0
2002-07-02,-5.8824
2002-07-05,6.25
2002-07-09,-9.8039
2002-07-10,10.8696
2002-07-15,-15.6863
2002-07-19,2.3256
2002-07-24,-34.0909
2002-07-26,-20.6897
2002-07-30,52.1739
2002-08-02,-37.1429
2002-08-14,81.8182
2002-08-29,-2.5
2002-09-06,-35.8974
2002-09-11,20.0
2002-09-12,0.0
2002-10-01,-13.3333
2002-10-03,7.6923
2002-10-09,0.0
2002-10-11,7.1429
2002-10-14,6.6667
2002-10-15,-6.25
2002-10-16,6.6667
2002-10-17,-9.375
2002-10-24,31.0345
2002-10-25,0.0
2002-11-01,-7.8947
2002-11-18,-25.7143
2002-11-19,0.0
2002-11-21,0.0
2002-11-25,3.8462
2002-12-02,0.0
2002-12-05,0.0
2002-12-13,0.0
2002-12-16,3.7037
2002-12-18,0.0
2002-12-19,7.1429
2002-12-20,-6.6667
2002-12-23,-46.4286
2002-12-24,13.3333
2002-12-26,17.647100000000002
2002-12-27,15.0
2002-12-30,0.0
2002-12-31,0.0
2003-01-14,-30.4348
2003-01-16,62.5
2003-01-23,-15.3846
2003-01-29,-18.1818
2003-01-30,16.6667
2003-02-05,4.7619
2003-02-11,-18.1818
2003-02-19,0.0
2003-02-28,22.2222
2003-03-28,-27.2727
2003-04-01,0.0
2003-04-04,0.0
2003-04-11,0.0
2003-04-14,0.0
2003-04-16,-25.0
2003-04-21,-16.6667
2003-04-23,10.0
2003-04-30,-63.6364
2003-05-08,175.0
2003-05-15,0.0
2003-05-22,9.0909
2003-05-27,25.0
2003-06-03,-86.6667
2003-07-10,150.0
2003-07-11,100.0
2003-07-15,50.0
2003-07-25,100.0
2003-08-07,-53.3333
2003-08-11,-14.2857
2003-08-21,0.0
2003-08-22,-41.6667
2003-08-29,0.0
2003-09-15,0.0
2003-10-02,57.1429
2003-10-03,36.3636
2003-10-15,-46.6667
2003-10-22,0.0
2003-10-24,0.0
2003-10-27,0.0
2003-11-06,62.5
2003-11-10,-7.6923
2003-11-14,-8.3333
2003-11-18,0.0
2003-12-02,-9.0909
2003-12-04,0.0
2003-12-05,-10.0
2003-12-10,-22.2222
2003-12-12,14.2857
2003-12-15,0.0
2003-12-16,0.0
2003-12-17,-12.5
2003-12-18,7.1429
2003-12-23,6.6667
2003-12-29,87.5
2003-12-30,-13.3333
2003-12-31,0.0
2004-01-14,-7.6923
2004-01-15,0.0
2004-01-20,0.0
2004-02-12,8.3333
2004-02-13,0.0
2004-03-03,0.0
2004-03-08,7.6923
2004-04-05,-14.2857
2004-04-08,8.3333
2004-04-13,-7.6923
2004-04-27,0.0
2004-04-28,-8.3333
2004-04-29,0.0
2004-05-20,-18.1818
2004-05-21,66.6667
2004-06-02,-33.3333
2004-06-08,50.0
2004-06-10,-33.3333
2004-06-29,-10.0
2004-06-30,55.5556
2004-07-08,-14.2857
2004-07-13,8.3333
2004-07-14,-7.6923
2004-07-20,0.0
2004-07-28,-33.3333
2004-08-02,-12.5
2004-08-06,-7.1429
2004-08-18,-15.3846
2004-09-07,100.0
2004-09-08,18.1818
2004-09-13,0.0
2004-09-20,38.4615
2004-09-29,0.0
2004-10-07,-16.6667
2004-10-11,0.0
2004-10-20,-6.6667
2004-11-04,-15.0
2004-11-09,-15.9664
2004-11-12,0.0
2004-11-15,0.0
2004-12-01,50.0
2004-12-02,-33.3333
2004-12-07,0.0
2004-12-14,0.0
2004-12-23,0.0
2005-01-03,0.0
2005-01-12,0.0
2005-01-13,0.0
2005-01-18,0.0
2005-02-03,-10.0
2005-02-15,-22.2222
2005-02-18,0.0
2005-03-07,28.5714
2005-03-15,22.2222
2005-03-21,-36.3636
2005-03-31,42.8571
2005-04-07,0.0
2005-05-04,-30.0
2005-05-11,-28.5714
2005-05-25,0.0
2005-06-30,0.0
2005-07-12,0.0
2005-08-08,0.0
2005-08-12,-40.0
2005-08-17,0.0
2005-08-19,0.0
2005-09-08,0.0
2005-09-13,-56.6667
2005-09-27,-53.8462
2005-09-29,0.0
2005-10-05,0.0
2005-10-06,0.0
2005-10-12,0.0
2005-10-21,0.0
2005-11-02,0.0
2005-11-15,66.6667
2005-11-17,-40.0
2005-11-18,0.0
2005-11-29,0.0
2005-12-13,-16.6667
2005-12-14,-20.0
2005-12-19,0.0
2005-12-23,0.0
2005-12-27,0.0
2005-12-29,0.0
2005-12-30,0.0
2006-01-03,0.0
2006-01-05,25.0
2006-01-13,-20.0
2006-01-26,0.0
2006-02-01,0.0
2006-02-07,25.0
2006-03-09,-60.0
2006-03-16,0.0
2006-06-09,0.0
2006-07-14,0.0
2006-08-01,0.0
2006-08-07,0.0
2006-08-08,0.0
2006-09-05,0.0
2006-09-20,0.0
2006-09-27,0.0
2006-12-01,50.0
2006-12-19,1366.6667
2006-12-20,13.6364
2006-12-21,0.0
2006-12-22,-70.0
2006-12-27,-33.3333
2006-12-28,-20.0
2006-12-29,-25.0
2007-01-10,0.0
2007-01-30,-16.6667
2007-02-01,0.0
2007-02-05,0.0
2007-02-26,60.0
2007-03-14,-37.5
2007-04-03,200.0
2007-04-09,-20.0
2007-04-12,0.0
2007-04-13,316.6667
2007-04-16,-10.0
2007-04-17,0.0
2007-04-18,-33.3333
2007-04-19,-33.3333
2007-04-20,50.0
2007-04-25,-50.0
2007-04-26,0.0
2007-05-18,-20.0
2007-06-20,-8.3333
2007-06-22,-9.0909
2007-07-11,0.0
2007-07-23,-20.0
2007-09-04,0.0
2007-09-05,0.0
2007-09-14,12.5
2007-10-12,166.6667
2007-10-15,-29.1667
2007-10-16,-29.4118
2007-10-18,25.0
2007-10-19,66.6667
2007-10-22,-40.0
2007-10-23,33.3333
2007-10-24,-50.0
2007-10-25,100.0
2007-10-29,0.0
2007-11-01,-50.0
2007-11-02,100.0
2007-11-06,0.0
2007-11-13,-25.0
2007-11-26,0.0
2007-11-28,0.0
2007-12-03,-33.3333
2007-12-17,0.0
2007-12-19,0.0
2007-12-20,50.0
2008-01-03,0.0
2008-01-08,-33.3333
2008-01-15,-30.0
2008-01-17,0.0
2008-01-18,0.0
2008-01-30,0.0
2008-02-11,42.8571
2008-02-20,-30.0
2008-02-22,-28.5714
2008-03-05,10.0
2008-03-06,81.8182
2008-03-12,0.0
2008-03-14,-40.0
2008-03-31,0.0
2008-04-04,66.6667
2008-06-13,-40.0
2008-06-24,0.0
2008-07-08,16.6667
2008-07-10,-14.2857
2008-07-14,66.6667
2008-07-18,0.0
2008-07-24,-10.0
2008-08-11,0.0
2008-08-28,0.0
2008-09-02,-44.4444
2008-09-15,0.0
2008-09-16,-20.0
2008-09-17,0.0
2008-09-18,0.0
2008-09-30,0.0
2008-10-01,0.0
2008-10-08,-50.0
2008-10-29,100.0
2008-10-31,0.0
2008-11-03,0.0
2008-11-04,50.0
2008-11-14,16.6667
2008-11-17,14.2857
2008-12-10,12.5
2008-12-16,-33.3333
2008-12-23,50.0
2008-12-24,0.0
2008-12-31,0.0
2009-01-14,-16.6667
2009-01-20,-33.3333
2009-01-26,40.0
2009-02-04,-64.2857
2009-02-05,0.0
2009-02-09,0.0
2009-02-17,420.0
2009-02-18,7.6923
2009-02-20,-42.8571
2009-02-23,62.5
2009-02-25,0.0
2009-02-26,92.3077
2009-02-27,100.0
2009-03-03,-60.0
2009-03-11,65.0
2009-03-12,51.5152
2009-03-17,0.0
2009-03-18,0.0
2009-03-30,-60.0
2009-03-31,-65.0
2009-04-13,471.4286
2009-04-24,-5.0
2009-07-02,5.2632
2009-07-23,-77.5
2009-07-30,322.2222
2009-07-31,0.0
2009-08-05,294.7368
2009-08-12,-66.6667
2009-08-17,400.0
2009-08-18,-60.0
2009-08-21,10.0
2009-08-27,45.4545
2009-08-28,-6.25
2009-08-31,-66.6667
2009-09-01,138.0
2009-09-02,0.0
2009-09-03,17.647100000000002
2009-09-09,-42.8571
2009-09-10,-12.5
2009-09-11,57.1429
2009-09-14,0.0
2009-09-15,0.0
2009-09-16,0.0
2009-09-17,-27.2727
2009-09-21,-12.5
2009-09-22,0.0
2009-09-24,14.2857
2009-09-25,37.5
2009-09-28,-27.2727
2009-09-29,37.5
2009-09-30,0.0
2009-10-01,-45.4545
2009-10-02,16.6667
2009-10-05,-14.2857
2009-10-06,0.0
2009-10-07,50.0
2009-10-08,0.0
2009-10-09,-33.3333
2009-10-12,50.0
2009-10-13,-2.7778
2009-10-15,-20.0
2009-10-16,0.0
2009-10-19,-14.2857
2009-10-20,0.0
2009-10-21,-33.3333
2009-10-22,100.0
2009-10-28,-13.75
2009-10-29,15.942
2009-10-30,7.5
2009-11-02,0.0
2009-11-03,0.0
2009-11-04,4.6512
2009-11-05,-15.5556
2009-11-06,5.2632
2009-11-09,-23.75
2009-11-10,-3.2787
2009-11-11,-6.7797
2009-11-12,-5.4545
2009-11-16,34.6154
2009-11-17,-28.5714
2009-11-18,-20.0
2009-11-19,50.0
2009-11-20,-16.6667
2009-11-23,-20.0
2009-11-24,0.0
2009-11-25,0.0
2009-11-27,0.0
2009-11-30,-25.0
2009-12-01,23.3333
2009-12-03,2.7027
2009-12-04,31.5789
2009-12-07,-30.0
2009-12-08,40.0
2009-12-09,-18.3673
2009-12-10,-25.0
2009-12-14,0.0
2009-12-15,-16.6667
2009-12-16,96.0
2009-12-17,0.0
2009-12-18,-24.4898
2009-12-21,-18.9189
2009-12-22,-32.9167
2009-12-23,4.3478
2009-12-24,-28.5714
2009-12-28,40.0
2009-12-29,-4.7619
2009-12-31,5.0
2010-01-05,-4.7619
2010-01-06,-15.0
2010-01-07,-29.4118
2010-01-11,25.0
2010-01-12,0.0
2010-01-13,66.6667
2010-01-14,0.0
2010-01-15,12.0
2010-01-19,-28.5714
2010-01-20,-50.0
2010-01-21,100.0
2010-01-25,25.0
2010-01-26,-19.5
2010-01-27,-0.6211
2010-01-28,-50.0
2010-02-02,100.0
2010-02-03,-25.0
2010-02-08,0.0
2010-02-09,0.0
2010-02-12,-13.3333
2010-02-16,130.7692
2010-02-17,53.3333
2010-02-18,-41.3043
2010-02-19,-18.5185
2010-02-22,-9.0909
2010-02-23,-45.0
2010-02-24,109.0909
2010-02-25,52.1739
2010-02-26,28.5714
2010-03-01,48.8889
2010-03-02,19.403
2010-03-03,-6.25
2010-03-04,-6.6667
2010-03-05,7.1429
2010-03-08,20.0
2010-03-09,0.0
2010-03-10,0.0
2010-03-11,-11.1111
2010-03-12,-15.0
2010-03-15,-4.4118
2010-03-16,0.0
2010-03-17,-15.3846
2010-03-18,0.0
2010-03-19,-21.8182
2010-03-22,-6.9767
2010-03-23,25.0
2010-03-24,10.0
2010-03-25,-21.8182
2010-03-26,4.6512
2010-03-29,-11.1111
2010-03-30,0.0
2010-03-31,5.0
2010-04-01,4.7619
2010-04-05,4.5455
2010-04-06,6.5217
2010-04-07,0.0
2010-04-08,0.0
2010-04-09,-4.0816
2010-04-12,6.383
2010-04-13,-18.0
2010-04-14,21.9512
2010-04-15,0.0
2010-04-20,-20.0
2010-04-21,-10.0
2010-04-23,2.7778
2010-04-26,0.0
2010-04-27,-18.9189
2010-04-28,16.6667
2010-04-29,-14.2857
2010-04-30,-33.3333
2010-05-03,100.0
2010-05-05,-25.0
2010-05-06,16.6667
2010-05-07,-14.2857
2010-05-10,16.6667
2010-05-11,-14.2857
2010-05-13,-33.3333
2010-05-14,0.0
2010-05-17,45.0
2010-05-18,-31.0345
2010-05-20,0.0
2010-05-24,0.0
2010-05-25,-15.0
2010-05-28,-41.1765
2010-06-01,100.0
2010-06-02,-10.0
2010-06-03,-22.2222
2010-06-04,35.7143
2010-06-07,0.0
2010-06-09,-13.1579
2010-06-11,-9.0909
2010-06-15,0.0
2010-06-16,0.0
2010-06-17,-20.0
2010-06-18,20.8333
2010-06-21,0.0
2010-06-23,-17.2414
2010-06-24,12.5
2010-06-25,-33.3333
2010-06-28,50.0
2010-06-29,-11.1111
2010-07-02,-8.3333
2010-07-06,17.0455
2010-07-07,-2.9126
2010-07-09,0.0
2010-07-13,-20.0
2010-07-14,25.0
2010-07-15,-12.0
2010-07-16,0.0
2010-07-19,36.3636
2010-07-20,133.3333
2010-07-21,-64.2857
2010-07-23,80.0
2010-07-27,0.0
2010-07-28,-11.1111
2010-07-29,0.0
2010-07-30,-12.5
2010-08-04,28.5714
2010-08-05,-5.5556
2010-08-11,-5.8824
2010-08-12,-12.5
2010-08-16,1.4285999999999999
2010-08-17,0.0
2010-08-18,0.0
2010-08-19,-1.4085
2010-08-20,7.1429
2010-08-23,1.3333
2010-08-24,0.0
2010-08-25,0.0
2010-08-26,-7.8947
2010-08-27,0.0
2010-08-30,0.0
2010-09-01,0.0
2010-09-07,0.0
2010-09-14,0.0
2010-09-15,14.2857
2010-09-17,-37.5
2010-09-20,20.0
2010-09-28,0.0
2010-09-30,0.0
2010-10-06,-50.0
2010-10-08,0.0
2010-10-15,33.3333
2010-10-25,25.0
2010-10-27,-20.0
2010-11-01,25.0
2010-11-03,-20.0
2010-11-08,25.0
2010-11-11,-38.0
2010-11-17,0.0
2010-11-18,0.0
2010-11-23,0.0
2010-11-29,-4.8387
2010-12-01,49.1525
2010-12-03,-20.4545
2010-12-06,-11.4286
2010-12-07,-18.75
2010-12-08,94.5409
2010-12-14,-42.8571
2010-12-15,-20.9821
2010-12-16,57.3446
2010-12-20,14.901299999999999
2010-12-21,0.0
2010-12-23,0.0
2010-12-29,-25.0
2011-01-04,0.0
2011-01-06,0.0
2011-01-10,-16.6667
2011-01-11,-20.0
2011-01-12,80.0
2011-01-13,-38.8889
2011-01-14,-9.0909
2011-01-18,0.0
2011-01-19,0.0
2011-01-20,75.0
2011-01-21,-7.1429
2011-01-24,23.0769
2011-01-26,0.0
2011-01-27,-12.5
2011-01-28,-14.2857
2011-01-31,0.0
2011-02-01,-10.0
2011-02-02,-7.4074
2011-02-04,-18.0
2011-02-08,-46.3415
2011-02-17,150.0
2011-02-18,0.0
2011-02-22,-27.2727
2011-02-23,-24.375
2011-02-24,5.7851
2011-03-01,-6.25
2011-03-02,58.75
2011-03-03,-37.0079
2011-03-04,-20.0
2011-03-23,1.0417
2011-03-24,-7.732
2011-03-31,-1.6760000000000002
2011-04-01,-9.0909
2011-04-05,130.0
2011-04-06,-2.1739
2011-04-07,-33.3333
2011-04-08,-17.9167
2011-04-11,62.4365
2011-04-13,0.625
2011-04-19,-35.4037
2011-04-20,-20.6731
2011-04-21,8.4848
2011-04-25,0.0
2011-04-27,0.0
2011-05-03,-10.6145
2011-05-05,43.125
2011-05-09,-37.1179
2011-05-12,0.0
2011-05-18,11.1111
2011-05-25,1.25
2011-05-31,0.0
2011-06-06,-9.8765
2011-06-14,0.0
2011-06-22,0.0
2011-06-23,0.0
2011-06-30,8.2192
2011-07-06,0.0
2011-07-07,-7.5949
2011-07-26,8.2192
2011-07-27,11.3924
2011-08-01,16.4773
2011-08-05,0.0
2011-08-11,-21.9512
2011-09-09,0.0
2011-09-15,-8.75
2011-09-19,0.6849
2011-09-20,3.4013999999999998
2011-09-21,0.0
2011-09-22,0.0
2011-09-30,5.2632
2011-10-03,-10.0
2011-10-06,0.0
2011-10-18,0.0
2011-10-24,-16.6667
2011-10-31,0.0
2011-11-08,0.0
2011-11-15,0.0
2011-11-17,5.0
2011-11-21,0.0
2011-11-30,-11.1111
2011-12-20,-28.5714
2012-01-04,60.0
2012-01-05,0.0
2012-01-13,0.0
2012-01-18,-25.0
2012-01-19,-8.3333
2012-01-20,-27.2727
2012-01-24,25.0
2012-01-31,40.0
2012-02-03,-69.6429
2012-02-10,-5.8824
2012-02-28,6.25
2012-03-01,0.0
2012-03-20,-5.8824
2012-04-12,0.0
2012-04-18,0.0
2012-04-24,0.0
2012-04-27,6.25
2012-05-01,0.0
2012-07-17,0.0
2012-07-19,0.0
2012-11-16,-44.1176
2012-12-20,10.526299999999999
2012-12-24,0.0
2012-12-26,0.0
2012-12-31,0.0
2013-01-03,0.0
2013-01-16,0.0
2013-02-15,0.0
2013-02-28,0.0
2013-03-11,52.381
2013-03-25,-25.0
2013-04-10,0.0
2013-04-25,100.0
2013-04-29,66.6667
2013-04-30,100.0
2013-05-01,-20.0
2013-05-08,0.0
2013-06-19,-75.0
2013-07-03,6.25
2013-07-12,0.0
2013-07-17,8.8235
2013-08-23,56.7568
2013-09-27,5.1724
2013-11-19,0.0
2013-12-04,0.0
2013-12-16,0.0
2013-12-20,0.0
2013-12-27,0.0
2013-12-31,0.0
2014-02-03,0.0
2014-02-10,0.0
2014-02-20,0.0
2014-03-04,0.0
2014-03-07,0.0
2014-03-17,-18.0328
2014-03-26,-30.0
2014-03-27,0.0
2014-04-02,0.0
2014-04-07,14.2857
2014-04-10,-12.5
2014-04-14,0.0
2014-04-15,0.0
2014-06-23,0.0
2014-07-09,0.0
2014-07-10,0.0
2014-07-15,0.0
2014-09-12,0.0
2014-11-05,-25.7143
2014-11-19,0.0
2014-11-25,-34.6154
2014-11-26,5.8824
2014-12-02,0.0
2014-12-05,88.8889
2015-03-10,323.5294
2015-03-11,-33.3333
2015-03-12,-16.6667
2015-03-13,0.0
2015-03-16,180.0
2015-03-17,-53.5714
2015-03-18,-23.0769
2015-03-19,-10.0
2015-03-20,-30.5556
2015-03-24,28.0
2015-03-25,0.0
2015-03-26,-25.0
2015-03-31,0.0
2015-04-02,-22.9167
2015-04-07,0.0
2015-04-08,-8.1081
2015-04-13,0.0
2015-04-23,0.0
2015-04-30,0.0
2015-05-08,-35.2941
2015-05-14,0.0
2015-05-26,-4.5455
2015-08-04,0.0
2015-09-18,-33.3333
2015-09-23,-78.5714
2015-09-25,266.6667
2015-09-30,18.1818
2015-12-02,7.6923
2015-12-04,0.0
2016-04-01,-7.1429
2016-04-05,7.6923
2016-06-28,14.2857
2016-06-29,100.0
2016-07-01,-37.5
2016-07-05,-35.0
2016-07-11,7.6923
2016-07-21,-7.1429
2016-08-03,0.0
2016-08-04,23.0769
2016-08-23,-18.75
2016-10-07,0.0
2016-11-04,7.6923
2016-11-17,-7.1429
2016-12-23,0.0
2017-01-09,0.0
2017-02-23,0.0
2017-02-28,0.0
2017-06-02,0.0
2017-07-12,-1.5385
2017-07-27,0.0
2017-07-28,0.0
2017-08-01,0.0
2017-08-25,0.0
2017-09-14,23.0
2017-11-29,-18.6992
2017-12-18,0.0
2018-01-26,0.0
2018-02-22,0.0
2018-02-26,-12.5
2018-02-27,-14.2857
2018-03-07,16.6667
2018-04-26,42.8571
2018-05-18,20.0
2018-05-21,0.0
2018-06-15,0.0
2018-07-13,-16.6667
2018-08-02,30.0
2018-08-03,-23.0769
2018-08-15,30.0
2018-08-30,-23.0769
2018-09-04,40.0
2018-09-14,197.1429
2018-09-18,8.1731
2018-09-20,11.1111
2018-09-21,-29.8
2018-09-26,-0.2849
2018-10-02,42.8571
2018-10-03,-70.0
2018-10-05,100.0
2018-10-17,-46.6667
2018-11-06,0.0
2018-12-10,87.5
2018-12-31,-46.6667
2019-02-12,0.0
2019-03-18,150.0
2019-03-19,-22.5
2019-03-25,-48.3871
2019-05-14,0.0
2019-06-03,87.5
2019-06-11,-3.3333
2019-07-23,-13.7931
2019-07-26,-40.0
2019-08-12,0.0
2019-08-23,0.0
2019-09-17,0.0
2019-09-24,6.6667
2019-09-27,75.0
2019-10-03,-46.4286
2020-01-03,233.3333
2020-01-06,-40.0
2020-01-07,0.0
2020-01-10,0.0
2020-01-23,0.0
2020-01-29,45.8333
2020-01-31,-28.0
2020-02-03,138.0952
2020-02-04,0.0
2020-02-06,0.0
2020-02-07,0.0
2020-02-27,-46.6667
2020-02-28,-25.0
2020-03-02,0.0
2020-03-10,0.0
2020-03-19,-3.3333
2020-03-23,0.0
2020-03-25,244.8276
2020-03-30,-20.0
2020-04-01,-25.0
2020-04-14,30.0
2020-04-22,-23.0769
2020-04-23,0.0
2020-04-27,0.0
2020-05-05,0.0
2020-05-18,0.0
2020-05-20,0.0
2020-05-26,0.0
2020-06-12,0.0
2020-06-19,0.0
2020-06-26,66.6667
2020-06-29,-17.0
2020-06-30,-26.506
2020-07-06,1.6393
2020-07-08,30.6452
