ticker,REGI US Equity
field,DAY_TO_DAY_TOT_RETURN_GROSS_DVDS
date,
2012-01-19,1.0
2012-01-20,-3.6634
2012-01-23,-2.4666
2012-01-24,3.7935
2012-01-25,-0.3046
2012-01-26,-0.1018
2012-01-27,-0.1019
2012-01-30,-6.6327
2012-01-31,-0.3279
2012-02-01,0.3289
2012-02-02,0.9836
2012-02-03,0.0108
2012-02-06,0.422
2012-02-07,0.431
2012-02-08,-0.8584
2012-02-09,0.6494
2012-02-10,-0.4301
2012-02-13,1.7279
2012-02-14,0.4246
2012-02-15,0.6342
2012-02-16,0.6303
2012-02-17,-0.8351
2012-02-21,-2.7368
2012-02-22,0.0
2012-02-23,5.7359
2012-02-24,0.5118
2012-02-27,-0.5092
2012-02-28,-1.6377000000000002
2012-02-29,-0.4162
2012-03-01,-0.3135
2012-03-02,1.782
2012-03-05,-0.103
2012-03-06,-1.3402
2012-03-07,3.4483
2012-03-08,-1.5152
2012-03-09,-3.6923
2012-03-12,5.8573
2012-03-13,0.6036
2012-03-14,-1.0
2012-03-15,6.0606
2012-03-16,-1.4285999999999999
2012-03-19,-1.6425
2012-03-20,-0.4912
2012-03-21,-2.0731
2012-03-22,2.2177
2012-03-23,1.0848
2012-03-26,-0.3902
2012-03-27,-1.1753
2012-03-28,-0.2973
2012-03-29,0.0
2012-03-30,2.9821
2012-04-02,-0.9653
2012-04-03,0.0975
2012-04-04,-2.5316
2012-04-05,-0.2997
2012-04-09,-6.513
2012-04-10,1.7149
2012-04-11,1.5806
2012-04-12,2.6971
2012-04-13,-4.6465
2012-04-16,0.8475
2012-04-17,1.4706000000000001
2012-04-18,-5.0725
2012-04-19,0.2181
2012-04-20,0.7617
2012-04-23,-2.6997999999999998
2012-04-24,-0.444
2012-04-25,-0.7804
2012-04-26,0.7865
2012-04-27,1.6722000000000001
2012-04-30,-0.5482
2012-05-01,-0.6615
2012-05-02,-0.5549
2012-05-03,1.3393
2012-05-04,-3.5242
2012-05-07,-1.1416
2012-05-08,-2.6559
2012-05-09,0.0
2012-05-10,-4.2705
2012-05-11,-3.0979
2012-05-14,-6.5217
2012-05-15,7.9343
2012-05-16,0.0
2012-05-17,-9.6324
2012-05-18,-1.2623
2012-05-21,-3.9773
2012-05-22,-2.3669000000000002
2012-05-23,1.3636
2012-05-24,5.8296
2012-05-25,-1.4123999999999999
2012-05-29,-1.0029
2012-05-30,-1.3025
2012-05-31,1.7595
2012-06-01,-5.1873
2012-06-04,3.3435
2012-06-05,2.6471
2012-06-06,3.7249
2012-06-07,-2.9006
2012-06-08,0.1422
2012-06-11,-3.267
2012-06-12,-1.7621
2012-06-13,2.0927
2012-06-14,4.3924
2012-06-15,-1.1219999999999999
2012-06-18,1.7021
2012-06-19,2.9289
2012-06-20,-0.4065
2012-06-21,-5.7143
2012-06-22,1.2987
2012-06-25,-7.6923
2012-06-26,2.9321
2012-06-27,-5.0975
2012-06-28,0.4739
2012-06-29,16.8239
2012-07-02,4.3069
2012-07-03,0.3871
2012-07-05,0.2571
2012-07-06,-0.2564
2012-07-09,-4.1131
2012-07-10,1.8767
2012-07-11,3.1579
2012-07-12,0.0
2012-07-13,2.4234999999999998
2012-07-16,1.4944
2012-07-17,3.4356
2012-07-18,-5.3381
2012-07-19,-9.1479
2012-07-20,-8.8276
2012-07-23,-4.9924
2012-07-24,-5.5732
2012-07-25,-5.059
2012-07-26,-2.4867
2012-07-27,0.1821
2012-07-30,-4.7273
2012-07-31,-5.5344
2012-08-01,1.2121
2012-08-02,-0.5988
2012-08-03,1.9076
2012-08-06,-2.4631
2012-08-07,4.8485
2012-08-08,-1.5413999999999999
2012-08-09,0.0
2012-08-10,-4.8924
2012-08-13,-2.4691
2012-08-14,-0.8439
2012-08-15,27.234
2012-08-16,6.3545
2012-08-17,1.5723
2012-08-20,-3.4056
2012-08-21,-7.3718
2012-08-22,-1.5571000000000002
2012-08-23,-4.7452
2012-08-24,1.476
2012-08-27,0.0
2012-08-28,-1.2727
2012-08-29,-1.4733
2012-08-30,-0.5607
2012-08-31,0.0
2012-09-04,-0.3759
2012-09-05,-0.1887
2012-09-06,1.3233
2012-09-07,0.0
2012-09-10,0.9328
2012-09-11,3.1423
2012-09-12,-1.4337
2012-09-13,-1.6364
2012-09-14,12.939
2012-09-17,35.1882
2012-09-18,-6.2954
2012-09-19,5.9432
2012-09-20,-2.561
2012-09-21,2.1277
2012-09-24,-2.8186
2012-09-25,-12.3581
2012-09-26,-1.7266
2012-09-27,1.1713
2012-09-28,-3.3285
2012-10-01,1.1976
2012-10-02,0.0
2012-10-03,1.7751000000000001
2012-10-04,4.5058
2012-10-05,-0.9736
2012-10-08,-21.6292
2012-10-09,-7.5269
2012-10-10,1.5504
2012-10-11,5.3435
2012-10-12,-2.1739
2012-10-15,0.0
2012-10-16,-6.6667
2012-10-17,2.9762
2012-10-18,-4.4315999999999995
2012-10-19,-1.6129
2012-10-22,0.0
2012-10-23,-2.2541
2012-10-24,-3.5639
2012-10-25,3.9130000000000003
2012-10-26,0.6276
2012-10-31,2.4948
2012-11-01,4.4625
2012-11-02,-2.5243
2012-11-05,-0.7968
2012-11-06,0.4016
2012-11-07,1.4
2012-11-08,-1.3807
2012-11-09,-2.4
2012-11-12,1.8443
2012-11-13,2.0121
2012-11-14,1.3807
2012-11-15,-2.3346
2012-11-16,1.992
2012-11-19,2.1484
2012-11-20,3.4417
2012-11-21,-3.6969
2012-11-23,0.7678
2012-11-26,4.7619
2012-11-27,-1.2727
2012-11-28,1.6575
2012-11-29,3.0797
2012-11-30,4.0422
2012-12-03,5.4054
2012-12-04,-0.9615
2012-12-05,-1.4563
2012-12-06,-3.1199
2012-12-07,4.2373
2012-12-10,1.626
2012-12-11,0.0
2012-12-12,-0.48
2012-12-13,-1.1254
2012-12-14,1.626
2012-12-17,-0.48
2012-12-18,-7.717
2012-12-19,1.7422
2012-12-20,0.0
2012-12-21,-1.1985999999999999
2012-12-24,-5.3726
2012-12-26,3.6630000000000003
2012-12-27,-1.2367
2012-12-28,5.3667
2012-12-31,-0.5093
2013-01-02,9.0444
2013-01-03,7.6682
2013-01-04,-0.8721
2013-01-07,-2.0528
2013-01-08,-1.9461
2013-01-09,0.7634
2013-01-10,-4.8485
2013-01-11,0.9554
2013-01-14,-3.6278
2013-01-15,3.1097
2013-01-16,0.3175
2013-01-17,1.2658
2013-01-18,0.3125
2013-01-22,3.5826000000000002
2013-01-23,-2.406
2013-01-24,-2.3112
2013-01-25,-2.6814
2013-01-28,2.9173
2013-01-29,2.5197000000000003
2013-01-30,-0.6144
2013-01-31,4.7913
2013-02-01,2.3599
2013-02-04,4.755
2013-02-05,0.8253
2013-02-06,0.955
2013-02-07,5.6757
2013-02-08,-3.9642
2013-02-11,1.9973
2013-02-12,-1.5666
2013-02-13,0.0
2013-02-14,0.9284
2013-02-15,-4.5992
2013-02-19,7.0248
2013-02-20,-7.0785
2013-02-21,-0.6925
2013-02-22,2.5105
2013-02-25,-0.4082
2013-02-26,-1.6393
2013-02-27,0.4167
2013-02-28,2.213
2013-03-01,0.6766
2013-03-04,2.1505
2013-03-05,-20.9211
2013-03-06,11.4809
2013-03-07,3.4328
2013-03-08,-2.3088
2013-03-11,9.4535
2013-03-12,2.4291
2013-03-13,4.0843
2013-03-14,1.3924
2013-03-15,-0.8739
2013-03-18,-0.1259
2013-03-19,-1.2610000000000001
2013-03-20,-1.4049
2013-03-21,0.5181
2013-03-22,-7.732
2013-03-25,4.7486
2013-03-26,-0.2667
2013-03-27,8.1551
2013-03-28,-4.9444
2013-04-01,2.7308
2013-04-02,2.2785
2013-04-03,-2.2277
2013-04-04,0.2532
2013-04-05,4.6716999999999995
2013-04-08,2.5332
2013-04-09,9.0588
2013-04-10,1.726
2013-04-11,-1.0604
2013-04-12,-0.1072
2013-04-15,-7.9399
2013-04-16,3.38
2013-04-17,-0.7892
2013-04-18,3.4091
2013-04-19,-0.5495
2013-04-22,4.1989
2013-04-23,0.7423
2013-04-24,-0.1053
2013-04-25,2.4236
2013-04-26,1.9546999999999999
2013-04-29,-1.2109
2013-04-30,0.4086
2013-05-01,0.8138
2013-05-02,14.5308
2013-05-03,4.4053
2013-05-06,1.5190000000000001
2013-05-07,-0.4988
2013-05-08,2.5898
2013-05-09,3.8274
2013-05-10,-2.1176
2013-05-13,4.0865
2013-05-14,0.9238
2013-05-15,0.4577
2013-05-16,0.4556
2013-05-17,0.1512
2013-05-20,8.9811
2013-05-21,-1.5928
2013-05-22,-5.5595
2013-05-23,1.4158
2013-05-24,-0.2204
2013-05-28,0.4418
2013-05-29,1.0997
2013-05-30,0.2901
2013-05-31,-2.1692
2013-06-03,-3.9911
2013-06-04,4.6189
2013-06-05,-3.0169
2013-06-06,0.3794
2013-06-07,-2.5699
2013-06-10,3.2583
2013-06-11,-1.8032
2013-06-12,-2.6014
2013-06-13,1.8068
2013-06-14,-0.7716
2013-06-17,2.7994
2013-06-18,-1.8911
2013-06-19,2.1588
2013-06-20,-2.8679
2013-06-21,5.2836
2013-06-24,-4.1328
2013-06-25,1.0008
2013-06-26,6.5549
2013-06-27,4.9356
2013-06-28,-2.9993
2013-07-01,0.7027
2013-07-02,-0.2094
2013-07-03,1.8182
2013-07-05,0.4808
2013-07-08,5.8783
2013-07-09,-1.4332
2013-07-10,-3.5892
2013-07-11,-4.8234
2013-07-12,2.641
2013-07-15,0.4868
2013-07-16,-1.7993000000000001
2013-07-17,-0.3524
2013-07-18,0.0707
2013-07-19,-2.7561999999999998
2013-07-22,1.0901
2013-07-23,0.1438
2013-07-24,0.6461
2013-07-25,0.9986
2013-07-26,-0.7062
2013-07-29,0.569
2013-07-30,-1.1315
2013-07-31,11.5165
2013-08-01,0.1924
2013-08-02,-4.9936
2013-08-05,3.0323
2013-08-06,0.981
2013-08-07,-0.7772
2013-08-08,0.6527
2013-08-09,0.9728
2013-08-12,0.1927
2013-08-13,2.4359
2013-08-14,-1.3141
2013-08-15,-3.0438
2013-08-16,-1.1772
2013-08-19,-14.7584
2013-08-20,11.8012
2013-08-21,-2.5694
2013-08-22,2.5659
2013-08-23,1.4593
2013-08-26,4.726
2013-08-27,-4.2511
2013-08-28,4.1667
2013-08-29,4.0
2013-08-30,-2.5850999999999997
2013-09-03,3.5599
2013-09-04,-2.5
2013-09-05,1.6667
2013-09-06,-1.5131999999999999
2013-09-09,1.6644999999999999
2013-09-10,-4.534
2013-09-11,-3.1662
2013-09-12,0.7493
2013-09-13,4.0568
2013-09-16,-1.5594999999999999
2013-09-17,3.4323
2013-09-18,-1.0211
2013-09-19,-0.2579
2013-09-20,-1.4221
2013-09-23,0.0656
2013-09-24,1.4417
2013-09-25,0.0646
2013-09-26,-0.581
2013-09-27,-1.6234
2013-09-30,0.0
2013-10-01,4.0924
2013-10-02,-2.8535
2013-10-03,-1.3054999999999999
2013-10-04,2.6455
2013-10-07,-2.8350999999999997
2013-10-08,-6.9629
2013-10-09,2.2808
2013-10-10,-3.0662
2013-10-11,-0.7908
2013-10-14,-0.2899
2013-10-15,-0.6541
2013-10-16,1.6825
2013-10-17,-0.7914
2013-10-18,-1.6679
2013-10-21,-0.2212
2013-10-22,-4.139
2013-10-23,-0.8481
2013-10-24,2.0995
2013-10-25,-13.6329
2013-10-28,-0.3527
2013-10-29,-1.5929
2013-10-30,1.6187
2013-10-31,-3.4513
2013-11-01,4.2163
2013-11-04,1.5831
2013-11-05,1.9048
2013-11-06,10.4503
2013-11-07,0.0
2013-11-08,2.6154
2013-11-11,4.8726
2013-11-12,-0.5004
2013-11-13,1.796
2013-11-14,-0.7763
2013-11-15,-4.8364
2013-11-18,-14.6487
2013-11-19,-3.5902
2013-11-20,1.4532
2013-11-21,0.6267
2013-11-22,-2.0463
2013-11-25,-1.8165
2013-11-26,3.9778000000000002
2013-11-27,0.2669
2013-11-29,0.8873
2013-12-02,-0.8795
2013-12-03,-0.7986
2013-12-04,1.0733
2013-12-05,-0.7965
2013-12-06,0.446
2013-12-09,-3.9964
2013-12-10,0.7401
2013-12-11,-4.8669
2013-12-12,-0.9653
2013-12-13,2.4366
2013-12-16,0.9515
2013-12-17,-0.4713
2013-12-18,5.1136
2013-12-19,-1.1712
2013-12-20,2.6436
2013-12-23,1.7762
2013-12-24,2.9668
2013-12-26,-3.7288
2013-12-27,4.2254
2013-12-30,1.6047
2013-12-31,-4.7382
2014-01-02,3.3159
2014-01-03,-0.4223
2014-01-06,-2.7142
2014-01-07,-1.8309
2014-01-08,-3.1972
2014-01-09,-2.4771
2014-01-10,0.0941
2014-01-13,-1.2218
2014-01-14,2.1884
2014-01-15,0.4655
2014-01-16,1.2048
2014-01-17,-0.3663
2014-01-21,3.6765
2014-01-22,4.344
2014-01-23,-10.5353
2014-01-24,-2.1842
2014-01-27,-2.6214
2014-01-28,-0.1994
2014-01-29,1.3487
2014-01-30,1.1336
2014-01-31,-2.4366
2014-02-03,-2.8971
2014-02-04,2.2634
2014-02-05,0.8048
2014-02-06,1.3972
2014-02-07,1.7717
2014-02-10,-0.7737
2014-02-11,0.0975
2014-02-12,-0.3895
2014-02-13,1.2708
2014-02-14,5.888
2014-02-18,4.1021
2014-02-19,-0.1751
2014-02-20,0.0
2014-02-21,-1.1404
2014-02-24,3.9042
2014-02-25,-1.4518
2014-02-26,-0.1733
2014-02-27,3.2118
2014-02-28,-1.8502999999999998
2014-03-03,-3.6847
2014-03-04,2.3132
2014-03-05,-1.3913
2014-03-06,0.7937
2014-03-07,0.4374
2014-03-10,-1.2195
2014-03-11,-5.3792
2014-03-12,4.6598
2014-03-13,-1.2467
2014-03-14,2.8855
2014-03-17,-0.3506
2014-03-18,5.1891
2014-03-19,0.1672
2014-03-20,0.0835
2014-03-21,0.0834
2014-03-24,-1.4167
2014-03-25,-0.7608
2014-03-26,-5.0256
2014-03-27,0.4496
2014-03-28,2.856
2014-03-31,4.0799
2014-04-01,0.417
2014-04-02,0.1661
2014-04-03,-0.4146
2014-04-04,-2.4147
2014-04-07,-0.3413
2014-04-08,0.9418
2014-04-09,1.6964000000000001
2014-04-10,-0.0834
2014-04-11,-1.0851
2014-04-14,0.5063
2014-04-15,2.4349
2014-04-16,3.1148
2014-04-17,-5.4849
2014-04-21,-2.5231
2014-04-22,-1.2942
2014-04-23,5.5944
2014-04-24,-0.4139
2014-04-25,-2.4106
2014-04-28,-2.2147
2014-04-29,-0.1742
2014-04-30,2.7051
2014-05-01,-1.7842
2014-05-02,0.0865
2014-05-05,1.5556999999999999
2014-05-06,-4.2553
2014-05-07,-7.5556
2014-05-08,-3.2692
2014-05-09,0.3976
2014-05-12,0.297
2014-05-13,0.691
2014-05-14,-0.7843
2014-05-15,0.0
2014-05-16,1.7787
2014-05-19,-1.2621
2014-05-20,-1.1799
2014-05-21,0.995
2014-05-22,1.5764
2014-05-23,11.0572
2014-05-27,-3.8428
2014-05-28,-0.6358
2014-05-29,-8.5009
2014-05-30,-1.1988
2014-06-02,-0.6067
2014-06-03,1.4242
2014-06-04,1.003
2014-06-05,0.7944
2014-06-06,0.4926
2014-06-09,2.451
2014-06-10,-0.3828
2014-06-11,-0.9606
2014-06-12,-1.3578999999999999
2014-06-13,1.8681999999999999
2014-06-16,4.4402
2014-06-17,2.6802
2014-06-18,-1.1701
2014-06-19,2.1858
2014-06-20,1.2478
2014-06-23,-1.4085
2014-06-24,1.3393
2014-06-25,0.8811
2014-06-26,-0.1747
2014-06-27,0.6124
2014-06-30,-0.2609
2014-07-01,-0.3487
2014-07-02,-0.35
2014-07-03,2.1949
2014-07-07,0.5155
2014-07-08,-2.4786
2014-07-09,-0.9641
2014-07-10,-0.177
2014-07-11,-0.8865
2014-07-14,0.3578
2014-07-15,-2.5846999999999998
2014-07-16,0.2745
2014-07-17,-0.6387
2014-07-18,1.1019
2014-07-21,0.1817
2014-07-22,1.1786
2014-07-23,1.2545
2014-07-24,-3.5398
2014-07-25,-0.367
2014-07-28,-0.0921
2014-07-29,0.2765
2014-07-30,2.5735
2014-07-31,0.3584
2014-08-01,1.875
2014-08-04,2.5416
2014-08-05,-1.7094
2014-08-06,-0.1739
2014-08-07,0.6969
2014-08-08,0.7785
2014-08-11,0.6009
2014-08-12,-3.0717
2014-08-13,1.0563
2014-08-14,0.784
2014-08-15,0.605
2014-08-18,2.7491
2014-08-19,0.0
2014-08-20,-0.6689
2014-08-21,-1.431
2014-08-22,1.4518
2014-08-25,0.7576
2014-08-26,-1.4202
2014-08-27,1.6101999999999999
2014-08-28,-1.5013
2014-08-29,2.9636
2014-09-02,0.2467
2014-09-03,-4.5119
2014-09-04,-4.0378
2014-09-05,-1.1638
2014-09-08,2.1739
2014-09-09,-1.8617
2014-09-10,0.6323
2014-09-11,-1.0772
2014-09-12,-0.0907
2014-09-15,-0.4541
2014-09-16,-2.0985
2014-09-17,-1.1184
2014-09-18,0.2828
2014-09-19,-0.3759
2014-09-22,-1.5566
2014-09-23,-1.5812
2014-09-24,0.5842
2014-09-25,-2.5169
2014-09-26,2.284
2014-09-29,0.6796
2014-09-30,-2.1215
2014-10-01,-2.3645
2014-10-02,1.0091
2014-10-03,1.4985
2014-10-06,-1.4764
2014-10-07,-0.0999
2014-10-08,2.5
2014-10-09,-0.3415
2014-10-10,-5.1395
2014-10-13,-2.2704
2014-10-14,1.3728
2014-10-15,4.1667
2014-10-16,3.0
2014-10-17,-1.165
2014-10-20,2.7504999999999997
2014-10-21,1.3384
2014-10-22,-4.5283
2014-10-23,0.4941
2014-10-24,-0.9833
2014-10-27,-0.993
2014-10-28,3.3099
2014-10-29,-0.6796
2014-10-30,1.7595
2014-10-31,1.1527
2014-11-03,-0.095
2014-11-04,-6.4639
2014-11-05,1.7276
2014-11-06,3.6963
2014-11-07,-0.6744
2014-11-10,-2.2308
2014-11-11,-0.8929
2014-11-12,3.6036
2014-11-13,-6.3768
2014-11-14,4.644
2014-11-17,-0.1972
2014-11-18,0.7905
2014-11-19,0.5882
2014-11-20,4.7758
2014-11-21,-1.3953
2014-11-24,-3.0189
2014-11-25,-1.07
2014-11-26,-0.1967
2014-11-28,-6.2069
2014-12-01,-4.2017
2014-12-02,4.1667
2014-12-03,10.1053
2014-12-04,-6.1185
2014-12-05,0.3055
2014-12-08,-1.4213
2014-12-09,3.8105
2014-12-10,-5.1587
2014-12-11,-2.6151
2014-12-12,-1.6112
2014-12-15,-2.9476
2014-12-16,2.4747
2014-12-17,5.8178
2014-12-18,-0.1556
2014-12-19,3.8961
2014-12-22,-2.9
2014-12-23,0.103
2014-12-24,-0.5144
2014-12-26,-0.1034
2014-12-29,1.2422
2014-12-30,0.409
2014-12-31,-1.1202
2015-01-02,0.8239
2015-01-05,-2.4515000000000002
2015-01-06,-4.5026
2015-01-07,0.7675
2015-01-08,2.6115
2015-01-09,-1.2725
2015-01-12,-0.2148
2015-01-13,-0.9688
2015-01-14,0.0
2015-01-15,-2.7174
2015-01-16,1.3408
2015-01-20,-0.6615
2015-01-21,-0.444
2015-01-22,0.3344
2015-01-23,-1.1111
2015-01-26,0.5618
2015-01-27,-0.5587
2015-01-28,-3.3708
2015-01-29,1.9767000000000001
2015-01-30,-0.3421
2015-02-02,2.4027
2015-02-03,0.5587
2015-02-04,-1.1111
2015-02-05,1.1236
2015-02-06,-4.7778
2015-02-09,2.217
2015-02-10,0.0
2015-02-11,-2.2831
2015-02-12,2.2196
2015-02-13,-2.4
2015-02-17,0.7026
2015-02-18,-1.8605
2015-02-19,2.1327
2015-02-20,3.9443
2015-02-23,-3.683
2015-02-24,4.1715
2015-02-25,-1.2236
2015-02-26,0.1126
2015-02-27,0.3375
2015-03-02,2.3543
2015-03-03,0.1095
2015-03-04,4.5952
2015-03-05,-1.4644
2015-03-06,-2.8662
2015-03-09,3.388
2015-03-10,-0.6342
2015-03-11,0.4255
2015-03-12,1.0593
2015-03-13,0.1048
2015-03-16,-2.4084
2015-03-17,1.2876
2015-03-18,3.7076000000000002
2015-03-19,-1.7365
2015-03-20,0.4158
2015-03-23,0.0518
2015-03-24,-1.5003
2015-03-25,-1.6806999999999999
2015-03-26,0.8547
2015-03-27,-0.4237
2015-03-30,1.7021
2015-03-31,-3.5564999999999998
2015-04-01,4.1215
2015-04-02,-2.5
2015-04-06,1.1752
2015-04-07,-0.3168
2015-04-08,-2.1186
2015-04-09,-1.5152
2015-04-10,2.5275
2015-04-13,-2.4652
2015-04-14,1.8681
2015-04-15,-0.4315
2015-04-16,-0.1083
2015-04-17,-3.1453
2015-04-20,2.0157
2015-04-21,-2.7442
2015-04-22,0.8465
2015-04-23,2.2384
2015-04-24,0.7115
2015-04-27,1.5217
2015-04-28,-0.4283
2015-04-29,2.3656
2015-04-30,-3.2563
2015-05-01,-1.4115
2015-05-04,-0.7709
2015-05-05,-2.2198
2015-05-06,-1.5891
2015-05-07,2.1915
2015-05-08,-1.0158
2015-05-11,-1.1403
2015-05-12,2.3068
2015-05-13,1.8037999999999998
2015-05-14,0.443
2015-05-15,2.2051
2015-05-18,2.8047
2015-05-19,0.5247
2015-05-20,-0.1044
2015-05-21,1.3584
2015-05-22,1.7526000000000002
2015-05-26,0.6079
2015-05-27,0.6042
2015-05-28,2.2022
2015-05-29,4.1136
2015-06-01,16.4628
2015-06-02,-0.8885
2015-06-03,-2.6895
2015-06-04,0.5863
2015-06-05,1.5819999999999999
2015-06-08,-1.0656
2015-06-09,1.4913
2015-06-10,1.7143000000000002
2015-06-11,-0.9631
2015-06-12,-1.1345
2015-06-15,0.9836
2015-06-16,-0.487
2015-06-17,-2.5285
2015-06-18,-1.0042
2015-06-19,0.5072
2015-06-22,-0.1682
2015-06-23,2.5274
2015-06-24,-2.3829000000000002
2015-06-25,0.9259
2015-06-26,-2.4187
2015-06-29,-2.0513
2015-06-30,0.8726
2015-07-01,1.4706000000000001
2015-07-02,0.9378
2015-07-06,0.3378
2015-07-07,-2.0202
2015-07-08,-3.3505
2015-07-09,-0.1778
2015-07-10,0.7124
2015-07-13,1.9452
2015-07-14,-1.8213
2015-07-15,-2.7385
2015-07-16,-0.2725
2015-07-17,0.2732
2015-07-20,-0.6358
2015-07-21,-2.6508000000000003
2015-07-22,1.0329
2015-07-23,-1.2082
2015-07-24,-3.0103
2015-07-27,-0.291
2015-07-28,1.07
2015-07-29,0.2887
2015-07-30,-0.6718
2015-07-31,-1.4493
2015-08-03,0.0
2015-08-04,-0.5882
2015-08-05,-1.3807
2015-08-06,-0.3
2015-08-07,-2.006
2015-08-10,2.6612
2015-08-11,-2.7916
2015-08-12,1.5385
2015-08-13,-1.9192
2015-08-14,-0.103
2015-08-17,-0.6186
2015-08-18,-3.3195
2015-08-19,-1.9313
2015-08-20,-0.9847
2015-08-21,-3.2044
2015-08-24,-7.3059
2015-08-25,-5.5419
2015-08-26,-4.824
2015-08-27,7.9452
2015-08-28,7.2335
2015-08-31,-0.355
2015-09-01,-1.1876
2015-09-02,1.5625
2015-09-03,0.7101
2015-09-04,-2.4677
2015-09-08,2.4096
2015-09-09,-0.4706
2015-09-10,-0.1182
2015-09-11,-7.4556000000000004
2015-09-14,-2.1739
2015-09-15,1.9607999999999999
2015-09-16,3.2051
2015-09-17,-1.3665
2015-09-18,0.8816
2015-09-21,0.3745
2015-09-22,-3.1095
2015-09-23,4.4929
2015-09-24,5.0369
2015-09-25,0.3509
2015-09-28,-3.1469
2015-09-29,-3.7304
2015-09-30,3.5
2015-10-01,-0.7246
2015-10-02,5.7178
2015-10-05,3.4522
2015-10-06,4.7831
2015-10-07,-0.1062
2015-10-08,0.5313
2015-10-09,-0.2114
2015-10-12,-2.3305
2015-10-13,-1.1931
2015-10-14,-7.0252
2015-10-15,-8.854800000000001
2015-10-16,-0.1295
2015-10-19,1.4267
2015-10-20,3.0691
2015-10-21,-5.2109
2015-10-22,0.3927
2015-10-23,-0.7823
2015-10-26,-1.8397000000000001
2015-10-27,2.008
2015-10-28,4.5931999999999995
2015-10-29,-0.6274
2015-10-30,-0.3788
2015-11-02,1.9011
2015-11-03,0.7463
2015-11-04,1.358
2015-11-05,-0.3654
2015-11-06,0.1222
2015-11-09,-3.9072
2015-11-10,0.8895
2015-11-11,-1.1335
2015-11-12,-6.6242
2015-11-13,4.502
2015-11-16,0.0
2015-11-17,-2.7415000000000003
2015-11-18,4.0268
2015-11-19,-0.2581
2015-11-20,2.3286
2015-11-23,-0.2528
2015-11-24,1.2674
2015-11-25,5.3817
2015-11-27,0.4751
2015-11-30,6.5012
2015-12-01,-1.4428
2015-12-02,-1.6892
2015-12-03,-0.1145
2015-12-04,1.9495
2015-12-07,-6.1867
2015-12-08,-0.3597
2015-12-09,3.8508
2015-12-10,0.6952
2015-12-11,-3.5673
2015-12-14,-1.3126
2015-12-15,2.2975
2015-12-16,4.9645
2015-12-17,-3.0405
2015-12-18,0.3484
2015-12-21,5.5556
2015-12-22,1.5351
2015-12-23,-0.432
2015-12-24,2.0607
2015-12-28,-2.2317
2015-12-29,2.5
2015-12-30,-1.9088
2015-12-31,0.4324
2016-01-04,-0.9688
2016-01-05,-1.3043
2016-01-06,-1.4317
2016-01-07,-3.5754
2016-01-08,-3.2445
2016-01-11,-1.3174000000000001
2016-01-12,-0.7282
2016-01-13,-0.978
2016-01-14,-3.4568
2016-01-15,-6.0102
2016-01-19,-9.2517
2016-01-20,-2.9985
2016-01-21,4.0185
2016-01-22,-1.7831000000000001
2016-01-25,-5.7489
2016-01-26,-0.9631
2016-01-27,5.9968
2016-01-28,4.7401
2016-01-29,1.1679
2016-02-01,1.0101
2016-02-02,-2.4286
2016-02-03,6.8814
2016-02-04,-2.6027
2016-02-05,-2.5316
2016-02-08,-1.8759000000000001
2016-02-09,-1.9118
2016-02-10,-3.1484
2016-02-11,-0.4644
2016-02-12,1.7107
2016-02-16,2.1407
2016-02-17,2.5449
2016-02-18,-1.8978000000000002
2016-02-19,2.5298
2016-02-22,0.2903
2016-02-23,-2.6048999999999998
2016-02-24,2.0802
2016-02-25,0.5822
2016-02-26,2.3155
2016-02-29,3.1117
2016-03-01,-0.2743
2016-03-02,6.0523
2016-03-03,1.1673
2016-03-04,2.9487
2016-03-07,4.3587
2016-03-08,-0.8353
2016-03-09,0.361
2016-03-10,-1.199
2016-03-11,3.3981
2016-03-14,-0.3521
2016-03-15,-4.5936
2016-03-16,6.2963000000000005
2016-03-17,2.5552
2016-03-18,1.812
2016-03-21,-0.6674
2016-03-22,-1.9037
2016-03-23,0.7991
2016-03-24,3.171
2016-03-28,-0.5488
2016-03-29,1.2141
2016-03-30,1.7448000000000001
2016-03-31,1.179
2016-04-01,0.4237
2016-04-04,-0.8439
2016-04-05,-2.6596
2016-04-06,1.0929
2016-04-07,-4.0
2016-04-08,1.0135
2016-04-11,0.8919
2016-04-12,3.2044
2016-04-13,0.1071
2016-04-14,-0.2139
2016-04-15,-0.5359
2016-04-18,3.7716
2016-04-19,1.7652999999999999
2016-04-20,0.0
2016-04-21,0.9184
2016-04-22,-0.1011
2016-04-25,-0.3036
2016-04-26,1.3197999999999999
2016-04-27,-0.9018
2016-04-28,-0.8089
2016-04-29,-0.9174
2016-05-02,-1.3374
2016-05-03,-3.4411
2016-05-04,3.6717
2016-05-05,-3.4375
2016-05-06,0.2157
2016-05-09,-2.1529
2016-05-10,1.1001
2016-05-11,3.482
2016-05-12,-3.2597
2016-05-13,1.3043
2016-05-16,0.0
2016-05-17,-0.9657
2016-05-18,0.8667
2016-05-19,0.3222
2016-05-20,2.5696
2016-05-23,0.8351
2016-05-24,1.0352
2016-05-25,1.127
2016-05-26,-12.6646
2016-05-27,3.9443
2016-05-31,2.7902
2016-06-01,2.2258
2016-06-02,2.1774
2016-06-03,-1.5593
2016-06-06,-0.2112
2016-06-07,2.0106
2016-06-08,-2.1784
2016-06-09,-1.3256000000000001
2016-06-10,-3.7077
2016-06-13,-0.8929
2016-06-14,-2.4775
2016-06-15,-0.6928
2016-06-16,-1.5116
2016-06-17,-1.1806
2016-06-20,0.1195
2016-06-21,0.358
2016-06-22,2.0214
2016-06-23,3.6131
2016-06-24,-3.0371
2016-06-27,-7.7726
2016-06-28,2.8931
2016-06-29,0.1222
2016-06-30,7.8144
2016-07-01,0.3398
2016-07-05,-2.9345
2016-07-06,2.6744
2016-07-07,-5.3228
2016-07-08,1.7943
2016-07-11,3.9953
2016-07-12,0.226
2016-07-13,-0.7892
2016-07-14,1.25
2016-07-15,0.0
2016-07-18,0.1122
2016-07-19,-0.3363
2016-07-20,-0.225
2016-07-21,0.6764
2016-07-22,-0.3359
2016-07-25,-0.7865
2016-07-26,0.3398
2016-07-27,3.0474
2016-07-28,2.7382
2016-07-29,3.9446
2016-08-01,-3.0769
2016-08-02,0.2116
2016-08-03,2.8510999999999997
2016-08-04,-0.924
2016-08-05,-0.1036
2016-08-08,0.2075
2016-08-09,-0.5176
2016-08-10,-2.3933
2016-08-11,0.3198
2016-08-12,-1.7003
2016-08-15,-0.3243
2016-08-16,-1.5184
2016-08-17,0.5507
2016-08-18,1.0953
2016-08-19,0.6501
2016-08-22,-3.9828
2016-08-23,-0.7848
2016-08-24,-3.0508
2016-08-25,1.6317
2016-08-26,-0.2294
2016-08-29,-0.1149
2016-08-30,0.9206
2016-08-31,2.2805
2016-09-01,-1.1148
2016-09-02,0.1127
2016-09-06,-0.6757
2016-09-07,0.1134
2016-09-08,0.6795
2016-09-09,-4.8369
2016-09-12,1.5366
2016-09-13,-4.0745
2016-09-14,-2.0631
2016-09-15,1.1152
2016-09-16,-1.1029
2016-09-19,2.2305
2016-09-20,-1.3333
2016-09-21,1.9656
2016-09-22,1.8072
2016-09-23,-2.1302
2016-09-26,-3.6276
2016-09-27,1.1292
2016-09-28,3.9702
2016-09-29,-1.432
2016-09-30,2.5423999999999998
2016-10-03,-0.2361
2016-10-04,2.9586
2016-10-05,1.2644
2016-10-06,4.6538
2016-10-07,-1.6269
2016-10-10,0.1103
2016-10-11,-0.6608
2016-10-12,0.0
2016-10-13,-1.8847
2016-10-14,0.226
2016-10-17,0.0
2016-10-18,-0.2255
2016-10-19,3.1638
2016-10-20,-0.9858
2016-10-21,0.5531
2016-10-24,-0.33
2016-10-25,-2.8698
2016-10-26,-1.5909
2016-10-27,-1.8476
2016-10-28,0.1176
2016-10-31,2.8202
2016-11-01,0.5714
2016-11-02,2.8409
2016-11-03,-7.7348
2016-11-04,0.5988
2016-11-07,5.3571
2016-11-08,4.5198
2016-11-09,-2.7027
2016-11-10,3.8889
2016-11-11,-1.6042999999999998
2016-11-14,1.087
2016-11-15,-1.6129
2016-11-16,1.6393
2016-11-17,-1.6129
2016-11-18,3.8251
2016-11-21,2.1053
2016-11-22,-1.0309
2016-11-23,2.0833
2016-11-25,-0.5102
2016-11-28,-1.0256
2016-11-29,-0.5181
2016-11-30,1.5625
2016-12-01,1.5385
2016-12-02,-1.0101
2016-12-05,1.0204
2016-12-06,-0.5051
2016-12-07,4.0609
2016-12-08,0.9756
2016-12-09,-0.9662
2016-12-12,-2.439
2016-12-13,0.5
2016-12-14,-4.4776
2016-12-15,-0.5208
2016-12-16,2.0942
2016-12-19,0.5128
2016-12-20,2.551
2016-12-21,0.0
2016-12-22,-1.99
2016-12-23,0.5076
2016-12-27,0.5051
2016-12-28,0.5025
2016-12-29,-1.0
2016-12-30,-2.0202
2017-01-03,2.5773
2017-01-04,-0.5025
2017-01-05,-2.5253
2017-01-06,-1.5544
2017-01-09,-3.1579
2017-01-10,1.087
2017-01-11,-0.5376
2017-01-12,-1.6216
2017-01-13,0.0
2017-01-17,-2.1978
2017-01-18,0.5618
2017-01-19,-0.5587
2017-01-20,1.1236
2017-01-23,1.1111
2017-01-24,-0.5495
2017-01-25,-1.105
2017-01-26,0.0
2017-01-27,0.0
2017-01-30,-5.5866
2017-01-31,2.9586
2017-02-01,-2.8736
2017-02-02,-0.5917
2017-02-03,2.3810000000000002
2017-02-06,-1.7442
2017-02-07,2.3669000000000002
2017-02-08,0.578
2017-02-09,1.7241
2017-02-10,2.2599
2017-02-13,-3.3149
2017-02-14,1.1429
2017-02-15,-2.8249
2017-02-16,2.3256
2017-02-17,2.2727
2017-02-21,-2.2222
2017-02-22,-1.1364
2017-02-23,0.0
2017-02-24,-3.1609
2017-02-27,3.2641
2017-02-28,2.2989
2017-03-01,5.0562
2017-03-02,-0.5348
2017-03-03,-2.1505
2017-03-06,-1.0989
2017-03-07,0.0
2017-03-08,4.4444
2017-03-09,0.5319
2017-03-10,0.5291
2017-03-13,2.1053
2017-03-14,1.0309
2017-03-15,1.0204
2017-03-16,2.5253
2017-03-17,3.4483
2017-03-20,-0.9524
2017-03-21,-3.3654
2017-03-22,-0.4975
2017-03-23,0.5
2017-03-24,-0.995
2017-03-27,-0.5025
2017-03-28,-0.5051
2017-03-29,3.5533
2017-03-30,-0.4902
2017-03-31,2.9557
2017-04-03,-0.9569
2017-04-04,-0.4831
2017-04-05,-3.3981
2017-04-06,1.5074999999999998
2017-04-07,-1.4851
2017-04-10,3.0151
2017-04-11,0.4878
2017-04-12,-0.9709
2017-04-13,-2.9412000000000003
2017-04-17,3.0303
2017-04-18,-2.451
2017-04-19,1.5074999999999998
2017-04-20,1.4851
2017-04-21,0.4878
2017-04-24,0.4854
2017-04-25,1.4493
2017-04-26,-0.2381
2017-04-27,0.716
2017-04-28,-0.9479
2017-05-01,0.9569
2017-05-02,0.0
2017-05-03,-2.3697
2017-05-04,-1.4563
2017-05-05,16.2562
2017-05-08,3.8136
2017-05-09,2.0408
2017-05-10,-0.4
2017-05-11,-4.8193
2017-05-12,-1.6878
2017-05-15,-2.1459
2017-05-16,0.8772
2017-05-17,-3.0435
2017-05-18,3.1390000000000002
2017-05-19,-0.8696
2017-05-22,-0.4386
2017-05-23,-0.4405
2017-05-24,0.0
2017-05-25,0.0
2017-05-26,0.0
2017-05-30,-2.2124
2017-05-31,2.2624
2017-06-01,1.3274
2017-06-02,0.0
2017-06-05,-0.8734
2017-06-06,0.0
2017-06-07,-2.6432
2017-06-08,1.3575
2017-06-09,1.7856999999999998
2017-06-12,3.5088
2017-06-13,1.2711999999999999
2017-06-14,0.4184
2017-06-15,1.6667
2017-06-16,1.4344000000000001
2017-06-19,-3.0303
2017-06-20,2.9167
2017-06-21,-2.0243
2017-06-22,-0.8264
2017-06-23,4.1667
2017-06-26,2.4
2017-06-27,-1.1719
2017-06-28,-0.7905
2017-06-29,1.5936
2017-06-30,1.5686
2017-07-03,1.1583
2017-07-05,-5.3435
2017-07-06,-0.4032
2017-07-07,-0.4049
2017-07-10,0.813
2017-07-11,-2.8226
2017-07-12,0.4149
2017-07-13,0.8264
2017-07-14,0.4098
2017-07-17,0.4082
2017-07-18,-0.4065
2017-07-19,0.4082
2017-07-20,0.813
2017-07-21,1.2097
2017-07-24,1.5936
2017-07-25,0.0
2017-07-26,-1.1764999999999999
2017-07-27,0.0
2017-07-28,-0.3968
2017-07-31,-0.3984
2017-08-01,1.2
2017-08-02,-0.7905
2017-08-03,1.1952
2017-08-04,-5.5118
2017-08-07,0.2083
2017-08-08,-2.2869
2017-08-09,-0.8511
2017-08-10,-0.8584
2017-08-11,0.0
2017-08-14,0.4329
2017-08-15,-0.8621
2017-08-16,-3.0435
2017-08-17,-1.7936999999999999
2017-08-18,1.3699
2017-08-21,0.0
2017-08-22,0.9009
2017-08-23,3.5714
2017-08-24,1.2931
2017-08-25,2.1277
2017-08-28,0.0
2017-08-29,0.4167
2017-08-30,0.4149
2017-08-31,0.0
2017-09-01,1.2397
2017-09-05,0.0
2017-09-06,-0.8163
2017-09-07,0.823
2017-09-08,-1.6327
2017-09-11,1.2448
2017-09-12,3.2787
2017-09-13,1.1905000000000001
2017-09-14,0.0
2017-09-15,1.5686
2017-09-18,0.3861
2017-09-19,-0.7692
2017-09-20,3.876
2017-09-21,-2.2388
2017-09-22,0.3817
2017-09-25,1.5209000000000001
2017-09-26,-0.7491
2017-09-27,-6.0377
2017-09-28,-2.008
2017-09-29,-0.4098
2017-10-02,1.6461000000000001
2017-10-03,0.4049
2017-10-04,-1.6129
2017-10-05,-0.8197
2017-10-06,-4.1322
2017-10-09,0.0
2017-10-10,1.2931
2017-10-11,-0.4255
2017-10-12,-1.2821
2017-10-13,-0.4329
2017-10-16,-0.8696
2017-10-17,-1.7544
2017-10-18,3.5714
2017-10-19,0.8621
2017-10-20,2.9915000000000003
2017-10-23,-1.2448
2017-10-24,1.6806999999999999
2017-10-25,-0.8264
2017-10-26,-0.4167
2017-10-27,1.2551999999999999
2017-10-30,-0.8264
2017-10-31,0.8333
2017-11-01,-2.2727
2017-11-02,-1.4799
2017-11-03,-0.8584
2017-11-06,1.2987
2017-11-07,0.8547
2017-11-08,1.6949
2017-11-09,-4.1667
2017-11-10,-1.3043
2017-11-13,-2.2026
2017-11-14,-0.9009
2017-11-15,-3.6364
2017-11-16,2.8302
2017-11-17,0.0
2017-11-20,3.211
2017-11-21,0.0
2017-11-22,-0.8889
2017-11-24,0.4484
2017-11-27,-2.6786
2017-11-28,-0.9174
2017-11-29,0.463
2017-11-30,4.6083
2017-12-01,0.4405
2017-12-04,-2.193
2017-12-05,1.3453
2017-12-06,0.885
2017-12-07,0.8772
2017-12-08,0.4348
2017-12-11,1.2987
2017-12-12,-2.5641
2017-12-13,-3.5088
2017-12-14,-0.9091
2017-12-15,4.1284
2017-12-18,0.0
2017-12-19,3.9648
2017-12-20,0.0
2017-12-21,1.2711999999999999
2017-12-22,-1.6736
2017-12-26,-2.1277
2017-12-27,3.0435
2017-12-28,1.2658
2017-12-29,-1.6667
2018-01-02,0.8475
2018-01-03,-1.2605
2018-01-04,-1.7021
2018-01-05,-2.1645
2018-01-08,-2.2124
2018-01-09,0.0
2018-01-10,-0.4525
2018-01-11,2.7273
2018-01-12,-0.4425
2018-01-16,-2.2222
2018-01-17,1.1364
2018-01-18,-2.0225
2018-01-19,1.3761
2018-01-22,-0.905
2018-01-23,-0.4566
2018-01-24,0.4587
2018-01-25,0.0
2018-01-26,0.4566
2018-01-29,-2.7273
2018-01-30,-0.9346
2018-01-31,0.9434
2018-02-01,-2.8037
2018-02-02,-1.4423
2018-02-05,-4.3902
2018-02-06,0.5102
2018-02-07,0.5076
2018-02-08,4.0404
2018-02-09,6.7961
2018-02-12,-1.3636
2018-02-13,0.0
2018-02-14,1.8433000000000002
2018-02-15,1.81
2018-02-16,3.5556
2018-02-20,-2.5751
2018-02-21,2.2026
2018-02-22,-1.2931
2018-02-23,-0.8734
2018-02-26,-0.8811
2018-02-27,-2.2222
2018-02-28,0.9091
2018-03-01,-2.7027
2018-03-02,0.9259
2018-03-05,0.0
2018-03-06,0.0
2018-03-07,-0.4587
2018-03-08,0.4608
2018-03-09,2.7523
2018-03-12,-2.6786
2018-03-13,1.3761
2018-03-14,2.2624
2018-03-15,3.9823
2018-03-16,2.5532
2018-03-19,1.6598000000000002
2018-03-20,0.0
2018-03-21,0.4082
2018-03-22,-0.813
2018-03-23,-0.8197
2018-03-26,4.5455
2018-03-27,0.0
2018-03-28,-0.3953
2018-03-29,1.5873
2018-04-02,0.0
2018-04-03,1.5625
2018-04-04,1.5385
2018-04-05,3.7879
2018-04-06,0.7299
2018-04-09,-2.1739
2018-04-10,0.0
2018-04-11,0.0
2018-04-12,-0.3704
2018-04-13,0.3717
2018-04-16,-0.7407
2018-04-17,-2.2388
2018-04-18,1.9083999999999999
2018-04-19,-2.9962999999999997
2018-04-20,0.0
2018-04-23,0.3861
2018-04-24,0.3846
2018-04-25,-0.3831
2018-04-26,1.9231
2018-04-27,-0.7547
2018-04-30,-1.9011
2018-05-01,1.938
2018-05-02,1.1407
2018-05-03,0.3759
2018-05-04,-1.1236
2018-05-07,0.3788
2018-05-08,1.5093999999999999
2018-05-09,0.3717
2018-05-10,1.4815
2018-05-11,0.365
2018-05-14,9.818200000000001
2018-05-15,2.3179
2018-05-16,1.2945
2018-05-17,6.3898
2018-05-18,1.8018
2018-05-21,3.5398
2018-05-22,-1.1396
2018-05-23,0.2882
2018-05-24,1.1494
2018-05-25,0.0
2018-05-29,2.2727
2018-05-30,-0.8333
2018-05-31,0.0
2018-06-01,-1.1204
2018-06-04,-0.8499
2018-06-05,0.0
2018-06-06,1.4285999999999999
2018-06-07,1.1268
2018-06-08,0.8357
2018-06-11,-3.0387
2018-06-12,-1.7094
2018-06-13,-1.7391
2018-06-14,1.1799
2018-06-15,0.5831
2018-06-18,5.5072
2018-06-19,0.0
2018-06-20,-0.8242
2018-06-21,-3.6010999999999997
2018-06-22,3.1609
2018-06-25,0.5571
2018-06-26,-0.554
2018-06-27,-1.1142
2018-06-28,-1.1268
2018-06-29,1.7094
2018-07-02,-1.9607999999999999
2018-07-03,-1.4285999999999999
2018-07-05,0.2899
2018-07-06,-0.578
2018-07-09,-0.2907
2018-07-10,0.8746
2018-07-11,0.0
2018-07-12,0.0
2018-07-13,0.0
2018-07-16,-2.3121
2018-07-17,-0.5917
2018-07-18,2.0833
2018-07-19,-0.5831
2018-07-20,-2.0528
2018-07-23,-2.6946
2018-07-24,1.8462
2018-07-25,0.0
2018-07-26,-0.6042
2018-07-27,0.6079
2018-07-30,1.8127
2018-07-31,1.1869
2018-08-01,2.6393
2018-08-02,1.4285999999999999
2018-08-03,-0.8451
2018-08-06,1.4205
2018-08-07,14.2857
2018-08-08,-0.2451
2018-08-09,-0.4914
2018-08-10,3.9506
2018-08-13,1.4252
2018-08-14,1.2881
2018-08-15,0.578
2018-08-16,2.9885
2018-08-17,3.125
2018-08-20,4.9784
2018-08-21,3.299
2018-08-22,3.7923999999999998
2018-08-23,2.5
2018-08-24,-0.9381
2018-08-27,0.1894
2018-08-28,-2.6465
2018-08-29,1.7476
2018-08-30,0.5725
2018-08-31,2.277
2018-09-04,-0.3711
2018-09-05,2.4209
2018-09-06,-5.2727
2018-09-07,0.5758
2018-09-10,2.0992
2018-09-11,1.3084
2018-09-12,2.583
2018-09-13,-0.1799
2018-09-14,-1.982
2018-09-17,0.1838
2018-09-18,1.2844
2018-09-19,-3.0797
2018-09-20,-2.243
2018-09-21,4.3977
2018-09-24,0.1832
2018-09-25,-0.5484
2018-09-26,0.1838
2018-09-27,2.2018
2018-09-28,3.4111000000000002
2018-10-01,-3.3333
2018-10-02,1.6522999999999999
2018-10-03,1.4487999999999999
2018-10-04,-2.7517
2018-10-05,2.0057
2018-10-08,-2.3525
2018-10-09,-0.2517
2018-10-10,-5.9841
2018-10-11,1.1887
2018-10-12,2.1599
2018-10-15,5.9718
2018-10-16,4.5502
2018-10-17,0.3683
2018-10-18,3.8692
2018-10-19,-4.9133
2018-10-22,-2.3303
2018-10-23,-0.0346
2018-10-24,-4.8772
2018-10-25,2.1818
2018-10-26,5.3025
2018-10-29,-0.6759
2018-10-30,6.5669
2018-10-31,-0.7663
2018-11-01,0.4183
2018-11-02,-8.0743
2018-11-05,-1.2896
2018-11-06,2.0127
2018-11-07,-13.7072
2018-11-08,0.2607
2018-11-09,2.8606
2018-11-12,-2.4115
2018-11-13,0.3587
2018-11-14,3.6934
2018-11-15,0.6128
2018-11-16,1.2181
2018-11-19,-0.2633
2018-11-20,-0.9427
2018-11-21,2.1698
2018-11-23,-6.5946
2018-11-26,1.0371
2018-11-27,8.1326
2018-11-28,1.7525
2018-11-29,-1.2917
2018-11-30,-2.0356
2018-12-03,0.8905
2018-12-04,-1.8757000000000001
2018-12-06,1.087
2018-12-07,-2.855
2018-12-10,-1.374
2018-12-11,1.6254
2018-12-12,-1.5994000000000002
2018-12-13,-0.8514
2018-12-14,-3.1226
2018-12-17,-2.5383
2018-12-18,-0.7854
2018-12-19,3.5833
2018-12-20,-4.103
2018-12-21,-2.4119
2018-12-24,1.7408000000000001
2018-12-26,5.9147
2018-12-27,0.5584
2018-12-28,0.476
2018-12-31,1.4607
2019-01-02,1.2062
2019-01-03,-2.3837
2019-01-04,2.6782
2019-01-07,0.0384
2019-01-08,1.8405
2019-01-09,-0.4895
2019-01-10,-0.1135
2019-01-11,-0.7955
2019-01-14,0.1145
2019-01-15,1.4493
2019-01-16,1.0902
2019-01-17,2.5288
2019-01-18,1.5234
2019-01-22,-3.5013
2019-01-23,-0.9626
2019-01-24,0.3364
2019-01-25,1.6021
2019-01-28,-0.4767
2019-01-29,1.2896
2019-01-30,2.6555
2019-01-31,2.4096
2019-02-01,-0.7612
2019-02-04,-0.4533
2019-02-05,-0.6655
2019-02-06,-0.8463
2019-02-07,-0.9602
2019-02-08,-5.386
2019-02-11,0.1139
2019-02-12,-1.4026
2019-02-13,2.2298999999999998
2019-02-14,-0.6017
2019-02-15,-0.0378
2019-02-19,-0.0379
2019-02-20,0.2272
2019-02-21,0.3778
2019-02-22,1.2796
2019-02-25,-1.4864
2019-02-26,0.4904
2019-02-27,0.9384
2019-02-28,-1.19
2019-03-01,-0.3764
2019-03-04,1.3599999999999999
2019-03-05,-0.1864
2019-03-06,-10.3809
2019-03-07,-2.125
2019-03-08,-1.7029
2019-03-11,0.6929
2019-03-12,1.4194
2019-03-13,2.5445
2019-03-14,-1.0339
2019-03-15,-2.8834
2019-03-18,0.6454
2019-03-19,-2.779
2019-03-20,-1.1434
2019-03-21,0.8452
2019-03-22,-1.2792
2019-03-25,-0.2681
2019-03-26,1.7921
2019-03-27,0.8363
2019-03-28,-1.7023000000000001
2019-03-29,-2.4867
2019-04-01,-0.1366
2019-04-02,-0.5472
2019-04-03,0.7795
2019-04-04,2.3658
2019-04-05,3.4222
2019-04-08,-2.3636
2019-04-09,-0.132
2019-04-10,3.3495
2019-04-11,-1.322
2019-04-12,0.8211
2019-04-15,-0.7287
2019-04-16,0.2591
2019-04-17,-0.8613
2019-04-18,0.1738
2019-04-22,2.6019
2019-04-23,-2.071
2019-04-24,-0.0863
2019-04-25,0.6048
2019-04-26,1.6316000000000002
2019-04-29,1.8589
2019-04-30,0.0415
2019-05-01,-2.7363
2019-05-02,-4.0068
2019-05-03,-20.6039
2019-05-06,-2.2371
2019-05-07,-3.2609
2019-05-08,-0.1774
2019-05-09,0.5332
2019-05-10,-0.0589
2019-05-13,-1.592
2019-05-14,0.0
2019-05-15,-0.1198
2019-05-16,0.2999
2019-05-17,-2.2727
2019-05-20,0.1836
2019-05-21,-0.7941
2019-05-22,-1.17
2019-05-23,-0.81
2019-05-24,0.5653
2019-05-28,-0.0625
2019-05-29,-1.0
2019-05-30,-1.6414
2019-05-31,0.3851
2019-06-03,-1.8542
2019-06-04,-1.6287
2019-06-05,-4.7682
2019-06-06,-2.0167
2019-06-07,1.8453
2019-06-10,-2.0906
2019-06-11,-0.427
2019-06-12,-3.2166
2019-06-13,3.4712
2019-06-14,0.4283
2019-06-17,1.7058
2019-06-18,6.2893
2019-06-19,5.6542
2019-06-20,0.56
2019-06-21,1.6707999999999998
2019-06-24,-1.339
2019-06-25,-2.4059
2019-06-26,0.9482
2019-06-27,1.0645
2019-06-28,-1.7348
2019-07-01,1.7024
2019-07-02,-2.2319
2019-07-03,-0.1902
2019-07-05,0.5718
2019-07-08,0.7581
2019-07-09,-0.5016
2019-07-10,-1.9534
2019-07-11,0.3213
2019-07-12,-0.0641
2019-07-15,-1.0897000000000001
2019-07-16,-0.5185
2019-07-17,-0.7166
2019-07-18,0.6562
2019-07-19,1.369
2019-07-22,-2.8296
2019-07-23,1.1913
2019-07-24,-4.8398
2019-07-25,-8.3162
2019-07-26,3.973
2019-07-29,-0.1442
2019-07-30,-0.6498
2019-07-31,-1.2355
2019-08-01,0.1472
2019-08-02,-2.8655
2019-08-05,-4.0091
2019-08-06,-0.4728
2019-08-07,-5.6611
2019-08-08,6.7562
2019-08-09,1.022
2019-08-12,-4.5914
2019-08-13,0.3263
2019-08-14,-7.7236
2019-08-15,-3.5242
2019-08-16,-1.6438000000000001
2019-08-19,1.4856
2019-08-20,-2.0128
2019-08-21,1.1204
2019-08-22,1.8467
2019-08-23,5.349
2019-08-26,-0.9466
2019-08-27,-3.3884
2019-08-28,3.6871
2019-08-29,4.0763
2019-08-30,1.4167
2019-09-03,-1.3969
2019-09-04,4.1667
2019-09-05,7.76
2019-09-06,4.5286
2019-09-09,3.9773
2019-09-10,2.9372
2019-09-11,1.1944
2019-09-12,0.5574
2019-09-13,3.6192
2019-09-16,-0.7552
2019-09-17,-4.6925
2019-09-18,-2.1955999999999998
2019-09-19,1.2245
2019-09-20,0.672
2019-09-23,-1.2684
2019-09-24,-5.95
2019-09-25,1.3659
2019-09-26,-0.6383
2019-09-27,3.5689
2019-09-30,3.4114
2019-10-01,-4.4319
2019-10-02,0.2092
2019-10-03,2.4356
2019-10-04,2.5136
2019-10-07,0.5964
2019-10-08,1.8445
2019-10-09,-0.2587
2019-10-10,1.751
2019-10-11,-0.5099
2019-10-14,0.993
2019-10-15,-0.9198
2019-10-16,-5.5698
2019-10-17,2.7119
2019-10-18,0.0
2019-10-21,-0.33
2019-10-22,0.9272
2019-10-23,0.9843
2019-10-24,1.8843
2019-10-25,3.3163
2019-10-28,-0.3086
2019-10-29,3.3437
2019-10-30,-1.7376
2019-10-31,-0.3659
2019-11-01,1.4076
2019-11-04,0.6035
2019-11-05,3.1194
2019-11-06,0.5817
2019-11-07,-1.7062
2019-11-08,0.1471
2019-11-11,2.5852
2019-11-12,-0.3436
2019-11-13,-0.3736
2019-11-14,-2.9709
2019-11-15,2.6754
2019-11-18,-0.6369
2019-11-19,-0.3788
2019-11-20,-1.2577
2019-11-21,1.4809999999999999
2019-11-22,-1.9848
2019-11-25,2.4122
2019-11-26,-1.5993
2019-11-27,2.2459
2019-11-29,-1.3873
2019-12-02,1.143
2019-12-03,5.3028
2019-12-04,3.7975
2019-12-05,-6.0976
2019-12-06,7.2276
2019-12-09,-4.2654
2019-12-10,-1.7052
2019-12-11,-2.1265
2019-12-12,4.7456
2019-12-13,-2.8384
2019-12-16,11.0112
2019-12-17,26.9231
2019-12-18,0.0
2019-12-19,1.236
2019-12-20,-1.733
2019-12-23,6.5331
2019-12-24,1.8058999999999998
2019-12-26,1.626
2019-12-27,-1.0182
2019-12-30,-1.7083
2019-12-31,0.7288
2020-01-02,3.4879
2020-01-03,3.3166
2020-01-06,-1.4748999999999999
2020-01-07,-6.8686
2020-01-08,-4.7277000000000005
2020-01-09,0.4764
2020-01-10,-0.1185
2020-01-13,0.1187
2020-01-14,4.1486
2020-01-15,-0.607
2020-01-16,0.8779
2020-01-17,-3.916
2020-01-21,0.4922
2020-01-22,0.2743
2020-01-23,3.5365
2020-01-24,-1.9060000000000001
2020-01-27,-1.2312
2020-01-28,1.8309
2020-01-29,-0.6121
2020-01-30,0.077
2020-01-31,1.0769
2020-02-03,0.9132
2020-02-04,3.092
2020-02-05,2.0117
2020-02-06,0.8964
2020-02-07,-4.5842
2020-02-10,2.3464
2020-02-11,0.2911
2020-02-12,0.7257
2020-02-13,2.2695
2020-02-14,2.4657
2020-02-18,1.0657
2020-02-19,4.1497
2020-02-20,0.7838
2020-02-21,-1.9767000000000001
2020-02-24,-3.9008000000000003
2020-02-25,-5.0568
2020-02-26,0.8696
2020-02-27,-7.0043
2020-02-28,2.163
2020-03-02,2.0794
2020-03-03,-3.4815
2020-03-04,5.449
2020-03-05,-1.2009
2020-03-06,-0.5893
2020-03-09,-13.4494
2020-03-10,2.0976
2020-03-11,-12.4528
2020-03-12,-7.0402
2020-03-13,46.8315
2020-03-16,-26.5965
2020-03-17,-9.3212
2020-03-18,-9.5414
2020-03-19,11.0723
2020-03-20,3.6726
2020-03-23,-4.7065
2020-03-24,10.9931
2020-03-25,-4.0191
2020-03-26,-2.2931
2020-03-27,-6.7347
2020-03-30,2.2976
2020-03-31,9.7861
2020-04-01,-7.5012
2020-04-02,2.2643
2020-04-03,2.5232
2020-04-06,8.5384
2020-04-07,5.044
2020-04-08,3.5242
2020-04-09,-0.2553
2020-04-13,0.8959
2020-04-14,-3.6786
2020-04-15,-6.5847
2020-04-16,-1.6447
2020-04-17,7.3101
2020-04-20,-0.2671
2020-04-21,-5.0
2020-04-22,3.5244
2020-04-23,5.5833
2020-04-24,2.0636
2020-04-27,3.1592000000000002
2020-04-28,-0.1225
2020-04-29,2.1259
2020-04-30,-0.6805
2020-05-01,-7.0536
2020-05-04,6.5481
2020-05-05,-1.3431
2020-05-06,-3.0528
2020-05-07,2.9362
2020-05-08,1.6949
2020-05-11,2.2763999999999998
2020-05-12,2.4642
2020-05-13,-11.0939
2020-05-14,1.0035
2020-05-15,3.7580999999999998
2020-05-18,7.3272
2020-05-19,2.0946
2020-05-20,-0.6079
2020-05-21,3.9373
2020-05-22,-1.3976
2020-05-26,1.2682
2020-05-27,7.1823
2020-05-28,-3.6426
2020-05-29,1.4622
2020-06-01,-1.5114
2020-06-02,6.0671
2020-06-03,-2.288
2020-06-04,1.8251
2020-06-05,7.6936
2020-06-08,1.7742
2020-06-09,0.5245
2020-06-10,-3.9901999999999997
2020-06-11,-13.555
2020-06-12,1.3129
2020-06-15,1.8799000000000001
2020-06-16,1.5048
2020-06-17,-2.4709
2020-06-18,2.823
2020-06-19,-0.6336
2020-06-22,-0.6376
2020-06-23,1.8895
2020-06-24,-20.4689
2020-06-25,1.3638
2020-06-26,-3.1684
2020-06-29,8.6957
2020-06-30,2.1856
2020-07-01,-3.4705
2020-07-02,-0.7525
2020-07-06,1.1794
2020-07-07,-2.0608
2020-07-08,5.1647
2020-07-09,-4.042
2020-07-10,-1.5164
2020-07-13,-2.2241
2020-07-14,2.0122
2020-07-15,6.3036
2020-07-16,1.2505
2020-07-17,1.7928
2020-07-20,0.4501
2020-07-21,1.4222000000000001
2020-07-22,1.1141
2020-07-23,1.7856999999999998
2020-07-24,1.5676999999999999
2020-07-27,1.9478
2020-07-28,-1.4059
2020-07-29,3.5832
2020-07-30,-0.7413
2020-07-31,-1.9203000000000001
