ticker,THR US Equity
field,DAY_TO_DAY_TOT_RETURN_GROSS_DVDS
date,
2011-05-05,2.3333
2011-05-06,4.2345
2011-05-09,-0.2344
2011-05-10,1.4096
2011-05-11,-0.3861
2011-05-12,-1.7054
2011-05-13,0.6309
2011-05-16,1.0972
2011-05-17,-2.3256
2011-05-18,1.1905000000000001
2011-05-19,-0.3922
2011-05-20,-1.4173
2011-05-23,-4.393
2011-05-24,2.005
2011-05-25,0.7371
2011-05-26,-0.6504
2011-05-27,-0.8183
2011-05-31,0.6601
2011-06-01,0.8197
2011-06-02,1.0569
2011-06-03,-0.2414
2011-06-06,-1.5323
2011-06-07,0.5733
2011-06-08,-3.1759
2011-06-09,1.7662
2011-06-10,-0.9917
2011-06-13,4.0067
2011-06-14,-0.4815
2011-06-15,-6.6129
2011-06-16,3.4542
2011-06-17,0.6678
2011-06-20,-3.7313
2011-06-21,0.0861
2011-06-22,-1.8072
2011-06-23,0.1753
2011-06-24,1.7498
2011-06-27,3.5254
2011-06-28,0.0
2011-06-29,-0.4983
2011-06-30,0.1669
2011-07-01,0.1667
2011-07-05,1.3311
2011-07-06,-0.4926
2011-07-07,4.7855
2011-07-08,0.0787
2011-07-11,2.7537000000000003
2011-07-12,3.1394
2011-07-13,0.8909
2011-07-14,4.1943
2011-07-15,5.2966
2011-07-18,-3.0181
2011-07-19,2.7663
2011-07-20,0.4711
2011-07-21,2.2103
2011-07-22,-2.2936
2011-07-25,-2.6828
2011-07-26,-4.1350999999999996
2011-07-27,-2.0848
2011-07-28,1.2482
2011-07-29,1.5228000000000002
2011-08-01,-0.3571
2011-08-02,-2.3656
2011-08-03,-1.0279
2011-08-04,3.1157
2011-08-05,0.5036
2011-08-08,-10.1646
2011-08-09,3.5857
2011-08-10,-2.3077
2011-08-11,5.9843
2011-08-12,1.0401
2011-08-15,0.7353
2011-08-16,-0.365
2011-08-17,2.8571
2011-08-18,-3.7749
2011-08-19,-3.775
2011-08-22,0.6923
2011-08-23,3.1322
2011-08-24,3.5556
2011-08-25,-2.289
2011-08-26,0.7321
2011-08-29,12.6453
2011-08-30,-0.8387
2011-08-31,1.3663
2011-09-01,0.1284
2011-09-02,-1.7949000000000002
2011-09-06,2.8068
2011-09-07,1.4603
2011-09-08,-0.5006
2011-09-09,-5.6604
2011-09-12,-2.1333
2011-09-13,5.4496
2011-09-14,-0.2584
2011-09-15,2.9793
2011-09-16,0.6289
2011-09-19,-2.4375
2011-09-20,1.025
2011-09-21,0.4439
2011-09-22,-1.8308
2011-09-23,-1.9936
2011-09-26,0.3937
2011-09-27,2.9412000000000003
2011-09-28,-4.9524
2011-09-29,-1.6032
2011-09-30,-6.1779
2011-10-03,-5.7887
2011-10-04,-0.2304
2011-10-05,4.234
2011-10-06,3.3973
2011-10-07,-1.8571
2011-10-10,2.1834
2011-10-11,2.5641
2011-10-12,1.3194
2011-10-13,3.427
2011-10-14,4.175
2011-10-17,-4.5165
2011-10-18,4.4637
2011-10-19,-4.8469
2011-10-20,-1.9437
2011-10-21,4.0328
2011-10-24,0.2628
2011-10-25,-1.3761
2011-10-26,2.392
2011-10-27,6.0999
2011-10-28,-1.1009
2011-10-31,-1.7934
2011-11-01,-3.8413
2011-11-02,2.4231
2011-11-03,2.4297
2011-11-04,-1.2484
2011-11-07,-4.6776
2011-11-08,1.7905
2011-11-09,-3.5831
2011-11-10,2.0946
2011-11-11,3.5076
2011-11-14,0.5754
2011-11-15,-0.2543
2011-11-16,-0.5099
2011-11-17,-3.5234
2011-11-18,3.5193
2011-11-21,-0.449
2011-11-22,0.1933
2011-11-23,-0.7074
2011-11-25,-2.3316
2011-11-28,3.4483
2011-11-29,0.1923
2011-11-30,-1.0877
2011-12-01,0.2587
2011-12-02,1.8065
2011-12-05,2.5982
2011-12-06,-1.2353
2011-12-07,1.0632
2011-12-08,-0.9901
2011-12-09,3.0
2011-12-12,-1.2136
2011-12-13,2.7641
2011-12-14,1.1357
2011-12-15,1.7730000000000001
2011-12-16,-0.813
2011-12-19,-0.0585
2011-12-20,1.3474
2011-12-21,0.1156
2011-12-22,-4.9654
2011-12-23,0.243
2011-12-27,3.3939
2011-12-28,-0.9379
2011-12-29,1.8343
2011-12-30,2.3823
2012-01-03,-1.9864000000000002
2012-01-04,0.5211
2012-01-05,1.8433000000000002
2012-01-06,-2.4321
2012-01-09,-0.1739
2012-01-10,2.2067
2012-01-11,-0.6818
2012-01-12,-0.8009
2012-01-13,-0.7497
2012-01-17,-2.6729000000000003
2012-01-18,0.597
2012-01-19,0.2374
2012-01-20,0.6513
2012-01-23,0.8824
2012-01-24,1.1078999999999999
2012-01-25,0.6344
2012-01-26,0.2292
2012-01-27,0.4002
2012-01-30,0.1139
2012-01-31,-0.3413
2012-02-01,2.3402
2012-02-02,2.3982
2012-02-03,5.5556
2012-02-06,-1.9607999999999999
2012-02-07,-1.3684
2012-02-08,2.2946
2012-02-09,1.3563
2012-02-10,-0.1029
2012-02-13,-1.7517
2012-02-14,1.3634
2012-02-15,2.1728
2012-02-16,0.8608
2012-02-17,0.2008
2012-02-21,0.9018
2012-02-22,-1.3406
2012-02-23,1.4595
2012-02-24,0.1984
2012-02-27,-1.5842
2012-02-28,1.6097000000000001
2012-02-29,-0.297
2012-03-01,4.9155999999999995
2012-03-02,-1.9404
2012-03-05,-4.3919
2012-03-06,-0.7572
2012-03-07,1.1699
2012-03-08,2.4635
2012-03-09,-0.3925
2012-03-12,-3.202
2012-03-13,0.0
2012-03-14,1.6284999999999998
2012-03-15,2.4036
2012-03-16,-1.956
2012-03-19,0.0499
2012-03-20,-1.8942999999999999
2012-03-21,0.9654
2012-03-22,-0.8556
2012-03-23,-0.6599
2012-03-26,1.6863000000000001
2012-03-27,0.7035
2012-03-28,2.495
2012-03-29,0.6816
2012-03-30,-1.1122
2012-04-02,5.5257
2012-04-03,1.8536000000000001
2012-04-04,-0.5914
2012-04-05,2.151
2012-04-09,-1.2097
2012-04-10,-1.2698
2012-04-11,1.0565
2012-04-12,-2.1364
2012-04-13,-0.9754
2012-04-16,-3.6116
2012-04-17,5.6934000000000005
2012-04-18,1.5192999999999999
2012-04-19,0.2268
2012-04-20,0.4977
2012-04-23,-2.9716
2012-04-24,-0.1392
2012-04-25,0.1859
2012-04-26,0.974
2012-04-27,1.1484
2012-04-30,0.9083
2012-05-01,2.8353
2012-05-02,-1.3567
2012-05-03,-3.0169
2012-05-04,0.0915
2012-05-07,1.2797
2012-05-08,-1.8953
2012-05-09,-0.322
2012-05-10,-1.246
2012-05-11,-1.5421
2012-05-14,-1.4713
2012-05-15,3.9981
2012-05-16,-2.0843
2012-05-17,-4.0681
2012-05-18,1.9231
2012-05-21,4.209
2012-05-22,-5.8032
2012-05-23,1.1828
2012-05-24,0.5845
2012-05-25,0.0969
2012-05-29,0.5322
2012-05-30,-0.4331
2012-05-31,-1.8366
2012-06-01,2.9050000000000002
2012-06-04,-0.1435
2012-06-05,-0.7187
2012-06-06,1.3514
2012-06-07,-0.4762
2012-06-08,1.0526
2012-06-11,-1.0417
2012-06-12,1.6268
2012-06-13,-0.6121
2012-06-14,0.6632
2012-06-15,1.8353000000000002
2012-06-18,-1.8946
2012-06-19,3.6269
2012-06-20,-1.6818
2012-06-21,-5.8252
2012-06-22,-2.0128
2012-06-25,-2.8557
2012-06-26,2.3208
2012-06-27,1.7137
2012-06-28,-1.338
2012-06-29,4.0181
2012-07-02,6.2289
2012-07-03,4.7273
2012-07-05,-1.0417
2012-07-06,-0.9211
2012-07-09,1.9035
2012-07-10,-2.3023
2012-07-11,-1.245
2012-07-12,-3.2418
2012-07-13,2.6989
2012-07-16,-3.3077
2012-07-17,-1.0309
2012-07-18,1.1837
2012-07-19,-0.4212
2012-07-20,-1.2218
2012-07-23,-2.902
2012-07-24,-1.8128
2012-07-25,2.6946
2012-07-26,3.2556
2012-07-27,2.5412
2012-07-30,-1.285
2012-07-31,-0.1395
2012-08-01,-3.1657
2012-08-02,3.4615
2012-08-03,2.974
2012-08-06,1.3538000000000001
2012-08-07,0.935
2012-08-08,0.6176
2012-08-09,-0.9206
2012-08-10,-0.3097
2012-08-13,-0.0888
2012-08-14,-0.0888
2012-08-15,0.7114
2012-08-16,0.4415
2012-08-17,2.022
2012-08-20,0.2585
2012-08-21,-0.2149
2012-08-22,-0.3015
2012-08-23,-1.2527
2012-08-24,1.5748
2012-08-27,-0.4737
2012-08-28,-0.4327
2012-08-29,-0.9561
2012-08-30,-1.799
2012-08-31,2.1448
2012-09-04,2.0122
2012-09-05,1.8439
2012-09-06,3.1579
2012-09-07,0.0
2012-09-10,-0.6939
2012-09-11,2.3839
2012-09-12,0.843
2012-09-13,0.3981
2012-09-14,3.0928
2012-09-17,-0.6538
2012-09-18,-3.0197
2012-09-19,-5.3892
2012-09-20,-5.3165
2012-09-21,10.3832
2012-09-24,0.0404
2012-09-25,-1.0492
2012-09-26,0.0
2012-09-27,1.5497999999999998
2012-09-28,0.3614
2012-10-01,2.2009
2012-10-02,-1.6444999999999999
2012-10-03,-0.4777
2012-10-04,0.6
2012-10-05,-1.5905
2012-10-08,-2.6263
2012-10-09,-0.4149
2012-10-10,1.6667
2012-10-11,-0.3279
2012-10-12,-1.7269999999999999
2012-10-15,4.1423
2012-10-16,-0.4821
2012-10-17,-1.09
2012-10-18,0.2449
2012-10-19,-0.7736
2012-10-22,0.8617
2012-10-23,-0.3255
2012-10-24,0.4898
2012-10-25,-0.0406
2012-10-26,-0.4063
2012-10-31,1.3464
2012-11-01,3.1401
2012-11-02,-0.8587
2012-11-05,1.2992
2012-11-06,-1.0105
2012-11-07,-2.6305
2012-11-08,-7.6613
2012-11-09,1.4847000000000001
2012-11-12,4.5611
2012-11-13,-1.2757
2012-11-14,-1.2922
2012-11-15,-2.8294
2012-11-16,-0.565
2012-11-19,4.4143
2012-11-20,-0.293
2012-11-21,1.5953
2012-11-23,-0.2066
2012-11-26,-0.6625
2012-11-27,-0.1667
2012-11-28,-1.0021
2012-11-29,2.2775
2012-11-30,1.9794
2012-12-03,-0.2426
2012-12-04,-2.7157999999999998
2012-12-05,-0.8333
2012-12-06,0.3782
2012-12-07,0.586
2012-12-10,0.0
2012-12-11,1.082
2012-12-12,-1.3174000000000001
2012-12-13,-0.7092
2012-12-14,-2.8571
2012-12-17,1.2111
2012-12-18,1.4957
2012-12-19,2.3158
2012-12-20,-2.7984
2012-12-21,-3.4293
2012-12-24,-0.0877
2012-12-26,-1.7113
2012-12-27,0.3571
2012-12-28,-2.4021
2012-12-31,2.6892
2013-01-02,5.8589
2013-01-03,-2.8092
2013-01-04,0.1294
2013-01-07,-0.517
2013-01-08,0.0433
2013-01-09,-0.1732
2013-01-10,-0.8239
2013-01-11,-1.6178
2013-01-14,-1.4222000000000001
2013-01-15,1.1722
2013-01-16,0.1783
2013-01-17,0.0445
2013-01-18,-0.0889
2013-01-22,0.8901
2013-01-23,0.4852
2013-01-24,2.7217000000000002
2013-01-25,2.5214
2013-01-28,0.2501
2013-01-29,0.79
2013-01-30,-0.5776
2013-01-31,0.4149
2013-02-01,0.4545
2013-02-04,-0.5348
2013-02-05,-2.4814
2013-02-06,-0.3393
2013-02-07,-6.2128
2013-02-08,-0.1361
2013-02-11,0.6815
2013-02-12,-0.1354
2013-02-13,0.6326
2013-02-14,-0.5837
2013-02-15,-0.271
2013-02-19,-0.0453
2013-02-20,-1.903
2013-02-21,-4.9885
2013-02-22,0.0486
2013-02-25,0.4859
2013-02-26,-0.677
2013-02-27,-0.1947
2013-02-28,0.0
2013-03-01,0.5366
2013-03-04,-1.31
2013-03-05,0.7866
2013-03-06,0.6341
2013-03-07,5.332
2013-03-08,4.3718
2013-03-11,-0.3968
2013-03-12,-3.807
2013-03-13,1.0584
2013-03-14,3.3242
2013-03-15,-0.7933
2013-03-18,-0.8885
2013-03-19,-1.1206
2013-03-20,-0.8613
2013-03-21,0.0914
2013-03-22,-2.1471
2013-03-25,1.6806999999999999
2013-03-26,2.8926
2013-03-27,-1.7849
2013-03-28,0.9087
2013-04-01,-0.8555
2013-04-02,-2.4523
2013-04-03,-0.8845
2013-04-04,1.0803
2013-04-05,-0.0929
2013-04-08,-0.7907
2013-04-09,-0.9845
2013-04-10,-0.8996
2013-04-11,0.3344
2013-04-12,-1.0476
2013-04-15,-3.2243
2013-04-16,-0.4973
2013-04-17,-2.5487
2013-04-18,-3.8462
2013-04-19,-0.9067
2013-04-22,-0.8073
2013-04-23,4.5035
2013-04-24,3.5305999999999997
2013-04-25,0.0502
2013-04-26,-1.3033000000000001
2013-04-29,-0.2031
2013-04-30,-0.2545
2013-05-01,-3.6224
2013-05-02,0.4235
2013-05-03,0.4217
2013-05-06,1.2073
2013-05-07,-0.7261
2013-05-08,-0.4702
2013-05-09,-0.5249
2013-05-10,2.3747
2013-05-13,-1.9588
2013-05-14,2.4185
2013-05-15,0.0513
2013-05-16,-1.334
2013-05-17,0.884
2013-05-20,0.567
2013-05-21,2.1015
2013-05-22,-1.1546
2013-05-23,0.0
2013-05-24,-0.1016
2013-05-28,1.4743
2013-05-29,-0.8016
2013-05-30,1.0101
2013-05-31,-1.15
2013-06-03,3.6925
2013-06-04,1.2683
2013-06-05,-5.0578
2013-06-06,-0.0507
2013-06-07,5.4822
2013-06-10,1.7806
2013-06-11,-2.6005000000000003
2013-06-12,-1.1165
2013-06-13,1.9637
2013-06-14,-0.9148
2013-06-17,0.5831
2013-06-18,0.0483
2013-06-19,2.0763
2013-06-20,-3.6897
2013-06-21,-0.9823
2013-06-24,-0.3472
2013-06-25,0.2987
2013-06-26,-0.7444
2013-06-27,3.25
2013-06-28,-1.2107
2013-07-01,1.7647
2013-07-02,-1.1561
2013-07-03,0.5848
2013-07-05,3.876
2013-07-08,0.8396
2013-07-09,-0.9251
2013-07-10,0.9337
2013-07-11,0.6013
2013-07-12,-1.931
2013-07-15,3.7506
2013-07-16,-2.6209
2013-07-17,-0.0928
2013-07-18,1.0218
2013-07-19,0.0
2013-07-22,1.7471
2013-07-23,-4.1121
2013-07-24,-1.0368
2013-07-25,0.0
2013-07-26,-1.0952
2013-07-29,-1.8777
2013-07-30,-1.8646
2013-07-31,0.05
2013-08-01,0.3998
2013-08-02,-0.448
2013-08-05,-0.4
2013-08-06,-0.6526
2013-08-07,-1.5664
2013-08-08,-1.6427
2013-08-09,1.8789
2013-08-12,0.9221
2013-08-13,1.2690000000000001
2013-08-14,-0.9023
2013-08-15,-1.6692
2013-08-16,0.0514
2013-08-19,0.1542
2013-08-20,2.1561
2013-08-21,0.2513
2013-08-22,2.4561
2013-08-23,2.2994
2013-08-26,1.4346999999999999
2013-08-27,-1.5087000000000002
2013-08-28,0.4308
2013-08-29,0.286
2013-08-30,-1.616
2013-09-03,0.9662
2013-09-04,3.2057
2013-09-05,-0.51
2013-09-06,1.6309
2013-09-09,0.5044
2013-09-10,1.0949
2013-09-11,0.1805
2013-09-12,-0.5856
2013-09-13,0.9062
2013-09-16,0.7185
2013-09-17,-2.6304
2013-09-18,3.3883
2013-09-19,0.7086
2013-09-20,-0.8795
2013-09-23,0.976
2013-09-24,1.1424
2013-09-25,-0.6516
2013-09-26,-0.3935
2013-09-27,1.1853
2013-09-30,0.2603
2013-10-01,-0.0865
2013-10-02,0.0866
2013-10-03,-0.1731
2013-10-04,3.3810000000000002
2013-10-07,-1.5514000000000001
2013-10-08,-1.3629
2013-10-09,0.3454
2013-10-10,2.969
2013-10-11,3.0506
2013-10-14,0.9327
2013-10-15,-0.9241
2013-10-16,0.2433
2013-10-17,-0.2023
2013-10-18,0.2837
2013-10-21,0.0808
2013-10-22,-0.3231
2013-10-23,-1.5396999999999998
2013-10-24,0.7819
2013-10-25,-1.5925
2013-10-28,-0.7054
2013-10-29,-0.3761
2013-10-30,0.1678
2013-10-31,-1.5493999999999999
2013-11-01,0.5955
2013-11-04,3.2135
2013-11-05,-1.4748
2013-11-06,-2.2037
2013-11-07,11.4371
2013-11-08,1.6406
2013-11-11,-2.4775
2013-11-12,1.3857
2013-11-13,0.5315
2013-11-14,0.5287
2013-11-15,0.2254
2013-11-18,1.2368999999999999
2013-11-19,-0.5183
2013-11-20,0.7815
2013-11-21,0.9601
2013-11-22,0.2926
2013-11-25,1.2764
2013-11-26,0.8282
2013-11-27,2.2143
2013-11-29,0.6289
2013-12-02,-1.1458
2013-12-03,0.7376
2013-12-04,-2.9289
2013-12-05,-0.1437
2013-12-06,-0.2158
2013-12-09,1.8385
2013-12-10,-0.9204
2013-12-11,-1.7864
2013-12-12,0.7639
2013-12-13,-2.2744
2013-12-16,1.4038
2013-12-17,0.1457
2013-12-18,0.291
2013-12-19,-0.6892
2013-12-20,2.8123
2013-12-23,-0.8171
2013-12-24,1.0029
2013-12-26,-0.8511
2013-12-27,-1.6452
2013-12-30,0.9818
2013-12-31,-1.5844
2014-01-02,-0.8416
2014-01-03,-0.2952
2014-01-06,0.5551
2014-01-07,0.4049
2014-01-08,-0.1833
2014-01-09,0.6978
2014-01-10,0.0
2014-01-13,0.0729
2014-01-14,2.223
2014-01-15,1.8182
2014-01-16,-0.2451
2014-01-17,-1.1232
2014-01-21,0.2485
2014-01-22,-0.0354
2014-01-23,-0.1417
2014-01-24,-3.5119
2014-01-27,0.1838
2014-01-28,-0.4771
2014-01-29,-0.1106
2014-01-30,0.5168
2014-01-31,-0.5509
2014-02-03,-2.0679
2014-02-04,0.0754
2014-02-05,-1.0173
2014-02-06,0.6852
2014-02-07,-6.087
2014-02-10,-0.4026
2014-02-11,-0.0808
2014-02-12,-0.89
2014-02-13,0.7347
2014-02-14,0.2431
2014-02-18,0.768
2014-02-19,-1.4842
2014-02-20,1.0586
2014-02-21,-1.7728000000000002
2014-02-24,0.8614
2014-02-25,-0.61
2014-02-26,-0.7365
2014-02-27,0.742
2014-02-28,-0.6137
2014-03-03,-1.5232999999999999
2014-03-04,2.6756
2014-03-05,1.3436
2014-03-06,0.683
2014-03-07,0.0
2014-03-10,0.1995
2014-03-11,-0.5575
2014-03-12,0.3204
2014-03-13,-0.6786
2014-03-14,0.6029
2014-03-17,0.7591
2014-03-18,-0.0793
2014-03-19,-0.3175
2014-03-20,-1.4729
2014-03-21,0.4848
2014-03-24,-0.8846
2014-03-25,-2.5963000000000003
2014-03-26,-2.2907
2014-03-27,-1.1509
2014-03-28,-1.2937
2014-03-31,1.2669000000000001
2014-04-01,1.4668
2014-04-02,1.318
2014-04-03,0.8812
2014-04-04,-1.0399
2014-04-07,-0.0841
2014-04-08,1.5987
2014-04-09,0.7453
2014-04-10,-1.3564
2014-04-11,-0.9583
2014-04-14,1.178
2014-04-15,0.0832
2014-04-16,1.8279999999999998
2014-04-17,-0.3264
2014-04-21,-0.4093
2014-04-22,-0.4521
2014-04-23,-0.4955
2014-04-24,-0.0415
2014-04-25,-1.0378
2014-04-28,-0.2517
2014-04-29,-0.5467
2014-04-30,0.7188
2014-05-01,-0.8816
2014-05-02,1.7366000000000001
2014-05-05,-1.6653
2014-05-06,-1.0584
2014-05-07,0.2995
2014-05-08,0.9812
2014-05-09,1.0562
2014-05-12,2.9264
2014-05-13,-1.0967
2014-05-14,-3.2854
2014-05-15,-0.6369
2014-05-16,-0.4274
2014-05-19,-1.7167
2014-05-20,-1.048
2014-05-21,0.7502
2014-05-22,1.0951
2014-05-23,1.4731
2014-05-27,1.2810000000000001
2014-05-28,-1.7285
2014-05-29,1.7589000000000001
2014-05-30,-0.7167
2014-06-02,0.0
2014-06-03,0.2548
2014-06-04,3.0072
2014-06-05,1.7681
2014-06-06,2.1818
2014-06-09,0.2372
2014-06-10,1.0256
2014-06-11,0.2343
2014-06-12,0.5454
2014-06-13,1.7823
2014-06-16,-0.2665
2014-06-17,0.4198
2014-06-18,1.0262
2014-06-19,0.7901
2014-06-20,0.4106
2014-06-23,-0.2602
2014-06-24,-1.9754
2014-06-25,-0.4563
2014-06-26,-0.0382
2014-06-27,-1.6049
2014-06-30,2.2136
2014-07-01,-1.1018
2014-07-02,0.4226
2014-07-03,1.5302
2014-07-07,-3.052
2014-07-08,0.2332
2014-07-09,-0.5816
2014-07-10,-2.4571
2014-07-11,-1.6393
2014-07-14,-0.4472
2014-07-15,0.3675
2014-07-16,0.0407
2014-07-17,-0.3253
2014-07-18,0.7344
2014-07-21,-0.4455
2014-07-22,0.4475
2014-07-23,0.567
2014-07-24,0.6444
2014-07-25,-1.6407
2014-07-28,-0.3255
2014-07-29,-0.2857
2014-07-30,0.3275
2014-07-31,-0.5304
2014-08-01,-0.1641
2014-08-04,1.2325
2014-08-05,-0.5276
2014-08-06,0.2856
2014-08-07,6.9976
2014-08-08,1.9392
2014-08-11,0.1119
2014-08-12,-0.2981
2014-08-13,-0.8595
2014-08-14,1.2816
2014-08-15,0.2605
2014-08-18,2.5241
2014-08-19,0.6155
2014-08-20,0.1439
2014-08-21,-0.6827
2014-08-22,-0.398
2014-08-25,0.6175
2014-08-26,1.0469
2014-08-27,-1.2862
2014-08-28,-2.1716
2014-08-29,0.444
2014-09-02,0.6262
2014-09-03,-2.0132
2014-09-04,-0.2241
2014-09-05,-0.0749
2014-09-08,-0.9741
2014-09-09,-2.0431
2014-09-10,-0.0772
2014-09-11,0.2319
2014-09-12,-1.6968999999999999
2014-09-15,-0.4315
2014-09-16,-0.3152
2014-09-17,-1.0672
2014-09-18,1.1586
2014-09-19,-1.6983000000000001
2014-09-22,-1.8481
2014-09-23,2.2923
2014-09-24,0.08
2014-09-25,-1.1995
2014-09-26,1.3355000000000001
2014-09-29,0.1198
2014-09-30,-2.5927
2014-10-01,-1.4333
2014-10-02,0.8725
2014-10-03,-1.9357
2014-10-06,-0.042
2014-10-07,-2.7731
2014-10-08,2.4201
2014-10-09,-4.1772
2014-10-10,-1.7173
2014-10-13,-0.448
2014-10-14,1.4851
2014-10-15,-0.133
2014-10-16,-0.1332
2014-10-17,-0.5336
2014-10-20,0.3576
2014-10-21,2.3163
2014-10-22,-2.6121
2014-10-23,2.3692
2014-10-24,-0.6114
2014-10-27,-2.768
2014-10-28,5.4225
2014-10-29,0.6429
2014-10-30,1.2777
2014-10-31,2.4811
2014-11-03,-3.6109999999999998
2014-11-04,7.9608
2014-11-05,2.5631
2014-11-06,-1.461
2014-11-07,-0.5462
2014-11-10,0.0
2014-11-11,0.0785
2014-11-12,-0.1176
2014-11-13,-1.1381000000000001
2014-11-14,0.794
2014-11-17,-1.8117
2014-11-18,1.8853
2014-11-19,-1.8504
2014-11-20,2.126
2014-11-21,-0.707
2014-11-24,0.6725
2014-11-25,-0.6287
2014-11-26,0.435
2014-11-28,-4.7638
2014-12-01,-2.191
2014-12-02,2.5782
2014-12-03,2.1014
2014-12-04,-0.565
2014-12-05,-1.3393
2014-12-08,-4.2781
2014-12-09,2.2776
2014-12-10,-4.0756
2014-12-11,-1.6207
2014-12-12,-2.1817
2014-12-15,-1.32
2014-12-16,-0.4151
2014-12-17,2.1769
2014-12-18,1.9946000000000002
2014-12-19,-1.5556
2014-12-22,1.3544
2014-12-23,4.9443
2014-12-24,0.5093
2014-12-26,0.8446
2014-12-29,2.0101
2014-12-30,0.3695
2014-12-31,-1.0634
2015-01-02,-0.9095
2015-01-05,-4.4639
2015-01-06,-2.2707
2015-01-07,-1.8767
2015-01-08,0.6831
2015-01-09,-0.5427
2015-01-12,-2.9558999999999997
2015-01-13,1.3121
2015-01-14,0.4625
2015-01-15,0.3683
2015-01-16,1.5596
2015-01-20,-3.1617
2015-01-21,0.9328
2015-01-22,0.4159
2015-01-23,-1.4726
2015-01-26,0.2335
2015-01-27,-0.7456
2015-01-28,-3.615
2015-01-29,2.1919
2015-01-30,-2.5262000000000002
2015-02-02,2.9829
2015-02-03,7.4074
2015-02-04,0.1768
2015-02-05,1.1915
2015-02-06,0.4797
2015-02-09,0.217
2015-02-10,-0.6496
2015-02-11,-0.1744
2015-02-12,1.048
2015-02-13,2.7226
2015-02-17,-2.3138
2015-02-18,2.1964
2015-02-19,1.6013
2015-02-20,0.871
2015-02-23,-1.3980000000000001
2015-02-24,0.9591
2015-02-25,0.2478
2015-02-26,0.7005
2015-02-27,0.3273
2015-03-02,0.938
2015-03-03,-0.9697
2015-03-04,-1.224
2015-03-05,-1.2392
2015-03-06,-1.9657
2015-03-09,-0.5973
2015-03-10,-1.2876
2015-03-11,3.3478
2015-03-12,0.8835
2015-03-13,-1.96
2015-03-16,-0.7231
2015-03-17,-0.1285
2015-03-18,0.2145
2015-03-19,-1.6267
2015-03-20,3.3943
2015-03-23,0.2525
2015-03-24,1.2175
2015-03-25,-1.1613
2015-03-26,-0.4616
2015-03-27,-0.2108
2015-03-30,2.3236
2015-03-31,-0.6193
2015-04-01,0.1662
2015-04-02,-1.6176
2015-04-06,1.2648
2015-04-07,-0.791
2015-04-08,2.2661
2015-04-09,0.0821
2015-04-10,-0.41
2015-04-13,1.1527
2015-04-14,-0.814
2015-04-15,0.2462
2015-04-16,1.1461000000000001
2015-04-17,-3.6018
2015-04-20,0.6297
2015-04-21,0.2503
2015-04-22,1.0404
2015-04-23,-0.7414
2015-04-24,-0.5809
2015-04-27,0.1669
2015-04-28,0.4583
2015-04-29,-0.4977
2015-04-30,-3.0013
2015-05-01,-2.2776
2015-05-04,-0.8355
2015-05-05,-1.8182
2015-05-06,-0.3613
2015-05-07,0.0907
2015-05-08,0.9058
2015-05-11,0.4488
2015-05-12,1.4298
2015-05-13,1.4097
2015-05-14,1.7376
2015-05-15,-0.2135
2015-05-18,0.0428
2015-05-19,-1.3259
2015-05-20,0.5635
2015-05-21,0.3879
2015-05-22,-1.7175
2015-05-26,-0.0874
2015-05-27,-1.6616
2015-05-28,-0.2223
2015-05-29,1.2032
2015-06-01,1.0128
2015-06-02,1.7873
2015-06-03,3.6831
2015-06-04,-2.1066
2015-06-05,0.7595
2015-06-08,-1.5493999999999999
2015-06-09,-2.7648
2015-06-10,1.0061
2015-06-11,-0.0866
2015-06-12,1.3004
2015-06-15,-2.6102
2015-06-16,2.1529
2015-06-17,-0.8172
2015-06-18,2.732
2015-06-19,0.8442
2015-06-22,-1.7162
2015-06-23,0.4685
2015-06-24,0.2543
2015-06-25,0.3805
2015-06-26,2.3589
2015-06-29,-1.893
2015-06-30,0.9648
2015-07-01,1.9526
2015-07-02,-0.163
2015-07-06,0.2857
2015-07-07,-0.0814
2015-07-08,-0.2037
2015-07-09,2.6531000000000002
2015-07-10,-1.0338
2015-07-13,0.7232
2015-07-14,0.7579
2015-07-15,-0.4355
2015-07-16,-0.9543
2015-07-17,0.2007
2015-07-20,-0.601
2015-07-21,-0.9674
2015-07-22,-1.9536
2015-07-23,0.5812
2015-07-24,-2.0636
2015-07-27,-0.7585
2015-07-28,0.5945
2015-07-29,0.5488
2015-07-30,1.5953
2015-07-31,-0.2893
2015-08-03,-0.4559
2015-08-04,0.4996
2015-08-05,-2.6512000000000002
2015-08-06,-1.0213
2015-08-07,-1.0748
2015-08-10,1.3038
2015-08-11,-1.5015
2015-08-12,0.2178
2015-08-13,0.3911
2015-08-14,1.6017000000000001
2015-08-17,1.4487
2015-08-18,-0.714
2015-08-19,-1.6497000000000002
2015-08-20,0.3871
2015-08-21,-1.2425
2015-08-24,-0.3905
2015-08-25,-3.2666
2015-08-26,0.9455
2015-08-27,-0.0446
2015-08-28,0.4462
2015-08-31,1.6437
2015-09-01,-2.3164
2015-09-02,-2.0134
2015-09-03,0.0457
2015-09-04,-0.5021
2015-09-08,1.6055000000000001
2015-09-09,-1.5800999999999998
2015-09-10,0.0
2015-09-11,-0.6422
2015-09-14,0.6464
2015-09-15,0.8716
2015-09-16,0.6821
2015-09-17,-1.1292
2015-09-18,-0.868
2015-09-21,0.553
2015-09-22,-0.5958
2015-09-23,-0.1844
2015-09-24,-1.6166
2015-09-25,-1.784
2015-09-28,0.0956
2015-09-29,0.191
2015-09-30,-2.0496
2015-10-01,-3.163
2015-10-02,0.4523
2015-10-05,5.1026
2015-10-06,2.4274
2015-10-07,1.6263999999999998
2015-10-08,1.2803
2015-10-09,1.3093
2015-10-12,-1.6042999999999998
2015-10-13,-2.2645
2015-10-14,-0.8341
2015-10-15,2.1495
2015-10-16,1.1894
2015-10-19,-1.5823
2015-10-20,0.3215
2015-10-21,-1.1905000000000001
2015-10-22,2.0853
2015-10-23,1.4072
2015-10-26,-0.7162
2015-10-27,-3.1109
2015-10-28,2.7455
2015-10-29,0.317
2015-10-30,-9.2099
2015-11-02,0.0497
2015-11-03,0.1491
2015-11-04,-6.1042
2015-11-05,-1.6913
2015-11-06,-2.5269
2015-11-09,-0.6619
2015-11-10,0.3887
2015-11-11,-0.2765
2015-11-12,-0.7765
2015-11-13,-0.1118
2015-11-16,1.5109
2015-11-17,-2.7012
2015-11-18,1.813
2015-11-19,0.8347
2015-11-20,0.1104
2015-11-23,-0.4961
2015-11-24,0.4986
2015-11-25,0.7166
2015-11-27,0.9305
2015-11-30,-1.2473
2015-12-01,-0.1098
2015-12-02,-0.055
2015-12-03,-0.22
2015-12-04,0.5513
2015-12-07,-3.8377
2015-12-08,-3.4778000000000002
2015-12-09,-1.8311
2015-12-10,0.9627
2015-12-11,-1.3707
2015-12-14,0.2417
2015-12-15,0.8439
2015-12-16,0.1793
2015-12-17,-1.3723
2015-12-18,0.0605
2015-12-21,-0.7255
2015-12-22,2.3143000000000002
2015-12-23,0.7143
2015-12-24,0.2364
2015-12-28,-0.5307
2015-12-29,2.3118
2015-12-30,-1.5643
2015-12-31,-0.412
2016-01-04,-1.6548
2016-01-05,-0.5409
2016-01-06,0.4834
2016-01-07,-1.2026
2016-01-08,-0.1826
2016-01-11,-0.3049
2016-01-12,-1.3456000000000001
2016-01-13,-3.9058
2016-01-14,1.2258
2016-01-15,-2.8681
2016-01-19,7.3491
2016-01-20,-1.8949
2016-01-21,0.2492
2016-01-22,0.6837
2016-01-25,-4.4444
2016-01-26,3.7468
2016-01-27,-1.4944
2016-01-28,2.9077
2016-01-29,3.317
2016-02-01,-2.5564999999999998
2016-02-02,-1.0372
2016-02-03,-6.0419
2016-02-04,4.0026
2016-02-05,0.1893
2016-02-08,2.6448
2016-02-09,0.0613
2016-02-10,-1.1649
2016-02-11,0.5583
2016-02-12,1.7273
2016-02-16,0.9096
2016-02-17,2.1635
2016-02-18,-0.4706
2016-02-19,-0.591
2016-02-22,1.0107
2016-02-23,-1.4715
2016-02-24,-0.7168
2016-02-25,0.4813
2016-02-26,0.5988
2016-02-29,0.8929
2016-03-01,-0.118
2016-03-02,0.4135
2016-03-03,1.7647
2016-03-04,-0.0578
2016-03-07,2.9497
2016-03-08,-4.2697
2016-03-09,0.8803
2016-03-10,2.3851
2016-03-11,0.625
2016-03-14,0.3388
2016-03-15,-1.238
2016-03-16,0.114
2016-03-17,4.3256
2016-03-18,-0.8183
2016-03-21,0.8251
2016-03-22,-2.7278000000000002
2016-03-23,-2.5799
2016-03-24,0.6908
2016-03-28,0.2859
2016-03-29,1.9954
2016-03-30,0.0
2016-03-31,-1.8446
2016-04-01,0.3417
2016-04-04,-1.9296
2016-04-05,-1.6204
2016-04-06,0.7647
2016-04-07,-0.467
2016-04-08,1.9355
2016-04-11,2.1289
2016-04-12,0.9577
2016-04-13,1.2835
2016-04-14,1.1019
2016-04-15,2.1798
2016-04-18,-0.32
2016-04-19,0.8561
2016-04-20,0.9019
2016-04-21,0.1577
2016-04-22,1.0499
2016-04-25,-2.7013
2016-04-26,2.9365
2016-04-27,-0.6224
2016-04-28,-1.6179999999999999
2016-04-29,-0.5836
2016-05-02,1.1206
2016-05-03,-0.3694
2016-05-04,0.5297
2016-05-05,-1.9494
2016-05-06,0.5911
2016-05-09,-0.8547
2016-05-10,1.4546999999999999
2016-05-11,0.1593
2016-05-12,-0.1591
2016-05-13,-1.1683
2016-05-16,0.9135
2016-05-17,-2.6092
2016-05-18,0.0547
2016-05-19,0.0
2016-05-20,1.3660999999999999
2016-05-23,-0.7008
2016-05-24,0.9772
2016-05-25,12.8495
2016-05-26,-1.9057
2016-05-27,-1.0685
2016-05-31,-1.3255
2016-06-01,1.8408
2016-06-02,-0.1954
2016-06-03,-0.1958
2016-06-06,1.9127
2016-06-07,-0.1444
2016-06-08,0.9157
2016-06-09,-0.9551
2016-06-10,-1.2536
2016-06-13,-0.9277
2016-06-14,1.6757
2016-06-15,-1.0179
2016-06-16,-0.3428
2016-06-17,1.7199
2016-06-20,-1.0145
2016-06-21,1.0737
2016-06-22,-1.1589
2016-06-23,1.3679000000000001
2016-06-24,-6.3614
2016-06-27,-2.8307
2016-06-28,-0.9534
2016-06-29,0.3743
2016-06-30,2.3442
2016-07-01,2.0822
2016-07-05,-1.7338
2016-07-06,2.439
2016-07-07,-0.3546
2016-07-08,4.3213
2016-07-11,1.0721
2016-07-12,0.9643
2016-07-13,-0.6686
2016-07-14,0.1923
2016-07-15,0.3359
2016-07-18,-0.1913
2016-07-19,-1.1979
2016-07-20,-0.2425
2016-07-21,-1.3126
2016-07-22,0.5911
2016-07-25,-0.9794
2016-07-26,1.4837
2016-07-27,0.2924
2016-07-28,-1.3605
2016-07-29,-0.5911
2016-08-01,-0.1982
2016-08-02,-2.6812
2016-08-03,-5.2041
2016-08-04,-0.1615
2016-08-05,3.3423
2016-08-08,0.7303
2016-08-09,-1.1911
2016-08-10,-1.9916
2016-08-11,4.2246
2016-08-12,0.8209
2016-08-15,1.7303
2016-08-16,-0.05
2016-08-17,-2.8028
2016-08-18,1.0814
2016-08-19,1.0698
2016-08-22,-0.504
2016-08-23,0.3546
2016-08-24,-0.6058
2016-08-25,0.5587
2016-08-26,-1.3636
2016-08-29,-1.0753
2016-08-30,-0.6211
2016-08-31,-1.9271
2016-09-01,-1.487
2016-09-02,3.0189
2016-09-06,-1.6221999999999999
2016-09-07,0.0532
2016-09-08,-1.0633
2016-09-09,-5.6421
2016-09-12,0.7973
2016-09-13,-1.5253999999999999
2016-09-14,-1.6064
2016-09-15,3.207
2016-09-16,1.2429000000000001
2016-09-19,1.6183
2016-09-20,0.7688
2016-09-21,2.3433
2016-09-22,2.3429
2016-09-23,-2.2893
2016-09-26,-0.639
2016-09-27,0.911
2016-09-28,2.2836
2016-09-29,0.9865
2016-09-30,1.5424
2016-10-03,1.7722
2016-10-04,-1.2438
2016-10-05,2.6196
2016-10-06,-3.4364
2016-10-07,-2.0336
2016-10-10,2.4909
2016-10-11,-1.3165
2016-10-12,0.5644
2016-10-13,-0.7143
2016-10-14,0.7194
2016-10-17,0.2551
2016-10-18,0.458
2016-10-19,1.0132
2016-10-20,-2.9087
2016-10-21,-0.5682
2016-10-24,-1.2987
2016-10-25,-1.1053
2016-10-26,-0.5854
2016-10-27,-1.4454
2016-10-28,0.3259
2016-10-31,-0.758
2016-11-01,-1.3639000000000001
2016-11-02,-0.4425
2016-11-03,-0.0556
2016-11-04,-0.2223
2016-11-07,2.7855
2016-11-08,0.3794
2016-11-09,3.0778
2016-11-10,2.462
2016-11-11,5.8282
2016-11-14,0.628
2016-11-15,-0.144
2016-11-16,-1.1058
2016-11-17,-1.4098
2016-11-18,-0.0493
2016-11-21,0.444
2016-11-22,0.7859
2016-11-23,0.0487
2016-11-25,0.9742
2016-11-28,-3.6179
2016-11-29,-4.5546
2016-11-30,0.8915
2016-12-01,3.1185
2016-12-02,-3.1754
2016-12-05,2.4466
2016-12-06,2.2866
2016-12-07,-0.149
2016-12-08,1.99
2016-12-09,-0.4878
2016-12-12,-0.5882
2016-12-13,-0.5424
2016-12-14,-2.826
2016-12-15,3.2653
2016-12-16,1.6303999999999998
2016-12-19,-1.0695000000000001
2016-12-20,-2.3096
2016-12-21,0.0
2016-12-22,-0.7545
2016-12-23,-0.8616
2016-12-27,0.1534
2016-12-28,-0.8167
2016-12-29,-0.1544
2016-12-30,-1.5979
2017-01-03,2.8811
2017-01-04,0.9165
2017-01-05,-2.2704
2017-01-06,-1.7037
2017-01-09,-1.8908
2017-01-10,0.5353
2017-01-11,0.852
2017-01-12,-1.4784
2017-01-13,1.6613
2017-01-17,-0.5799
2017-01-18,0.2651
2017-01-19,0.2644
2017-01-20,1.635
2017-01-23,1.6606
2017-01-24,1.3783
2017-01-25,3.8268
2017-01-26,-0.097
2017-01-27,1.5049000000000001
2017-01-30,-1.2434
2017-01-31,0.5327
2017-02-01,-1.7341
2017-02-02,-1.9118
2017-02-03,2.1989
2017-02-06,-0.489
2017-02-07,0.344
2017-02-08,-3.5749
2017-02-09,3.1488
2017-02-10,0.9847
2017-02-13,0.9264
2017-02-14,-0.7246
2017-02-15,0.0
2017-02-16,-0.9732
2017-02-17,-0.3931
2017-02-21,0.7893
2017-02-22,-1.2237
2017-02-23,-0.2478
2017-02-24,0.4471
2017-02-27,0.3956
2017-02-28,-0.6897
2017-03-01,3.125
2017-03-02,-1.2506
2017-03-03,0.1461
2017-03-06,-1.07
2017-03-07,-0.6391
2017-03-08,-1.6823000000000001
2017-03-09,-1.7614
2017-03-10,1.1783
2017-03-13,1.4684
2017-03-14,-0.1996
2017-03-15,2.1
2017-03-16,-0.4407
2017-03-17,1.0821
2017-03-20,-0.6813
2017-03-21,-2.4988
2017-03-22,-3.8191
2017-03-23,1.4107
2017-03-24,-0.3091
2017-03-27,6.4599
2017-03-28,1.0194
2017-03-29,-0.3364
2017-03-30,0.0964
2017-03-31,0.3854
2017-04-03,-0.6718
2017-04-04,-1.6425
2017-04-05,-1.7191
2017-04-06,1.3493
2017-04-07,-1.3314
2017-04-10,-0.1999
2017-04-11,2.8042
2017-04-12,-3.5558
2017-04-13,-0.9596
2017-04-17,1.6318000000000001
2017-04-18,-1.0537
2017-04-19,-0.3043
2017-04-20,1.5259
2017-04-21,-0.3006
2017-04-24,2.8141
2017-04-25,1.2708
2017-04-26,1.2548
2017-04-27,-0.7626
2017-04-28,-1.537
2017-05-01,0.0976
2017-05-02,0.9747
2017-05-03,-1.11
2017-05-04,-0.5368
2017-05-05,0.9323
2017-05-08,0.1458
2017-05-09,-0.534
2017-05-10,0.1952
2017-05-11,0.5358
2017-05-12,-1.7926
2017-05-15,0.8387
2017-05-16,-0.0978
2017-05-17,-0.8815
2017-05-18,1.087
2017-05-19,-0.0978
2017-05-22,1.0274
2017-05-23,-0.1453
2017-05-24,-9.0204
2017-05-25,-4.5842
2017-05-26,-0.3352
2017-05-30,2.13
2017-05-31,1.6465
2017-06-01,3.6717
2017-06-02,0.9375
2017-06-05,-1.9607999999999999
2017-06-06,-0.7368
2017-06-07,-1.8558
2017-06-08,1.6207
2017-06-09,2.8177
2017-06-12,-1.0858
2017-06-13,-1.4114
2017-06-14,-1.3786
2017-06-15,-0.1613
2017-06-16,1.2386
2017-06-19,-1.383
2017-06-20,0.6472
2017-06-21,-3.0011
2017-06-22,1.6021999999999998
2017-06-23,0.7613
2017-06-26,0.3778
2017-06-27,0.7527
2017-06-28,2.2946
2017-06-29,-1.8779
2017-06-30,1.9139
2017-07-03,1.3563
2017-07-05,-3.1395
2017-07-06,-0.4251
2017-07-07,-0.1601
2017-07-10,0.0
2017-07-11,-0.481
2017-07-12,0.9667
2017-07-13,-2.0745
2017-07-14,-0.0543
2017-07-17,0.0543
2017-07-18,1.195
2017-07-19,-0.2147
2017-07-20,-0.4841
2017-07-21,-0.3243
2017-07-24,-0.5423
2017-07-25,0.8179
2017-07-26,-1.1898
2017-07-27,-0.9852
2017-07-28,0.2764
2017-07-31,-1.4884
2017-08-01,0.7834
2017-08-02,-4.0533
2017-08-03,0.8102
2017-08-04,0.8611
2017-08-07,-0.8537
2017-08-08,-0.0574
2017-08-09,0.2872
2017-08-10,-0.63
2017-08-11,-2.2478
2017-08-14,0.8255
2017-08-15,0.0585
2017-08-16,-2.2209
2017-08-17,-1.2551999999999999
2017-08-18,-2.5423999999999998
2017-08-21,0.9317
2017-08-22,-0.6769
2017-08-23,-0.9294
2017-08-24,1.0006
2017-08-25,1.7337
2017-08-28,-1.5215999999999998
2017-08-29,0.4944
2017-08-30,0.7995
2017-08-31,0.7932
2017-09-01,1.2107
2017-09-05,0.0598
2017-09-06,0.6575
2017-09-07,0.2375
2017-09-08,0.2962
2017-09-11,-0.7679
2017-09-12,1.6667
2017-09-13,0.644
2017-09-14,0.7563
2017-09-15,1.5011999999999999
2017-09-18,1.1945000000000001
2017-09-19,-0.9556
2017-09-20,0.3405
2017-09-21,-0.0566
2017-09-22,-0.4527
2017-09-25,-0.1137
2017-09-26,-0.3415
2017-09-27,2.4557
2017-09-28,0.6132
2017-09-29,-0.3324
2017-10-02,0.8894
2017-10-03,1.3774
2017-10-04,12.5
2017-10-05,0.2899
2017-10-06,0.3372
2017-10-09,0.4801
2017-10-10,-0.6211
2017-10-11,-0.8173
2017-10-12,0.2424
2017-10-13,-0.5319
2017-10-16,1.7015
2017-10-17,-0.7648
2017-10-18,0.4335
2017-10-19,0.2398
2017-10-20,0.4785
2017-10-23,1.9048
2017-10-24,2.4766
2017-10-25,-3.0096
2017-10-26,2.2567
2017-10-27,-0.1839
2017-10-30,-1.8885
2017-10-31,0.9859
2017-11-01,-1.1158
2017-11-02,0.6112
2017-11-03,-0.2804
2017-11-06,-0.6092
2017-11-07,-1.0372
2017-11-08,-0.3811
2017-11-09,0.2391
2017-11-10,-0.3817
2017-11-13,-0.5747
2017-11-14,0.8189
2017-11-15,-1.4811
2017-11-16,0.679
2017-11-17,1.1561
2017-11-20,0.9048
2017-11-21,1.6045
2017-11-22,0.1393
2017-11-24,-1.1596
2017-11-27,3.4256
2017-11-28,3.176
2017-11-29,4.0457
2017-11-30,-1.6905999999999999
2017-12-01,0.8598
2017-12-04,0.3836
2017-12-05,-1.8258999999999999
2017-12-06,0.3893
2017-12-07,-0.2154
2017-12-08,-1.0794
2017-12-11,-0.3055
2017-12-12,0.394
2017-12-13,1.1775
2017-12-14,-2.069
2017-12-15,2.5088
2017-12-18,0.2576
2017-12-19,0.5996
2017-12-20,0.6386
2017-12-21,-0.4653
2017-12-22,0.765
2017-12-26,-0.2952
2017-12-27,0.9306
2017-12-28,0.0838
2017-12-29,-0.8794
2018-01-02,1.1829
2018-01-03,-0.1253
2018-01-04,0.5017
2018-01-05,0.7072
2018-01-08,1.0739
2018-01-09,-0.613
2018-01-10,-0.7401
2018-01-11,2.1955
2018-01-12,-0.6891
2018-01-16,-1.3469
2018-01-17,0.0827
2018-01-18,-0.2894
2018-01-19,1.3682
2018-01-22,-1.4724
2018-01-23,0.4981
2018-01-24,-1.1979
2018-01-25,0.0836
2018-01-26,0.0418
2018-01-29,-2.1294
2018-01-30,-0.384
2018-01-31,-0.7281
2018-02-01,0.604
2018-02-02,-2.2298
2018-02-05,-3.0702
2018-02-06,-0.724
2018-02-07,-1.5041
2018-02-08,3.4243
2018-02-09,-0.4027
2018-02-12,-0.6289
2018-02-13,0.6329
2018-02-14,1.0332
2018-02-15,-1.6896
2018-02-16,-0.6784
2018-02-20,-1.0018
2018-02-21,0.598
2018-02-22,0.4572
2018-02-23,0.5007
2018-02-26,1.4493
2018-02-27,-1.5179
2018-02-28,-1.0879
2018-03-01,-1.604
2018-03-02,2.4686
2018-03-05,0.9545
2018-03-06,1.5308000000000002
2018-03-07,0.9756
2018-03-08,0.527
2018-03-09,3.1892
2018-03-12,-0.127
2018-03-13,-0.5935
2018-03-14,-0.8529
2018-03-15,0.0
2018-03-16,2.0645
2018-03-19,-0.4214
2018-03-20,-0.3809
2018-03-21,-0.2974
2018-03-22,-2.0878
2018-03-23,-3.96
2018-03-26,1.4499
2018-03-27,-1.1166
2018-03-28,0.4968
2018-03-29,0.7191
2018-04-02,-1.9634
2018-04-03,1.2745
2018-04-04,1.0787
2018-04-05,1.4673
2018-04-06,-1.8843
2018-04-09,1.0719
2018-04-10,2.1653000000000002
2018-04-11,1.0381
2018-04-12,2.2688
2018-04-13,1.3813
2018-04-16,0.0826
2018-04-17,0.495
2018-04-18,0.9852
2018-04-19,-0.3659
2018-04-20,-1.0608
2018-04-23,-1.0722
2018-04-24,-0.9587
2018-04-25,-1.2626
2018-04-26,0.4689
2018-04-27,-1.188
2018-04-30,-2.1468
2018-05-01,0.0439
2018-05-02,0.0
2018-05-03,-2.2807
2018-05-04,1.3465
2018-05-07,1.1072
2018-05-08,1.9710999999999999
2018-05-09,0.9021
2018-05-10,1.192
2018-05-11,0.1262
2018-05-14,-1.0084
2018-05-15,-1.3582
2018-05-16,1.3338999999999999
2018-05-17,2.6327
2018-05-18,-0.1241
2018-05-21,1.2013
2018-05-22,0.0409
2018-05-23,-0.6547
2018-05-24,-2.8007
2018-05-25,-6.1017
2018-05-29,4.3321
2018-05-30,2.3356
2018-05-31,-2.5359
2018-06-01,0.7372
2018-06-04,-0.8179
2018-06-05,0.3906
2018-06-06,1.1241
2018-06-07,1.1543
2018-06-08,-1.3948
2018-06-11,-0.5144
2018-06-12,1.1202
2018-06-13,1.0226
2018-06-14,1.7713999999999999
2018-06-15,1.0775
2018-06-18,-0.451
2018-06-19,-1.4827
2018-06-20,-1.2124
2018-06-21,-1.1426
2018-06-22,0.8134
2018-06-25,-2.5478
2018-06-26,1.5251000000000001
2018-06-27,-1.073
2018-06-28,-1.3883
2018-06-29,0.6159
2018-07-02,0.0
2018-07-03,0.9182
2018-07-05,1.9497
2018-07-06,0.0
2018-07-09,1.4025
2018-07-10,-0.5868
2018-07-11,-2.1501
2018-07-12,0.0431
2018-07-13,1.1197
2018-07-16,-0.9796
2018-07-17,-0.129
2018-07-18,0.1723
2018-07-19,2.7515
2018-07-20,0.2929
2018-07-23,-0.4589
2018-07-24,0.7125
2018-07-25,-1.1236
2018-07-26,1.0522
2018-07-27,-0.9579
2018-07-30,1.5558999999999998
2018-07-31,3.8095
2018-08-01,4.5473
2018-08-02,-1.1064
2018-08-03,-2.5849
2018-08-06,-0.8713
2018-08-07,1.678
2018-08-08,1.2967
2018-08-09,0.5818
2018-08-10,0.5013
2018-08-13,-0.9593
2018-08-14,1.5110000000000001
2018-08-15,-2.4427
2018-08-16,1.1737
2018-08-17,-1.4695
2018-08-20,0.4317
2018-08-21,1.2896
2018-08-22,-0.1929
2018-08-23,-0.4639
2018-08-24,1.5922
2018-08-27,-0.4969
2018-08-28,-0.4226
2018-08-29,5.7099
2018-08-30,-1.3139
2018-08-31,-0.8876
2018-09-04,-1.6418
2018-09-05,0.0759
2018-09-06,-2.1986
2018-09-07,0.1163
2018-09-10,-0.3484
2018-09-11,-0.1166
2018-09-12,0.739
2018-09-13,-0.3089
2018-09-14,0.9682
2018-09-17,0.3836
2018-09-18,1.7195
2018-09-19,-1.0518
2018-09-20,-0.4935
2018-09-21,-0.1908
2018-09-24,-0.4969
2018-09-25,0.4226
2018-09-26,-0.8416
2018-09-27,-0.6559
2018-09-28,0.1165
2018-10-01,-1.3576
2018-10-02,-1.0617
2018-10-03,0.0
2018-10-04,-1.9872999999999998
2018-10-05,-0.8516
2018-10-08,0.409
2018-10-09,0.2851
2018-10-10,-1.2998
2018-10-11,-1.6461000000000001
2018-10-12,0.7531
2018-10-15,-1.0382
2018-10-16,3.3991
2018-10-17,0.2841
2018-10-18,-0.8499
2018-10-19,0.0
2018-10-22,1.2652999999999999
2018-10-23,-3.6679
2018-10-24,-5.272
2018-10-25,0.7951
2018-10-26,1.6652
2018-10-29,-1.7241
2018-10-30,2.5439
2018-10-31,-7.6989
2018-11-01,7.924
2018-11-02,-4.8948
2018-11-05,0.4063
2018-11-06,1.304
2018-11-07,3.1957
2018-11-08,-1.5053999999999998
2018-11-09,-2.4891
2018-11-12,-0.9404
2018-11-13,-0.1356
2018-11-14,-0.3622
2018-11-15,2.4989
2018-11-16,0.0443
2018-11-19,-1.3292
2018-11-20,-0.943
2018-11-21,0.7706
2018-11-23,-0.4049
2018-11-26,0.6775
2018-11-27,-1.3458999999999999
2018-11-28,2.683
2018-11-29,0.5314
2018-11-30,-0.4846
2018-12-03,0.4869
2018-12-04,-4.7577
2018-12-06,2.6364
2018-12-07,-0.0901
2018-12-10,-1.4885
2018-12-11,-0.2747
2018-12-12,1.8824999999999998
2018-12-13,-0.8562
2018-12-14,-2.0455
2018-12-17,-3.4803
2018-12-18,-2.1635
2018-12-19,-2.9484
2018-12-20,-2.2785
2018-12-21,-2.5389
2018-12-24,-1.5949
2018-12-26,4.43
2018-12-27,2.4832
2018-12-28,1.3125
2018-12-31,1.0463
2019-01-02,2.2682
2019-01-03,-0.7715
2019-01-04,5.9767
2019-01-07,2.1091
2019-01-08,0.4939
2019-01-09,-0.849
2019-01-10,0.676
2019-01-11,1.6115
2019-01-14,-1.3656
2019-01-15,-1.4739
2019-01-16,0.5893
2019-01-17,1.8927
2019-01-18,1.8576000000000001
2019-01-22,-0.304
2019-01-23,0.2613
2019-01-24,-0.0869
2019-01-25,1.1739
2019-01-28,-2.7503
2019-01-29,-0.6628
2019-01-30,1.7793999999999999
2019-01-31,0.7867
2019-02-01,-0.1735
2019-02-04,0.8688
2019-02-05,1.6364999999999998
2019-02-06,0.5932
2019-02-07,-2.7801
2019-02-08,1.9931
2019-02-11,1.062
2019-02-12,-0.2522
2019-02-13,1.1378
2019-02-14,1.25
2019-02-15,3.4568
2019-02-19,-0.8353
2019-02-20,0.4813
2019-02-21,0.3194
2019-02-22,0.1194
2019-02-25,-0.4769
2019-02-26,-0.7188
2019-02-27,0.2011
2019-02-28,-0.1204
2019-03-01,2.1302
2019-03-04,-0.669
2019-03-05,-1.5452
2019-03-06,-2.1328
2019-03-07,0.3289
2019-03-08,0.9016
2019-03-11,3.2088
2019-03-12,-0.2361
2019-03-13,0.3945
2019-03-14,-0.5108
2019-03-15,-0.5529
2019-03-18,0.9531
2019-03-19,-1.4162
2019-03-20,-0.3192
2019-03-21,0.0
2019-03-22,-4.5637
2019-03-25,1.4681
2019-03-26,1.1575
2019-03-27,-0.2861
2019-03-28,0.2869
2019-03-29,0.1635
2019-04-01,0.4488
2019-04-02,-0.2843
2019-04-03,1.3035
2019-04-04,-0.2815
2019-04-05,1.4516
2019-04-08,0.5167
2019-04-09,-0.435
2019-04-10,1.7077
2019-04-11,-0.4686
2019-04-12,-0.9415
2019-04-15,0.4356
2019-04-16,0.2366
2019-04-17,1.8489
2019-04-18,1.0429
2019-04-22,0.3058
2019-04-23,-0.9146
2019-04-24,0.5
2019-04-25,-1.4925
2019-04-26,0.3497
2019-04-29,0.0774
2019-04-30,-0.2321
2019-05-01,0.0
2019-05-02,1.1245
2019-05-03,2.5307
2019-05-06,-2.5804
2019-05-07,-1.6122999999999998
2019-05-08,-0.2731
2019-05-09,-0.939
2019-05-10,0.237
2019-05-13,-1.379
2019-05-14,-0.1199
2019-05-15,1.48
2019-05-16,1.3796
2019-05-17,-0.9331
2019-05-20,-1.3736
2019-05-21,0.5571
2019-05-22,-1.108
2019-05-23,-4.8019
2019-05-24,-0.8827
2019-05-28,-0.8482
2019-05-29,-1.1548
2019-05-30,-2.2068
2019-05-31,-2.7434
2019-06-03,1.3649
2019-06-04,4.1293
2019-06-05,-2.931
2019-06-06,-0.0888
2019-06-07,5.9556000000000004
2019-06-10,0.5453
2019-06-11,1.1264
2019-06-12,0.495
2019-06-13,-2.2167
2019-06-14,0.2939
2019-06-17,3.5998
2019-06-18,0.8889
2019-06-19,0.801
2019-06-20,1.6686999999999999
2019-06-21,2.4619
2019-06-24,-2.1358
2019-06-25,-1.0522
2019-06-26,0.1969
2019-06-27,0.2752
2019-06-28,0.5488
2019-07-01,1.4425
2019-07-02,-1.2298
2019-07-03,-0.0389
2019-07-05,1.051
2019-07-08,-0.2696
2019-07-09,-1.236
2019-07-10,-0.4302
2019-07-11,-1.5711
2019-07-12,1.8755
2019-07-15,-0.8617
2019-07-16,0.6322
2019-07-17,-1.5312000000000001
2019-07-18,0.9569
2019-07-19,1.3033000000000001
2019-07-22,0.4288
2019-07-23,1.4363000000000001
2019-07-24,2.1431
2019-07-25,-2.1731
2019-07-26,-0.8809
2019-07-29,-0.9274
2019-07-30,-0.624
2019-07-31,-0.5495
2019-08-01,-1.105
2019-08-02,-1.4365999999999999
2019-08-05,-3.6032
2019-08-06,-0.714
2019-08-07,0.2961
2019-08-08,-0.9279
2019-08-09,-6.1728
2019-08-12,-2.314
2019-08-13,4.5053
2019-08-14,-4.6222
2019-08-15,0.1398
2019-08-16,2.5128
2019-08-19,0.0
2019-08-20,-0.5447
2019-08-21,0.8215
2019-08-22,-1.177
2019-08-23,-5.1764
2019-08-26,0.5314
2019-08-27,-1.4897
2019-08-28,2.4878
2019-08-29,2.3322
2019-08-30,1.1628
2019-09-03,-2.7126
2019-09-04,2.0321
2019-09-05,1.7138
2019-09-06,0.0455
2019-09-09,3.0496
2019-09-10,2.7385
2019-09-11,3.2674
2019-09-12,-0.5828
2019-09-13,1.1307
2019-09-16,0.4969
2019-09-17,-1.4421
2019-09-18,-2.1321
2019-09-19,-0.6408
2019-09-20,-1.3328
2019-09-23,0.5229
2019-09-24,-1.6038000000000001
2019-09-25,2.2026
2019-09-26,-2.7155
2019-09-27,1.2849
2019-09-30,0.5249
2019-10-01,-3.4813
2019-10-02,-1.3075
2019-10-03,0.7766
2019-10-04,0.0907
2019-10-07,0.6341
2019-10-08,-1.7102
2019-10-09,0.4579
2019-10-10,0.2735
2019-10-11,1.0
2019-10-14,-0.405
2019-10-15,1.2652999999999999
2019-10-16,1.1602000000000001
2019-10-17,1.6320999999999999
2019-10-18,-0.0434
2019-10-21,0.6947
2019-10-22,1.8542
2019-10-23,1.1854
2019-10-24,-1.1297
2019-10-25,0.9733
2019-10-28,0.922
2019-10-29,0.0831
2019-10-30,-0.332
2019-10-31,-0.791
2019-11-01,3.7348
2019-11-04,1.4563
2019-11-05,8.5726
2019-11-06,-0.0367
2019-11-07,-0.6245
2019-11-08,-0.2957
2019-11-11,0.0371
2019-11-12,-0.6672
2019-11-13,-1.3433
2019-11-14,-1.6263
2019-11-15,0.8074
2019-11-18,-1.4874
2019-11-19,-0.1549
2019-11-20,0.1551
2019-11-21,1.4324
2019-11-22,-0.4962
2019-11-25,2.1864
2019-11-26,-0.2628
2019-11-27,0.5645
2019-11-29,-1.7964
2019-12-02,-2.1723
2019-12-03,-0.3506
2019-12-04,1.9156
2019-12-05,0.5754
2019-12-06,1.4874
2019-12-09,-1.0522
2019-12-10,0.1519
2019-12-11,0.7964
2019-12-12,0.9782
2019-12-13,-0.1863
2019-12-16,0.7839
2019-12-17,0.1481
2019-12-18,1.0725
2019-12-19,-0.1098
2019-12-20,-0.4762
2019-12-23,-0.3681
2019-12-24,-0.2586
2019-12-26,0.037
2019-12-27,-0.8886
2019-12-30,0.5603
2019-12-31,-0.4458
2020-01-02,0.5597
2020-01-03,-0.9647
2020-01-06,0.0749
2020-01-07,-0.8985
2020-01-08,0.0756
2020-01-09,0.151
2020-01-10,-1.6962000000000002
2020-01-13,1.3037
2020-01-14,-1.022
2020-01-15,0.0382
2020-01-16,2.37
2020-01-17,-0.8215
2020-01-21,-1.9578
2020-01-22,-0.4992
2020-01-23,0.1544
2020-01-24,-1.6185
2020-01-27,-2.1152
2020-01-28,-0.4402
2020-01-29,-1.3264
2020-01-30,0.611
2020-01-31,-4.0486
2020-02-03,1.0127
2020-02-04,0.3759
2020-02-05,2.4136
2020-02-06,-10.4429
2020-02-07,-4.7641
2020-02-10,0.2382
2020-02-11,1.3783
2020-02-12,2.2972
2020-02-13,-0.9166
2020-02-14,-0.9713
2020-02-18,-0.9809
2020-02-19,0.3302
2020-02-20,-0.6582
2020-02-21,0.3313
2020-02-24,-4.2453
2020-02-25,-2.9064
2020-02-26,-1.1669
2020-02-27,-3.1828
2020-02-28,-6.8399
2020-03-02,6.033
2020-03-03,-4.8309
2020-03-04,4.0045
2020-03-05,1.4642
2020-03-06,-2.4586
2020-03-09,-17.9726
2020-03-10,2.004
2020-03-11,-6.4833
2020-03-12,-8.3333
2020-03-13,22.4599
2020-03-16,-7.6107
2020-03-17,13.7745
2020-03-18,-9.0801
2020-03-19,-5.6136
2020-03-20,-4.9793
2020-03-23,-1.8923
2020-03-24,7.6409
2020-03-25,3.377
2020-03-26,0.9333
2020-03-27,-4.9538
2020-03-30,1.4593
2020-03-31,3.2192
2020-04-01,-6.7684
2020-04-02,2.3487999999999998
2020-04-03,-2.2949
2020-04-06,8.3274
2020-04-07,-1.7083
2020-04-08,4.0107
2020-04-09,-0.3856
2020-04-13,-0.2581
2020-04-14,1.4877
2020-04-15,-7.9031
2020-04-16,-0.7612
2020-04-17,5.0209
2020-04-20,-6.3745
2020-04-21,-6.5248
2020-04-22,-2.5797
2020-04-23,6.3863
2020-04-24,-0.8785
2020-04-27,2.2157
2020-04-28,4.841
2020-04-29,7.6499
2020-04-30,-2.1767
2020-05-01,-4.2539
2020-05-04,-1.7772000000000001
2020-05-05,1.3222
2020-05-06,-0.4121
2020-05-07,1.1724
2020-05-08,4.499
2020-05-11,-2.2179
2020-05-12,-5.2035
2020-05-13,-3.9409
2020-05-14,-4.0293
2020-05-15,3.4351
2020-05-18,11.8081
2020-05-19,-3.1683
2020-05-20,3.681
2020-05-21,1.3149
2020-05-22,1.1032
2020-05-26,3.5944000000000003
2020-05-27,9.4176
2020-05-28,-7.4745
2020-05-29,-1.8972
2020-06-01,-10.917
2020-06-02,-0.2801
2020-06-03,9.7612
2020-06-04,2.8151
2020-06-05,4.7915
2020-06-08,0.0
2020-06-09,-4.038
2020-06-10,-1.9802
2020-06-11,-12.7525
2020-06-12,3.0391
2020-06-15,1.3343
2020-06-16,2.4948
2020-06-17,-2.096
2020-06-18,-1.3122
2020-06-19,-1.1197
2020-06-22,2.4062
2020-06-23,0.2073
2020-06-24,-0.4828
2020-06-25,2.4255
2020-06-26,-2.3004
2020-06-29,0.3463
2020-06-30,0.5521
2020-07-01,-2.6767
2020-07-02,0.9873
2020-07-06,1.8855
2020-07-07,-5.072
2020-07-08,-1.1552
2020-07-09,-5.0402
2020-07-10,2.3846
2020-07-13,5.2592
2020-07-14,2.5696
2020-07-15,4.8713
2020-07-16,-2.7206
2020-07-17,-1.7734999999999999
2020-07-20,-3.5417
2020-07-21,4.0317
2020-07-22,-2.2145
2020-07-23,3.3970000000000002
2020-07-24,-1.9849
2020-07-27,0.4888
2020-07-28,-2.2933
2020-07-29,2.6316
2020-07-30,-2.0097
2020-07-31,-4.1726
