ticker,TT US Equity
field,DAY_TO_DAY_TOT_RETURN_GROSS_DVDS
date,
2000-01-03,-3.7457000000000003
2000-01-04,-2.0047
2000-01-05,-0.1203
2000-01-06,5.4217
2000-01-07,4.6857
2000-01-10,-2.0742
2000-01-11,-1.1148
2000-01-12,-1.5784
2000-01-13,-2.291
2000-01-14,0.0
2000-01-18,-0.5862
2000-01-19,-1.8868
2000-01-20,-5.1683
2000-01-21,-2.2814
2000-01-24,-2.0752
2000-01-25,-2.649
2000-01-26,7.2109
2000-01-27,-2.7919
2000-01-28,-1.8277
2000-01-31,0.133
2000-02-01,-2.1248
2000-02-02,0.8141
2000-02-03,-1.3458999999999999
2000-02-04,1.5007000000000001
2000-02-07,-3.0914
2000-02-08,-1.5257
2000-02-09,-3.662
2000-02-10,-5.9942
2000-02-11,-2.6874000000000002
2000-02-14,5.618
2000-02-15,4.8632
2000-02-16,-1.4493
2000-02-17,-1.6176
2000-02-18,-2.8401
2000-02-22,0.3077
2000-02-23,-8.4356
2000-02-24,-4.1876
2000-02-25,-1.049
2000-02-28,4.947
2000-02-29,3.1987
2000-03-01,-1.3051
2000-03-02,-4.9587
2000-03-03,2.6087
2000-03-06,1.1864
2000-03-07,-6.5327
2000-03-08,0.3584
2000-03-09,2.5
2000-03-10,0.3484
2000-03-13,-1.3889
2000-03-14,-0.3521
2000-03-15,8.1272
2000-03-16,12.2549
2000-03-17,-5.6769
2000-03-20,2.1605
2000-03-21,3.1722
2000-03-22,-1.6105
2000-03-23,0.8929
2000-03-24,-0.1475
2000-03-27,-4.1359
2000-03-28,2.4653
2000-03-29,3.3083
2000-03-30,5.8224
2000-03-31,-2.6135
2000-04-03,0.0
2000-04-04,6.2147
2000-04-05,-3.0585
2000-04-06,-0.6859
2000-04-07,-2.4862
2000-04-10,3.1161
2000-04-11,-0.9615
2000-04-12,3.8834999999999997
2000-04-13,3.0708
2000-04-14,-13.0829
2000-04-17,3.8748
2000-04-18,-0.5739
2000-04-19,-4.7619
2000-04-20,6.8182
2000-04-24,3.9716
2000-04-25,0.955
2000-04-26,-1.8919000000000001
2000-04-27,3.5813
2000-04-28,-0.133
2000-05-01,-0.7989
2000-05-02,1.8792
2000-05-03,-2.108
2000-05-04,-1.8843
2000-05-05,1.7833
2000-05-08,0.5391
2000-05-09,-1.7426
2000-05-10,-1.2278
2000-05-11,1.3812
2000-05-12,1.188
2000-05-15,4.4595
2000-05-16,5.1746
2000-05-17,-2.46
2000-05-18,-1.0088
2000-05-19,-2.6752000000000002
2000-05-22,0.1309
2000-05-23,-2.7451
2000-05-24,2.1505
2000-05-25,-3.4211
2000-05-26,-0.8174
2000-05-30,2.8846
2000-05-31,-2.6702
2000-06-01,7.1331
2000-06-02,0.2561
2000-06-05,-1.788
2000-06-06,-1.3004
2000-06-07,-6.3241
2000-06-08,-1.1252
2000-06-09,0.2845
2000-06-12,0.8511
2000-06-13,-2.6723
2000-06-14,2.7457000000000003
2000-06-15,-0.8439
2000-06-16,-1.7021
2000-06-19,-3.7518000000000002
2000-06-20,-2.099
2000-06-21,-2.4502
2000-06-22,-0.314
2000-06-23,1.8898000000000001
2000-06-26,0.1546
2000-06-27,6.0185
2000-06-28,-3.2659000000000002
2000-06-29,-1.5895000000000001
2000-06-30,-1.5291000000000001
2000-07-03,3.882
2000-07-05,0.8969
2000-07-06,-2.3704
2000-07-07,0.1517
2000-07-10,2.8788
2000-07-11,3.2401
2000-07-12,-0.428
2000-07-13,3.4384
2000-07-14,-0.4155
2000-07-17,-2.1558
2000-07-18,3.1983
2000-07-19,-7.5758
2000-07-20,-0.8942
2000-07-21,-1.8045
2000-07-24,-2.4502
2000-07-25,-1.5699
2000-07-26,-1.7544
2000-07-27,0.974
2000-07-28,-2.09
2000-07-31,3.1199
2000-08-01,-1.2739
2000-08-02,-0.3226
2000-08-03,-1.2945
2000-08-04,1.6393
2000-08-07,1.9355
2000-08-08,1.7405
2000-08-09,-0.7776
2000-08-10,-2.0376
2000-08-11,5.44
2000-08-14,0.4127
2000-08-15,3.1866
2000-08-16,4.1176
2000-08-17,-4.2373
2000-08-18,-2.6549
2000-08-21,0.1515
2000-08-22,1.9667
2000-08-23,-2.9674
2000-08-24,-1.9878
2000-08-25,0.468
2000-08-28,2.3292
2000-08-29,11.2291
2000-08-30,-2.7285
2000-08-31,2.2879
2000-09-01,2.9736000000000002
2000-09-05,1.9973
2000-09-06,-0.7833
2000-09-07,-2.8947000000000003
2000-09-08,-4.065
2000-09-11,-0.4237
2000-09-12,1.8439999999999999
2000-09-13,0.2786
2000-09-14,0.2778
2000-09-15,-5.9557
2000-09-18,-6.3328
2000-09-19,-10.2201
2000-09-20,0.7005
2000-09-21,-0.3478
2000-09-22,-4.3629999999999995
2000-09-25,1.0949
2000-09-26,-1.444
2000-09-27,-4.2125
2000-09-28,4.3977
2000-09-29,-0.5495
2000-10-02,-1.105
2000-10-03,5.5866
2000-10-04,0.7055
2000-10-05,-0.5254
2000-10-06,-3.8731999999999998
2000-10-09,3.8462
2000-10-10,-1.94
2000-10-11,0.5396
2000-10-12,-2.8623
2000-10-13,-2.2099
2000-10-16,-0.7533
2000-10-17,-2.6565
2000-10-18,-4.8733
2000-10-19,1.4344000000000001
2000-10-20,4.6465
2000-10-23,2.7027
2000-10-24,2.0677
2000-10-25,-3.1308
2000-10-26,0.7605
2000-10-27,0.0
2000-10-30,9.0566
2000-10-31,4.4983
2000-11-01,0.0
2000-11-02,-2.3179
2000-11-03,-0.339
2000-11-06,2.3810000000000002
2000-11-07,-0.3322
2000-11-08,2.1667
2000-11-09,-0.6525
2000-11-10,-3.1199
2000-11-13,0.6305
2000-11-14,1.3536000000000001
2000-11-15,1.5025
2000-11-16,-1.6447
2000-11-17,0.8361
2000-11-20,-0.4975
2000-11-21,2.8333
2000-11-22,-0.3241
2000-11-24,2.6016
2000-11-27,-0.4754
2000-11-28,-1.1146
2000-11-29,4.6699
2000-11-30,-0.9231
2000-12-01,4.0373
2000-12-04,4.6269
2000-12-05,1.1412
2000-12-06,-5.3597
2000-12-07,-0.5961
2000-12-08,0.2999
2000-12-11,-0.1495
2000-12-12,0.8982
2000-12-13,-5.4896
2000-12-14,-2.6688
2000-12-15,-1.7742
2000-12-18,2.2989
2000-12-19,0.1605
2000-12-20,-2.0833
2000-12-21,2.455
2000-12-22,3.6741
2000-12-26,0.7704
2000-12-27,1.0703
2000-12-28,0.7564
2000-12-29,0.6006
2001-01-02,-2.9851
2001-01-03,1.6923
2001-01-04,6.6566
2001-01-05,-3.6879
2001-01-08,-1.62
2001-01-09,0.5988
2001-01-10,-1.0417
2001-01-11,-1.3534
2001-01-12,-5.4878
2001-01-16,3.2258
2001-01-17,-0.3125
2001-01-18,-1.5674000000000001
2001-01-19,-0.9554
2001-01-22,0.0
2001-01-23,0.4823
2001-01-24,2.56
2001-01-25,6.5523
2001-01-26,-0.8785
2001-01-29,0.2068
2001-01-30,2.5708
2001-01-31,1.8855
2001-02-01,-0.2483
2001-02-02,0.4751
2001-02-05,-1.4411
2001-02-06,-0.5026
2001-02-07,2.2732
2001-02-08,0.247
2001-02-09,-1.3214000000000001
2001-02-12,1.7248999999999999
2001-02-13,-0.4462
2001-02-14,-1.4343
2001-02-15,3.8881
2001-02-16,-1.8893
2001-02-20,-1.3435000000000001
2001-02-21,0.0908
2001-02-22,0.1814
2001-02-23,-1.6071
2001-02-26,2.7145
2001-02-27,-1.0302
2001-02-28,-1.9009
2001-03-01,-0.1153
2001-03-02,1.8476
2001-03-05,5.2154
2001-03-06,-0.8621
2001-03-07,4.1739
2001-03-08,1.1686
2001-03-09,-1.5883
2001-03-12,-3.668
2001-03-13,-0.6745
2001-03-14,-0.6572
2001-03-15,0.2867
2001-03-16,-3.3641
2001-03-19,0.1138
2001-03-20,-1.5227
2001-03-21,-3.7618
2001-03-22,-4.0288
2001-03-23,0.2749
2001-03-26,1.9686
2001-03-27,2.5171
2001-03-28,-0.6436
2001-03-29,-3.5987999999999998
2001-03-30,-1.1697
2001-04-02,-0.3274
2001-04-03,-3.1076
2001-04-04,3.3377
2001-04-05,4.5925
2001-04-06,-2.4125
2001-04-09,4.0297
2001-04-10,2.6141
2001-04-11,-3.9833
2001-04-12,2.7014
2001-04-16,0.2114
2001-04-17,-0.9843
2001-04-18,8.5444
2001-04-19,-1.0467
2001-04-20,-0.2204
2001-04-23,0.9276
2001-04-24,-1.6411
2001-04-25,-0.4449
2001-04-26,3.1285
2001-04-27,1.2784
2001-04-30,0.5563
2001-05-01,-0.0213
2001-05-02,-0.9151
2001-05-03,0.7732
2001-05-04,-0.2771
2001-05-07,-0.1496
2001-05-08,-0.2568
2001-05-09,-0.6652
2001-05-10,0.5185
2001-05-11,0.9241
2001-05-14,0.9157
2001-05-15,-0.8895
2001-05-16,4.8504000000000005
2001-05-17,0.2649
2001-05-18,0.4268
2001-05-21,0.7893
2001-05-22,0.3012
2001-05-23,-1.2612999999999999
2001-05-24,-0.6691
2001-05-25,-0.4491
2001-05-29,1.4968
2001-05-30,-2.9293
2001-05-31,2.7055
2001-06-01,0.0
2001-06-04,0.1418
2001-06-05,0.7285
2001-06-06,-2.511
2001-06-07,1.8338999999999999
2001-06-08,-0.7082
2001-06-11,-1.4673
2001-06-12,-0.7239
2001-06-13,-0.1875
2001-06-14,-2.1081
2001-06-15,-1.5777999999999999
2001-06-18,-1.0399
2001-06-19,-1.9483000000000001
2001-06-20,0.2233
2001-06-21,2.4282
2001-06-22,-2.2401
2001-06-25,-2.0912
2001-06-26,-0.0909
2001-06-27,-1.4101
2001-06-28,0.3691
2001-06-29,-5.3091
2001-07-02,3.1068
2001-07-03,1.6949
2001-07-05,1.8519
2001-07-06,-3.9773
2001-07-09,1.9172
2001-07-10,-0.9522
2001-07-11,-0.1407
2001-07-12,3.9915000000000003
2001-07-13,0.2935
2001-07-16,-2.9491
2001-07-17,3.1083
2001-07-18,0.0
2001-07-19,-0.4949
2001-07-20,-0.3391
2001-07-23,-2.3367
2001-07-24,-2.3461
2001-07-25,0.999
2001-07-26,0.7772
2001-07-27,-1.075
2001-07-30,1.0631
2001-07-31,2.1038
2001-08-01,-1.6026
2001-08-02,-0.0698
2001-08-03,0.7916
2001-08-06,-4.158
2001-08-07,1.6872
2001-08-08,-2.5124
2001-08-09,0.8753
2001-08-10,1.9523000000000001
2001-08-13,-0.591
2001-08-14,-1.9738
2001-08-15,0.8526
2001-08-16,-0.3865
2001-08-17,-3.128
2001-08-20,-1.5019
2001-08-21,2.0584
2001-08-22,2.8386
2001-08-23,-1.2349
2001-08-24,2.0348
2001-08-27,0.1682
2001-08-28,-0.8395
2001-08-29,-0.4838
2001-08-30,-3.8162000000000003
2001-08-31,2.5272
2001-09-04,0.8627
2001-09-05,-0.5865
2001-09-06,-2.4582
2001-09-07,-4.6875
2001-09-10,-0.7932
2001-09-17,-8.5821
2001-09-18,2.9154999999999998
2001-09-19,-2.068
2001-09-20,-7.0871
2001-09-21,-3.4247
2001-09-24,8.2527
2001-09-25,0.6552
2001-09-26,-3.5503
2001-09-27,-3.3129
2001-09-28,7.2335
2001-10-01,-2.9882
2001-10-02,4.2391
2001-10-03,4.5933
2001-10-04,0.7273
2001-10-05,1.1386
2001-10-08,-1.3729
2001-10-09,0.9187
2001-10-10,3.1724
2001-10-11,4.5989
2001-10-12,-0.1534
2001-10-15,1.9969000000000001
2001-10-16,1.6817
2001-10-17,-3.3572
2001-10-18,-2.2222
2001-10-19,-0.7576
2001-10-22,2.0005
2001-10-23,-0.2065
2001-10-24,1.0344
2001-10-25,0.5631
2001-10-26,2.5705999999999998
2001-10-29,-3.8213
2001-10-30,-3.612
2001-10-31,-0.1606
2001-11-01,3.2439999999999998
2001-11-02,1.8437000000000001
2001-11-05,1.4788000000000001
2001-11-06,2.0352
2001-11-07,0.1477
2001-11-08,-0.836
2001-11-09,-0.3223
2001-11-12,-0.7214
2001-11-13,3.7334
2001-11-14,2.5467
2001-11-15,1.6793
2001-11-16,-2.3029
2001-11-19,0.0476
2001-11-20,-0.8805
2001-11-21,-1.0804
2001-11-23,0.7767
2001-11-26,0.0963
2001-11-27,0.5775
2001-11-28,-0.4306
2001-11-29,-0.1682
2001-11-30,0.8183
2001-12-03,-0.7162
2001-12-04,3.246
2001-12-05,3.6563
2001-12-06,0.9885
2001-12-07,0.6674
2001-12-10,-1.8122
2001-12-11,1.1479
2001-12-12,-2.1139
2001-12-13,-0.8866
2001-12-14,-1.5826
2001-12-17,1.3517000000000001
2001-12-18,1.1957
2001-12-19,-0.0227
2001-12-20,-4.5455
2001-12-21,2.4524
2001-12-24,0.4416
2001-12-26,0.3008
2001-12-27,-0.346
2001-12-28,0.787
2001-12-31,-3.9734
2002-01-02,0.6458
2002-01-03,0.4753
2002-01-04,1.8921000000000001
2002-01-07,-0.3946
2002-01-08,-1.3051
2002-01-09,0.7556
2002-01-10,-0.6093
2002-01-11,-0.0707
2002-01-14,-1.8877000000000002
2002-01-15,-0.6013
2002-01-16,-4.1858
2002-01-17,1.2626
2002-01-18,-0.1746
2002-01-22,0.1249
2002-01-23,1.0479
2002-01-24,0.7407
2002-01-25,1.4216
2002-01-28,1.595
2002-01-29,-1.5224
2002-01-30,2.3188
2002-01-31,4.4145
2002-02-01,-1.1983
2002-02-04,-2.746
2002-02-05,-1.1764999999999999
2002-02-06,2.1189999999999998
2002-02-07,0.4896
2002-02-08,-0.1856
2002-02-11,4.3003
2002-02-12,-0.3566
2002-02-13,1.2749
2002-02-14,0.2208
2002-02-15,-0.4645
2002-02-19,-1.9333
2002-02-20,-0.2946
2002-02-21,4.2045
2002-02-22,2.4209
2002-02-25,2.4702
2002-02-26,2.9717000000000002
2002-02-27,-1.0898
2002-02-28,2.02
2002-03-01,0.9
2002-03-04,5.6690000000000005
2002-03-05,-3.3577
2002-03-06,2.8339
2002-03-07,-1.7553999999999998
2002-03-08,0.6916
2002-03-11,0.9922
2002-03-12,1.2658
2002-03-13,-1.6978
2002-03-14,0.1518
2002-03-15,0.7201
2002-03-18,-0.3951
2002-03-19,1.53
2002-03-20,-0.6884
2002-03-21,-4.0465
2002-03-22,-1.8938000000000001
2002-03-25,-2.5274
2002-03-26,1.3475
2002-03-27,0.7454
2002-03-28,0.02
2002-04-01,-2.1591
2002-04-02,0.0204
2002-04-03,-4.2084
2002-04-04,2.9004
2002-04-05,2.4455999999999998
2002-04-08,0.3439
2002-04-09,1.9153
2002-04-10,1.088
2002-04-11,-0.1957
2002-04-12,-1.2549000000000001
2002-04-15,-1.1716
2002-04-16,2.8129
2002-04-17,-2.4233000000000002
2002-04-18,0.1402
2002-04-19,1.5
2002-04-22,-1.6355
2002-04-23,-0.4207
2002-04-24,-0.0402
2002-04-25,-0.2214
2002-04-26,0.1412
2002-04-29,-1.9335
2002-04-30,2.5878
2002-05-01,-2.2823
2002-05-02,2.3561
2002-05-03,0.3203
2002-05-06,-2.0351
2002-05-07,1.4664
2002-05-08,3.613
2002-05-09,-0.6974
2002-05-10,1.151
2002-05-13,0.5786
2002-05-14,3.605
2002-05-15,-0.1481
2002-05-16,-1.038
2002-05-17,-0.4134
2002-05-20,-1.0
2002-05-21,-1.639
2002-05-22,2.8095
2002-05-23,2.0731
2002-05-24,-2.1418
2002-05-28,-1.283
2002-05-29,-2.9052
2002-05-30,-1.7717
2002-05-31,0.9018
2002-06-03,-0.993
2002-06-04,-1.3841999999999999
2002-06-05,3.4173999999999998
2002-06-06,-2.5374
2002-06-07,-0.8274
2002-06-10,0.3867
2002-06-11,-1.0136
2002-06-12,-0.2662
2002-06-13,-1.6221999999999999
2002-06-14,-2.0664
2002-06-17,2.7279999999999998
2002-06-18,-0.3942
2002-06-19,-2.0412
2002-06-20,-0.7655
2002-06-21,-1.457
2002-06-24,-0.087
2002-06-25,-1.6104
2002-06-26,-0.2433
2002-06-27,0.4878
2002-06-28,0.7502
2002-07-01,-2.5404999999999998
2002-07-02,-0.5618
2002-07-03,-1.4689
2002-07-05,3.578
2002-07-08,-0.465
2002-07-09,-0.0445
2002-07-10,-4.6072
2002-07-11,-1.7266
2002-07-12,0.0
2002-07-15,-1.0921
2002-07-16,-8.2093
2002-07-17,1.5167000000000002
2002-07-18,-6.0536
2002-07-19,-4.0307
2002-07-22,-2.9714
2002-07-23,0.0
2002-07-24,5.7126
2002-07-25,2.5627
2002-07-26,0.5703
2002-07-29,5.32
2002-07-30,-2.1026
2002-07-31,0.55
2002-08-01,-2.8653
2002-08-02,-5.8461
2002-08-05,-3.1615
2002-08-06,3.6765
2002-08-07,0.5674
2002-08-08,1.8054000000000001
2002-08-09,0.7204
2002-08-12,-0.3301
2002-08-13,-0.3312
2002-08-14,2.7138999999999998
2002-08-15,0.4853
2002-08-16,0.4313
2002-08-19,4.643
2002-08-20,-1.6158000000000001
2002-08-21,0.8863
2002-08-22,0.7752
2002-08-23,-2.9487
2002-08-26,0.1057
2002-08-27,1.0821
2002-08-28,-2.4282
2002-08-29,0.776
2002-08-30,-0.2921
2002-09-03,-2.2104
2002-09-04,1.8246
2002-09-05,-0.1605
2002-09-06,2.5717
2002-09-09,1.0708
2002-09-10,0.491
2002-09-11,-0.1286
2002-09-12,-1.4161000000000001
2002-09-13,-2.0371
2002-09-16,-1.7862
2002-09-17,-2.443
2002-09-18,-0.3617
2002-09-19,-4.0491
2002-09-20,1.7170999999999998
2002-09-23,1.8598
2002-09-24,-5.2809
2002-09-25,2.0166
2002-09-26,5.0872
2002-09-27,-4.0941
2002-09-30,-0.6634
2002-10-01,3.4843
2002-10-02,-1.6835
2002-10-03,-2.1119
2002-10-04,-4.0233
2002-10-07,-2.3998
2002-10-08,-0.2801
2002-10-09,-6.8664
2002-10-10,5.7641
2002-10-11,6.8758
2002-10-14,-3.4093999999999998
2002-10-15,9.0546
2002-10-16,-4.4751
2002-10-17,9.5168
2002-10-18,3.4705
2002-10-21,6.5003
2002-10-22,-5.6641
2002-10-23,4.2961
2002-10-24,-3.4988
2002-10-25,1.6714
2002-10-28,-0.8346
2002-10-29,-0.9691
2002-10-30,0.5408
2002-10-31,-0.1025
2002-11-01,1.0256
2002-11-04,1.8782
2002-11-05,0.3488
2002-11-06,1.7627000000000002
2002-11-07,-3.1471
2002-11-08,1.1335
2002-11-11,-4.3337
2002-11-12,2.7857
2002-11-13,1.0385
2002-11-14,3.2088
2002-11-15,1.3659
2002-11-18,0.3369
2002-11-19,-0.8873
2002-11-20,2.0808
2002-11-21,4.9064
2002-11-22,-0.6552
2002-11-25,1.2054
2002-11-26,0.0
2002-11-27,2.2921
2002-11-29,1.4938
2002-12-02,0.0866
2002-12-03,-3.763
2002-12-04,-2.809
2002-12-05,-1.896
2002-12-06,0.3064
2002-12-09,-3.1955
2002-12-10,-0.3641
2002-12-11,1.6078000000000001
2002-12-12,1.7742
2002-12-13,-2.1673
2002-12-16,2.6487
2002-12-17,-0.7741
2002-12-18,-0.0946
2002-12-19,-0.4259
2002-12-20,2.8042
2002-12-23,-0.601
2002-12-24,-0.3023
2002-12-26,-0.0467
2002-12-27,-1.867
2002-12-30,1.2128
2002-12-31,1.1748
2003-01-02,3.5532
2003-01-03,-0.6952
2003-01-06,2.3713
2003-01-07,-1.3898
2003-01-08,-2.953
2003-01-09,0.8529
2003-01-10,-0.8457
2003-01-13,0.1614
2003-01-14,0.046
2003-01-15,-1.7943
2003-01-16,0.164
2003-01-17,-0.8653
2003-01-21,-2.4298
2003-01-22,-6.117
2003-01-23,6.0005
2003-01-24,-4.3003
2003-01-27,-1.7263
2003-01-28,2.17
2003-01-29,1.6435
2003-01-30,-2.6866
2003-01-31,0.3579
2003-02-03,1.8594
2003-02-04,-1.6503999999999999
2003-02-05,-0.9408
2003-02-06,-0.8727
2003-02-07,-1.8643
2003-02-10,0.1319
2003-02-11,-0.8169
2003-02-12,-2.0457
2003-02-13,0.0
2003-02-14,0.6812
2003-02-18,4.1949
2003-02-19,0.3896
2003-02-20,0.5175
2003-02-21,2.1622
2003-02-24,-2.2928
2003-02-25,0.3094
2003-02-26,-1.2339
2003-02-27,1.874
2003-02-28,0.792
2003-03-03,-1.166
2003-03-04,-3.3085
2003-03-05,1.2202
2003-03-06,-2.2799
2003-03-07,1.1799
2003-03-10,-3.366
2003-03-11,-2.9896000000000003
2003-03-12,-0.3958
2003-03-13,6.5569
2003-03-14,-1.0123
2003-03-17,6.8353
2003-03-18,0.3526
2003-03-19,-0.8534
2003-03-20,-0.4051
2003-03-21,5.4143
2003-03-24,-4.8951
2003-03-25,2.5862
2003-03-26,-1.3594
2003-03-27,0.5262
2003-03-28,-3.8883
2003-03-31,0.0778
2003-04-01,-0.1037
2003-04-02,6.6667
2003-04-03,-1.3862
2003-04-04,0.6412
2003-04-07,0.5881
2003-04-08,-0.9257
2003-04-09,-1.4261
2003-04-10,0.5238
2003-04-11,-0.7444
2003-04-14,1.9
2003-04-15,0.9568
2003-04-16,-0.8262
2003-04-17,4.8763
2003-04-21,-0.5374
2003-04-22,2.9598
2003-04-23,-1.2548
2003-04-24,-0.1848
2003-04-25,-2.6389
2003-04-28,3.1384
2003-04-29,0.5071
2003-04-30,1.1009
2003-05-01,-1.7468
2003-05-02,0.785
2003-05-05,0.4124
2003-05-06,1.1179999999999999
2003-05-07,-1.1507
2003-05-08,-1.5293
2003-05-09,1.0431
2003-05-12,1.9959
2003-05-13,-1.4395
2003-05-14,-1.3058
2003-05-15,1.6017000000000001
2003-05-16,-0.6626
2003-05-19,-2.6679
2003-05-20,0.5907
2003-05-21,-3.0773
2003-05-22,3.1265
2003-05-23,0.0235
2003-05-27,2.5376
2003-05-28,-0.3437
2003-05-29,-2.4833
2003-05-30,3.2775
2003-06-02,2.4657999999999998
2003-06-03,-0.0446
2003-06-04,3.0985
2003-06-05,2.8324
2003-06-06,-2.439
2003-06-09,-2.8664
2003-06-10,0.1331
2003-06-11,2.3487999999999998
2003-06-12,0.801
2003-06-13,-1.3316
2003-06-16,5.4636
2003-06-17,1.3003
2003-06-18,-1.6911
2003-06-19,-2.943
2003-06-20,2.3916
2003-06-23,0.3128
2003-06-24,-0.4782
2003-06-25,-1.0863
2003-06-26,1.1404
2003-06-27,-1.9211
2003-06-30,0.7452
2003-07-01,-0.1268
2003-07-02,1.1638
2003-07-03,-0.3556
2003-07-07,1.5743
2003-07-08,0.9506
2003-07-09,-0.4094
2003-07-10,-1.0483
2003-07-11,2.6381
2003-07-14,-0.6679
2003-07-15,-0.3056
2003-07-16,-0.7357
2003-07-17,7.8443000000000005
2003-07-18,0.6873
2003-07-21,2.9579
2003-07-22,1.418
2003-07-23,-1.9792999999999998
2003-07-24,-1.4079
2003-07-25,1.9729
2003-07-28,-0.0921
2003-07-29,-1.2173
2003-07-30,0.0
2003-07-31,1.2696
2003-08-01,-0.1844
2003-08-04,0.9051
2003-08-05,-2.4346
2003-08-06,-3.2645
2003-08-07,0.4461
2003-08-08,1.7185000000000001
2003-08-11,2.0881
2003-08-12,3.1796
2003-08-13,1.4597
2003-08-14,1.048
2003-08-15,-0.1587
2003-08-18,2.0314
2003-08-19,1.0907
2003-08-20,-0.4453
2003-08-21,2.2536
2003-08-22,-2.0693
2003-08-25,-1.7523
2003-08-26,-0.2798
2003-08-27,0.2455
2003-08-28,1.6442
2003-08-29,2.4264
2003-09-02,-1.1257
2003-09-03,-1.8352
2003-09-04,0.1731
2003-09-05,-2.5747
2003-09-08,1.0642
2003-09-09,-1.8603
2003-09-10,-2.1996
2003-09-11,0.5668
2003-09-12,1.2909
2003-09-15,-1.2386
2003-09-16,2.4718
2003-09-17,-1.2948
2003-09-18,1.8688
2003-09-19,0.0706
2003-09-22,-2.3621
2003-09-23,1.2457
2003-09-24,-2.8352
2003-09-25,-2.4959
2003-09-26,-0.3953
2003-09-29,0.8125
2003-09-30,0.1687
2003-10-01,2.4888
2003-10-02,0.7668
2003-10-03,1.2865
2003-10-06,1.0197
2003-10-07,0.3542
2003-10-08,1.3764
2003-10-09,1.8451
2003-10-10,0.0171
2003-10-13,1.0253
2003-10-14,-0.1015
2003-10-15,0.9651
2003-10-16,-3.0522
2003-10-17,-1.1417
2003-10-20,-0.7874
2003-10-21,-0.6702
2003-10-22,0.1953
2003-10-23,2.5341
2003-10-24,-0.3975
2003-10-27,2.464
2003-10-28,1.6088
2003-10-29,1.1333
2003-10-30,0.1648
2003-10-31,-0.6252
2003-11-03,-1.457
2003-11-04,0.8401
2003-11-05,0.2499
2003-11-06,2.0774
2003-11-07,-1.97
2003-11-10,-2.3086
2003-11-11,-0.323
2003-11-12,3.0019
2003-11-13,-0.563
2003-11-14,-0.5513
2003-11-17,-1.5118
2003-11-18,-1.0575
2003-11-19,1.3446
2003-11-20,0.2892
2003-11-21,-0.2205
2003-11-24,2.7367
2003-11-25,2.3494
2003-11-26,-0.1132
2003-11-28,0.8901
2003-12-01,1.171
2003-12-02,-0.4122
2003-12-03,0.2866
2003-12-04,-0.4286
2003-12-05,1.1320000000000001
2003-12-08,1.5135
2003-12-09,1.1803
2003-12-10,-2.4559
2003-12-11,2.4076
2003-12-12,-0.1076
2003-12-15,1.4152
2003-12-16,0.9101
2003-12-17,-1.5181
2003-12-18,1.8925999999999998
2003-12-19,-0.0599
2003-12-22,0.5096
2003-12-23,-0.2535
2003-12-24,-0.3289
2003-12-26,1.0949
2003-12-29,0.9496
2003-12-30,-0.6173
2003-12-31,0.3845
2004-01-02,-1.2522
2004-01-05,1.1786
2004-01-06,-1.9463
2004-01-07,1.6842000000000001
2004-01-08,0.488
2004-01-09,-2.3105
2004-01-12,-0.5725
2004-01-13,1.9697
2004-01-14,2.8975
2004-01-15,0.4332
2004-01-16,0.5895
2004-01-20,-0.9434
2004-01-21,2.1645
2004-01-22,-0.0847
2004-01-23,2.1346
2004-01-26,-1.0796000000000001
2004-01-27,-4.8412
2004-01-28,-1.4116
2004-01-29,-1.5659999999999998
2004-01-30,0.803
2004-02-02,-0.8267
2004-02-03,-1.3944
2004-02-04,-1.4756
2004-02-05,1.8565
2004-02-06,1.6848
2004-02-09,0.1054
2004-02-10,-1.0081
2004-02-11,2.9943999999999997
2004-02-12,-0.8412
2004-02-13,-0.5522
2004-02-17,1.7109
2004-02-18,-1.0477
2004-02-19,0.0447
2004-02-20,-1.1477
2004-02-23,-0.7087
2004-02-24,-1.716
2004-02-25,1.9778
2004-02-26,-0.0758
2004-02-27,0.8036
2004-03-01,1.5644
2004-03-02,-0.1777
2004-03-03,-0.2226
2004-03-04,-0.1338
2004-03-05,-0.268
2004-03-08,-1.4929999999999999
2004-03-09,-1.6520000000000001
2004-03-10,-2.2191
2004-03-11,-1.3712
2004-03-12,3.0841
2004-03-15,-1.3796
2004-03-16,1.6503999999999999
2004-03-17,2.3813
2004-03-18,0.1057
2004-03-19,-1.026
2004-03-22,-2.3171
2004-03-23,0.9675
2004-03-24,0.541
2004-03-25,1.9985
2004-03-26,0.3768
2004-03-29,2.6126
2004-03-30,-0.3512
2004-03-31,-0.6608
2004-04-01,-0.4287
2004-04-02,3.6669
2004-04-05,0.7017
2004-04-06,1.9767000000000001
2004-04-07,-1.6874
2004-04-08,-0.0426
2004-04-12,1.121
2004-04-13,-2.0067
2004-04-14,1.3175
2004-04-15,0.8198
2004-04-16,1.8925999999999998
2004-04-19,-0.9356
2004-04-20,-1.6528
2004-04-21,-1.3557000000000001
2004-04-22,3.3214
2004-04-23,-3.8382
2004-04-26,-1.1527
2004-04-27,-0.0437
2004-04-28,-3.1355
2004-04-29,-1.897
2004-04-30,-0.9362
2004-05-03,1.007
2004-05-04,1.227
2004-05-05,-0.2424
2004-05-06,-1.3518
2004-05-07,-1.4781
2004-05-10,-4.7351
2004-05-11,2.4934
2004-05-12,1.7606000000000002
2004-05-13,-1.1167
2004-05-14,0.6222
2004-05-17,-2.854
2004-05-18,2.5135
2004-05-19,-0.5413
2004-05-20,-1.4727000000000001
2004-05-21,0.9261
2004-05-24,3.1713
2004-05-25,1.6383
2004-05-26,-0.1996
2004-05-27,0.8614
2004-05-28,-0.4118
2004-06-01,0.0613
2004-06-02,0.7652
2004-06-03,0.0911
2004-06-04,1.0167
2004-06-07,2.6589
2004-06-08,0.5268
2004-06-09,-1.1499
2004-06-10,0.4859
2004-06-14,-0.8353
2004-06-15,1.596
2004-06-16,0.1164
2004-06-17,-0.77
2004-06-18,0.4392
2004-06-21,-0.8017
2004-06-22,-0.191
2004-06-23,0.3386
2004-06-24,0.1174
2004-06-25,-0.0733
2004-06-28,-1.188
2004-06-29,-0.0148
2004-06-30,1.4102999999999999
2004-07-01,-0.527
2004-07-02,-2.3694
2004-07-06,-2.05
2004-07-07,0.0616
2004-07-08,-2.0917
2004-07-09,2.2777
2004-07-12,0.5683
2004-07-13,1.2828
2004-07-14,-0.3619
2004-07-15,1.135
2004-07-16,-0.2693
2004-07-19,-0.7502
2004-07-20,0.1814
2004-07-21,-1.1619
2004-07-22,0.855
2004-07-23,0.3482
2004-07-26,0.0151
2004-07-27,1.8401
2004-07-28,1.6143
2004-07-29,1.166
2004-07-30,-1.0373
2004-08-02,-0.7716
2004-08-03,0.0147
2004-08-04,-0.9828
2004-08-05,-3.2889
2004-08-06,-3.0331
2004-08-09,0.4739
2004-08-10,2.1541
2004-08-11,0.2155
2004-08-12,-1.8891
2004-08-13,-2.2386
2004-08-16,3.4084
2004-08-17,-0.1866
2004-08-18,-0.0779
2004-08-19,-2.385
2004-08-20,1.3734
2004-08-23,0.0788
2004-08-24,1.2907
2004-08-25,0.2331
2004-08-26,2.155
2004-08-27,0.4857
2004-08-30,-0.9213
2004-08-31,-0.8994
2004-09-01,0.0308
2004-09-02,3.8136
2004-09-03,-0.3111
2004-09-07,2.0505
2004-09-08,-1.5434
2004-09-09,-1.2866
2004-09-10,0.3745
2004-09-13,-0.5373
2004-09-14,0.1801
2004-09-15,-1.7376
2004-09-16,0.6555
2004-09-17,0.3332
2004-09-20,0.1208
2004-09-21,0.7689
2004-09-22,-1.8851
2004-09-23,-1.4485999999999999
2004-09-24,0.294
2004-09-27,-1.1108
2004-09-28,1.6069
2004-09-29,2.9939999999999998
2004-09-30,1.3268
2004-10-01,1.0593
2004-10-04,0.888
2004-10-05,-0.2742
2004-10-06,1.5627
2004-10-07,-0.6269
2004-10-08,-1.147
2004-10-11,0.4206
2004-10-12,-0.5055
2004-10-13,-0.7403
2004-10-14,-1.5063
2004-10-15,0.683
2004-10-18,-0.8701
2004-10-19,0.4165
2004-10-20,0.8889
2004-10-21,-2.7606
2004-10-22,-0.1359
2004-10-25,1.6029
2004-10-26,1.533
2004-10-27,0.557
2004-10-28,-0.5685
2004-10-29,0.3372
2004-11-01,0.0
2004-11-02,0.3653
2004-11-03,1.5868
2004-11-04,2.1783
2004-11-05,0.8275
2004-11-08,0.9181
2004-11-09,1.8608
2004-11-10,-0.839
2004-11-11,1.5062
2004-11-12,0.607
2004-11-15,-0.9118
2004-11-16,-0.6495
2004-11-17,0.8853
2004-11-18,0.6885
2004-11-19,-1.4213
2004-11-22,0.1477
2004-11-23,0.2056
2004-11-24,1.2198
2004-11-26,0.4151
2004-11-29,-0.6668
2004-11-30,-0.094
2004-12-01,4.0312
2004-12-02,-0.6717
2004-12-03,-0.5592
2004-12-06,-0.1046
2004-12-07,-1.2043
2004-12-08,0.3445
2004-12-09,1.8355000000000001
2004-12-10,-0.4149
2004-12-13,1.6016
2004-12-14,1.1534
2004-12-15,1.0769
2004-12-16,0.9025
2004-12-17,-0.8075
2004-12-20,0.1879
2004-12-21,1.175
2004-12-22,1.1861
2004-12-23,0.1221
2004-12-27,-1.1585
2004-12-28,0.7403
2004-12-29,-0.7471
2004-12-30,-0.6663
2004-12-31,-0.2484
2005-01-03,-1.7808000000000002
2005-01-04,-2.0033
2005-01-05,-2.2513
2005-01-06,0.1324
2005-01-07,-0.5288
2005-01-10,-0.0133
2005-01-11,-0.2791
2005-01-12,0.7597
2005-01-13,0.1984
2005-01-14,1.5842
2005-01-18,-0.5068
2005-01-19,-0.4441
2005-01-20,-1.6925
2005-01-21,-1.468
2005-01-24,-1.0294
2005-01-25,0.8211
2005-01-26,0.2715
2005-01-27,-0.0406
2005-01-28,-0.0271
2005-01-31,0.7586
2005-02-01,4.4905
2005-02-02,-0.8621
2005-02-03,2.6347
2005-02-04,2.1497
2005-02-07,0.0867
2005-02-08,0.4824
2005-02-09,-0.7878
2005-02-10,-0.1241
2005-02-11,1.2795
2005-02-14,-0.4552
2005-02-15,-0.1607
2005-02-16,1.0399
2005-02-17,-0.7596
2005-02-18,-0.2469
2005-02-22,-2.1906
2005-02-23,0.62
2005-02-24,1.8612
2005-02-25,2.4691
2005-02-28,1.506
2005-03-01,0.6766
2005-03-02,0.5187
2005-03-03,-0.258
2005-03-04,2.6929
2005-03-07,-1.4085
2005-03-08,0.0581
2005-03-09,-1.7992
2005-03-10,-0.1537
2005-03-11,-0.2604
2005-03-14,0.3798
2005-03-15,-0.9341
2005-03-16,-0.9071
2005-03-17,1.1082
2005-03-18,0.3097
2005-03-21,-0.1663
2005-03-22,-0.6424
2005-03-23,-3.2208
2005-03-24,1.5341
2005-03-28,-1.584
2005-03-29,-2.2162
2005-03-30,0.5951
2005-03-31,0.2517
2005-04-01,0.0879
2005-04-04,0.1004
2005-04-05,0.6391
2005-04-06,0.2117
2005-04-07,-0.3603
2005-04-08,0.3367
2005-04-11,-0.5841
2005-04-12,2.9629
2005-04-13,-2.914
2005-04-14,-4.6023
2005-04-15,-0.0393
2005-04-18,1.2066
2005-04-19,1.3088
2005-04-20,0.8058
2005-04-21,2.0936
2005-04-22,-0.8451
2005-04-25,0.6643
2005-04-26,-2.6896
2005-04-27,-0.8957
2005-04-28,-1.5752000000000002
2005-04-29,0.8396
2005-05-02,0.7415
2005-05-03,-0.2841
2005-05-04,2.085
2005-05-05,-1.2051
2005-05-06,1.1685
2005-05-09,0.9519
2005-05-10,-1.7224
2005-05-11,0.3454
2005-05-12,-2.9577
2005-05-13,0.1186
2005-05-16,1.7378
2005-05-17,1.6303999999999998
2005-05-18,1.095
2005-05-19,0.0504
2005-05-20,-0.4783
2005-05-23,0.2909
2005-05-24,-0.6937
2005-05-25,-1.2446
2005-05-26,1.1445
2005-05-27,-0.3179
2005-05-31,-1.2628
2005-06-01,1.8215
2005-06-02,-1.5478
2005-06-03,-2.7448
2005-06-06,0.2253
2005-06-07,0.6214
2005-06-08,-0.854
2005-06-09,-1.4842
2005-06-10,0.1749
2005-06-13,0.7386
2005-06-14,-0.2533
2005-06-15,-1.5903
2005-06-16,1.0592
2005-06-17,0.3091
2005-06-20,-0.7368
2005-06-21,1.2416
2005-06-22,-0.2799
2005-06-23,-2.4863
2005-06-24,-1.8506
2005-06-27,-1.1173
2005-06-28,3.0932
2005-06-29,-0.2603
2005-06-30,-1.9918
2005-07-01,0.911
2005-07-05,0.8056
2005-07-06,-0.9093
2005-07-07,0.7508
2005-07-08,1.8907
2005-07-11,1.7608000000000001
2005-07-12,-1.0781
2005-07-13,0.2422
2005-07-14,0.2148
2005-07-15,0.1607
2005-07-18,0.6954
2005-07-19,1.5936
2005-07-20,1.3725
2005-07-21,-0.6061
2005-07-22,-0.493
2005-07-25,-0.6519
2005-07-26,1.3911
2005-07-27,0.1812
2005-07-28,1.4858
2005-07-29,-0.4838
2005-08-01,1.1513
2005-08-02,-0.1518
2005-08-03,0.2153
2005-08-04,-0.4929
2005-08-05,-0.3683
2005-08-08,0.3825
2005-08-09,0.7112
2005-08-10,0.7818
2005-08-11,0.7883
2005-08-12,-0.5462
2005-08-15,0.2005
2005-08-16,-1.651
2005-08-17,0.2925
2005-08-18,-0.558
2005-08-19,0.8161
2005-08-22,-0.1012
2005-08-23,-1.4307
2005-08-24,-0.7065
2005-08-25,0.0517
2005-08-26,-0.0129
2005-08-29,0.4009
2005-08-30,-0.1417
2005-08-31,2.6957
2005-09-01,0.8666
2005-09-02,0.137
2005-09-06,1.517
2005-09-07,0.294
2005-09-08,-0.7816
2005-09-09,1.0586
2005-09-12,1.0962
2005-09-13,-1.0361
2005-09-14,-2.1427
2005-09-15,-1.5427
2005-09-16,0.0253
2005-09-19,-1.5412
2005-09-20,-0.7955
2005-09-21,-1.2933
2005-09-22,3.4329
2005-09-23,-0.1773
2005-09-26,-2.8933999999999997
2005-09-27,0.8625
2005-09-28,-2.4359
2005-09-29,-0.1859
2005-09-30,1.7296
2005-10-03,-0.6016
2005-10-04,-1.2105
2005-10-05,-0.666
2005-10-06,-1.1799
2005-10-07,1.791
2005-10-10,-2.0528
2005-10-11,-0.626
2005-10-12,-0.2465
2005-10-13,0.4393
2005-10-14,0.5741
2005-10-17,0.299
2005-10-18,-1.4905
2005-10-19,1.7882
2005-10-20,0.2973
2005-10-21,-1.024
2005-10-24,2.8859
2005-10-25,0.0529
2005-10-26,0.1587
2005-10-27,-1.2675
2005-10-28,0.3209
2005-10-31,0.7465
2005-11-01,-1.4289
2005-11-02,1.047
2005-11-03,1.1955
2005-11-04,-0.7614
2005-11-07,0.6085
2005-11-08,0.9203
2005-11-09,0.1824
2005-11-10,1.8282
2005-11-11,1.1541
2005-11-14,-1.0649
2005-11-15,0.1025
2005-11-16,0.512
2005-11-17,1.1971
2005-11-18,0.0755
2005-11-21,-0.1006
2005-11-22,1.007
2005-11-23,0.1994
2005-11-25,-0.4975
2005-11-28,-1.35
2005-11-29,0.3548
2005-11-30,0.0758
2005-12-01,3.3813
2005-12-02,-0.659
2005-12-05,0.0
2005-12-06,-0.6143
2005-12-07,-2.5216
2005-12-08,-0.0507
2005-12-09,1.3956
2005-12-12,0.2002
2005-12-13,0.2498
2005-12-14,1.0463
2005-12-15,0.1972
2005-12-16,0.5167
2005-12-19,-1.7381
2005-12-20,0.6976
2005-12-21,1.6329
2005-12-22,0.3651
2005-12-23,-0.3638
2005-12-27,-1.3389
2005-12-28,1.5051
2005-12-29,-1.0937999999999999
2005-12-30,-0.7864
2006-01-03,0.2725
2006-01-04,1.8528
2006-01-05,-0.5093
2006-01-06,-0.0488
2006-01-09,2.4634
2006-01-10,-1.5473
2006-01-11,1.2572999999999999
2006-01-12,-1.8862999999999999
2006-01-13,-1.7523
2006-01-17,-2.3285
2006-01-18,-0.8116
2006-01-19,1.1762
2006-01-20,-2.2239
2006-01-23,0.4394
2006-01-24,2.4447
2006-01-25,0.1758
2006-01-26,-4.338
2006-01-27,2.228
2006-01-30,1.7692
2006-01-31,-1.0582
2006-02-01,0.5093
2006-02-02,0.5827
2006-02-03,-0.3023
2006-02-06,-0.5306
2006-02-07,-1.3208
2006-02-08,0.4376
2006-02-09,-0.9995
2006-02-10,1.5532
2006-02-13,-0.6655
2006-02-14,2.9889
2006-02-15,1.1008
2006-02-16,0.7176
2006-02-17,0.2703
2006-02-21,0.196
2006-02-22,1.8586
2006-02-23,1.3205
2006-02-24,-0.2133
2006-02-27,-0.5937
2006-02-28,-1.9828000000000001
2006-03-01,2.2666
2006-03-02,-1.2869
2006-03-03,0.0724
2006-03-06,-1.3269
2006-03-07,0.8313
2006-03-08,0.1455
2006-03-09,-1.4769999999999999
2006-03-10,2.3101
2006-03-13,-0.7687
2006-03-14,1.8639999999999999
2006-03-15,0.903
2006-03-16,0.4004
2006-03-17,0.9148
2006-03-20,0.1162
2006-03-21,-1.9271
2006-03-22,1.7045
2006-03-23,-1.3035
2006-03-24,2.4764
2006-03-27,0.2762
2006-03-28,0.1836
2006-03-29,-1.6037
2006-03-30,-1.8393000000000002
2006-03-31,-0.8776
2006-04-03,0.5264
2006-04-04,1.9043
2006-04-05,1.4249
2006-04-06,-0.9673
2006-04-07,-0.4884
2006-04-10,0.2103
2006-04-11,-1.819
2006-04-12,1.9715
2006-04-13,-1.4209
2006-04-17,0.4962
2006-04-18,4.7731
2006-04-19,0.6059
2006-04-20,1.1599
2006-04-21,-2.9548
2006-04-24,-1.4088
2006-04-25,-1.5211000000000001
2006-04-26,4.3763
2006-04-27,-1.2556
2006-04-28,-0.6585
2006-05-01,1.7143000000000002
2006-05-02,2.2472
2006-05-03,1.8022
2006-05-04,1.3817
2006-05-05,0.1278
2006-05-08,0.9145
2006-05-09,-0.9062
2006-05-10,1.2548
2006-05-11,0.042
2006-05-12,-1.3437000000000001
2006-05-15,-0.0641
2006-05-16,-0.406
2006-05-17,-1.9308999999999998
2006-05-18,-1.6408
2006-05-19,-0.0667
2006-05-22,-1.3799000000000001
2006-05-23,0.3837
2006-05-24,0.5396
2006-05-25,1.2522
2006-05-26,0.5521
2006-05-30,-3.0529
2006-05-31,-1.2006999999999999
2006-06-01,1.6739000000000002
2006-06-02,-0.1579
2006-06-05,-3.3657
2006-06-06,-1.1219999999999999
2006-06-07,-3.1678
2006-06-08,-1.4404
2006-06-09,0.6936
2006-06-12,-2.9028
2006-06-13,0.2027
2006-06-14,1.3148
2006-06-15,3.6686
2006-06-16,-0.6981
2006-06-19,0.0
2006-06-20,-0.3152
2006-06-21,0.1702
2006-06-22,-1.3596
2006-06-23,1.0583
2006-06-26,1.6318000000000001
2006-06-27,-1.6056
2006-06-28,1.4126
2006-06-29,3.17
2006-06-30,-0.419
2006-07-03,1.0986
2006-07-05,-2.1503
2006-07-06,-1.3469
2006-07-07,-2.7545
2006-07-10,-0.0246
2006-07-11,-1.084
2006-07-12,-0.7472
2006-07-13,-3.3877
2006-07-14,-3.2468
2006-07-17,-0.8591
2006-07-18,-0.1625
2006-07-19,2.8478
2006-07-20,-3.5865
2006-07-21,-1.3676
2006-07-24,1.7194
2006-07-25,0.1636
2006-07-26,-0.7349
2006-07-27,-0.4661
2006-07-28,-1.2121
2006-07-31,-0.1673
2006-08-01,-1.4245999999999999
2006-08-02,2.9753
2006-08-03,4.4854
2006-08-04,0.0
2006-08-07,-0.2634
2006-08-08,-0.6866
2006-08-09,-2.26
2006-08-10,1.0065
2006-08-11,0.1077
2006-08-14,-2.2168
2006-08-15,2.5712
2006-08-16,4.3396
2006-08-17,-0.5683
2006-08-18,1.1691
2006-08-21,-2.2856
2006-08-22,0.841
2006-08-23,-2.8929
2006-08-24,-0.1342
2006-08-25,0.1612
2006-08-28,0.4293
2006-08-29,0.7213
2006-08-30,-0.8488
2006-08-31,1.7121
2006-09-01,1.5255
2006-09-05,1.0881
2006-09-06,-0.9226
2006-09-07,-1.0864
2006-09-08,0.2877
2006-09-11,-2.8683
2006-09-12,0.5638
2006-09-13,2.7763
2006-09-14,0.2857
2006-09-15,-0.1813
2006-09-18,0.7265
2006-09-19,-0.1546
2006-09-20,-1.4706000000000001
2006-09-21,-2.7494
2006-09-22,-0.6731
2006-09-25,1.2198
2006-09-26,0.9106
2006-09-27,2.1497
2006-09-28,0.2598
2006-09-29,-1.5807
2006-10-02,1.8694
2006-10-03,0.6979
2006-10-04,-0.7187
2006-10-05,2.2234
2006-10-06,1.6692
2006-10-09,0.0746
2006-10-10,0.5717
2006-10-11,-0.6426
2006-10-12,-0.199
2006-10-13,0.3739
2006-10-16,2.3342
2006-10-17,-0.7522
2006-10-18,-1.0024
2006-10-19,-2.9143
2006-10-20,-3.0781
2006-10-23,0.6299
2006-10-24,0.1565
2006-10-25,0.2083
2006-10-26,1.0915
2006-10-27,-3.7275
2006-10-30,-1.8692
2006-10-31,-0.1088
2006-11-01,0.5176
2006-11-02,-0.2168
2006-11-03,0.1358
2006-11-06,-0.2983
2006-11-07,1.333
2006-11-08,0.5906
2006-11-09,-0.1068
2006-11-10,0.5638
2006-11-13,0.1602
2006-11-14,0.9861
2006-11-15,1.0821
2006-11-16,0.5744
2006-11-17,-0.3115
2006-11-20,-0.2083
2006-11-21,2.166
2006-11-22,0.8429
2006-11-24,-0.6332
2006-11-27,-2.9824
2006-11-28,-0.1051
2006-11-29,1.4729
2006-11-30,1.1146
2006-12-01,-1.8199999999999998
2006-12-04,0.0783
2006-12-05,1.4088
2006-12-06,1.6208
2006-12-07,0.0
2006-12-08,3.1646
2006-12-11,-1.5951
2006-12-12,-1.0723
2006-12-13,-1.6888999999999998
2006-12-14,0.7949
2006-12-15,-0.3307
2006-12-18,0.2042
2006-12-19,0.2802
2006-12-20,0.2032
2006-12-21,-1.5716
2006-12-22,-1.0044
2006-12-26,-0.6243
2006-12-27,2.6963
2006-12-28,0.0765
2006-12-29,-0.3311
2007-01-03,-0.8178
2007-01-04,-0.1546
2007-01-05,1.6516
2007-01-08,0.5839
2007-01-09,1.4891
2007-01-10,0.8207
2007-01-11,-0.0987
2007-01-12,0.4691
2007-01-16,-0.172
2007-01-17,0.7386
2007-01-18,0.3666
2007-01-19,1.0226
2007-01-22,-1.422
2007-01-23,1.8582
2007-01-24,-0.4081
2007-01-25,-0.2651
2007-01-26,0.87
2007-01-29,-2.0125
2007-01-30,2.1027
2007-01-31,2.682
2007-02-01,0.6297
2007-02-02,1.5991
2007-02-05,-1.0493
2007-02-06,0.1614
2007-02-07,0.4143
2007-02-08,-1.3294000000000001
2007-02-09,-1.8117999999999999
2007-02-12,0.5914
2007-02-13,0.635
2007-02-14,0.4674
2007-02-15,3.06
2007-02-16,0.6346
2007-02-20,-0.0225
2007-02-21,-0.2253
2007-02-22,0.6548
2007-02-23,1.3908
2007-02-26,-0.1991
2007-02-27,-5.1873
2007-02-28,1.2392
2007-03-01,-0.5081
2007-03-02,-1.091
2007-03-05,-1.0092
2007-03-06,1.9203000000000001
2007-03-07,0.6281
2007-03-08,-0.2543
2007-03-09,-1.3673
2007-03-12,0.6579
2007-03-13,-1.2372
2007-03-14,1.0399
2007-03-15,0.3743
2007-03-16,0.1165
2007-03-19,2.0717
2007-03-20,1.0262
2007-03-21,1.8058999999999998
2007-03-22,0.0887
2007-03-23,0.6203
2007-03-26,-0.1982
2007-03-27,-3.3532
2007-03-28,-2.1228
2007-03-29,1.0493999999999999
2007-03-30,0.0923
2007-04-02,1.5218
2007-04-03,-0.1136
2007-04-04,-0.3183
2007-04-05,-0.5246
2007-04-09,0.321
2007-04-10,1.8971
2007-04-11,-1.0991
2007-04-12,1.7691
2007-04-13,-0.2897
2007-04-16,0.4694
2007-04-17,-0.4449
2007-04-18,0.2458
2007-04-19,-1.3152
2007-04-20,2.5751
2007-04-23,0.5065
2007-04-24,-0.9641
2007-04-25,0.7522
2007-04-26,1.1419
2007-04-27,-0.0217
2007-04-30,-3.0402
2007-05-01,0.9406
2007-05-02,1.5088
2007-05-03,0.7869
2007-05-04,0.6506
2007-05-07,-0.6895
2007-05-08,0.716
2007-05-09,1.9819
2007-05-10,-2.2602
2007-05-11,1.1887
2007-05-14,-0.0643
2007-05-15,5.7498000000000005
2007-05-16,-0.5681
2007-05-17,-0.2653
2007-05-18,0.3069
2007-05-21,-0.2651
2007-05-22,-0.0613
2007-05-23,-0.839
2007-05-24,-0.2064
2007-05-25,0.8065
2007-05-29,1.0051
2007-05-30,0.9139
2007-05-31,3.3005
2007-06-01,0.7013
2007-06-04,-0.0193
2007-06-05,-0.058
2007-06-06,-2.2652
2007-06-07,-0.4952
2007-06-08,1.8316
2007-06-11,0.0782
2007-06-12,-1.9340000000000002
2007-06-13,5.3386
2007-06-14,-0.8132
2007-06-15,-0.1716
2007-06-18,4.5646
2007-06-19,0.4384
2007-06-20,1.0002
2007-06-21,0.8102
2007-06-22,-0.4644
2007-06-25,-1.3637000000000001
2007-06-26,-1.6373
2007-06-27,1.1282
2007-06-28,0.1463
2007-06-29,0.1096
2007-07-02,1.3864
2007-07-03,0.3059
2007-07-05,-1.0942
2007-07-06,-0.4534
2007-07-09,1.0384
2007-07-10,-1.172
2007-07-11,-0.146
2007-07-12,1.2973
2007-07-13,-0.4329
2007-07-16,1.2319
2007-07-17,-0.1253
2007-07-18,0.3225
2007-07-19,-0.5179
2007-07-20,-1.8492
2007-07-23,0.2561
2007-07-24,-3.3023
2007-07-25,-2.0189
2007-07-26,-2.3878
2007-07-27,-5.0306
2007-07-30,7.5405
2007-07-31,-2.8007999999999997
2007-08-01,0.6757
2007-08-02,2.2503
2007-08-03,-3.3012
2007-08-06,3.2142
2007-08-07,-1.4313
2007-08-08,0.157
2007-08-09,-4.9765
2007-08-10,-0.1237
2007-08-13,3.2411
2007-08-14,-4.0538
2007-08-15,0.6275
2007-08-16,-1.8707
2007-08-17,2.6054
2007-08-20,1.9405000000000001
2007-08-21,1.1746
2007-08-22,2.6021
2007-08-23,-1.4631
2007-08-24,3.0885
2007-08-27,-2.0549
2007-08-28,-3.7451
2007-08-29,3.2389
2007-08-30,1.4799
2007-08-31,0.9722
2007-09-04,0.9436
2007-09-05,-1.4689
2007-09-06,1.8587
2007-09-07,-2.0909
2007-09-10,-0.5242
2007-09-11,1.5417999999999998
2007-09-12,-1.2685
2007-09-13,0.876
2007-09-14,0.9649
2007-09-17,-0.5925
2007-09-18,4.2107
2007-09-19,0.3321
2007-09-20,-1.085
2007-09-21,0.0186
2007-09-24,-0.0743
2007-09-25,-0.2232
2007-09-26,-0.5406
2007-09-27,1.1809
2007-09-28,0.9077
2007-10-01,0.7711
2007-10-02,-1.0931
2007-10-03,-1.7314
2007-10-04,0.9185
2007-10-05,3.1761
2007-10-08,-1.6202
2007-10-09,-0.5855
2007-10-10,-0.0736
2007-10-11,-1.8788
2007-10-12,-0.3567
2007-10-15,-0.942
2007-10-16,-0.2282
2007-10-17,-1.2581
2007-10-18,1.1004
2007-10-19,-5.4993
2007-10-22,0.9901
2007-10-23,2.441
2007-10-24,-0.8008
2007-10-25,-2.1264
2007-10-26,2.4744
2007-10-29,1.9435
2007-10-30,-3.6203
2007-10-31,0.5994
2007-11-01,-0.854
2007-11-02,1.262
2007-11-05,-0.0989
2007-11-06,1.9207999999999998
2007-11-07,-2.7782999999999998
2007-11-08,-0.4796
2007-11-09,-1.4309
2007-11-12,0.2045
2007-11-13,1.2038
2007-11-14,0.8266
2007-11-15,-1.2398
2007-11-16,-1.1945999999999999
2007-11-19,-1.3934
2007-11-20,2.9093999999999998
2007-11-21,-2.9887
2007-11-23,1.3739
2007-11-26,0.0411
2007-11-27,1.9294
2007-11-28,3.4031000000000002
2007-11-29,-0.1753
2007-11-30,0.7413
2007-12-03,-1.2393
2007-12-04,0.9412
2007-12-05,0.0971
2007-12-06,0.2911
2007-12-07,0.3676
2007-12-10,0.2892
2007-12-11,-3.96
2007-12-12,0.0801
2007-12-13,0.42
2007-12-14,-2.0514
2007-12-17,-11.3461
2007-12-18,1.5367
2007-12-19,1.8296999999999999
2007-12-20,-0.7764
2007-12-21,2.5709999999999997
2007-12-24,2.6809
2007-12-26,-0.1486
2007-12-27,-1.318
2007-12-28,0.5816
2007-12-31,-0.4712
2008-01-02,-3.3785
2008-01-03,-1.3808
2008-01-04,-3.7715
2008-01-07,-3.6142
2008-01-08,-2.654
2008-01-09,-1.8258999999999999
2008-01-10,3.0318
2008-01-11,0.1236
2008-01-14,2.2475
2008-01-15,-3.5507
2008-01-16,-1.6028
2008-01-17,-6.4138
2008-01-18,1.0063
2008-01-22,0.9155
2008-01-23,4.7225
2008-01-24,-0.9936
2008-01-25,-0.2831
2008-01-28,0.8516
2008-01-29,1.6377000000000002
2008-01-30,-1.712
2008-01-31,1.1527
2008-02-01,-0.7344
2008-02-04,-0.0255
2008-02-05,-2.1179
2008-02-06,0.8342
2008-02-07,-1.06
2008-02-08,-2.3256
2008-02-11,0.107
2008-02-12,3.0732
2008-02-13,4.1483
2008-02-14,-1.0503
2008-02-15,-0.6571
2008-02-19,0.5851
2008-02-20,-0.5564
2008-02-21,-0.4578
2008-02-22,0.5876
2008-02-25,2.5907999999999998
2008-02-26,2.2035
2008-02-27,2.8828
2008-02-28,1.3421
2008-02-29,-2.7416
2008-03-03,1.9111
2008-03-04,-1.3596
2008-03-05,1.9724
2008-03-06,-0.6059
2008-03-07,0.5158
2008-03-10,-3.8487999999999998
2008-03-11,4.5123999999999995
2008-03-12,1.4856
2008-03-13,1.2809
2008-03-14,-2.5519
2008-03-17,-0.3476
2008-03-18,3.4651
2008-03-19,-4.4729
2008-03-20,1.2
2008-03-24,2.2785
2008-03-25,2.4551
2008-03-26,-1.8416000000000001
2008-03-27,-1.6726999999999999
2008-03-28,0.7356
2008-03-31,1.7344
2008-04-01,4.2620000000000005
2008-04-02,-1.3338999999999999
2008-04-03,-0.4361
2008-04-04,2.0149
2008-04-07,-1.7175
2008-04-08,-1.9441000000000002
2008-04-09,-1.5594000000000001
2008-04-10,0.5205
2008-04-11,-2.6565
2008-04-14,-0.185
2008-04-15,0.9268
2008-04-16,4.775
2008-04-17,-1.1174
2008-04-18,1.7062
2008-04-21,0.0654
2008-04-22,-2.3079
2008-04-23,-2.8527
2008-04-24,-1.6059
2008-04-25,0.4896
2008-04-28,1.6473
2008-04-29,-2.8532
2008-04-30,4.2763
2008-05-01,1.2393
2008-05-02,0.1335
2008-05-05,-2.0671
2008-05-06,-0.6809
2008-05-07,-1.7824
2008-05-08,-0.349
2008-05-09,-0.7238
2008-05-12,3.1515
2008-05-13,1.71
2008-05-14,0.0
2008-05-15,0.6977
2008-05-16,2.481
2008-05-19,0.2617
2008-05-20,-2.7627
2008-05-21,-1.7673
2008-05-22,-1.4575
2008-05-23,-1.1555
2008-05-27,0.8183
2008-05-28,1.8553
2008-05-29,-0.2505
2008-05-30,0.525
2008-06-02,-1.4532
2008-06-03,0.2765
2008-06-04,-0.7353
2008-06-05,1.4583
2008-06-06,-2.5781
2008-06-09,-7.3068
2008-06-10,0.9853
2008-06-11,-4.7536000000000005
2008-06-12,1.5234999999999999
2008-06-13,2.8719
2008-06-16,-0.6288
2008-06-17,-1.4426999999999999
2008-06-18,-0.9759
2008-06-19,2.1266
2008-06-20,-1.1173
2008-06-23,1.1556
2008-06-24,-1.4725
2008-06-25,-1.3914
2008-06-26,-3.1356
2008-06-27,-0.5395
2008-06-30,1.5189
2008-07-01,-1.0419
2008-07-02,-3.8337
2008-07-03,2.8916
2008-07-07,0.5457
2008-07-08,-0.8684
2008-07-09,-2.8196
2008-07-10,-0.2535
2008-07-11,-1.9203999999999999
2008-07-14,0.8062
2008-07-15,-1.571
2008-07-16,1.9443000000000001
2008-07-17,4.7822
2008-07-18,-2.2005
2008-07-21,0.4167
2008-07-22,-0.1383
2008-07-23,2.7978
2008-07-24,-2.3983
2008-07-25,0.2209
2008-07-28,-1.5427
2008-07-29,3.3576
2008-07-30,0.0812
2008-07-31,-2.6237
2008-08-01,2.5556
2008-08-04,-1.4626000000000001
2008-08-05,0.8521
2008-08-06,4.1701
2008-08-07,-2.5379
2008-08-08,5.7181
2008-08-11,1.8537
2008-08-12,-1.097
2008-08-13,-1.0839
2008-08-14,0.8705
2008-08-15,1.9543
2008-08-18,-2.2903000000000002
2008-08-19,-3.1847
2008-08-20,0.3947
2008-08-21,0.2883
2008-08-22,-0.7841
2008-08-25,-3.1612
2008-08-26,-1.1697
2008-08-27,1.3487
2008-08-28,1.8197
2008-08-29,-1.4937
2008-09-02,-1.1373
2008-09-03,0.1643
2008-09-04,-3.6369
2008-09-05,0.681
2008-09-08,1.212
2008-09-09,-5.1239
2008-09-10,2.759
2008-09-11,1.0283
2008-09-12,1.6398000000000001
2008-09-15,-4.9235
2008-09-16,-0.117
2008-09-17,-5.2138
2008-09-18,6.7367
2008-09-19,5.4719
2008-09-22,-6.4233
2008-09-23,-4.3414
2008-09-24,0.0613
2008-09-25,-0.4291
2008-09-26,-1.4466
2008-09-29,-6.7458
2008-09-30,4.3871
2008-10-01,-5.486
2008-10-02,-6.4834
2008-10-03,-0.6171
2008-10-06,-5.1132
2008-10-07,-7.5828
2008-10-08,0.708
2008-10-09,-13.3168
2008-10-10,-3.7691
2008-10-13,15.5181
2008-10-14,-4.721
2008-10-15,-12.2523
2008-10-16,0.2053
2008-10-17,5.3791
2008-10-20,-0.2431
2008-10-21,-1.5107
2008-10-22,-7.0757
2008-10-23,-3.4079
2008-10-24,-5.8986
2008-10-27,-6.2097
2008-10-28,12.1174
2008-10-29,-5.1811
2008-10-30,6.9918
2008-10-31,1.318
2008-11-03,-3.4146
2008-11-04,5.0505
2008-11-05,-4.3269
2008-11-06,-9.5477
2008-11-07,4.9383
2008-11-10,-0.5294
2008-11-11,-5.2632
2008-11-12,-6.1798
2008-11-13,9.6296
2008-11-14,-7.1867
2008-11-17,-0.3971
2008-11-18,-0.2658
2008-11-19,-8.2612
2008-11-20,-12.2731
2008-11-21,6.2914
2008-11-24,9.891
2008-11-25,-1.7718
2008-11-26,6.7821
2008-11-28,5.9459
2008-12-01,-7.398
2008-12-02,3.0303
2008-12-03,1.5373999999999999
2008-12-04,-3.8841
2008-12-05,5.7534
2008-12-08,5.4404
2008-12-09,-0.86
2008-12-10,3.2838
2008-12-11,-8.1584
2008-12-12,2.0901
2008-12-15,-3.135
2008-12-16,4.9538
2008-12-17,2.8949
2008-12-18,-4.6483
2008-12-19,4.7466
2008-12-22,-1.7759
2008-12-23,-0.3117
2008-12-24,1.9386999999999999
2008-12-26,2.2086
2008-12-29,-2.521
2008-12-30,5.234
2008-12-31,1.5213999999999999
2009-01-02,8.4726
2009-01-05,0.3188
2009-01-06,0.4237
2009-01-07,2.3734
2009-01-08,2.6790000000000003
2009-01-09,0.4516
2009-01-12,-7.992
2009-01-13,-1.1401
2009-01-14,-3.899
2009-01-15,2.4
2009-01-16,0.4464
2009-01-20,-4.3333
2009-01-21,-0.9872
2009-01-22,-2.5220000000000002
2009-01-23,0.361
2009-01-26,-0.4197
2009-01-27,1.6857
2009-01-28,5.2694
2009-01-29,-5.9055
2009-01-30,-3.1082
2009-02-02,-1.7890000000000001
2009-02-03,1.0678
2009-02-04,0.6215
2009-02-05,-0.5559
2009-02-06,2.1118
2009-02-09,3.3455
2009-02-10,-8.2401
2009-02-11,13.7267
2009-02-12,-3.1909
2009-02-13,2.3543
2009-02-17,-6.268
2009-02-18,1.7791000000000001
2009-02-19,-3.255
2009-02-20,-1.3707
2009-02-23,-7.0752
2009-02-24,5.6424
2009-02-25,-4.3115
2009-02-26,-1.5467
2009-02-27,-3.1421
2009-03-02,-8.3921
2009-03-03,-2.5404
2009-03-04,5.1343
2009-03-05,-8.6401
2009-03-06,-2.6316
2009-03-09,2.8716
2009-03-10,10.0164
2009-03-11,4.4030000000000005
2009-03-12,-0.4289
2009-03-13,-0.4307
2009-03-16,0.4326
2009-03-17,1.1486
2009-03-18,3.7615
2009-03-19,1.0944
2009-03-20,-5.8863
2009-03-23,9.7771
2009-03-24,-2.0956
2009-03-25,-0.2676
2009-03-26,4.6278
2009-03-27,-4.1667
2009-03-30,-6.4883
2009-03-31,-1.2876
2009-04-01,5.2174
2009-04-02,10.1928
2009-04-03,3.375
2009-04-06,-1.451
2009-04-07,-6.0736
2009-04-08,0.6532
2009-04-09,7.852
2009-04-13,-0.5415
2009-04-14,-3.6903
2009-04-15,1.696
2009-04-16,4.6325
2009-04-17,2.4203
2009-04-20,-7.4352
2009-04-21,4.1719
2009-04-22,15.6605
2009-04-23,3.6693
2009-04-24,8.9731
2009-04-27,-2.8362
2009-04-28,-3.2957
2009-04-29,6.9133
2009-04-30,-0.8652
2009-05-01,0.5972
2009-05-04,5.8904
2009-05-05,0.1725
2009-05-06,1.3775
2009-05-07,-7.8981
2009-05-08,7.1923
2009-05-11,-3.828
2009-05-12,-3.6225
2009-05-13,-5.8961
2009-05-14,1.4421
2009-05-15,0.7353
2009-05-18,6.0341
2009-05-19,1.285
2009-05-20,-0.9515
2009-05-21,-3.6139
2009-05-22,0.3797
2009-05-26,0.5201
2009-05-27,-3.81
2009-05-28,-0.978
2009-05-29,-0.0988
2009-06-01,7.1181
2009-06-02,-0.7383
2009-06-03,-1.8596
2009-06-04,4.2634
2009-06-05,3.4984
2009-06-08,-0.0439
2009-06-09,0.2635
2009-06-10,-1.7959
2009-06-11,2.0071
2009-06-12,0.8308
2009-06-15,-3.1657
2009-06-16,-2.3287
2009-06-17,-1.4672
2009-06-18,-0.7911
2009-06-19,1.7824
2009-06-22,-5.3917
2009-06-23,0.341
2009-06-24,1.7476
2009-06-25,4.4847
2009-06-26,-2.5114
2009-06-29,-0.7026
2009-06-30,-1.4151
2009-07-01,2.3923
2009-07-02,-2.8037
2009-07-06,-2.2596
2009-07-07,-0.8362
2009-07-08,-1.5377
2009-07-09,-0.4534
2009-07-10,0.6073
2009-07-13,2.5654
2009-07-14,0.1962
2009-07-15,4.3563
2009-07-16,1.8293
2009-07-17,-0.0921
2009-07-20,4.9331
2009-07-21,2.4165
2009-07-22,0.0429
2009-07-23,3.259
2009-07-24,14.1196
2009-07-27,-0.6186
2009-07-28,2.3068
2009-07-29,-0.68
2009-07-30,3.3874
2009-07-31,0.6623
2009-08-03,0.5194
2009-08-04,-0.0344
2009-08-05,-0.1034
2009-08-06,0.0345
2009-08-07,-0.6552
2009-08-10,-0.6595
2009-08-11,-2.0266
2009-08-12,3.5307
2009-08-13,2.308
2009-08-14,-2.4242
2009-08-17,-2.1446
2009-08-18,2.3683
2009-08-19,0.2072
2009-08-20,3.6527
2009-08-21,3.125
2009-08-24,-0.2579
2009-08-25,0.1939
2009-08-26,-0.7097
2009-08-27,0.8772
2009-08-28,0.0322
2009-08-31,-0.5473
2009-09-01,-1.392
2009-09-02,-0.5909
2009-09-03,2.0145
2009-09-04,1.1331
2009-09-08,1.1844000000000001
2009-09-09,0.5378
2009-09-10,0.5349
2009-09-11,0.4382
2009-09-14,0.5298
2009-09-15,0.806
2009-09-16,0.6765
2009-09-17,-1.1301
2009-09-18,-0.8959
2009-09-21,-1.9015
2009-09-22,1.2075
2009-09-23,-2.0408
2009-09-24,-1.6346
2009-09-25,0.391
2009-09-28,1.1360000000000001
2009-09-29,-0.2567
2009-09-30,-1.3192
2009-10-01,-2.1193
2009-10-02,-1.066
2009-10-05,2.4579
2009-10-06,1.4459
2009-10-07,0.5831
2009-10-08,1.9002
2009-10-09,2.2756
2009-10-12,1.6378
2009-10-13,1.1554
2009-10-14,4.8392
2009-10-15,-1.7489
2009-10-16,-1.6924000000000001
2009-10-19,0.7717
2009-10-20,1.5611000000000002
2009-10-21,0.522
2009-10-22,1.9908000000000001
2009-10-23,-1.5276
2009-10-26,-2.7291
2009-10-27,-3.8984
2009-10-28,-2.7965999999999998
2009-10-29,2.3712
2009-10-30,-2.4398
2009-11-02,0.8547
2009-11-03,3.3898
2009-11-04,-0.759
2009-11-05,2.9979
2009-11-06,0.5049
2009-11-09,4.1076
2009-11-10,0.1419
2009-11-11,1.2496
2009-11-12,1.1219999999999999
2009-11-13,2.2469
2009-11-16,1.0038
2009-11-17,-1.6922000000000001
2009-11-18,0.2732
2009-11-19,-0.8719
2009-11-20,-1.0445
2009-11-23,0.5
2009-11-24,-1.686
2009-11-25,0.7028
2009-11-27,-1.6192
2009-11-30,0.3689
2009-12-01,1.5267
2009-12-02,0.0
2009-12-03,-1.0304
2009-12-04,0.6753
2009-12-07,-0.3913
2009-12-08,-1.8799000000000001
2009-12-09,-0.1144
2009-12-10,1.2024
2009-12-11,0.7921
2009-12-14,2.4418
2009-12-15,-0.2192
2009-12-16,-0.4119
2009-12-17,-0.8271
2009-12-18,-0.973
2009-12-21,1.3195000000000001
2009-12-22,-0.4156
2009-12-23,0.8069
2009-12-24,0.4416
2009-12-28,-0.2748
2009-12-29,-0.1653
2009-12-30,-0.276
2009-12-31,-1.0794
2010-01-04,1.427
2010-01-05,-0.9931
2010-01-06,-0.7244
2010-01-07,1.0104
2010-01-08,1.7227000000000001
2010-01-11,2.4583
2010-01-12,-2.1061
2010-01-13,-0.1089
2010-01-14,0.8451
2010-01-15,0.1892
2010-01-19,1.1602999999999999
2010-01-20,-0.6668
2010-01-21,-1.5306
2010-01-22,-3.8996
2010-01-25,-0.6527
2010-01-26,-0.7141
2010-01-27,-2.5316
2010-01-28,-1.7414
2010-01-29,-2.4932
2010-02-01,1.756
2010-02-02,4.4202
2010-02-03,0.145
2010-02-04,-4.2849
2010-02-05,-0.4537
2010-02-08,-0.0912
2010-02-09,2.0681
2010-02-10,-0.5066
2010-02-11,1.767
2010-02-12,-7.7987
2010-02-16,1.9834
2010-02-17,2.0389
2010-02-18,2.1826
2010-02-19,0.361
2010-02-22,-0.2698
2010-02-23,-2.2843
2010-02-24,-0.3384
2010-02-25,-1.2654
2010-02-26,-0.2501
2010-03-01,2.4444
2010-03-02,0.4283
2010-03-03,2.4977
2010-03-04,-1.3967
2010-03-05,2.2904999999999998
2010-03-08,0.2652
2010-03-09,-0.5583
2010-03-10,0.1478
2010-03-11,2.4491
2010-03-12,0.2592
2010-03-15,0.3735
2010-03-16,2.1752
2010-03-17,-1.4285999999999999
2010-03-18,0.3978
2010-03-19,-1.302
2010-03-22,2.1222
2010-03-23,1.5164
2010-03-24,-3.4577999999999998
2010-03-25,-1.0888
2010-03-26,0.3476
2010-03-29,0.0289
2010-03-30,0.6638
2010-03-31,-0.0287
2010-04-01,1.9501
2010-04-05,2.1097
2010-04-06,0.3857
2010-04-07,0.6037
2010-04-08,0.4092
2010-04-09,1.4127
2010-04-12,0.3215
2010-04-13,-1.2016
2010-04-14,0.9459
2010-04-15,1.2584
2010-04-16,-1.7450999999999999
2010-04-19,0.2691
2010-04-20,2.1202
2010-04-21,0.4993
2010-04-22,1.9874
2010-04-23,-4.8718
2010-04-26,1.9946000000000002
2010-04-27,-3.0391
2010-04-28,-0.3816
2010-04-29,1.9425
2010-04-30,-0.7515
2010-05-03,2.8935
2010-05-04,-3.7845
2010-05-05,2.0213
2010-05-06,-3.079
2010-05-07,-2.6519
2010-05-10,6.7253
2010-05-11,1.3294000000000001
2010-05-12,3.936
2010-05-13,1.0098
2010-05-14,-3.1492
2010-05-17,-0.0258
2010-05-18,-1.8843999999999999
2010-05-19,-2.5257
2010-05-20,-4.1835
2010-05-21,1.0704
2010-05-24,-0.5017
2010-05-25,-0.112
2010-05-26,1.318
2010-05-27,4.2901
2010-05-28,-0.982
2010-06-01,0.4556
2010-06-02,2.7481
2010-06-03,1.7138
2010-06-04,-4.9528
2010-06-07,-2.498
2010-06-08,0.4683
2010-06-09,-0.7129
2010-06-10,3.2035
2010-06-11,1.0992
2010-06-14,0.9812
2010-06-15,4.0966
2010-06-16,-0.2018
2010-06-17,-0.7836
2010-06-18,0.4331
2010-06-21,1.446
2010-06-22,-2.4006
2010-06-23,-1.1273
2010-06-24,-0.8811
2010-06-25,-0.6536
2010-06-28,-2.6052999999999997
2010-06-29,-4.6744
2010-06-30,-2.2392
2010-07-01,-2.3485
2010-07-02,-1.0689
2010-07-06,0.4802
2010-07-07,1.7324000000000002
2010-07-08,0.5578
2010-07-09,-0.6131
2010-07-12,-0.4113
2010-07-13,3.4808
2010-07-14,-0.3136
2010-07-15,-0.1144
2010-07-16,-1.6032
2010-07-19,1.7748
2010-07-20,2.1155
2010-07-21,0.9518
2010-07-22,2.0521
2010-07-23,1.3315000000000001
2010-07-26,2.199
2010-07-27,-0.1837
2010-07-28,-0.7886
2010-07-29,-0.7684
2010-07-30,0.0267
2010-08-02,1.4415
2010-08-03,-1.3158
2010-08-04,1.28
2010-08-05,0.4476
2010-08-06,-1.4679
2010-08-09,-0.0266
2010-08-10,-1.7029999999999998
2010-08-11,-4.196
2010-08-12,-0.3673
2010-08-13,0.0851
2010-08-16,-0.5384
2010-08-17,2.792
2010-08-18,0.1386
2010-08-19,-1.6053
2010-08-20,-0.9283
2010-08-23,-1.448
2010-08-24,-3.2555
2010-08-25,-0.3871
2010-08-26,-0.3587
2010-08-27,1.5602
2010-08-30,-2.0975
2010-08-31,-1.8407
2010-09-01,3.5659
2010-09-02,1.8403
2010-09-03,1.0493
2010-09-07,-1.5575
2010-09-08,0.7618
2010-09-09,-0.5234
2010-09-10,1.3154
2010-09-13,0.8095
2010-09-14,-0.8603
2010-09-15,-2.0827
2010-09-16,1.9202
2010-09-17,1.1304
2010-09-20,2.2929
2010-09-21,0.7285
2010-09-22,-0.8623
2010-09-23,-2.1605
2010-09-24,1.2045
2010-09-27,-1.1618
2010-09-28,1.9495
2010-09-29,0.4499
2010-09-30,-0.028
2010-10-01,0.5601
2010-10-04,0.4177
2010-10-05,3.0505
2010-10-06,2.718
2010-10-07,0.5502
2010-10-08,0.7035
2010-10-11,-0.1294
2010-10-12,0.0
2010-10-13,1.2176
2010-10-14,-0.6911
2010-10-15,-0.1546
2010-10-18,0.2581
2010-10-19,-2.1885
2010-10-20,1.1582
2010-10-21,1.3791
2010-10-22,1.001
2010-10-25,1.3215
2010-10-26,-0.4765
2010-10-27,-0.8317
2010-10-28,-0.6607
2010-10-29,0.5628
2010-11-01,0.8904
2010-11-02,-0.3782
2010-11-03,0.2784
2010-11-04,2.4735
2010-11-05,1.0591
2010-11-08,0.0731
2010-11-09,-0.9498
2010-11-10,1.1556
2010-11-11,4.3267
2010-11-12,-2.1202
2010-11-15,0.4285
2010-11-16,-1.8251
2010-11-17,-1.2796
2010-11-18,0.7826
2010-11-19,-0.728
2010-11-22,0.5867
2010-11-23,-2.4058
2010-11-24,2.4153000000000002
2010-11-26,-0.7294
2010-11-29,0.6123
2010-11-30,-0.1947
2010-12-01,2.6829
2010-12-02,1.4014
2010-12-03,0.5153
2010-12-06,0.2564
2010-12-07,1.5342
2010-12-08,-0.0687
2010-12-09,1.008
2010-12-10,0.8846
2010-12-13,0.8557
2010-12-14,2.2326
2010-12-15,0.4805
2010-12-16,0.9998
2010-12-17,1.1405
2010-12-20,0.234
2010-12-21,0.0637
2010-12-22,-0.1061
2010-12-23,-0.446
2010-12-27,0.5759
2010-12-28,0.2121
2010-12-29,0.1693
2010-12-30,0.0634
2010-12-31,-0.5701
2011-01-03,1.2104
2011-01-04,-1.4058
2011-01-05,0.5959
2011-01-06,-0.6981
2011-01-07,-0.7243
2011-01-10,-0.1073
2011-01-11,0.5156
2011-01-12,0.8549
2011-01-13,-0.6145
2011-01-14,-0.1706
2011-01-18,-0.0641
2011-01-19,-1.2610000000000001
2011-01-20,-1.1688
2011-01-21,-0.0876
2011-01-24,1.1399
2011-01-25,0.2167
2011-01-26,1.1894
2011-01-27,0.4488
2011-01-28,-1.8723
2011-01-31,2.3417
2011-02-01,0.9958
2011-02-02,0.2098
2011-02-03,-1.256
2011-02-04,1.5476
2011-02-07,1.4196
2011-02-08,0.9263
2011-02-09,-5.67
2011-02-10,0.8
2011-02-11,1.8662
2011-02-14,-0.8212
2011-02-15,0.552
2011-02-16,-0.19
2011-02-17,-1.0154
2011-02-18,0.6625
2011-02-22,-2.1019
2011-02-23,-2.7542999999999997
2011-02-24,-0.223
2011-02-25,0.9835
2011-02-28,0.2656
2011-03-01,-1.8102
2011-03-02,0.0674
2011-03-03,1.8423
2011-03-04,-1.0148
2011-03-07,0.5795
2011-03-08,1.9278
2011-03-09,0.4348
2011-03-10,-0.8021
2011-03-11,1.6827
2011-03-14,-1.4614
2011-03-15,0.5234
2011-03-16,-1.3235000000000001
2011-03-17,1.6711
2011-03-18,0.8002
2011-03-21,3.3684
2011-03-22,-1.4736
2011-03-23,0.0
2011-03-24,1.1165
2011-03-25,0.375
2011-03-28,-0.5604
2011-03-29,0.5218
2011-03-30,1.3289
2011-03-31,-1.0041
2011-04-01,0.0207
2011-04-04,-0.7657
2011-04-05,-0.1043
2011-04-06,-0.167
2011-04-07,1.2547
2011-04-08,-0.9087
2011-04-11,0.3126
2011-04-12,-2.2024
2011-04-13,0.5524
2011-04-14,-1.2888
2011-04-15,0.1284
2011-04-18,-1.2612
2011-04-19,1.4938
2011-04-20,4.1596
2011-04-21,2.8057
2011-04-25,-0.0398
2011-04-26,0.9964
2011-04-27,0.217
2011-04-28,-0.1772
2011-04-29,-0.3945
2011-05-02,-0.099
2011-05-03,0.1586
2011-05-04,-1.2468
2011-05-05,-1.3026
2011-05-06,1.6853
2011-05-09,1.5775000000000001
2011-05-10,2.3786
2011-05-11,-3.3026
2011-05-12,0.8539
2011-05-13,-1.3192
2011-05-16,-0.7781
2011-05-17,-2.5739
2011-05-18,1.5686
2011-05-19,1.7273
2011-05-20,-1.7579
2011-05-23,-2.074
2011-05-24,0.2699
2011-05-25,1.4082
2011-05-26,0.1838
2011-05-27,0.958
2011-05-31,0.747
2011-06-01,-4.8697
2011-06-02,0.5477
2011-06-03,-1.8228
2011-06-06,-1.4298
2011-06-07,-0.7794
2011-06-08,-2.2038
2011-06-09,0.2454
2011-06-10,-1.8696000000000002
2011-06-13,-2.9032
2011-06-14,2.6395999999999997
2011-06-15,-1.8662
2011-06-16,1.4651
2011-06-17,0.0458
2011-06-20,0.1833
2011-06-21,2.1724
2011-06-22,-0.6714
2011-06-23,0.3605
2011-06-24,-3.1657
2011-06-27,0.9274
2011-06-28,0.1608
2011-06-29,0.7339
2011-06-30,3.3925
2011-07-01,3.6336
2011-07-05,-2.5924
2011-07-06,0.4145
2011-07-07,1.6076000000000001
2011-07-08,-1.6036000000000001
2011-07-11,-2.1295
2011-07-12,0.3774
2011-07-13,1.5483
2011-07-14,-1.4812
2011-07-15,-1.0612
2011-07-18,-2.7039
2011-07-19,2.2049
2011-07-20,0.6067
2011-07-21,-8.3538
2011-07-22,-1.5842
2011-07-25,-1.5354
2011-07-26,-0.4024
2011-07-27,-5.0
2011-07-28,-0.638
2011-07-29,0.107
2011-08-01,-0.4009
2011-08-02,-5.5004
2011-08-03,-1.1073
2011-08-04,-5.8857
2011-08-05,-2.8066
2011-08-08,-7.376
2011-08-09,1.9315
2011-08-10,-6.2168
2011-08-11,3.1549
2011-08-12,4.433
2011-08-15,3.3235
2011-08-16,-1.5924
2011-08-17,-2.8479
2011-08-18,-7.3951
2011-08-19,-0.8633
2011-08-22,-0.6894
2011-08-23,6.3573
2011-08-24,3.4009
2011-08-25,-1.3289
2011-08-26,6.2626
2011-08-29,3.1686
2011-08-30,1.1057
2011-08-31,1.7922
2011-09-01,-2.9245
2011-09-02,-0.4611
2011-09-06,1.4515
2011-09-07,4.9011
2011-09-08,-3.2211
2011-09-09,-2.8786
2011-09-12,1.2705
2011-09-13,1.6524
2011-09-14,1.2944
2011-09-15,3.685
2011-09-16,2.3216
2011-09-19,-5.7703
2011-09-20,-1.308
2011-09-21,-4.247
2011-09-22,-4.9072
2011-09-23,2.5471
2011-09-26,5.1935
2011-09-27,0.3067
2011-09-28,-3.6992000000000003
2011-09-29,1.4603
2011-09-30,-12.1089
2011-10-03,-5.7316
2011-10-04,4.1541
2011-10-05,0.9427
2011-10-06,0.8621
2011-10-07,-1.2107999999999999
2011-10-10,2.3792
2011-10-11,1.4085
2011-10-12,3.9583
2011-10-13,-2.2044
2011-10-14,4.2691
2011-10-17,-4.946
2011-10-18,4.4108
2011-10-19,-1.8812
2011-10-20,-7.9045
2011-10-21,2.0453
2011-10-24,5.5834
2011-10-25,0.4068
2011-10-26,2.4983
2011-10-27,3.7549
2011-10-28,2.6667
2011-10-31,-3.7415000000000003
2011-11-01,-1.3492
2011-11-02,5.3403
2011-11-03,1.8547
2011-11-04,-1.4870999999999999
2011-11-07,-0.6161
2011-11-08,0.0
2011-11-09,-6.6956
2011-11-10,-0.3987
2011-11-11,4.7698
2011-11-14,-0.7004
2011-11-15,1.8916
2011-11-16,-0.8811
2011-11-17,-4.3175
2011-11-18,3.5169
2011-11-21,-0.4487
2011-11-22,-0.9337
2011-11-23,-4.6799
2011-11-25,-0.5455
2011-11-28,5.6565
2011-11-29,0.3245
2011-11-30,7.1151
2011-12-01,0.936
2011-12-02,-0.5983
2011-12-05,2.8589
2011-12-06,-1.4921
2011-12-07,-0.2673
2011-12-08,-3.8416
2011-12-09,2.7563
2011-12-12,-2.8632
2011-12-13,-3.706
2011-12-14,-1.7788
2011-12-15,1.9756
2011-12-16,-1.0333
2011-12-19,-2.708
2011-12-20,5.4326
2011-12-21,-1.6539000000000001
2011-12-22,0.7115
2011-12-23,0.3211
2011-12-27,-0.128
2011-12-28,-2.9487
2011-12-29,1.1889
2011-12-30,-0.5548
2012-01-03,5.3495
2012-01-04,-0.7477
2012-01-05,1.1299
2012-01-06,-0.6207
2012-01-09,1.3429
2012-01-10,2.0955
2012-01-11,0.5735
2012-01-12,5.1921
2012-01-13,-3.1669
2012-01-17,-0.383
2012-01-18,2.4549
2012-01-19,-0.9815
2012-01-20,-0.8455
2012-01-23,1.9112
2012-01-24,1.3559999999999999
2012-01-25,1.6225
2012-01-26,-1.9607999999999999
2012-01-27,0.4571
2012-01-30,2.0762
2012-01-31,-2.6470000000000002
2012-02-01,0.6869
2012-02-02,3.0699
2012-02-03,3.4749
2012-02-06,-0.4531
2012-02-07,0.5622
2012-02-08,1.1448
2012-02-09,-0.1579
2012-02-10,0.1318
2012-02-13,2.5013
2012-02-14,-0.0771
2012-02-15,0.8997
2012-02-16,4.1529
2012-02-17,0.0978
2012-02-21,0.1711
2012-02-22,-0.3903
2012-02-23,-0.3674
2012-02-24,-0.4916
2012-02-27,-0.3706
2012-02-28,-0.5951
2012-02-29,-0.5238
2012-03-01,0.6269
2012-03-02,-1.0715
2012-03-05,-2.4685
2012-03-06,-2.7376
2012-03-07,1.8587
2012-03-08,2.7372
2012-03-09,-0.0255
2012-03-12,1.9623
2012-03-13,1.4746000000000001
2012-03-14,-0.6158
2012-03-15,1.2144
2012-03-16,0.5877
2012-03-19,-0.4869
2012-03-20,-0.8317
2012-03-21,0.3453
2012-03-22,-0.5408
2012-03-23,-0.0741
2012-03-26,2.9680999999999997
2012-03-27,-0.3363
2012-03-28,-1.6631
2012-03-29,0.9069
2012-03-30,0.4372
2012-04-02,0.7739
2012-04-03,-0.7919
2012-04-04,-0.3145
2012-04-05,-0.6552
2012-04-09,-2.3937
2012-04-10,-3.3033
2012-04-11,0.9576
2012-04-12,3.1274
2012-04-13,-1.3671
2012-04-16,-0.378
2012-04-17,1.3408
2012-04-18,1.0734
2012-04-19,-0.8891
2012-04-20,1.1961
2012-04-23,-0.9111
2012-04-24,3.0318
2012-04-25,1.2301
2012-04-26,-1.0484
2012-04-27,2.6005000000000003
2012-04-30,-0.2112
2012-05-01,1.5992
2012-05-02,-1.7361
2012-05-03,-1.013
2012-05-04,-0.119
2012-05-07,1.6679
2012-05-08,-0.9374
2012-05-09,5.3702
2012-05-10,-2.0656
2012-05-11,-0.917
2012-05-14,0.162
2012-05-15,-1.155
2012-05-16,-1.5190000000000001
2012-05-17,-3.4884
2012-05-18,-1.2786
2012-05-21,3.3872999999999998
2012-05-22,0.6745
2012-05-23,1.9861
2012-05-24,0.0704
2012-05-25,-1.1489
2012-05-29,1.8264
2012-05-30,-2.7487
2012-05-31,-1.0539
2012-06-01,-3.4132
2012-06-04,-1.9799
2012-06-05,1.2017
2012-06-06,2.2486
2012-06-07,0.4201
2012-06-08,0.3691
2012-06-11,-3.3832
2012-06-12,2.7912
2012-06-13,-2.0982
2012-06-14,-0.7312
2012-06-15,-0.306
2012-06-18,3.1466
2012-06-19,0.3472
2012-06-20,-1.5571000000000002
2012-06-21,-1.9834
2012-06-22,2.9457
2012-06-25,-2.8863
2012-06-26,0.948
2012-06-27,1.9289
2012-06-28,2.4153000000000002
2012-06-29,2.5529
2012-07-02,0.5453
2012-07-03,1.4148
2012-07-05,-0.2325
2012-07-06,-0.839
2012-07-09,-0.0705
2012-07-10,-4.5155
2012-07-11,-0.936
2012-07-12,-1.4421
2012-07-13,3.33
2012-07-16,-3.2471
2012-07-17,2.599
2012-07-18,1.7953999999999999
2012-07-19,0.1933
2012-07-20,-2.9419
2012-07-23,0.2484
2012-07-24,-1.0905
2012-07-25,-0.9271
2012-07-26,1.1634
2012-07-27,6.05
2012-07-30,-0.4008
2012-07-31,0.3787
2012-08-01,-1.2497
2012-08-02,0.191
2012-08-03,1.5253
2012-08-06,0.3052
2012-08-07,2.1999
2012-08-08,1.2365
2012-08-09,1.1762
2012-08-10,0.7825
2012-08-13,-0.1109
2012-08-14,-0.7106
2012-08-15,1.342
2012-08-16,2.1849
2012-08-17,0.216
2012-08-20,0.5819
2012-08-21,0.15
2012-08-22,-1.3479
2012-08-23,0.6289
2012-08-24,1.1207
2012-08-27,-1.3639999999999999
2012-08-28,-0.0432
2012-08-29,0.1297
2012-08-30,-0.5181
2012-08-31,1.4757
2012-09-04,-1.9461
2012-09-05,-0.6543
2012-09-06,1.5587
2012-09-07,-0.281
2012-09-10,-0.5203
2012-09-11,0.5448
2012-09-12,-0.0652
2012-09-13,-0.1088
2012-09-14,0.61
2012-09-17,-0.9744
2012-09-18,-0.503
2012-09-19,0.8352
2012-09-20,1.1334
2012-09-21,1.0991
2012-09-24,-1.1938
2012-09-25,-2.6753
2012-09-26,-0.9532
2012-09-27,1.0519
2012-09-28,-0.7309
2012-10-01,-0.7363
2012-10-02,0.5394
2012-10-03,0.3577
2012-10-04,1.6707999999999998
2012-10-05,-1.2051
2012-10-08,0.3105
2012-10-09,-2.0562
2012-10-10,0.7675
2012-10-11,-0.5824
2012-10-12,-0.1577
2012-10-15,0.4062
2012-10-16,2.4050000000000002
2012-10-17,0.3073
2012-10-18,-0.0875
2012-10-19,1.5112
2012-10-22,0.4315
2012-10-23,-2.0193
2012-10-24,1.1182
2012-10-25,0.5854
2012-10-26,-0.0216
2012-10-31,1.4015
2012-11-01,0.3402
2012-11-02,-0.3602
2012-11-05,1.191
2012-11-06,0.7566
2012-11-07,-2.2945
2012-11-08,-0.6191
2012-11-09,-1.4823
2012-11-12,0.1526
2012-11-13,0.3484
2012-11-14,-1.7357
2012-11-15,0.0662
2012-11-16,-0.0662
2012-11-19,2.5392
2012-11-20,1.7442
2012-11-21,0.7619
2012-11-23,1.3022
2012-11-26,-0.6635
2012-11-27,-0.3131
2012-11-28,0.9422
2012-11-29,0.9542
2012-11-30,0.226
2012-12-03,-1.681
2012-12-04,-0.2294
2012-12-05,1.233
2012-12-06,-0.4955
2012-12-07,1.0166
2012-12-10,-1.8484
2012-12-11,-0.3139
2012-12-12,0.4408
2012-12-13,-0.2726
2012-12-14,0.0841
2012-12-17,-0.5252
2012-12-18,1.8585
2012-12-19,0.5183
2012-12-20,0.8045
2012-12-21,-3.6014
2012-12-24,-0.2335
2012-12-26,-0.4468
2012-12-27,0.6198
2012-12-28,-0.4248
2012-12-31,2.3038
2013-01-02,3.1485
2013-01-03,-1.0309
2013-01-04,1.6543999999999999
2013-01-07,-1.5672000000000001
2013-01-08,0.4899
2013-01-09,-0.0406
2013-01-10,0.8332
2013-01-11,-0.0403
2013-01-14,0.3024
2013-01-15,0.0804
2013-01-16,-0.6427
2013-01-17,2.9917
2013-01-18,-0.6281
2013-01-22,0.1185
2013-01-23,0.2959
2013-01-24,0.4917
2013-01-25,0.7438
2013-01-28,-0.6217
2013-01-29,0.6256
2013-01-30,0.2914
2013-01-31,-0.4456
2013-02-01,1.8875
2013-02-04,-1.0695000000000001
2013-02-05,2.6062
2013-02-06,-0.715
2013-02-07,-1.4402
2013-02-08,2.7302
2013-02-11,-0.8984
2013-02-12,0.1889
2013-02-13,0.2639
2013-02-14,-0.3008
2013-02-15,0.0
2013-02-19,1.1503
2013-02-20,-1.4169
2013-02-21,-1.1914
2013-02-22,0.689
2013-02-25,-3.1933
2013-02-26,0.7265
2013-02-27,2.0663
2013-02-28,0.5539
2013-03-01,-1.3675
2013-03-04,0.3081
2013-03-05,2.2077
2013-03-06,0.3757
2013-03-07,0.524
2013-03-08,1.4892
2013-03-11,0.9575
2013-03-12,0.3648
2013-03-13,0.2181
2013-03-14,1.1605
2013-03-15,-0.717
2013-03-18,-0.6319
2013-03-19,0.1453
2013-03-20,2.4492
2013-03-21,-1.5406
2013-03-22,-0.1619
2013-03-25,-0.7746
2013-03-26,0.5447
2013-03-27,-1.8418
2013-03-28,1.1957
2013-04-01,-1.1089
2013-04-02,-0.2757
2013-04-03,-0.6083
2013-04-04,1.0571
2013-04-05,-0.8809
2013-04-08,1.6478000000000002
2013-04-09,1.2933
2013-04-10,0.971
2013-04-11,0.9439
2013-04-12,-0.9174
2013-04-15,-4.2735
2013-04-16,2.2321
2013-04-17,-1.9468999999999999
2013-04-18,-0.6495
2013-04-19,0.6724
2013-04-22,0.1855
2013-04-23,-1.0185
2013-04-24,1.3658000000000001
2013-04-25,1.1259000000000001
2013-04-26,-1.4784
2013-04-29,0.4817
2013-04-30,-0.8112
2013-05-01,-2.9182
2013-05-02,0.4595
2013-05-03,3.1256
2013-05-06,0.8132
2013-05-07,1.4665
2013-05-08,0.3071
2013-05-09,0.6304
2013-05-10,0.9307
2013-05-13,-0.6384
2013-05-14,2.1417
2013-05-15,-0.5766
2013-05-16,-0.0879
2013-05-17,2.0932
2013-05-20,-0.0861
2013-05-21,0.2587
2013-05-22,-1.6856
2013-05-23,0.0175
2013-05-24,-0.035
2013-05-28,0.9799
2013-05-29,-0.8317
2013-05-30,1.0309
2013-05-31,-0.5016
2013-06-03,1.7208
2013-06-04,-2.4949
2013-06-05,-2.1556
2013-06-06,1.4508
2013-06-07,2.4718
2013-06-10,-0.6203
2013-06-11,-1.7856999999999998
2013-06-12,-0.9532
2013-06-13,0.6261
2013-06-14,0.32
2013-06-17,0.3013
2013-06-18,1.7845
2013-06-19,-1.8052000000000001
2013-06-20,-2.6516
2013-06-21,-0.0545
2013-06-24,-2.8706
2013-06-25,1.2159
2013-06-26,0.961
2013-06-27,1.5742
2013-06-28,0.0541
2013-07-01,1.2788
2013-07-02,-0.9603
2013-07-03,0.5028
2013-07-05,3.1803
2013-07-08,-0.9004
2013-07-09,1.3979
2013-07-10,-0.0689
2013-07-11,1.7762
2013-07-12,0.1186
2013-07-15,0.4062
2013-07-16,-1.9552
2013-07-17,1.0143
2013-07-18,1.9741
2013-07-19,5.0567
2013-07-22,-2.0016
2013-07-23,-1.0861
2013-07-24,-0.7702
2013-07-25,1.0074
2013-07-26,-0.0164
2013-07-29,-0.2617
2013-07-30,0.1804
2013-07-31,-0.0818
2013-08-01,1.7363
2013-08-02,0.644
2013-08-05,-0.4799
2013-08-06,-2.1379
2013-08-07,0.7063
2013-08-08,0.4404
2013-08-09,-0.9256
2013-08-12,0.5901
2013-08-13,1.0591
2013-08-14,-0.0806
2013-08-15,-2.7917
2013-08-16,1.1454
2013-08-19,-1.1324
2013-08-20,-0.1328
2013-08-21,0.133
2013-08-22,1.7928
2013-08-23,0.2609
2013-08-26,-0.309
2013-08-27,-3.2469
2013-08-28,-0.1349
2013-08-29,0.6248
2013-08-30,-0.7552
2013-09-03,2.3504
2013-09-04,1.7016
2013-09-05,0.13
2013-09-06,0.2109
2013-09-09,0.9552
2013-09-10,3.9288
2013-09-11,-1.1264
2013-09-12,-1.0177
2013-09-13,0.5378
2013-09-16,1.5261
2013-09-17,0.3099
2013-09-18,0.6025
2013-09-19,0.4453
2013-09-20,0.1376
2013-09-23,-1.084
2013-09-24,1.5743
2013-09-25,0.1368
2013-09-26,-0.4249
2013-09-27,-0.3048
2013-09-30,-0.7337
2013-10-01,0.3542
2013-10-02,0.0153
2013-10-03,-0.3529
2013-10-04,1.7551999999999999
2013-10-07,-2.769
2013-10-08,-2.2409
2013-10-09,-0.0955
2013-10-10,2.9796
2013-10-11,1.7175
2013-10-14,-0.0913
2013-10-15,-1.6139000000000001
2013-10-16,-1.9653
2013-10-17,0.2684
2013-10-18,5.2424
2013-10-21,1.3912
2013-10-22,0.7524
2013-10-23,-1.1861
2013-10-24,0.2519
2013-10-25,0.2956
2013-10-28,-0.7959
2013-10-29,1.0697
2013-10-30,-1.0731
2013-10-31,0.6558
2013-11-01,0.311
2013-11-04,-0.059
2013-11-05,-0.2659
2013-11-06,0.2962
2013-11-07,-1.6686
2013-11-08,1.6669
2013-11-11,-0.3397
2013-11-12,0.4446
2013-11-13,-0.3394
2013-11-14,0.6811
2013-11-15,0.7794
2013-11-18,-1.3862999999999999
2013-11-19,0.0592
2013-11-20,0.1627
2013-11-21,0.3543
2013-11-22,1.28
2013-11-25,1.6705
2013-11-26,0.4858
2013-11-27,1.0948
2013-11-29,0.4501
2013-12-02,-2.5377
2013-12-03,0.8459
2013-12-04,-0.232
2013-12-05,-0.2504
2013-12-06,1.6679
2013-12-09,0.2117
2013-12-10,-0.2464
2013-12-11,-1.1646
2013-12-12,1.6247
2013-12-13,-0.1757
2013-12-16,1.7071
2013-12-17,-0.6056
2013-12-18,2.6462
2013-12-19,0.3223
2013-12-20,1.6399
2013-12-23,1.3972
2013-12-24,-0.164
2013-12-26,0.4929
2013-12-27,0.0164
2013-12-30,0.9809
2013-12-31,-0.2752
2014-01-02,-0.5844
2014-01-03,0.1306
2014-01-06,-0.3098
2014-01-07,0.9161
2014-01-08,0.2594
2014-01-09,0.3234
2014-01-10,0.967
2014-01-13,-1.4685000000000001
2014-01-14,0.8424
2014-01-15,0.9478
2014-01-16,0.0637
2014-01-17,-0.8906
2014-01-21,-0.4012
2014-01-22,-0.4189
2014-01-23,-1.8444
2014-01-24,-4.2195
2014-01-27,1.1186
2014-01-28,0.5446
2014-01-29,-1.0833
2014-01-30,1.0096
2014-01-31,-0.4066
2014-02-03,-3.2999
2014-02-04,0.7564
2014-02-05,0.7158
2014-02-06,0.6414
2014-02-07,2.928
2014-02-10,-1.1379
2014-02-11,-3.0806
2014-02-12,1.6416
2014-02-13,-0.1375
2014-02-14,0.5334
2014-02-18,1.6259000000000001
2014-02-19,-1.0946
2014-02-20,1.6857
2014-02-21,-0.5191
2014-02-24,0.9426
2014-02-25,-0.5336
2014-02-26,1.0897000000000001
2014-02-27,0.3814
2014-02-28,1.0078
2014-03-03,-1.6519
2014-03-04,1.8294000000000001
2014-03-05,-0.4246
2014-03-06,0.5741
2014-03-07,1.0111
2014-03-10,-1.5822
2014-03-11,-1.8537
2014-03-12,-1.053
2014-03-13,-2.3579
2014-03-14,-1.1466
2014-03-17,2.4956
2014-03-18,0.3429
2014-03-19,-0.6664
2014-03-20,0.929
2014-03-21,0.3238
2014-03-24,-1.6480000000000001
2014-03-25,0.1727
2014-03-26,-2.5349
2014-03-27,-1.4508
2014-03-28,1.5081
2014-03-31,1.2381
2014-04-01,-0.1398
2014-04-02,1.2596
2014-04-03,0.0864
2014-04-04,-2.4858000000000002
2014-04-07,-2.3013
2014-04-08,-0.1631
2014-04-09,2.4319
2014-04-10,-1.8249
2014-04-11,-1.8408
2014-04-14,1.5996000000000001
2014-04-15,0.561
2014-04-16,4.3369
2014-04-17,-0.276
2014-04-21,-0.2594
2014-04-22,0.5549
2014-04-23,3.2074
2014-04-24,-0.4177
2014-04-25,-1.3926
2014-04-28,-0.4424
2014-04-29,0.6666
2014-04-30,1.528
2014-05-01,0.2676
2014-05-02,-0.1835
2014-05-05,-0.4177
2014-05-06,-1.6107
2014-05-07,0.1535
2014-05-08,0.2895
2014-05-09,-1.2394
2014-05-12,1.8394
2014-05-13,0.2363
2014-05-14,-1.4651
2014-05-15,-2.3073
2014-05-16,0.7698
2014-05-19,0.9028
2014-05-20,-1.841
2014-05-21,0.4032
2014-05-22,-0.227
2014-05-23,2.0997
2014-05-27,0.3428
2014-05-28,2.2032
2014-05-29,-0.1003
2014-05-30,0.0669
2014-06-02,-0.1337
2014-06-03,-0.5691
2014-06-04,1.3131
2014-06-05,1.0302
2014-06-06,1.9243000000000001
2014-06-09,0.8714
2014-06-10,0.7199
2014-06-11,-0.81
2014-06-12,-0.2733
2014-06-13,0.4353
2014-06-16,0.8668
2014-06-17,0.2864
2014-06-18,0.7141
2014-06-19,0.2521
2014-06-20,0.5658
2014-06-23,-1.3752
2014-06-24,-1.4261
2014-06-25,0.4662
2014-06-26,0.112
2014-06-27,0.2078
2014-06-30,-0.303
2014-07-01,0.5759
2014-07-02,-0.2545
2014-07-03,0.6219
2014-07-07,-1.2044
2014-07-08,-1.5399
2014-07-09,0.3095
2014-07-10,-0.942
2014-07-11,0.5903
2014-07-14,1.4344000000000001
2014-07-15,-1.0284
2014-07-16,1.51
2014-07-17,-2.3033
2014-07-18,1.8336999999999999
2014-07-21,-0.5627
2014-07-22,4.2846
2014-07-23,-0.4186
2014-07-24,-1.806
2014-07-25,0.0159
2014-07-28,-1.4268
2014-07-29,-1.6082
2014-07-30,-0.4086
2014-07-31,-3.5122
2014-08-01,0.6123
2014-08-04,0.2705
2014-08-05,-0.489
2014-08-06,-0.8302
2014-08-07,0.6322
2014-08-08,1.7487
2014-08-11,0.7008
2014-08-12,-0.116
2014-08-13,0.929
2014-08-14,0.0329
2014-08-15,-0.5094
2014-08-18,2.692
2014-08-19,-1.0132
2014-08-20,0.6661
2014-08-21,0.0807
2014-08-22,-0.8708
2014-08-25,0.5857
2014-08-26,-1.2777
2014-08-27,-0.0819
2014-08-28,-0.7542
2014-08-29,-0.5452
2014-09-02,0.0332
2014-09-03,-0.4982
2014-09-04,-0.0668
2014-09-05,0.4676
2014-09-08,0.0665
2014-09-09,-0.7807
2014-09-10,0.6864
2014-09-11,0.6679
2014-09-12,-0.7132
2014-09-15,-0.4845
2014-09-16,0.8226
2014-09-17,-0.3164
2014-09-18,0.451
2014-09-19,-1.4466
2014-09-22,-1.8053
2014-09-23,-0.3265
2014-09-24,-0.6551
2014-09-25,-1.5270000000000001
2014-09-26,1.2863
2014-09-29,-0.3827
2014-09-30,-1.5718
2014-10-01,-1.4727000000000001
2014-10-02,0.1981
2014-10-03,1.3839000000000001
2014-10-06,0.4609
2014-10-07,-1.2705
2014-10-08,2.9491
2014-10-09,-3.0556
2014-10-10,-2.0953
2014-10-13,-2.0121
2014-10-14,0.952
2014-10-15,-0.2589
2014-10-16,1.7983
2014-10-17,2.8592
2014-10-20,1.1863
2014-10-21,2.0822
2014-10-22,-1.0285
2014-10-23,3.9314
2014-10-24,0.4166
2014-10-27,-0.1328
2014-10-28,3.0243
2014-10-29,-0.8387
2014-10-30,0.4066
2014-10-31,1.4418
2014-11-03,-1.2934999999999999
2014-11-04,-0.7604
2014-11-05,1.4020000000000001
2014-11-06,1.5434
2014-11-07,0.5541
2014-11-10,-0.1417
2014-11-11,-0.5834
2014-11-12,-0.0793
2014-11-13,-0.746
2014-11-14,0.096
2014-11-17,-0.1118
2014-11-18,0.3839
2014-11-19,-0.0956
2014-11-20,0.5104
2014-11-21,0.7141
2014-11-24,0.4727
2014-11-25,0.1098
2014-11-26,-0.5482
2014-11-28,-0.6773
2014-12-01,-1.4906
2014-12-02,1.5131999999999999
2014-12-03,1.1893
2014-12-04,-0.8306
2014-12-05,0.5057
2014-12-08,-1.6195
2014-12-09,0.6233
2014-12-10,-0.6671
2014-12-11,1.3004
2014-12-12,-1.6322999999999999
2014-12-15,-0.7894
2014-12-16,-1.2991
2014-12-17,1.9743
2014-12-18,2.4847
2014-12-19,0.7399
2014-12-22,0.3125
2014-12-23,0.4362
2014-12-24,0.031
2014-12-26,0.1551
2014-12-29,0.0
2014-12-30,-0.5264
2014-12-31,-1.3385
2015-01-02,-0.2051
2015-01-05,-1.7389000000000001
2015-01-06,-2.0914
2015-01-07,0.5422
2015-01-08,2.0265
2015-01-09,-1.0892
2015-01-12,0.7287
2015-01-13,-0.4984
2015-01-14,-0.7433
2015-01-15,0.1953
2015-01-16,0.1137
2015-01-20,1.2171
2015-01-21,1.2025000000000001
2015-01-22,2.5665
2015-01-23,-0.1236
2015-01-26,1.0362
2015-01-27,-0.8725
2015-01-28,-1.4052
2015-01-29,1.2686
2015-01-30,2.691
2015-02-02,-0.3614
2015-02-03,1.9498
2015-02-04,-0.9489
2015-02-05,0.0449
2015-02-06,-0.374
2015-02-09,-0.2853
2015-02-10,0.8886
2015-02-11,-0.4926
2015-02-12,1.4551
2015-02-13,0.0887
2015-02-17,0.1034
2015-02-18,0.2214
2015-02-19,0.0884
2015-02-20,1.2358
2015-02-23,-0.2471
2015-02-24,0.1603
2015-02-25,-0.7709
2015-02-26,-0.4104
2015-02-27,-1.1039
2015-03-02,0.8781
2015-03-03,-0.4869
2015-03-04,-0.6672
2015-03-05,1.0149
2015-03-06,-1.2116
2015-03-09,1.1965
2015-03-10,-2.1135
2015-03-11,0.3926
2015-03-12,1.7976
2015-03-13,-0.2523
2015-03-16,2.053
2015-03-17,-1.1953
2015-03-18,1.1213
2015-03-19,-0.9775
2015-03-20,0.501
2015-03-23,-0.9529
2015-03-24,0.5773
2015-03-25,-1.7366000000000001
2015-03-26,1.0484
2015-03-27,0.4446
2015-03-30,1.0034
2015-03-31,-0.5405
2015-04-01,-1.5129000000000001
2015-04-02,0.7159
2015-04-06,0.4739
2015-04-07,-0.7369
2015-04-08,0.2376
2015-04-09,0.5333
2015-04-10,1.0609
2015-04-13,0.1604
2015-04-14,-0.1747
2015-04-15,0.8895
2015-04-16,-0.5637
2015-04-17,-2.1221
2015-04-20,0.5049
2015-04-21,-0.7092
2015-04-22,0.4315
2015-04-23,2.3263
2015-04-24,-0.6226
2015-04-27,0.0
2015-04-28,0.816
2015-04-29,-2.2258
2015-04-30,-2.6755
2015-05-01,1.534
2015-05-04,0.0598
2015-05-05,-1.5847
2015-05-06,1.5039
2015-05-07,0.4789
2015-05-08,0.4468
2015-05-11,-0.4004
2015-05-12,0.5211
2015-05-13,0.8886
2015-05-14,3.0241
2015-05-15,1.0402
2015-05-18,-0.5782
2015-05-19,-1.078
2015-05-20,-0.5736
2015-05-21,0.2596
2015-05-22,-0.3596
2015-05-26,-0.9817
2015-05-27,1.3559
2015-05-28,-0.1151
2015-05-29,-0.9505
2015-06-01,0.3053
2015-06-02,0.3624
2015-06-03,-0.2166
2015-06-04,-0.0579
2015-06-05,0.0869
2015-06-08,-0.7524
2015-06-09,0.0292
2015-06-10,1.268
2015-06-11,0.6648
2015-06-12,0.3015
2015-06-15,-1.1738
2015-06-16,0.029
2015-06-17,-0.1158
2015-06-18,0.6524
2015-06-19,-0.6337
2015-06-22,0.4059
2015-06-23,-0.5775
2015-06-24,-0.4356
2015-06-25,-0.5833
2015-06-26,0.3814
2015-06-29,-1.2421
2015-06-30,-0.2368
2015-07-01,0.267
2015-07-02,-0.1331
2015-07-06,-0.711
2015-07-07,0.4028
2015-07-08,-1.6642000000000001
2015-07-09,-0.1209
2015-07-10,0.469
2015-07-13,1.2348
2015-07-14,0.3272
2015-07-15,-0.1186
2015-07-16,0.4601
2015-07-17,-0.0739
2015-07-20,1.6709
2015-07-21,-1.1198
2015-07-22,0.3089
2015-07-23,-1.8035
2015-07-24,-1.4484
2015-07-27,-1.5152
2015-07-28,-6.6154
2015-07-29,1.318
2015-07-30,-0.6341
2015-07-31,0.4746
2015-08-03,-1.4169
2015-08-04,-1.8999000000000001
2015-08-05,0.9768
2015-08-06,0.0834
2015-08-07,0.3999
2015-08-10,2.2407
2015-08-11,-0.8766
2015-08-12,0.9499
2015-08-13,-0.4218
2015-08-14,0.277
2015-08-17,0.9261
2015-08-18,0.0322
2015-08-19,-1.9633
2015-08-20,-2.1832
2015-08-21,-3.0374
2015-08-24,-3.8422
2015-08-25,-2.2498
2015-08-26,1.9518
2015-08-27,1.0294
2015-08-28,-0.3754
2015-08-31,-0.7895
2015-09-01,-3.0928
2015-09-02,1.2131
2015-09-03,-1.0326
2015-09-04,-1.5465
2015-09-08,1.9870999999999999
2015-09-09,1.2247
2015-09-10,0.0553
2015-09-11,1.3078
2015-09-14,-0.0727
2015-09-15,2.7656
2015-09-16,1.0977
2015-09-17,-1.7163
2015-09-18,-2.0848
2015-09-21,-0.2548
2015-09-22,-1.6055000000000001
2015-09-23,-1.4649
2015-09-24,-0.9033
2015-09-25,-0.2659
2015-09-28,-2.9513
2015-09-29,-0.7063
2015-09-30,0.3161
2015-10-01,-0.1576
2015-10-02,1.3809
2015-10-05,2.7632
2015-10-06,0.9657
2015-10-07,0.8065
2015-10-08,2.0651
2015-10-09,-0.0182
2015-10-12,-0.4923
2015-10-13,-1.3740999999999999
2015-10-14,-0.6502
2015-10-15,1.4398
2015-10-16,-1.1982
2015-10-19,-0.4664
2015-10-20,1.8369
2015-10-21,-0.0184
2015-10-22,2.4853
2015-10-23,1.6346
2015-10-26,0.4065
2015-10-27,1.0209
2015-10-28,2.2129
2015-10-29,0.5455
2015-10-30,0.4747
2015-11-02,1.6031
2015-11-03,-0.6643
2015-11-04,-0.4514
2015-11-05,0.6214
2015-11-06,0.2337
2015-11-09,-1.4988000000000001
2015-11-10,-0.4734
2015-11-11,-0.051
2015-11-12,-3.0252
2015-11-13,-0.3505
2015-11-16,1.4773
2015-11-17,-0.7799
2015-11-18,1.3624
2015-11-19,1.1029
2015-11-20,0.0511
2015-11-23,-0.494
2015-11-24,0.1541
2015-11-25,0.0171
2015-11-27,0.0342
2015-11-30,0.2392
2015-12-01,0.5284
2015-12-02,-1.5937999999999999
2015-12-03,-0.6892
2015-12-04,1.3706
2015-12-07,-2.0195
2015-12-08,-3.3013
2015-12-09,-0.2168
2015-12-10,-0.1092
2015-12-11,-0.6012
2015-12-14,-0.7331
2015-12-15,-1.2186
2015-12-16,1.6075
2015-12-17,-1.7292
2015-12-18,-1.4976
2015-12-21,0.9882
2015-12-22,2.0512
2015-12-23,2.6
2015-12-24,-0.018
2015-12-28,-0.2157
2015-12-29,1.2971
2015-12-30,-0.7114
2015-12-31,-0.9672
2016-01-04,-0.2713
2016-01-05,-1.07
2016-01-06,-2.1265
2016-01-07,-2.9781
2016-01-08,-0.9459
2016-01-11,0.3313
2016-01-12,1.6317
2016-01-13,-1.7774999999999999
2016-01-14,1.3038
2016-01-15,-0.6147
2016-01-19,-2.242
2016-01-20,-3.2819
2016-01-21,-0.184
2016-01-22,3.3381
2016-01-25,-3.2500999999999998
2016-01-26,3.6256
2016-01-27,-1.1267
2016-01-28,-0.1399
2016-01-29,3.043
2016-02-01,-1.088
2016-02-02,-4.1446
2016-02-03,2.3566
2016-02-04,2.7027
2016-02-05,0.078
2016-02-08,-3.6619
2016-02-09,1.3951
2016-02-10,-1.1964
2016-02-11,-1.1302
2016-02-12,4.7561
2016-02-16,0.8184
2016-02-17,1.3721999999999999
2016-02-18,-0.6673
2016-02-19,-0.1536
2016-02-22,3.2295
2016-02-23,-0.5214
2016-02-24,3.8001
2016-02-25,1.8756
2016-02-26,0.1062
2016-02-29,-1.7507000000000001
2016-03-01,2.7718
2016-03-02,0.2277
2016-03-03,0.5941
2016-03-04,-0.2432
2016-03-07,1.5323
2016-03-08,-1.9036
2016-03-09,0.7517
2016-03-10,0.1745
2016-03-11,2.4038
2016-03-14,0.5273
2016-03-15,-0.7783
2016-03-16,0.9891
2016-03-17,3.0057
2016-03-18,1.1311
2016-03-21,0.4215
2016-03-22,-0.6134
2016-03-23,-0.2599
2016-03-24,-0.2117
2016-03-28,0.0
2016-03-29,1.2892000000000001
2016-03-30,0.0
2016-03-31,-0.0967
2016-04-01,0.1129
2016-04-04,-1.047
2016-04-05,-2.0837
2016-04-06,-0.4489
2016-04-07,-0.4676
2016-04-08,1.2584
2016-04-11,0.4971
2016-04-12,1.319
2016-04-13,3.0594
2016-04-14,0.5527
2016-04-15,0.1413
2016-04-18,0.2039
2016-04-19,-0.0313
2016-04-20,-0.407
2016-04-21,-0.1415
2016-04-22,1.4324
2016-04-25,-0.6363
2016-04-26,2.124
2016-04-27,1.0246
2016-04-28,-1.1051
2016-04-29,0.3214
2016-05-02,0.9155
2016-05-03,-0.2117
2016-05-04,-1.7424
2016-05-05,0.0
2016-05-06,1.0486
2016-05-09,-0.4273
2016-05-10,1.6705
2016-05-11,-0.603
2016-05-12,-0.0303
2016-05-13,-0.5006
2016-05-16,1.1282
2016-05-17,-1.0553
2016-05-18,-0.6552
2016-05-19,-1.8252000000000002
2016-05-20,0.2968
2016-05-23,0.5919
2016-05-24,1.502
2016-05-25,1.1289
2016-05-26,-0.0151
2016-05-27,0.3018
2016-05-31,0.4964
2016-06-01,-0.464
2016-06-02,0.1053
2016-06-03,-1.1567
2016-06-06,0.152
2016-06-07,-0.091
2016-06-08,0.486
2016-06-09,-0.2278
2016-06-10,-1.8268
2016-06-13,-1.4576
2016-06-14,0.1731
2016-06-15,1.0368
2016-06-16,0.3576
2016-06-17,0.914
2016-06-20,1.2742
2016-06-21,-0.864
2016-06-22,-0.0612
2016-06-23,1.4229
2016-06-24,-5.1591
2016-06-27,-5.8693
2016-06-28,1.9094
2016-06-29,2.5369
2016-06-30,2.9754
2016-07-01,0.5182
2016-07-05,-1.4529
2016-07-06,1.5535999999999999
2016-07-07,0.7181
2016-07-08,1.8909
2016-07-11,0.213
2016-07-12,1.609
2016-07-13,0.8664
2016-07-14,0.7257
2016-07-15,-0.1029
2016-07-18,-1.1922
2016-07-19,-0.0298
2016-07-20,0.6258
2016-07-21,-0.77
2016-07-22,1.0594999999999999
2016-07-25,0.2067
2016-07-26,0.4568
2016-07-27,-3.7406
2016-07-28,1.2801
2016-07-29,-0.3009
2016-08-01,0.166
2016-08-02,-0.0904
2016-08-03,1.5533000000000001
2016-08-04,0.6683
2016-08-05,0.8261
2016-08-08,-0.8486
2016-08-09,0.5755
2016-08-10,-0.4988
2016-08-11,0.7667
2016-08-12,-0.4975
2016-08-15,0.4412
2016-08-16,-1.3324
2016-08-17,-0.1929
2016-08-18,0.0149
2016-08-19,0.2527
2016-08-22,-0.341
2016-08-23,1.0118
2016-08-24,-0.5008
2016-08-25,0.3553
2016-08-26,-0.2213
2016-08-29,1.4784
2016-08-30,-0.6265
2016-08-31,-0.3225
2016-09-01,0.25
2016-09-02,0.5428
2016-09-06,-2.4807
2016-09-07,0.8828
2016-09-08,0.462
2016-09-09,-6.3937
2016-09-12,3.5023999999999997
2016-09-13,-2.3427
2016-09-14,-0.0784
2016-09-15,0.1569
2016-09-16,-0.8147
2016-09-19,1.1215
2016-09-20,0.0625
2016-09-21,2.2791
2016-09-22,0.8089
2016-09-23,-2.1196
2016-09-26,1.1446
2016-09-27,1.9881
2016-09-28,1.1996
2016-09-29,-0.5779
2016-09-30,1.2519
2016-10-03,-0.2944
2016-10-04,-1.1072
2016-10-05,0.8509
2016-10-06,1.8058
2016-10-07,-1.9337
2016-10-10,-0.341
2016-10-11,-3.6299
2016-10-12,1.7598
2016-10-13,-0.804
2016-10-14,0.6117
2016-10-17,-0.7904
2016-10-18,-0.475
2016-10-19,0.7235
2016-10-20,0.5808
2016-10-21,-0.076
2016-10-24,0.0456
2016-10-25,-1.8088
2016-10-26,2.678
2016-10-27,1.0704
2016-10-28,-0.1342
2016-10-31,0.5078
2016-11-01,0.0446
2016-11-02,-0.0446
2016-11-03,-0.4458
2016-11-04,2.6273
2016-11-07,2.8655
2016-11-08,1.6261
2016-11-09,3.3254
2016-11-10,1.9661
2016-11-11,0.1453
2016-11-14,-1.0022
2016-11-15,1.1323
2016-11-16,-0.9089
2016-11-17,-0.7311
2016-11-18,-0.2946
2016-11-21,0.873
2016-11-22,0.679
2016-11-23,-0.0529
2016-11-25,0.7145
2016-11-28,-1.8260999999999998
2016-11-29,0.4416
2016-11-30,-0.6928
2016-12-01,0.0671
2016-12-02,-0.1207
2016-12-05,0.5235
2016-12-06,1.362
2016-12-07,3.2802
2016-12-08,0.9615
2016-12-09,-0.381
2016-12-12,-0.8923
2016-12-13,0.1158
2016-12-14,-0.2055
2016-12-15,-0.5793
2016-12-16,-0.1165
2016-12-19,-0.2333
2016-12-20,0.4288
2016-12-21,-0.7245
2016-12-22,-0.417
2016-12-23,0.5889
2016-12-27,0.2082
2016-12-28,-1.4412
2016-12-29,-0.4479
2016-12-30,-0.7013
2017-01-03,1.186
2017-01-04,0.2502
2017-01-05,-1.1692
2017-01-06,-0.226
2017-01-09,-0.2132
2017-01-10,1.482
2017-01-11,1.513
2017-01-12,-0.6739
2017-01-13,0.822
2017-01-17,-0.88
2017-01-18,0.7181
2017-01-19,1.4389
2017-01-20,0.4984
2017-01-23,-0.2798
2017-01-24,1.492
2017-01-25,1.0177
2017-01-26,-0.2861
2017-01-27,-0.212
2017-01-30,-0.5625
2017-01-31,-0.2514
2017-02-01,-1.7013
2017-02-02,0.0
2017-02-03,1.3077
2017-02-06,1.1263
2017-02-07,-0.0751
2017-02-08,0.288
2017-02-09,0.9241
2017-02-10,0.4578
2017-02-13,0.973
2017-02-14,-0.3781
2017-02-15,-0.0612
2017-02-16,-0.6371
2017-02-17,-0.1356
2017-02-21,0.6421
2017-02-22,-0.0123
2017-02-23,-0.319
2017-02-24,0.0985
2017-02-27,-0.3443
2017-02-28,-2.0731
2017-03-01,2.0665
2017-03-02,-1.2099
2017-03-03,-0.075
2017-03-06,-0.7754
2017-03-07,0.3151
2017-03-08,-0.0251
2017-03-09,-0.72
2017-03-10,1.1323
2017-03-13,0.2139
2017-03-14,-0.816
2017-03-15,2.2782
2017-03-16,-0.3217
2017-03-17,0.5462
2017-03-20,0.3334
2017-03-21,-2.3382
2017-03-22,0.3276
2017-03-23,0.2386
2017-03-24,-0.7894
2017-03-27,-0.783
2017-03-28,1.4384000000000001
2017-03-29,0.1631
2017-03-30,1.353
2017-03-31,0.5192
2017-04-03,-0.123
2017-04-04,0.3201
2017-04-05,0.4786
2017-04-06,0.9772
2017-04-07,-0.0605
2017-04-10,0.7625
2017-04-11,0.4805
2017-04-12,-1.6258
2017-04-13,-0.5225
2017-04-17,0.4642
2017-04-18,-0.3769
2017-04-19,-0.0976
2017-04-20,1.0996
2017-04-21,0.3384
2017-04-24,1.3971
2017-04-25,1.7461
2017-04-26,3.5256
2017-04-27,0.6428
2017-04-28,-0.5602
2017-05-01,0.0338
2017-05-02,0.5857
2017-05-03,-0.224
2017-05-04,0.8081
2017-05-05,0.2115
2017-05-08,-0.6777
2017-05-09,-0.0447
2017-05-10,-0.94
2017-05-11,-0.1017
2017-05-12,-0.475
2017-05-15,0.5908
2017-05-16,0.3163
2017-05-17,-1.2386
2017-05-18,0.5245
2017-05-19,1.2136
2017-05-22,-0.0112
2017-05-23,-0.2241
2017-05-24,-0.5728
2017-05-25,0.8925
2017-05-26,0.0448
2017-05-30,-0.1791
2017-05-31,0.4597
2017-06-01,0.0
2017-06-02,-0.1339
2017-06-05,-0.1453
2017-06-06,-0.4924
2017-06-07,-0.4274
2017-06-08,-0.1815
2017-06-09,0.1591
2017-06-12,-0.3064
2017-06-13,2.0833
2017-06-14,-1.0929
2017-06-15,1.3192
2017-06-16,2.7598000000000003
2017-06-19,0.2707
2017-06-20,-1.4472
2017-06-21,-0.8438
2017-06-22,0.2653
2017-06-23,0.3968
2017-06-26,-0.1647
2017-06-27,-0.4619
2017-06-28,1.2374
2017-06-29,-1.3751
2017-06-30,1.1287
2017-07-03,0.0547
2017-07-05,0.7874
2017-07-06,-0.0434
2017-07-07,1.2267000000000001
2017-07-10,0.5147
2017-07-11,-0.8749
2017-07-12,0.6458
2017-07-13,-0.7058
2017-07-14,-0.0215
2017-07-17,0.2585
2017-07-18,-0.6554
2017-07-19,0.8003
2017-07-20,-1.0944
2017-07-21,-0.5533
2017-07-24,-0.6763
2017-07-25,-0.637
2017-07-26,-3.9018
2017-07-27,0.9662
2017-07-28,0.8658
2017-07-31,-0.7454
2017-08-01,-1.5817
2017-08-02,0.7631
2017-08-03,-0.4819
2017-08-04,1.6719
2017-08-07,-0.0907
2017-08-08,-0.681
2017-08-09,-0.2743
2017-08-10,-2.6129
2017-08-11,0.1294
2017-08-14,0.9637
2017-08-15,0.3376
2017-08-16,0.6265
2017-08-17,-1.4757
2017-08-18,-0.3276
2017-08-21,-0.0587
2017-08-22,1.1629
2017-08-23,-1.9971999999999999
2017-08-24,-0.7464
2017-08-25,1.0266
2017-08-28,-0.9098
2017-08-29,0.5008
2017-08-30,1.4832
2017-08-31,-0.1637
2017-09-01,-0.363
2017-09-05,-0.3526
2017-09-06,-0.46
2017-09-07,1.3272
2017-09-08,2.8215
2017-09-11,1.212
2017-09-12,1.6832
2017-09-13,0.4
2017-09-14,-0.3873
2017-09-15,-0.6443
2017-09-18,1.1963
2017-09-19,-0.0552
2017-09-20,-1.2823
2017-09-21,-0.0672
2017-09-22,-0.3586
2017-09-25,-0.0787
2017-09-26,-0.1125
2017-09-27,-0.7887
2017-09-28,0.1476
2017-09-29,1.1227
2017-10-02,0.8859
2017-10-03,0.2001
2017-10-04,0.355
2017-10-05,0.4753
2017-10-06,1.2763
2017-10-09,0.0109
2017-10-10,-0.7386
2017-10-11,0.0547
2017-10-12,-0.0547
2017-10-13,-0.0657
2017-10-16,-0.0219
2017-10-17,-0.2191
2017-10-18,0.1317
2017-10-19,-0.1535
2017-10-20,2.668
2017-10-23,0.2674
2017-10-24,1.9731
2017-10-25,-4.487
2017-10-26,-0.7227
2017-10-27,0.5405
2017-10-30,-2.4904
2017-10-31,-0.315
2017-11-01,-1.2077
2017-11-02,0.08
2017-11-03,-1.5411000000000001
2017-11-06,-0.1159
2017-11-07,-0.6849
2017-11-08,0.1403
2017-11-09,-1.4823
2017-11-10,0.6516
2017-11-13,-0.2354
2017-11-14,-0.0708
2017-11-15,-1.5821
2017-11-16,2.2793
2017-11-17,-0.1642
2017-11-20,-0.4582
2017-11-21,0.6491
2017-11-22,-0.8091
2017-11-24,-0.4256
2017-11-27,0.5936
2017-11-28,2.266
2017-11-29,-0.6694
2017-11-30,1.8009
2017-12-01,-1.6092
2017-12-04,-1.2644
2017-12-05,-0.6344
2017-12-06,1.9863
2017-12-07,0.5681
2017-12-08,1.518
2017-12-11,0.2397
2017-12-12,-1.6397
2017-12-13,0.8683
2017-12-14,-1.2625
2017-12-15,0.8369
2017-12-18,-0.1268
2017-12-19,0.1154
2017-12-20,0.5418
2017-12-21,3.6349
2017-12-22,-0.6749
2017-12-26,-0.6238
2017-12-27,-0.1121
2017-12-28,0.1347
2017-12-29,-0.0448
2018-01-02,-0.4933
2018-01-03,1.3521
2018-01-04,0.4892
2018-01-05,-0.7523
2018-01-08,0.7914
2018-01-09,0.5198
2018-01-10,0.099
2018-01-11,1.1101
2018-01-12,-0.9675
2018-01-16,-0.9221
2018-01-17,-0.0886
2018-01-18,0.1663
2018-01-19,0.6642
2018-01-22,-1.1987
2018-01-23,2.1483
2018-01-24,0.2288
2018-01-25,-0.4457
2018-01-26,2.4571
2018-01-29,0.0533
2018-01-30,-1.4275
2018-01-31,2.2695
2018-02-01,2.0818
2018-02-02,-1.4079
2018-02-05,-4.9454
2018-02-06,1.3476
2018-02-07,-0.6104
2018-02-08,-3.9368
2018-02-09,1.7808000000000002
2018-02-12,1.9628
2018-02-13,-0.715
2018-02-14,0.144
2018-02-15,1.7922
2018-02-16,-1.0651
2018-02-20,-1.0876
2018-02-21,-0.0333
2018-02-22,0.3333
2018-02-23,-0.1772
2018-02-26,0.5546
2018-02-27,-0.6288
2018-02-28,-1.421
2018-03-01,-3.2995
2018-03-02,0.4891
2018-03-05,-0.0811
2018-03-06,0.8931
2018-03-07,0.2759
2018-03-08,0.8025
2018-03-09,2.4577
2018-03-12,-1.7292999999999998
2018-03-13,0.1817
2018-03-14,0.0907
2018-03-15,2.1513
2018-03-16,-0.8202
2018-03-19,-1.0729
2018-03-20,0.4971
2018-03-21,0.0337
2018-03-22,-3.27
2018-03-23,-2.5789999999999997
2018-03-26,2.7546
2018-03-27,-1.3578000000000001
2018-03-28,-1.2353
2018-03-29,1.8582
2018-04-02,-2.7599
2018-04-03,1.5995
2018-04-04,0.6629
2018-04-05,0.976
2018-04-06,-3.121
2018-04-09,-0.5169
2018-04-10,2.0058
2018-04-11,-0.9832
2018-04-12,0.8494
2018-04-13,-0.2017
2018-04-16,1.0222
2018-04-17,1.259
2018-04-18,0.3486
2018-04-19,-2.1654
2018-04-20,-1.1007
2018-04-23,-0.359
2018-04-24,-3.447
2018-04-25,5.9336
2018-04-26,-0.1761
2018-04-27,1.294
2018-04-30,-2.5781
2018-05-01,2.4318
2018-05-02,-0.8263
2018-05-03,0.8801
2018-05-04,0.8142
2018-05-07,0.8307
2018-05-08,0.7896
2018-05-09,0.545
2018-05-10,0.192
2018-05-11,0.1014
2018-05-14,0.3828
2018-05-15,-0.314
2018-05-16,-0.4275
2018-05-17,1.661
2018-05-18,-0.0667
2018-05-21,1.8685
2018-05-22,-0.7643
2018-05-23,-0.6931
2018-05-24,-0.2105
2018-05-25,-0.2887
2018-05-29,-1.0801
2018-05-30,0.923
2018-05-31,-2.3645
2018-06-01,0.8339
2018-06-04,-0.2152
2018-06-05,0.3747
2018-06-06,1.9567999999999999
2018-06-07,1.0095
2018-06-08,0.0993
2018-06-11,2.5802
2018-06-12,-0.645
2018-06-13,-1.3848
2018-06-14,0.8338
2018-06-15,0.2502
2018-06-18,-0.1302
2018-06-19,-1.0867
2018-06-20,-0.1318
2018-06-21,-1.1331
2018-06-22,0.9903
2018-06-25,-1.0688
2018-06-26,-0.8019
2018-06-27,-0.2021
2018-06-28,0.1012
2018-06-29,0.8429
2018-07-02,-0.3343
2018-07-03,0.5703
2018-07-05,0.5782
2018-07-06,-0.6522
2018-07-09,2.0474
2018-07-10,-0.2835
2018-07-11,-2.3729
2018-07-12,0.672
2018-07-13,1.3017
2018-07-16,-1.1971
2018-07-17,1.0338
2018-07-18,0.4071
2018-07-19,0.5917
2018-07-20,0.0
2018-07-23,-1.7974
2018-07-24,1.0316
2018-07-25,5.5336
2018-07-26,1.675
2018-07-27,-0.0102
2018-07-30,-0.5117
2018-07-31,1.3269
2018-08-01,-1.1065
2018-08-02,-0.8212
2018-08-03,0.3415
2018-08-06,0.1753
2018-08-07,0.4428
2018-08-08,0.0615
2018-08-09,-1.1269
2018-08-10,-0.2694
2018-08-13,-0.2182
2018-08-14,1.0412
2018-08-15,0.8862
2018-08-16,0.9602
2018-08-17,0.9814
2018-08-20,0.02
2018-08-21,0.9316
2018-08-22,-1.2306
2018-08-23,-0.0904
2018-08-24,0.1609
2018-08-27,1.3455
2018-08-28,0.1288
2018-08-29,0.6828
2018-08-30,-0.6093
2018-08-31,0.1582
2018-09-04,0.5233
2018-09-05,1.1884000000000001
2018-09-06,-1.2229
2018-09-07,-0.9384
2018-09-10,2.2036
2018-09-11,-0.4585
2018-09-12,0.8037
2018-09-13,0.3986
2018-09-14,0.1356
2018-09-17,-0.3675
2018-09-18,0.3786
2018-09-19,-0.4255
2018-09-20,0.4564
2018-09-21,0.5704
2018-09-24,-1.4323000000000001
2018-09-25,0.2926
2018-09-26,-0.4473
2018-09-27,0.293
2018-09-28,-0.3701
2018-10-01,0.9775
2018-10-02,0.5808
2018-10-03,0.4909
2018-10-04,-0.1724
2018-10-05,-1.065
2018-10-08,0.2812
2018-10-09,-1.0734
2018-10-10,-4.4379
2018-10-11,-1.8719000000000001
2018-10-12,1.2612999999999999
2018-10-15,-0.0309
2018-10-16,1.6888
2018-10-17,-1.2456
2018-10-18,-1.3126
2018-10-19,-2.5042
2018-10-22,-0.8846
2018-10-23,-1.172
2018-10-24,0.7181
2018-10-25,3.1868
2018-10-26,-1.2563
2018-10-29,-1.0496
2018-10-30,2.818
2018-10-31,-0.0208
2018-11-01,2.6162
2018-11-02,-0.2743
2018-11-05,0.9778
2018-11-06,1.9668999999999999
2018-11-07,1.6817
2018-11-08,0.7394
2018-11-09,-0.6663
2018-11-12,-1.6625
2018-11-13,1.305
2018-11-14,-0.8198
2018-11-15,2.0565
2018-11-16,0.6074
2018-11-19,-1.0446
2018-11-20,-2.9828
2018-11-21,1.5971
2018-11-23,0.1474
2018-11-26,-0.9222
2018-11-27,-0.4852
2018-11-28,2.4279
2018-11-29,0.4177
2018-11-30,0.1451
2018-12-03,2.0383
2018-12-04,-3.02
2018-12-06,-0.6833
2018-12-07,-3.1914
2018-12-10,-0.2552
2018-12-11,-0.5321
2018-12-12,0.9053
2018-12-13,-0.8258
2018-12-14,-1.3466
2018-12-17,-2.3653
2018-12-18,0.9392
2018-12-19,-2.104
2018-12-20,-1.6632
2018-12-21,-2.2954
2018-12-24,-2.9789
2018-12-26,3.8234
2018-12-27,1.8077999999999999
2018-12-28,-0.1863
2018-12-31,0.1867
2019-01-02,0.296
2019-01-03,-1.6066
2019-01-04,3.41
2019-01-07,-1.0419
2019-01-08,0.4559
2019-01-09,1.9989
2019-01-10,0.9216
2019-01-11,-0.3254
2019-01-14,0.1053
2019-01-15,-0.8626
2019-01-16,-0.4881
2019-01-17,-0.1173
2019-01-18,2.6048999999999998
2019-01-22,-3.2359
2019-01-23,0.4946
2019-01-24,0.4708
2019-01-25,0.607
2019-01-28,-0.0318
2019-01-29,2.446
2019-01-30,3.9276
2019-01-31,-0.5072
2019-02-01,1.0396
2019-02-04,-0.3957
2019-02-05,0.6059
2019-02-06,-0.4344
2019-02-07,0.3669
2019-02-08,0.6916
2019-02-11,0.5789
2019-02-12,1.2096
2019-02-13,0.8096
2019-02-14,-1.0422
2019-02-15,1.1884000000000001
2019-02-19,0.2578
2019-02-20,0.5429
2019-02-21,-0.0189
2019-02-22,0.739
2019-02-25,0.5643
2019-02-26,-0.5424
2019-02-27,0.5736
2019-02-28,-1.3089
2019-03-01,0.4642
2019-03-04,-0.5186
2019-03-05,0.4739
2019-03-06,0.3491
2019-03-07,-1.3820000000000001
2019-03-08,-0.0671
2019-03-11,1.0259
2019-03-12,0.5789
2019-03-13,0.4057
2019-03-14,-0.4323
2019-03-15,0.1416
2019-03-18,0.8954
2019-03-19,-0.4858
2019-03-20,-1.5207000000000002
2019-03-21,1.3535
2019-03-22,-1.975
2019-03-25,0.4509
2019-03-26,1.0029
2019-03-27,0.104
2019-03-28,1.4736
2019-03-29,0.4934
2019-04-01,2.0658
2019-04-02,0.0726
2019-04-03,0.3991
2019-04-04,1.4815
2019-04-05,0.2314
2019-04-08,-0.0622
2019-04-09,-1.1641
2019-04-10,-0.2068
2019-04-11,1.5227
2019-04-12,1.5352999999999999
2019-04-15,-0.3758
2019-04-16,-0.1842
2019-04-17,-0.8262
2019-04-18,-0.0355
2019-04-22,0.0709
2019-04-23,0.4696
2019-04-24,-0.097
2019-04-25,-1.2711000000000001
2019-04-26,1.1265
2019-04-29,6.4981
2019-04-30,1.7848000000000002
2019-05-01,-0.4567
2019-05-02,0.9996
2019-05-03,1.1519
2019-05-06,-1.0025
2019-05-07,-1.1666
2019-05-08,-0.4098
2019-05-09,0.0329
2019-05-10,1.0449
2019-05-13,-1.9461
2019-05-14,0.6643
2019-05-15,0.0825
2019-05-16,0.4781
2019-05-17,-0.886
2019-05-20,0.4304
2019-05-21,1.8213
2019-05-22,-1.0198
2019-05-23,-1.2511
2019-05-24,-0.472
2019-05-28,-1.3229
2019-05-29,-0.2782
2019-05-30,1.2006000000000001
2019-05-31,-1.1279
2019-06-03,2.0196
2019-06-04,2.0128
2019-06-05,0.747
2019-06-06,1.1283
2019-06-07,0.3201
2019-06-10,0.0
2019-06-11,-1.6115
2019-06-12,0.527
2019-06-13,0.2984
2019-06-14,0.2654
2019-06-17,-1.5319
2019-06-18,0.3991
2019-06-19,0.3732
2019-06-20,1.9318
2019-06-21,-0.7533
2019-06-24,0.3436
2019-06-25,-0.5733
2019-06-26,-0.2883
2019-06-27,-0.1285
2019-06-28,1.8657
2019-07-01,0.8052
2019-07-02,-1.5114999999999998
2019-07-03,-0.167
2019-07-05,-0.5894
2019-07-08,0.4327
2019-07-09,-1.0451
2019-07-10,0.1371
2019-07-11,0.2737
2019-07-12,1.662
2019-07-15,0.4344
2019-07-16,0.7549
2019-07-17,-2.3102
2019-07-18,0.0639
2019-07-19,-0.4391
2019-07-22,-0.1363
2019-07-23,-0.0642
2019-07-24,-0.2893
2019-07-25,-1.3458
2019-07-26,0.1307
2019-07-29,-0.2937
2019-07-30,3.5837
2019-07-31,-2.3223
2019-08-01,-1.5607
2019-08-02,-0.6983
2019-08-05,-2.3825
2019-08-06,1.2627
2019-08-07,-0.226
2019-08-08,1.4511
2019-08-09,-1.2898
2019-08-12,-1.3820000000000001
2019-08-13,2.1063
2019-08-14,-3.269
2019-08-15,0.1462
2019-08-16,1.2193
2019-08-19,0.5853
2019-08-20,-0.3627
2019-08-21,0.4402
2019-08-22,-0.5646
2019-08-23,-2.568
2019-08-26,0.2784
2019-08-27,1.067
2019-08-28,0.8497
2019-08-29,2.2809
2019-08-30,0.7572
2019-09-03,-2.0646
2019-09-04,0.6746
2019-09-05,2.1359
2019-09-06,0.1565
2019-09-09,-0.2632
2019-09-10,-0.0907
2019-09-11,1.8982
2019-09-12,0.0243
2019-09-13,0.664
2019-09-16,-0.3137
2019-09-17,0.4035
2019-09-18,-0.4018
2019-09-19,0.0323
2019-09-20,-0.6615
2019-09-23,-0.0568
2019-09-24,-0.2681
2019-09-25,0.391
2019-09-26,0.2029
2019-09-27,0.0648
2019-09-30,-0.2833
2019-10-01,-2.5241
2019-10-02,-2.8975999999999997
2019-10-03,0.8489
2019-10-04,0.8078
2019-10-07,-1.7797
2019-10-08,-2.9455
2019-10-09,0.9556
2019-10-10,-0.0088
2019-10-11,1.1307
2019-10-14,-0.0433
2019-10-15,0.6243
2019-10-16,0.0172
2019-10-17,0.6806
2019-10-18,0.3765
2019-10-21,0.5627
2019-10-22,0.2798
2019-10-23,0.372
2019-10-24,0.8591
2019-10-25,1.0939
2019-10-28,0.8426
2019-10-29,4.7428
2019-10-30,-0.0626
2019-10-31,-0.7043
2019-11-01,1.5604
2019-11-04,1.808
2019-11-05,-0.3354
2019-11-06,0.5277
2019-11-07,-1.7877999999999998
2019-11-08,1.038
2019-11-11,-0.3297
2019-11-12,-0.3538
2019-11-13,-1.3354
2019-11-14,-0.1095
2019-11-15,0.7989
2019-11-18,1.2587
2019-11-19,-0.046
2019-11-20,-0.3224
2019-11-21,-0.285
2019-11-22,0.4866
2019-11-25,0.5765
2019-11-26,-0.1528
2019-11-27,0.8649
2019-11-29,-0.5084
2019-12-02,-1.3881000000000001
2019-12-03,-0.9281
2019-12-04,0.3825
2019-12-05,0.7544
2019-12-06,2.0694
2019-12-09,-0.2886
2019-12-10,-0.1599
2019-12-11,1.4569
2019-12-12,1.0375
2019-12-13,-0.4316
2019-12-16,-0.3512
2019-12-17,0.2025
2019-12-18,-0.3443
2019-12-19,0.3004
2019-12-20,1.0932
2019-12-23,-0.1555
2019-12-24,-0.1558
2019-12-26,-0.5275
2019-12-27,0.3511
2019-12-30,-1.0867
2019-12-31,0.0226
2020-01-02,1.0758
2020-01-03,-0.8932
2020-01-06,-0.8712
2020-01-07,-0.4091
2020-01-08,-0.1598
2020-01-09,-0.5486
2020-01-10,0.5057
2020-01-13,0.1296
2020-01-14,-0.3578
2020-01-15,0.3285
2020-01-16,1.2033
2020-01-17,0.7751
2020-01-21,-1.1723
2020-01-22,-0.5365
2020-01-23,0.4938
2020-01-24,-1.2775
2020-01-27,-1.2021
2020-01-28,1.3563
2020-01-29,2.6839
2020-01-30,0.633
2020-01-31,-1.4133
2020-02-03,2.2217000000000002
2020-02-04,1.7182
2020-02-05,2.3316
2020-02-06,0.4585
2020-02-07,-0.4213
2020-02-10,1.6219000000000001
2020-02-11,0.1735
2020-02-12,0.852
2020-02-13,0.0206
2020-02-14,0.6386
2020-02-18,-1.0781
2020-02-19,0.5932
2020-02-20,0.1234
2020-02-21,-0.2534
2020-02-24,-2.4444
2020-02-25,-2.8646000000000003
2020-02-26,0.5434
2020-02-27,-4.5042
2020-02-28,-2.6187
2020-03-02,0.4433
2020-03-03,5.4799
2020-03-04,11.0881
2020-03-05,-4.5748
2020-03-06,0.0889
2020-03-09,-6.4427
2020-03-10,1.7002000000000002
2020-03-11,-0.0654
2020-03-12,-9.4766
2020-03-13,7.3809000000000005
2020-03-16,-10.8759
2020-03-17,1.1064
2020-03-18,-10.943
2020-03-19,-1.542
2020-03-20,-7.4024
2020-03-23,-5.8404
2020-03-24,7.7884
2020-03-25,10.8189
2020-03-26,2.0677
2020-03-27,-4.8458
2020-03-30,1.9717
2020-03-31,-2.0285
2020-04-01,-2.0584
2020-04-02,2.4354
2020-04-03,-3.4154
2020-04-06,8.7592
2020-04-07,1.2983
2020-04-08,-0.3403
2020-04-09,4.2449
2020-04-13,-1.9541
2020-04-14,2.5832
2020-04-15,-5.8721
2020-04-16,-1.0955
2020-04-17,4.8269
2020-04-20,-5.4388
2020-04-21,-5.3164
2020-04-22,1.6646
2020-04-23,2.2605
2020-04-24,0.4063
2020-04-27,2.7847
2020-04-28,1.4704
2020-04-29,3.0808
2020-04-30,-3.2322
2020-05-01,-0.6978
2020-05-04,-1.9122
2020-05-05,-3.5115
2020-05-06,-2.8481
2020-05-07,1.5159
2020-05-08,4.1466
2020-05-11,-4.0408
2020-05-12,-5.2112
2020-05-13,-0.1433
2020-05-14,2.1787
2020-05-15,-1.4173
2020-05-18,5.4138
2020-05-19,-1.2041
2020-05-20,-0.8208
2020-05-21,2.0188
2020-05-22,2.4582
2020-05-26,6.6819
2020-05-27,2.2602
2020-05-28,-0.7038
2020-05-29,-0.0997
2020-06-01,0.2439
2020-06-02,1.1169
2020-06-03,3.1605
2020-06-04,1.8446
2020-06-05,6.772
2020-06-08,-2.9605
2020-06-09,-1.5455999999999999
2020-06-10,-2.9448
2020-06-11,-5.0957
2020-06-12,0.6907
2020-06-15,0.2876
2020-06-16,1.1362
2020-06-17,0.1854
2020-06-18,-1.9379
2020-06-19,-0.866
2020-06-22,0.9968
2020-06-23,-0.0998
2020-06-24,-4.4955
2020-06-25,-0.2789
2020-06-26,-1.3519999999999999
2020-06-29,5.3757
2020-06-30,-0.2355
2020-07-01,-0.1349
2020-07-02,1.8794
2020-07-06,2.2203
2020-07-07,-1.2211
2020-07-08,0.7877
2020-07-09,-1.9971999999999999
2020-07-10,1.4952
2020-07-13,0.4911
2020-07-14,5.9073
2020-07-15,3.4861
2020-07-16,1.0007
2020-07-17,0.5003
2020-07-20,0.9078
2020-07-21,2.0023
2020-07-22,0.7207
2020-07-23,-0.7438
2020-07-24,-1.5747
2020-07-27,0.7614
2020-07-28,-0.8034
2020-07-29,6.5182
2020-07-30,0.353
2020-07-31,0.9111
