ticker,WSM US Equity
field,DAY_TO_DAY_TOT_RETURN_GROSS_DVDS
date,
2000-01-03,-5.163
2000-01-04,-3.1519
2000-01-05,0.5917
2000-01-06,-20.0
2000-01-07,-1.6543999999999999
2000-01-10,3.3645
2000-01-11,0.5425
2000-01-12,-2.8777
2000-01-13,1.1111
2000-01-14,0.3663
2000-01-18,3.8321
2000-01-19,5.2724
2000-01-20,-2.3372
2000-01-21,-1.7094
2000-01-24,-0.6957
2000-01-25,-3.5026
2000-01-26,-3.9927
2000-01-27,-5.8601
2000-01-28,1.2048
2000-01-31,0.5952
2000-02-01,2.1696
2000-02-02,2.5097
2000-02-03,-2.6365
2000-02-04,1.1605
2000-02-07,-1.5295999999999998
2000-02-08,2.5243
2000-02-09,-0.7576
2000-02-10,-1.9083999999999999
2000-02-11,-5.8366
2000-02-14,-1.6529
2000-02-15,-2.1008
2000-02-16,-11.1588
2000-02-17,15.942
2000-02-18,-6.4583
2000-02-22,0.6682
2000-02-23,3.3186
2000-02-24,-5.3533
2000-02-25,-1.5836999999999999
2000-02-28,3.908
2000-02-29,9.5133
2000-03-01,5.0505
2000-03-02,-3.2692
2000-03-03,-1.7893
2000-03-06,-36.8421
2000-03-07,0.9615
2000-03-08,21.9048
2000-03-09,-4.1667
2000-03-10,-1.6303999999999998
2000-03-13,-1.9337
2000-03-14,-1.9718
2000-03-15,6.3218
2000-03-16,18.3784
2000-03-17,-0.6849
2000-03-20,-0.6897
2000-03-21,2.0833
2000-03-22,-2.7211
2000-03-23,-1.1655
2000-03-24,-1.8868
2000-03-27,-1.2019
2000-03-28,0.7299
2000-03-29,0.4831
2000-03-30,4.5673
2000-03-31,14.023
2000-04-03,0.2016
2000-04-04,-1.8109
2000-04-05,-1.4344000000000001
2000-04-06,0.2079
2000-04-07,9.5436
2000-04-10,-4.1667
2000-04-11,-2.9644
2000-04-12,2.6477
2000-04-13,4.9603
2000-04-14,-10.2079
2000-04-17,-3.1579
2000-04-18,4.7826
2000-04-19,-2.2822
2000-04-20,4.034
2000-04-24,-2.0408
2000-04-25,2.9167
2000-04-26,8.502
2000-04-27,0.3731
2000-04-28,2.974
2000-05-01,-1.6245
2000-05-02,-3.1193
2000-05-03,-6.8182
2000-05-04,-0.6098
2000-05-05,1.8405
2000-05-08,3.4137
2000-05-09,-2.3301
2000-05-10,-1.5905
2000-05-11,6.6667
2000-05-12,2.6515
2000-05-15,6.2731
2000-05-16,3.2986
2000-05-17,-1.5126
2000-05-18,-3.413
2000-05-19,-3.7102
2000-05-22,-0.5505
2000-05-23,1.2915
2000-05-24,-2.9144
2000-05-25,4.3152
2000-05-26,-8.2734
2000-05-30,2.549
2000-05-31,-1.912
2000-06-01,-4.6784
2000-06-02,2.2495
2000-06-05,-6.6
2000-06-06,-8.5653
2000-06-07,2.8103
2000-06-08,3.1891
2000-06-09,-1.9868000000000001
2000-06-12,-6.3063
2000-06-13,2.4038
2000-06-14,5.1643
2000-06-15,0.4464
2000-06-16,-1.1111
2000-06-19,-5.1685
2000-06-20,0.237
2000-06-21,-0.2364
2000-06-22,-1.4218
2000-06-23,2.4038
2000-06-26,-0.4695
2000-06-27,12.0283
2000-06-28,2.7368
2000-06-29,4.7131
2000-06-30,1.5655999999999999
2000-07-03,0.1927
2000-07-05,-0.1923
2000-07-06,8.4778
2000-07-07,0.5329
2000-07-10,10.2473
2000-07-11,-1.9231
2000-07-12,-2.1242
2000-07-13,-2.1703
2000-07-14,-0.3413
2000-07-17,0.8562
2000-07-18,-0.8489
2000-07-19,-1.0274
2000-07-20,0.346
2000-07-21,2.7586
2000-07-24,-3.5235
2000-07-25,2.6087
2000-07-26,5.2542
2000-07-27,4.1868
2000-07-28,-4.6368
2000-07-31,0.4862
2000-08-01,2.0968
2000-08-02,2.2117
2000-08-03,2.6275
2000-08-04,3.6145
2000-08-07,-1.3081
2000-08-08,1.1782
2000-08-09,-5.3857
2000-08-10,-3.0769
2000-08-11,1.4285999999999999
2000-08-14,0.313
2000-08-15,-0.468
2000-08-16,-8.9342
2000-08-17,5.6799
2000-08-18,-0.1629
2000-08-21,-2.447
2000-08-22,1.505
2000-08-23,-1.1532
2000-08-24,1.1667
2000-08-25,1.318
2000-08-28,-0.6504
2000-08-29,2.455
2000-08-30,-3.6741
2000-08-31,-4.6434
2000-09-01,0.8696
2000-09-05,2.069
2000-09-06,7.7703
2000-09-07,-1.8809
2000-09-08,6.869
2000-09-11,4.6338
2000-09-12,-2.7143
2000-09-13,0.5874
2000-09-14,1.4599
2000-09-15,1.5827
2000-09-18,1.4163999999999999
2000-09-19,-8.2402
2000-09-20,-0.1522
2000-09-21,4.1159
2000-09-22,1.7570000000000001
2000-09-25,-1.5827
2000-09-26,-2.924
2000-09-27,-3.012
2000-09-28,-2.3292
2000-09-29,-11.6057
2000-10-02,-7.554
2000-10-03,-5.2529
2000-10-04,-3.2854
2000-10-05,-2.5478
2000-10-06,-6.3181
2000-10-09,-29.3023
2000-10-10,4.9342
2000-10-11,-3.1348
2000-10-12,-5.178
2000-10-13,4.7782
2000-10-16,-3.9088000000000003
2000-10-17,-1.0169
2000-10-18,3.4247
2000-10-19,6.6225000000000005
2000-10-20,-2.1739
2000-10-23,-3.1746
2000-10-24,-0.9836
2000-10-25,-3.6424
2000-10-26,2.7491
2000-10-27,4.0134
2000-10-30,2.2508
2000-10-31,4.717
2000-11-01,-1.2012
2000-11-02,13.3739
2000-11-03,-5.63
2000-11-06,0.8523
2000-11-07,-10.9859
2000-11-08,-1.2658
2000-11-09,-6.7308
2000-11-10,-9.2784
2000-11-13,6.0606
2000-11-14,7.1429
2000-11-15,-4.0
2000-11-16,-3.4722
2000-11-17,3.5971
2000-11-20,2.0833
2000-11-21,-7.8231
2000-11-22,-1.845
2000-11-24,4.1353
2000-11-27,6.8591999999999995
2000-11-28,-3.7161999999999997
2000-11-29,0.3509
2000-11-30,-6.2937
2000-12-01,-0.7463
2000-12-04,0.7519
2000-12-05,11.9403
2000-12-06,-1.0
2000-12-07,0.0
2000-12-08,-0.6734
2000-12-11,2.0339
2000-12-12,-5.3156
2000-12-13,-1.0526
2000-12-14,-1.7730000000000001
2000-12-15,-3.2491
2000-12-18,2.9851
2000-12-19,-2.5362
2000-12-20,-3.7175000000000002
2000-12-21,1.9304999999999999
2000-12-22,9.0909
2000-12-26,-3.8194
2000-12-27,1.083
2000-12-28,2.8571
2000-12-29,11.1111
2001-01-02,8.125
2001-01-03,8.9595
2001-01-04,8.4881
2001-01-05,-2.445
2001-01-08,-5.5138
2001-01-09,-4.7745
2001-01-10,8.3565
2001-01-11,4.3702
2001-01-12,-1.4778
2001-01-16,2.25
2001-01-17,3.6675
2001-01-18,-6.3679
2001-01-19,-2.7708
2001-01-22,5.6995000000000005
2001-01-23,0.7353
2001-01-24,2.9196999999999997
2001-01-25,4.4917
2001-01-26,-7.9186
2001-01-29,4.1376
2001-01-30,0.0
2001-01-31,1.1703000000000001
2001-02-01,-0.6343
2001-02-02,-4.6189
2001-02-05,-2.5197000000000003
2001-02-06,0.9693
2001-02-07,2.24
2001-02-08,-4.2254
2001-02-09,0.5719
2001-02-12,1.1373
2001-02-13,8.0321
2001-02-14,-2.974
2001-02-15,-0.9579
2001-02-16,0.1934
2001-02-20,3.5521000000000003
2001-02-21,-10.9993
2001-02-22,-3.6447000000000003
2001-02-23,14.7826
2001-02-26,10.7955
2001-02-27,-3.6923
2001-02-28,-3.2659000000000002
2001-03-01,-3.6696999999999997
2001-03-02,1.3333
2001-03-05,-2.6316
2001-03-06,5.6371
2001-03-07,6.1769
2001-03-08,-0.241
2001-03-09,-2.3464
2001-03-12,-3.8869
2001-03-13,-3.2353
2001-03-14,9.3085
2001-03-15,2.5721
2001-03-16,-5.5574
2001-03-19,-0.61
2001-03-20,-1.5884
2001-03-21,2.7146
2001-03-22,-9.8214
2001-03-23,6.3366
2001-03-26,1.7505
2001-03-27,7.2474
2001-03-28,-6.4505
2001-03-29,-1.4958
2001-03-30,-2.7778
2001-04-02,1.5619
2001-04-03,-2.7382
2001-04-04,0.0
2001-04-05,0.6556
2001-04-06,0.2299
2001-04-09,-2.4847
2001-04-10,5.4096
2001-04-11,-2.1941
2001-04-12,-3.5741
2001-04-16,2.642
2001-04-17,-0.6915
2001-04-18,11.7602
2001-04-19,0.2077
2001-04-20,-3.6959999999999997
2001-04-23,-2.0086
2001-04-24,-0.6589
2001-04-25,0.7738
2001-04-26,2.3766
2001-04-27,4.6429
2001-04-30,2.628
2001-05-01,3.4253
2001-05-02,1.9293
2001-05-03,0.5047
2001-05-04,2.0402
2001-05-07,-1.5072
2001-05-08,-2.03
2001-05-09,-4.2078
2001-05-10,3.6606
2001-05-11,-3.4029
2001-05-14,-0.2991
2001-05-15,0.7
2001-05-16,3.6081
2001-05-17,11.8211
2001-05-18,-4.0286
2001-05-21,4.7931
2001-05-22,1.9034
2001-05-23,-6.0496
2001-05-24,2.5223
2001-05-25,0.6368
2001-05-29,-2.042
2001-05-30,-1.6735
2001-05-31,0.5673
2001-06-01,2.0784
2001-06-04,0.7853
2001-06-05,0.0577
2001-06-06,-0.2019
2001-06-07,0.4624
2001-06-08,1.1219999999999999
2001-06-11,-2.6458
2001-06-12,-1.1105
2001-06-13,0.5024
2001-06-14,-2.2640000000000002
2001-06-15,2.0156
2001-06-18,-0.6193
2001-06-19,1.365
2001-06-20,2.5468
2001-06-21,6.994
2001-06-22,-6.6969
2001-06-25,2.6593999999999998
2001-06-26,-0.8635
2001-06-27,2.9784
2001-06-28,6.1664
2001-06-29,-0.2313
2001-07-02,-1.6743999999999999
2001-07-03,-0.7074
2001-07-05,0.7124
2001-07-06,-3.9036
2001-07-09,-1.7993000000000001
2001-07-10,-0.7496
2001-07-11,-5.7343
2001-07-12,8.635
2001-07-13,1.2292
2001-07-16,-1.5110999999999999
2001-07-17,-2.7945
2001-07-18,3.8613
2001-07-19,-1.7096
2001-07-20,0.138
2001-07-23,3.7221
2001-07-24,-0.8506
2001-07-25,0.9383
2001-07-26,0.9296
2001-07-27,1.5789
2001-07-30,1.1399
2001-07-31,-2.3822
2001-08-01,-1.0234
2001-08-02,-0.1856
2001-08-03,-2.842
2001-08-06,-7.5451
2001-08-07,3.1638
2001-08-08,0.086
2001-08-09,0.2005
2001-08-10,-3.9726
2001-08-13,-5.0595
2001-08-14,9.2476
2001-08-15,-1.4060000000000001
2001-08-16,-0.2328
2001-08-17,-3.734
2001-08-20,-0.9394
2001-08-21,-10.3701
2001-08-22,5.4608
2001-08-23,-7.4434000000000005
2001-08-24,12.6224
2001-08-27,2.3595
2001-08-28,-1.2739
2001-08-29,-0.768
2001-08-30,-5.1393
2001-08-31,3.7859
2001-09-04,-1.3208
2001-09-05,0.0956
2001-09-06,-1.0825
2001-09-07,-3.3151
2001-09-10,-5.7923
2001-09-17,-12.1908
2001-09-18,-2.8169
2001-09-19,4.7619
2001-09-20,-6.8774999999999995
2001-09-21,-4.1596
2001-09-24,7.6174
2001-09-25,-2.0165
2001-09-26,-8.7358
2001-09-27,1.9327999999999999
2001-09-28,7.4944
2001-10-01,-6.6359
2001-10-02,-0.135
2001-10-03,21.8468
2001-10-04,-0.1848
2001-10-05,-1.963
2001-10-08,-1.1711
2001-10-09,-0.3823
2001-10-10,4.9885
2001-10-11,4.5687
2001-10-12,-0.2447
2001-10-15,-3.1184
2001-10-16,1.1935
2001-10-17,-1.5368
2001-10-18,-5.3721
2001-10-19,5.1016
2001-10-22,-1.4599
2001-10-23,-3.1481
2001-10-24,2.2945
2001-10-25,2.4299
2001-10-26,-2.7372
2001-10-29,-4.6154
2001-10-30,-0.4721
2001-10-31,2.3715
2001-11-01,5.1737
2001-11-02,5.8737
2001-11-05,3.6755
2001-11-06,0.1003
2001-11-07,3.9091
2001-11-08,1.6077
2001-11-09,0.6329
2001-11-12,0.283
2001-11-13,9.1878
2001-11-14,6.4331
2001-11-15,-1.8618000000000001
2001-11-16,-2.1721
2001-11-19,7.6447
2001-11-20,-2.7415000000000003
2001-11-21,-1.1275
2001-11-23,2.0092
2001-11-26,1.5438
2001-11-27,3.2765
2001-11-28,-1.5228000000000002
2001-11-29,0.0258
2001-11-30,0.1288
2001-12-03,-0.5661
2001-12-04,1.5787
2001-12-05,4.7134
2001-12-06,-1.7032
2001-12-07,-1.4851
2001-12-10,-1.8593
2001-12-11,-0.384
2001-12-12,-1.9275
2001-12-13,-1.6509
2001-12-14,5.6488
2001-12-17,1.9924
2001-12-18,3.8576
2001-12-19,0.4286
2001-12-20,0.5927
2001-12-21,1.1077
2001-12-24,-0.4662
2001-12-26,1.5457
2001-12-27,-0.0923
2001-12-28,0.554
2001-12-31,-1.5152
2002-01-02,-4.3124
2002-01-03,1.1693
2002-01-04,1.3243
2002-01-07,0.1901
2002-01-08,0.6404
2002-01-09,-2.2861000000000002
2002-01-10,2.219
2002-01-11,-3.1383
2002-01-14,-1.5834000000000001
2002-01-15,2.2277
2002-01-16,-1.4285999999999999
2002-01-17,3.7829
2002-01-18,-1.1834
2002-01-22,-0.1198
2002-01-23,2.4221
2002-01-24,3.0438
2002-01-25,-0.4317
2002-01-28,1.141
2002-01-29,-3.4522
2002-01-30,3.7626
2002-01-31,3.6036
2002-02-01,-2.6522
2002-02-04,-3.4167
2002-02-05,-0.1156
2002-02-06,-2.9861
2002-02-07,-0.2625
2002-02-08,0.9809
2002-02-11,4.5013
2002-02-12,-0.5214
2002-02-13,1.8687
2002-02-14,1.3199
2002-02-15,-0.6403
2002-02-19,-1.2444
2002-02-20,1.1476
2002-02-21,-0.6674
2002-02-22,-1.2542
2002-02-25,2.4042
2002-02-26,-1.2182
2002-02-27,2.2197
2002-02-28,-0.5264
2002-03-01,4.2999
2002-03-04,-0.1903
2002-03-05,-0.1271
2002-03-06,3.7964
2002-03-07,1.3895
2002-03-08,-1.1689
2002-03-11,-5.3834
2002-03-12,1.7241
2002-03-13,-1.1229
2002-03-14,2.1213
2002-03-15,0.9232
2002-03-18,-0.79
2002-03-19,0.5868
2002-03-20,2.1875
2002-03-21,-3.3435
2002-03-22,-1.3288
2002-03-25,-0.5558
2002-03-26,0.086
2002-03-27,-1.3101
2002-03-28,0.0871
2002-04-01,0.1305
2002-04-02,-2.4104
2002-04-03,-1.7802
2002-04-04,3.3077
2002-04-05,1.8639999999999999
2002-04-08,2.8418
2002-04-09,1.0048
2002-04-10,0.5596
2002-04-11,-3.6068
2002-04-12,0.4918
2002-04-15,-0.5319
2002-04-16,1.3048
2002-04-17,11.5921
2002-04-18,2.7625
2002-04-19,2.541
2002-04-22,-0.7362
2002-04-23,1.8632
2002-04-24,0.3374
2002-04-25,1.8407
2002-04-26,2.3288
2002-04-29,-1.9531
2002-04-30,-0.2079
2002-05-01,0.3298
2002-05-02,1.0035
2002-05-03,0.925
2002-05-06,-1.5614
2002-05-07,1.8965999999999998
2002-05-08,-0.9645
2002-05-09,-0.393
2002-05-10,-1.5093999999999999
2002-05-13,-2.6471999999999998
2002-05-14,5.0089
2002-05-15,-0.7155
2002-05-16,0.8579
2002-05-17,2.4497999999999998
2002-05-20,-0.9631
2002-05-21,-3.2864
2002-05-22,0.6588
2002-05-23,10.6442
2002-05-24,0.3113
2002-05-28,1.8001
2002-05-29,-2.2866
2002-05-30,-0.312
2002-05-31,0.1878
2002-06-03,-0.9372
2002-06-04,-1.766
2002-06-05,2.9535
2002-06-06,-3.3053
2002-06-07,3.2248
2002-06-10,-0.2499
2002-06-11,-0.783
2002-06-12,0.8523
2002-06-13,-6.1659
2002-06-14,-0.467
2002-06-17,1.307
2002-06-18,0.7278
2002-06-19,-0.6568
2002-06-20,-1.6529
2002-06-21,-1.8487
2002-06-24,-0.3425
2002-06-25,-2.5086
2002-06-26,4.5118
2002-06-27,0.3373
2002-06-28,3.0588
2002-07-01,-2.1526
2002-07-02,-6.7667
2002-07-03,-1.4659
2002-07-05,6.8215
2002-07-08,0.034
2002-07-09,-3.2258
2002-07-10,-2.807
2002-07-11,-2.4188
2002-07-12,-4.0696
2002-07-15,-2.7767
2002-07-16,-7.2194
2002-07-17,0.7696
2002-07-18,-1.9941
2002-07-19,-5.6277
2002-07-22,-5.9633
2002-07-23,0.0488
2002-07-24,14.3832
2002-07-25,-4.1773
2002-07-26,4.8043
2002-07-29,11.2054
2002-07-30,-2.8626
2002-07-31,-10.609
2002-08-01,-3.6484
2002-08-02,-6.7062
2002-08-05,-2.3961
2002-08-06,4.6091999999999995
2002-08-07,1.772
2002-08-08,-3.7176
2002-08-09,2.6393
2002-08-12,0.0
2002-08-13,6.1905
2002-08-14,8.1614
2002-08-15,4.5191
2002-08-16,-0.833
2002-08-19,1.08
2002-08-20,2.3348
2002-08-21,3.0549
2002-08-22,-6.1914
2002-08-23,0.08
2002-08-26,-0.2398
2002-08-27,-9.2548
2002-08-28,-3.3113
2002-08-29,5.0228
2002-08-30,0.0
2002-09-03,-3.8261
2002-09-04,7.1429
2002-09-05,0.4219
2002-09-06,8.6975
2002-09-09,1.0437
2002-09-10,0.6503
2002-09-11,0.076
2002-09-12,-2.3927
2002-09-13,0.856
2002-09-16,3.4722
2002-09-17,0.2983
2002-09-18,-1.5613000000000001
2002-09-19,-3.1344
2002-09-20,-0.9747
2002-09-23,-3.9370000000000003
2002-09-24,-0.4098
2002-09-25,3.2922000000000002
2002-09-26,4.1833
2002-09-27,-4.0918
2002-09-30,-5.7815
2002-10-01,-0.5501
2002-10-02,-3.3617
2002-10-03,-3.1704
2002-10-04,6.6849
2002-10-07,-5.3708
2002-10-08,5.9459
2002-10-09,-8.1633
2002-10-10,3.287
2002-10-11,6.7234
2002-10-14,-0.504
2002-10-15,6.2896
2002-10-16,-1.3106
2002-10-17,6.0765
2002-10-18,-0.2276
2002-10-21,-0.8745
2002-10-22,-2.6467
2002-10-23,-2.7187
2002-10-24,2.1871
2002-10-25,3.5275
2002-10-28,-6.7764
2002-10-29,1.4374
2002-10-30,-2.4291
2002-10-31,-1.2448
2002-11-01,3.6975
2002-11-04,-5.9562
2002-11-05,0.4739
2002-11-06,1.4151
2002-11-07,-4.3975
2002-11-08,-0.575
2002-11-11,-5.4715
2002-11-12,1.8824
2002-11-13,2.0323
2002-11-14,7.5147
2002-11-15,3.2842000000000002
2002-11-18,-4.8104
2002-11-19,1.4989
2002-11-20,5.0633
2002-11-21,4.2169
2002-11-22,-2.9672
2002-11-25,2.7403
2002-11-26,-4.0974
2002-11-27,7.7388
2002-11-29,-1.459
2002-12-02,2.126
2002-12-03,-1.8587
2002-12-04,4.8106
2002-12-05,0.4698
2002-12-06,0.4676
2002-12-09,-5.4064
2002-12-10,3.1416
2002-12-11,3.7064
2002-12-12,1.9108
2002-12-13,-1.9097
2002-12-16,2.1947
2002-12-17,-5.3343
2002-12-18,-0.8416
2002-12-19,-0.6642
2002-12-20,2.3403
2002-12-23,-2.8312
2002-12-24,-3.6235
2002-12-26,3.5659
2002-12-27,-1.5718999999999999
2002-12-30,1.5589
2002-12-31,1.6473
2003-01-02,4.0884
2003-01-03,-3.4678
2003-01-06,2.566
2003-01-07,-0.5361
2003-01-08,0.5749
2003-01-09,-8.0743
2003-01-10,1.0493999999999999
2003-01-13,-7.0
2003-01-14,1.1993
2003-01-15,-0.3678
2003-01-16,5.5373
2003-01-17,-0.6607
2003-01-21,-2.9734
2003-01-22,-1.5323
2003-01-23,-1.3104
2003-01-24,0.8299
2003-01-27,-5.3909
2003-01-28,0.7829
2003-01-29,3.1938
2003-01-30,-2.9695
2003-01-31,2.0259
2003-02-03,-1.9856
2003-02-04,-4.1379
2003-02-05,2.2482
2003-02-06,-1.7149999999999999
2003-02-07,0.6711
2003-02-10,2.0889
2003-02-11,1.8719999999999999
2003-02-12,-1.7094
2003-02-13,-3.1739
2003-02-14,-0.0898
2003-02-18,5.3933
2003-02-19,-1.7484
2003-02-20,0.3472
2003-02-21,2.5519
2003-02-24,-4.555
2003-02-25,-0.2209
2003-02-26,-0.2657
2003-02-27,2.1758
2003-02-28,1.1734
2003-03-03,-2.7921
2003-03-04,-6.7609
2003-03-05,-1.8957000000000002
2003-03-06,0.9662
2003-03-07,2.3923
2003-03-10,-3.271
2003-03-11,-1.5941999999999998
2003-03-12,0.4418
2003-03-13,5.132
2003-03-14,-2.0456
2003-03-17,5.3631
2003-03-18,-4.5045
2003-03-19,-2.9245
2003-03-20,4.3246
2003-03-21,10.014
2003-03-24,-4.5301
2003-03-25,0.8869
2003-03-26,-1.011
2003-03-27,-1.4654
2003-03-28,-1.397
2003-03-31,-0.3656
2003-04-01,-4.1284
2003-04-02,2.823
2003-04-03,-1.1168
2003-04-04,-0.3294
2003-04-07,2.4551
2003-04-08,-0.4608
2003-04-09,-2.6389
2003-04-10,1.7593999999999999
2003-04-11,1.5421
2003-04-14,3.3134
2003-04-15,4.1871
2003-04-16,-1.4536
2003-04-17,3.0803
2003-04-21,0.7997
2003-04-22,3.1315
2003-04-23,-1.1741
2003-04-24,-0.1639
2003-04-25,-1.7234
2003-04-28,3.6743
2003-04-29,3.5441000000000003
2003-04-30,0.6612
2003-05-01,-2.0093
2003-05-02,4.0221
2003-05-05,-0.1137
2003-05-06,1.2144
2003-05-07,1.1623999999999999
2003-05-08,-1.4085
2003-05-09,1.391
2003-05-12,2.0022
2003-05-13,2.2901
2003-05-14,-0.3198
2003-05-15,-2.5667999999999997
2003-05-16,-3.7688
2003-05-19,-2.2433
2003-05-20,1.4391
2003-05-21,1.7255
2003-05-22,-0.1131
2003-05-23,0.3774
2003-05-27,2.4436
2003-05-28,2.2385
2003-05-29,-2.1177
2003-05-30,4.2538
2003-06-02,-0.2814
2003-06-03,-0.3527
2003-06-04,1.4159
2003-06-05,3.8045
2003-06-06,-2.421
2003-06-09,-2.3777
2003-06-10,1.306
2003-06-11,1.9163999999999999
2003-06-12,0.4103
2003-06-13,-1.0555
2003-06-16,3.4756
2003-06-17,-0.9977
2003-06-18,-1.2429000000000001
2003-06-19,-1.1905000000000001
2003-06-20,1.6867
2003-06-23,0.0339
2003-06-24,1.2521
2003-06-25,-0.0334
2003-06-26,2.5744
2003-06-27,-2.6728
2003-06-30,-2.2103
2003-07-01,0.6849
2003-07-02,-0.102
2003-07-03,-0.9534
2003-07-07,2.2688
2003-07-08,0.0336
2003-07-09,-0.9745
2003-07-10,-2.9522
2003-07-11,0.6294
2003-07-14,5.8721
2003-07-15,-0.9846
2003-07-16,-1.591
2003-07-17,-1.6167
2003-07-18,-2.6018
2003-07-21,-2.7768
2003-07-22,1.2292
2003-07-23,1.5
2003-07-24,0.5278
2003-07-25,-0.875
2003-07-28,0.6356
2003-07-29,-0.0702
2003-07-30,-2.3876
2003-07-31,1.6187
2003-08-01,-2.3009
2003-08-04,-1.5217
2003-08-05,-0.9198
2003-08-06,1.0026
2003-08-07,0.1103
2003-08-08,1.7995
2003-08-11,0.4329
2003-08-12,1.9756
2003-08-13,-0.1409
2003-08-14,1.1287
2003-08-15,1.6045
2003-08-18,1.4761
2003-08-19,0.9134
2003-08-20,1.6091
2003-08-21,0.6269
2003-08-22,-1.8033000000000001
2003-08-25,-0.0334
2003-08-26,0.2672
2003-08-27,0.0999
2003-08-28,2.4293
2003-08-29,-0.5523
2003-09-02,1.8295
2003-09-03,2.0212
2003-09-04,-2.3585
2003-09-05,-2.4154999999999998
2003-09-08,-1.1221
2003-09-09,-3.0374
2003-09-10,-1.1360000000000001
2003-09-11,1.6713
2003-09-12,1.2328999999999999
2003-09-15,0.203
2003-09-16,2.8697
2003-09-17,0.8861
2003-09-18,-0.4554
2003-09-19,-0.5556
2003-09-22,-5.1594
2003-09-23,1.0742
2003-09-24,-4.1824
2003-09-25,-0.6798
2003-09-26,-2.7378
2003-09-29,-0.0741
2003-09-30,0.0
2003-10-01,2.6686
2003-10-02,3.7906
2003-10-03,2.2609
2003-10-06,0.8844
2003-10-07,0.3372
2003-10-08,-0.8737
2003-10-09,3.1186
2003-10-10,-0.3945
2003-10-13,3.3663
2003-10-14,0.8301
2003-10-15,-1.045
2003-10-16,0.8
2003-10-17,-0.7937
2003-10-20,2.176
2003-10-21,0.0313
2003-10-22,0.1565
2003-10-23,0.0625
2003-10-24,-0.3124
2003-10-27,4.6693999999999996
2003-10-28,5.1796
2003-10-29,-0.3985
2003-10-30,-0.1429
2003-10-31,1.1162
2003-11-03,1.9813
2003-11-04,-2.0538
2003-11-05,-0.255
2003-11-06,0.8523
2003-11-07,-0.3662
2003-11-10,0.0848
2003-11-11,1.0169
2003-11-12,3.887
2003-11-13,-0.969
2003-11-14,-2.1473
2003-11-17,-2.9444
2003-11-18,-1.3452
2003-11-19,-0.3481
2003-11-20,0.8734
2003-11-21,1.0101
2003-11-24,2.0857
2003-11-25,-0.056
2003-11-26,0.364
2003-11-28,0.558
2003-12-01,1.2209
2003-12-02,-2.4671
2003-12-03,-0.787
2003-12-04,-3.4561
2003-12-05,-0.0587
2003-12-08,0.5578
2003-12-09,-0.438
2003-12-10,-1.2903
2003-12-11,2.7926
2003-12-12,-0.1445
2003-12-15,-1.1577
2003-12-16,-3.8946
2003-12-17,2.9555
2003-12-18,1.1838
2003-12-19,-0.4972
2003-12-22,-1.1758
2003-12-23,0.5354
2003-12-24,-0.2071
2003-12-26,0.8301
2003-12-29,1.3819
2003-12-30,1.5371000000000001
2003-12-31,-0.6855
2004-01-02,-1.8407
2004-01-05,1.1427
2004-01-06,1.4484
2004-01-07,1.3135
2004-01-08,-4.0868
2004-01-09,-0.0294
2004-01-12,-3.7625
2004-01-13,-0.733
2004-01-14,0.6154
2004-01-15,1.3761
2004-01-16,-0.1207
2004-01-20,-1.3893
2004-01-21,1.9602
2004-01-22,-0.3905
2004-01-23,0.4222
2004-01-26,0.6607
2004-01-27,-1.9988000000000001
2004-01-28,-3.0137
2004-01-29,-0.3453
2004-01-30,1.1339
2004-02-02,0.0
2004-02-03,-1.308
2004-02-04,-1.1991
2004-02-05,-1.1179000000000001
2004-02-06,5.4587
2004-02-09,0.7657
2004-02-10,-0.8511
2004-02-11,2.054
2004-02-12,-0.6909
2004-02-13,-1.2099
2004-02-17,0.2449
2004-02-18,-0.672
2004-02-19,-1.2608
2004-02-20,-1.4949
2004-02-23,-1.9918
2004-02-24,-0.0323
2004-02-25,1.0003
2004-02-26,0.2236
2004-02-27,1.9764
2004-03-01,0.125
2004-03-02,0.5308
2004-03-03,-0.6211
2004-03-04,2.0938
2004-03-05,2.0814
2004-03-08,-2.7286
2004-03-09,-1.4487999999999999
2004-03-10,0.0938
2004-03-11,-2.0625
2004-03-12,3.0951
2004-03-15,-1.5474999999999999
2004-03-16,0.3772
2004-03-17,2.7247
2004-03-18,2.4695
2004-03-19,-3.1538
2004-03-22,-2.5806
2004-03-23,1.6714
2004-03-24,-0.8995
2004-03-25,4.6322
2004-03-26,0.4786
2004-03-29,1.0717
2004-03-30,0.8837
2004-03-31,-0.146
2004-04-01,-1.6374
2004-04-02,0.6243
2004-04-05,2.0975
2004-04-06,-0.1157
2004-04-07,-1.2457
2004-04-08,-1.144
2004-04-12,-0.089
2004-04-13,-3.8313
2004-04-14,-1.328
2004-04-15,0.1252
2004-04-16,-0.2501
2004-04-19,-0.6581
2004-04-20,-2.9022
2004-04-21,-0.3249
2004-04-22,1.043
2004-04-23,3.5484
2004-04-26,0.0935
2004-04-27,3.7037
2004-04-28,-0.9904
2004-04-29,-0.3941
2004-04-30,-1.1564
2004-05-03,0.4618
2004-05-04,0.3678
2004-05-05,-0.4275
2004-05-06,-2.8519
2004-05-07,-3.0934
2004-05-10,-3.127
2004-05-11,2.9254
2004-05-12,0.4247
2004-05-13,-2.4398
2004-05-14,-1.5005
2004-05-17,-2.5389
2004-05-18,4.2722999999999995
2004-05-19,1.6656
2004-05-20,-2.228
2004-05-21,1.441
2004-05-24,3.5679
2004-05-25,2.3923
2004-05-26,-0.6231
2004-05-27,0.094
2004-05-28,0.0626
2004-06-01,0.626
2004-06-02,1.6796
2004-06-03,-1.0401
2004-06-04,-2.7202
2004-06-07,3.1776
2004-06-08,-1.0163
2004-06-09,-1.5868
2004-06-10,-2.3396
2004-06-14,-1.0036
2004-06-15,0.9483
2004-06-16,0.5831
2004-06-17,0.8696
2004-06-18,0.9259
2004-06-21,0.5694
2004-06-22,-0.346
2004-06-23,1.0101
2004-06-24,-0.5625
2004-06-25,3.237
2004-06-28,0.3044
2004-06-29,-1.6995
2004-06-30,1.7598
2004-07-01,-2.0631
2004-07-02,-0.2478
2004-07-06,-0.4658
2004-07-07,0.936
2004-07-08,-1.7002000000000002
2004-07-09,1.3522
2004-07-12,-0.7446
2004-07-13,0.7815
2004-07-14,-0.4342
2004-07-15,-0.5919
2004-07-16,-2.3817
2004-07-19,-1.0915
2004-07-20,2.629
2004-07-21,-1.7393999999999998
2004-07-22,0.0966
2004-07-23,-0.8682
2004-07-26,-0.7136
2004-07-27,2.7442
2004-07-28,-0.3498
2004-07-29,3.1589
2004-07-30,0.4949
2004-08-02,0.8618
2004-08-03,-1.7393999999999998
2004-08-04,-0.5901
2004-08-05,-2.6867
2004-08-06,-2.7608
2004-08-09,1.1555
2004-08-10,1.2402
2004-08-11,-1.6763
2004-08-12,-3.4098
2004-08-13,1.3237999999999999
2004-08-16,3.5176
2004-08-17,3.4628
2004-08-18,2.5962
2004-08-19,-0.5183
2004-08-20,-0.4903
2004-08-23,-0.2156
2004-08-24,-2.7778
2004-08-25,9.9683
2004-08-26,2.0497
2004-08-27,0.9618
2004-08-30,-1.2328000000000001
2004-08-31,-0.7376
2004-09-01,2.2292
2004-09-02,1.5655999999999999
2004-09-03,-0.4679
2004-09-07,0.6637
2004-09-08,-1.4835
2004-09-09,-0.7529
2004-09-10,2.2478
2004-09-13,0.3298
2004-09-14,0.1369
2004-09-15,-1.0941
2004-09-16,0.3872
2004-09-17,-0.9642
2004-09-20,1.4743
2004-09-21,0.8498
2004-09-22,-0.7883
2004-09-23,-0.2192
2004-09-24,0.6315
2004-09-27,-0.2183
2004-09-28,0.1367
2004-09-29,2.13
2004-09-30,0.4011
2004-10-01,0.6658
2004-10-04,-0.1587
2004-10-05,0.0265
2004-10-06,-0.9801
2004-10-07,-1.4714
2004-10-08,-1.2218
2004-10-11,-0.0275
2004-10-12,-0.4124
2004-10-13,0.0
2004-10-14,-1.7393999999999998
2004-10-15,0.0281
2004-10-18,3.9607
2004-10-19,1.324
2004-10-20,0.6667
2004-10-21,0.3444
2004-10-22,-0.7392
2004-10-25,-1.117
2004-10-26,1.049
2004-10-27,2.0229
2004-10-28,-0.5479
2004-10-29,0.1312
2004-11-01,0.0786
2004-11-02,1.5183
2004-11-03,3.6101
2004-11-04,1.4684
2004-11-05,-2.7226
2004-11-08,-1.1346
2004-11-09,-0.4081
2004-11-10,1.2036
2004-11-11,0.4555
2004-11-12,0.8816
2004-11-15,2.8964
2004-11-16,-3.7612
2004-11-17,-1.412
2004-11-18,-5.9591
2004-11-19,-1.5230000000000001
2004-11-22,0.1933
2004-11-23,2.2602
2004-11-24,-0.2965
2004-11-26,-0.1622
2004-11-29,0.1625
2004-11-30,-1.0273
2004-12-01,1.0653
2004-12-02,-0.3243
2004-12-03,-0.3254
2004-12-06,-0.5441
2004-12-07,-1.5044
2004-12-08,0.9164
2004-12-09,0.055
2004-12-10,0.1925
2004-12-13,-0.5764
2004-12-14,1.2147999999999999
2004-12-15,0.2455
2004-12-16,-1.9864000000000002
2004-12-17,-1.7213
2004-12-20,-0.2825
2004-12-21,0.0
2004-12-22,0.8499
2004-12-23,-0.8708
2004-12-27,-0.7651
2004-12-28,0.2284
2004-12-29,0.8547
2004-12-30,0.0282
2004-12-31,-1.0449
2005-01-03,2.7397
2005-01-04,-2.5833
2005-01-05,-0.1996
2005-01-06,-1.2570999999999999
2005-01-07,-1.5914000000000001
2005-01-10,2.2934
2005-01-11,-1.4659
2005-01-12,-1.3711
2005-01-13,-0.769
2005-01-14,1.7884
2005-01-18,0.5857
2005-01-19,-1.3392
2005-01-20,-0.177
2005-01-21,-0.5321
2005-01-24,-0.2675
2005-01-25,0.6257
2005-01-26,0.3257
2005-01-27,1.2397
2005-01-28,0.6706
2005-01-31,0.2027
2005-02-01,0.578
2005-02-02,0.546
2005-02-03,-0.4001
2005-02-04,0.0287
2005-02-07,0.1721
2005-02-08,-0.4868
2005-02-09,-1.4964
2005-02-10,-0.2629
2005-02-11,1.8161
2005-02-14,-0.9781
2005-02-15,1.8303
2005-02-16,0.1997
2005-02-17,-1.0535
2005-02-18,-1.0935
2005-02-22,-2.0949
2005-02-23,0.2972
2005-02-24,1.0963
2005-02-25,0.8499
2005-02-28,0.8137
2005-03-01,2.3638
2005-03-02,-1.4362
2005-03-03,-0.5429
2005-03-04,-0.8905
2005-03-07,-0.1159
2005-03-08,0.029
2005-03-09,1.5956000000000001
2005-03-10,0.6568
2005-03-11,0.0
2005-03-14,0.5957
2005-03-15,1.2972000000000001
2005-03-16,-1.8374000000000001
2005-03-17,-0.0567
2005-03-18,-0.6527
2005-03-21,0.1999
2005-03-22,4.3044
2005-03-23,-0.1913
2005-03-24,-0.1643
2005-03-28,-0.6308
2005-03-29,0.3588
2005-03-30,2.8603
2005-03-31,-1.738
2005-04-01,-1.932
2005-04-04,-0.222
2005-04-05,1.3626
2005-04-06,-0.3292
2005-04-07,0.1927
2005-04-08,-1.1813
2005-04-11,0.3892
2005-04-12,-0.3046
2005-04-13,-1.6111
2005-04-14,-1.581
2005-04-15,-3.4423
2005-04-18,3.0006
2005-04-19,-0.8076
2005-04-20,-1.9773
2005-04-21,2.4325
2005-04-22,-2.4616
2005-04-25,1.1283
2005-04-26,-0.411
2005-04-27,1.3267
2005-04-28,-2.0367
2005-04-29,-0.5346
2005-05-02,1.7617
2005-05-03,0.8216
2005-05-04,1.5425
2005-05-05,0.6879
2005-05-06,-2.3911
2005-05-09,0.6416
2005-05-10,0.8403
2005-05-11,-0.8621
2005-05-12,-0.2319
2005-05-13,0.7263
2005-05-16,1.5287
2005-05-17,3.7784
2005-05-18,2.628
2005-05-19,0.8269
2005-05-20,-0.4762
2005-05-23,0.2658
2005-05-24,0.3977
2005-05-25,1.3203
2005-05-26,1.2248999999999999
2005-05-27,0.5664
2005-05-31,0.6912
2005-06-01,-0.6865
2005-06-02,0.7937
2005-06-03,-1.1176
2005-06-06,0.3339
2005-06-07,1.6385
2005-06-08,0.2267
2005-06-09,-0.1257
2005-06-10,-0.7549
2005-06-13,1.4199
2005-06-14,2.05
2005-06-15,0.049
2005-06-16,1.3957
2005-06-17,-0.5071
2005-06-20,-0.1699
2005-06-21,-0.5835
2005-06-22,-0.4647
2005-06-23,-1.8428
2005-06-24,-1.4518
2005-06-27,0.8382
2005-06-28,1.7631999999999999
2005-06-29,-2.005
2005-06-30,-0.0505
2005-07-01,-0.2527
2005-07-05,1.7482
2005-07-06,2.1912
2005-07-07,-0.5117
2005-07-08,0.6123
2005-07-11,1.6066
2005-07-12,-0.1437
2005-07-13,-0.4319
2005-07-14,0.4096
2005-07-15,1.6078999999999999
2005-07-18,-0.2834
2005-07-19,1.7527
2005-07-20,-1.932
2005-07-21,0.2374
2005-07-22,0.1184
2005-07-25,0.071
2005-07-26,0.6618
2005-07-27,1.8079
2005-07-28,3.3672
2005-07-29,-1.4726
2005-08-01,-0.7926
2005-08-02,0.525
2005-08-03,0.0227
2005-08-04,-1.2259
2005-08-05,-1.5857999999999999
2005-08-08,-1.2377
2005-08-09,1.2296
2005-08-10,0.2102
2005-08-11,0.2797
2005-08-12,-0.2789
2005-08-15,0.3263
2005-08-16,-2.5558
2005-08-17,-0.1192
2005-08-18,0.4297
2005-08-19,-1.9967000000000001
2005-08-22,-1.2127
2005-08-23,-1.0803
2005-08-24,-0.0745
2005-08-25,0.4968
2005-08-26,-1.5077
2005-08-29,0.3513
2005-08-30,-2.2006
2005-08-31,2.9149000000000003
2005-09-01,-4.8447
2005-09-02,-0.9138
2005-09-06,1.9763
2005-09-07,1.0853
2005-09-08,-0.6391
2005-09-09,1.1320000000000001
2005-09-12,0.2544
2005-09-13,-1.1418
2005-09-14,-0.8214
2005-09-15,-0.3364
2005-09-16,0.6751
2005-09-19,-1.7797
2005-09-20,-2.4422
2005-09-21,-1.3458999999999999
2005-09-22,0.7913
2005-09-23,0.2978
2005-09-26,-0.135
2005-09-27,0.0
2005-09-28,-0.1081
2005-09-29,1.3258
2005-09-30,2.4032
2005-10-03,-0.0261
2005-10-04,-1.1476
2005-10-05,-0.0528
2005-10-06,-0.4752
2005-10-07,2.069
2005-10-10,-1.3254000000000001
2005-10-11,-1.8699
2005-10-12,-2.0397
2005-10-13,0.1096
2005-10-14,1.4231
2005-10-17,0.9444
2005-10-18,-0.8287
2005-10-19,2.9111000000000002
2005-10-20,-2.1477
2005-10-21,0.6959
2005-10-24,1.9139
2005-10-25,-0.4695
2005-10-26,-1.6771
2005-10-27,-2.8252
2005-10-28,2.4136
2005-10-31,4.7402
2005-11-01,0.0511
2005-11-02,3.22
2005-11-03,1.7579
2005-11-04,-0.8759
2005-11-07,1.5955
2005-11-08,-2.3436
2005-11-09,-1.1381000000000001
2005-11-10,2.6776999999999997
2005-11-11,-0.6824
2005-11-14,1.0552
2005-11-15,-1.0199
2005-11-16,1.4475
2005-11-17,-0.8948
2005-11-18,1.3421
2005-11-21,3.058
2005-11-22,0.514
2005-11-23,1.139
2005-11-25,0.7814
2005-11-28,-1.2315
2005-11-29,-0.254
2005-11-30,0.4398
2005-12-01,1.4519
2005-12-02,0.4998
2005-12-05,0.4747
2005-12-06,-0.5399
2005-12-07,-1.2214
2005-12-08,-0.1374
2005-12-09,0.3669
2005-12-12,1.1195
2005-12-13,-1.0167
2005-12-14,1.2098
2005-12-15,-0.6315
2005-12-16,-0.9986
2005-12-19,-0.7565
2005-12-20,0.6237
2005-12-21,0.8953
2005-12-22,-2.1843
2005-12-23,-0.4885
2005-12-27,-0.2104
2005-12-28,2.6938
2005-12-29,-0.4562
2005-12-30,-1.1228
2006-01-03,1.0892
2006-01-04,-2.155
2006-01-05,-1.1715
2006-01-06,0.7112
2006-01-09,2.4953
2006-01-10,1.9062999999999999
2006-01-11,1.6227
2006-01-12,-3.615
2006-01-13,-3.6814999999999998
2006-01-17,-0.0717
2006-01-18,0.3825
2006-01-19,-0.4525
2006-01-20,-2.0096
2006-01-23,-1.0986
2006-01-24,0.4196
2006-01-25,-0.3441
2006-01-26,0.74
2006-01-27,-0.5387
2006-01-30,-1.4771
2006-01-31,-0.5997
2006-02-01,-0.3771
2006-02-02,-1.3626
2006-02-03,-0.8186
2006-02-06,0.8512
2006-02-07,-1.509
2006-02-08,0.0519
2006-02-09,1.116
2006-02-10,-1.4374
2006-02-13,0.0781
2006-02-14,2.0036
2006-02-15,1.301
2006-02-16,0.4281
2006-02-17,-0.2006
2006-02-21,-0.8794
2006-02-22,1.0646
2006-02-23,-0.2508
2006-02-24,0.176
2006-02-27,1.4558
2006-02-28,0.1732
2006-03-01,0.815
2006-03-02,-1.0044
2006-03-03,-0.3464
2006-03-06,-1.3658000000000001
2006-03-07,-0.4532
2006-03-08,0.2276
2006-03-09,-0.328
2006-03-10,0.4051
2006-03-13,1.1851
2006-03-14,0.7725
2006-03-15,2.1761
2006-03-16,-0.0484
2006-03-17,2.8087
2006-03-20,-0.4239
2006-03-21,-1.2062
2006-03-22,0.1197
2006-03-23,-0.2391
2006-03-24,1.1505
2006-03-27,1.4218
2006-03-28,-0.4439
2006-03-29,-0.2582
2006-03-30,-0.3294
2006-03-31,0.0944
2006-04-03,-1.533
2006-04-04,2.4431
2006-04-05,0.2572
2006-04-06,1.166
2006-04-07,-1.4753
2006-04-10,-1.6612
2006-04-11,-0.4759
2006-04-12,-0.3108
2006-04-13,-0.2158
2006-04-17,0.2163
2006-04-18,1.9904
2006-04-19,-1.0111
2006-04-20,0.7601
2006-04-21,-1.6737
2006-04-24,-0.1439
2006-04-25,-0.6017
2006-04-26,0.9201
2006-04-27,1.0796999999999999
2006-04-28,-0.6171
2006-05-01,1.7913000000000001
2006-05-02,-0.0939
2006-05-03,-0.1879
2006-05-04,1.5293999999999999
2006-05-05,1.9929999999999999
2006-05-08,0.7271
2006-05-09,-1.2181
2006-05-10,-0.8678
2006-05-11,-1.7738
2006-05-12,0.258
2006-05-15,0.538
2006-05-16,-1.8148
2006-05-17,-3.0332
2006-05-18,-0.8309
2006-05-19,0.7393
2006-05-22,-2.6419
2006-05-23,-1.8843999999999999
2006-05-24,-4.6095
2006-05-25,-1.1007
2006-05-26,-0.38
2006-05-30,-1.7984
2006-05-31,0.3052
2006-06-01,2.13
2006-06-02,2.1939
2006-06-05,-2.6504
2006-06-06,0.1089
2006-06-07,-0.9791
2006-06-08,0.6317
2006-06-09,-2.429
2006-06-12,-1.6503
2006-06-13,-0.5404
2006-06-14,-0.0572
2006-06-15,4.0916
2006-06-16,-0.9346
2006-06-19,-2.9967
2006-06-20,-0.0572
2006-06-21,1.889
2006-06-22,-1.4045
2006-06-23,0.9687
2006-06-26,-0.9029
2006-06-27,-1.4237
2006-06-28,-2.9173999999999998
2006-06-29,2.4398
2006-06-30,-1.1037
2006-07-03,0.1175
2006-07-05,-1.6720000000000002
2006-07-06,0.537
2006-07-07,-0.4451
2006-07-10,0.0
2006-07-11,-2.8018
2006-07-12,0.7666
2006-07-13,-1.2781
2006-07-14,-1.5413000000000001
2006-07-17,-0.3131
2006-07-18,-0.0942
2006-07-19,2.4206
2006-07-20,-0.6753
2006-07-21,-0.0618
2006-07-24,2.2573
2006-07-25,0.8467
2006-07-26,-3.0376
2006-07-27,-0.9615
2006-07-28,0.9396
2006-07-31,-1.3342
2006-08-01,-0.0314
2006-08-02,1.4785
2006-08-03,2.2939
2006-08-04,1.8182
2006-08-07,-0.8929
2006-08-08,-0.6306
2006-08-09,-1.4506000000000001
2006-08-10,0.7973
2006-08-11,0.0608
2006-08-14,0.5473
2006-08-15,2.7215
2006-08-16,2.2961
2006-08-17,0.1151
2006-08-18,-0.9773
2006-08-21,-4.18
2006-08-22,-2.06
2006-08-23,0.8351
2006-08-24,-8.3129
2006-08-25,-4.4162
2006-08-28,1.0851
2006-08-29,1.3158
2006-08-30,0.4101
2006-08-31,0.2723
2006-09-01,0.4413
2006-09-05,-0.3042
2006-09-06,-0.7458
2006-09-07,0.7855
2006-09-08,-0.5083
2006-09-11,3.3379
2006-09-12,4.8451
2006-09-13,-0.7859
2006-09-14,1.6793
2006-09-15,-0.2805
2006-09-18,-1.9687999999999999
2006-09-19,0.1275
2006-09-20,3.4702
2006-09-21,-2.0923
2006-09-22,-1.2885
2006-09-25,4.0433
2006-09-26,1.4687999999999999
2006-09-27,-1.0856
2006-09-28,0.1524
2006-09-29,-1.4003
2006-10-02,0.8027
2006-10-03,2.144
2006-10-04,1.1394
2006-10-05,-0.8301
2006-10-06,-2.5411
2006-10-09,0.1227
2006-10-10,-0.0919
2006-10-11,-0.46
2006-10-12,3.3888
2006-10-13,-0.447
2006-10-16,-1.1075
2006-10-17,-0.6659
2006-10-18,1.4929999999999999
2006-10-19,1.7412
2006-10-20,-0.1475
2006-10-23,2.305
2006-10-24,0.8088
2006-10-25,-2.3782
2006-10-26,2.149
2006-10-27,-1.268
2006-10-30,0.2043
2006-10-31,-0.9321
2006-11-01,-3.1167
2006-11-02,-0.5159
2006-11-03,-3.6303
2006-11-06,1.931
2006-11-07,-1.8323
2006-11-08,2.2778
2006-11-09,3.0003
2006-11-10,1.2913000000000001
2006-11-13,0.8005
2006-11-14,1.6764999999999999
2006-11-15,1.7645
2006-11-16,-9.892
2006-11-17,-2.5237
2006-11-20,-2.1036
2006-11-21,5.3884
2006-11-22,-0.1255
2006-11-24,-0.4397
2006-11-27,-0.8833
2006-11-28,-1.0503
2006-11-29,1.3831
2006-11-30,0.6345
2006-12-01,3.1526
2006-12-04,2.0782
2006-12-05,-2.1557
2006-12-06,0.3978
2006-12-07,-1.0667
2006-12-08,-0.4005
2006-12-11,1.3919000000000001
2006-12-12,-0.7016
2006-12-13,-0.3072
2006-12-14,1.4792
2006-12-15,-1.0021
2006-12-18,-1.1656
2006-12-19,-0.838
2006-12-20,0.5947
2006-12-21,-0.2489
2006-12-22,-0.5614
2006-12-26,0.596
2006-12-27,-0.1871
2006-12-28,-0.4686
2006-12-29,-1.3183
2007-01-03,-0.159
2007-01-04,-0.7964
2007-01-05,-0.0963
2007-01-08,0.5143
2007-01-09,5.8523
2007-01-10,-0.6042
2007-01-11,5.2888
2007-01-12,1.1836
2007-01-16,-0.2853
2007-01-17,-1.3162
2007-01-18,0.3479
2007-01-19,-0.26
2007-01-22,-1.3615
2007-01-23,0.1762
2007-01-24,2.4919000000000002
2007-01-25,-1.5491000000000001
2007-01-26,-0.2331
2007-01-29,0.4089
2007-01-30,-0.4072
2007-01-31,2.2196
2007-02-01,2.5714
2007-02-02,-0.8078
2007-02-05,-1.1514
2007-02-06,0.7386
2007-02-07,-1.1562000000000001
2007-02-08,0.0571
2007-02-09,-1.1976
2007-02-12,-0.404
2007-02-13,0.5506
2007-02-14,1.2968
2007-02-15,-0.1991
2007-02-16,-0.1425
2007-02-20,3.34
2007-02-21,-1.9613
2007-02-22,0.7326
2007-02-23,0.1399
2007-02-26,-0.1117
2007-02-27,-4.5022
2007-02-28,-1.142
2007-03-01,-0.622
2007-03-02,-0.2981
2007-03-05,-2.6906
2007-03-06,0.8909
2007-03-07,1.5225
2007-03-08,1.6197
2007-03-09,0.2656
2007-03-12,2.149
2007-03-13,-2.1326
2007-03-14,1.8551
2007-03-15,-0.1446
2007-03-16,2.2872
2007-03-19,-0.0849
2007-03-20,0.8782
2007-03-21,-2.8924
2007-03-22,0.5495
2007-03-23,-0.3739
2007-03-26,0.7217
2007-03-27,-0.2293
2007-03-28,0.2298
2007-03-29,-0.7452
2007-03-30,2.3968
2007-04-02,1.9459
2007-04-03,0.4979
2007-04-04,-0.2753
2007-04-05,0.8004
2007-04-09,-0.5476
2007-04-10,0.2478
2007-04-11,-1.0711
2007-04-12,-0.2499
2007-04-13,-0.0278
2007-04-16,0.6682
2007-04-17,-0.2489
2007-04-18,-1.2199
2007-04-19,-0.5333
2007-04-20,0.2257
2007-04-23,-0.366
2007-04-24,-1.6389
2007-04-25,0.1005
2007-04-26,-0.4895
2007-04-27,3.2118
2007-04-30,-1.2616
2007-05-01,-1.1925
2007-05-02,0.6322
2007-05-03,-1.4849
2007-05-04,-0.2899
2007-05-07,0.3488
2007-05-08,-0.0869
2007-05-09,2.1455
2007-05-10,-2.3276
2007-05-11,0.4359
2007-05-14,-0.0579
2007-05-15,-1.187
2007-05-16,-1.7873
2007-05-17,0.9547
2007-05-18,1.2411
2007-05-21,0.5254
2007-05-22,0.7259
2007-05-23,-0.5477
2007-05-24,-2.087
2007-05-25,0.296
2007-05-29,0.2361
2007-05-30,-1.2662
2007-05-31,1.0737
2007-06-01,-0.7967
2007-06-04,0.3867
2007-06-05,-2.8741
2007-06-06,1.1592
2007-06-07,-1.9300000000000002
2007-06-08,1.2608
2007-06-11,-0.8807
2007-06-12,0.4289
2007-06-13,2.227
2007-06-14,0.1791
2007-06-15,0.3277
2007-06-18,-0.0594
2007-06-19,-1.6042999999999998
2007-06-20,-0.936
2007-06-21,-0.4572
2007-06-22,-2.2352
2007-06-25,-1.3467
2007-06-26,1.4603
2007-06-27,1.3767
2007-06-28,-2.1605
2007-06-29,-0.3785
2007-07-02,0.7916
2007-07-03,0.5341
2007-07-05,0.1875
2007-07-06,-0.0936
2007-07-09,-0.3122
2007-07-10,-2.3802
2007-07-11,1.3154
2007-07-12,3.2932
2007-07-13,-0.3372
2007-07-16,-0.8305
2007-07-17,0.1861
2007-07-18,-1.3003
2007-07-19,3.5132
2007-07-20,8.818200000000001
2007-07-23,-5.4024
2007-07-24,-2.9438
2007-07-25,0.1365
2007-07-26,-2.5836
2007-07-27,-4.1186
2007-07-30,0.423
2007-07-31,-0.2268
2007-08-01,-2.4034
2007-08-02,1.0316
2007-08-03,-1.7128
2007-08-06,0.9383
2007-08-07,-0.0664
2007-08-08,5.515
2007-08-09,1.039
2007-08-10,-4.612
2007-08-13,-2.0255
2007-08-14,-1.9340000000000002
2007-08-15,-1.3941
2007-08-16,3.1724
2007-08-17,4.5120000000000005
2007-08-20,0.3198
2007-08-21,-4.9729
2007-08-22,1.2412
2007-08-23,-1.226
2007-08-24,5.6692
2007-08-27,-1.9683000000000002
2007-08-28,-4.2422
2007-08-29,10.5851
2007-08-30,1.315
2007-08-31,0.6037
2007-09-04,2.8503
2007-09-05,-2.6254
2007-09-06,-0.2996
2007-09-07,-4.0264
2007-09-10,0.2505
2007-09-11,2.3111
2007-09-12,-2.7167
2007-09-13,3.2319
2007-09-14,-0.0912
2007-09-17,-1.4603
2007-09-18,3.7357
2007-09-19,-4.256
2007-09-20,-2.0827
2007-09-21,-1.5873
2007-09-24,0.4194
2007-09-25,-0.7067
2007-09-26,3.9793
2007-09-27,2.2713
2007-09-28,-0.7606
2007-10-01,1.9007
2007-10-02,0.4212
2007-10-03,-0.7789
2007-10-04,-1.6907999999999999
2007-10-05,2.5183999999999997
2007-10-08,-1.1983
2007-10-09,0.1516
2007-10-10,-0.333
2007-10-11,-2.0352
2007-10-12,-1.2093
2007-10-15,-0.7533
2007-10-16,-1.3915
2007-10-17,-1.4753
2007-10-18,-2.3112
2007-10-19,-2.4657999999999998
2007-10-22,2.1524
2007-10-23,-1.1371
2007-10-24,3.7720000000000002
2007-10-25,-2.4869
2007-10-26,2.7180999999999997
2007-10-29,1.3394
2007-10-30,0.5158
2007-10-31,0.8339
2007-11-01,-5.0254
2007-11-02,-1.5405
2007-11-05,-3.3673
2007-11-06,2.1471
2007-11-07,-1.9297
2007-11-08,2.0028
2007-11-09,0.5856
2007-11-12,-0.274
2007-11-13,5.7005
2007-11-14,-1.6894
2007-11-15,-6.1467
2007-11-16,-3.5915
2007-11-19,-5.1863
2007-11-20,5.2003
2007-11-21,2.2702
2007-11-23,1.647
2007-11-26,-2.1134
2007-11-27,-1.2235
2007-11-28,0.5829
2007-11-29,2.4991
2007-11-30,2.8622
2007-12-03,-1.4085
2007-12-04,-1.1498
2007-12-05,1.9386999999999999
2007-12-06,1.5906
2007-12-07,1.9401000000000002
2007-12-10,1.8698000000000001
2007-12-11,-5.9325
2007-12-12,-2.6829
2007-12-13,-2.1482
2007-12-14,-3.8419
2007-12-17,2.207
2007-12-18,1.0424
2007-12-19,-3.2793
2007-12-20,0.9524
2007-12-21,0.717
2007-12-24,1.8359
2007-12-26,-2.9433
2007-12-27,-0.1516
2007-12-28,-1.3288
2007-12-31,-0.3463
2008-01-02,-3.8224
2008-01-03,-3.3721
2008-01-04,-2.2019
2008-01-07,0.8071
2008-01-08,-2.0228
2008-01-09,2.6667
2008-01-10,-1.1311
2008-01-11,-5.9322
2008-01-14,0.0
2008-01-15,-9.8649
2008-01-16,2.6987
2008-01-17,-0.0973
2008-01-18,3.5558
2008-01-22,11.6651
2008-01-23,5.9604
2008-01-24,-2.1565
2008-01-25,-5.5102
2008-01-28,9.6328
2008-01-29,1.5366
2008-01-30,-1.9402
2008-01-31,6.3712
2008-02-01,2.3810000000000002
2008-02-04,-2.1439
2008-02-05,-4.9387
2008-02-06,-0.7031
2008-02-07,4.1699
2008-02-08,-3.5498
2008-02-11,2.7408
2008-02-12,-0.5716
2008-02-13,-2.0314
2008-02-14,-3.8341
2008-02-15,-1.5053
2008-02-19,-2.1892
2008-02-20,2.6605
2008-02-21,-2.4681
2008-02-22,0.2109
2008-02-25,2.0623
2008-02-26,3.1753
2008-02-27,0.9193
2008-02-28,-3.802
2008-02-29,-3.8287
2008-03-03,1.3271
2008-03-04,-0.169
2008-03-05,-1.2696
2008-03-06,-4.4578
2008-03-07,0.6729
2008-03-10,-1.9607999999999999
2008-03-11,4.4545
2008-03-12,-1.9146999999999998
2008-03-13,5.2795
2008-03-14,-2.402
2008-03-17,-0.6477
2008-03-18,5.6063
2008-03-19,0.535
2008-03-20,4.5436
2008-03-24,3.7197
2008-03-25,-4.1525
2008-03-26,-1.5754000000000001
2008-03-27,-4.962
2008-03-28,0.2105
2008-03-31,1.8487
2008-04-01,5.9406
2008-04-02,1.6355
2008-04-03,1.0728
2008-04-04,0.4549
2008-04-07,-2.6792
2008-04-08,-1.8612
2008-04-09,-3.4374000000000002
2008-04-10,5.3191
2008-04-11,-0.8159
2008-04-14,-0.6659
2008-04-15,1.1435
2008-04-16,1.2476
2008-04-17,1.8868
2008-04-18,2.3054
2008-04-21,2.4012000000000002
2008-04-22,-3.6797
2008-04-23,-0.5243
2008-04-24,2.3071
2008-04-25,2.329
2008-04-28,-1.5173
2008-04-29,0.4035
2008-04-30,-3.544
2008-05-01,1.7045
2008-05-02,1.4525000000000001
2008-05-05,1.1747
2008-05-06,0.3991
2008-05-07,-5.1319
2008-05-08,-2.4381
2008-05-09,0.2343
2008-05-12,-0.3116
2008-05-13,2.1493
2008-05-14,2.2188
2008-05-15,2.5075
2008-05-16,-1.4969000000000001
2008-05-19,-0.8525
2008-05-20,-2.5794
2008-05-21,-3.5303
2008-05-22,-1.074
2008-05-23,-1.2465
2008-05-27,1.1808
2008-05-28,-0.0805
2008-05-29,1.8123
2008-05-30,0.5538
2008-06-02,-3.3045
2008-06-03,1.6680000000000001
2008-06-04,-4.6819
2008-06-05,-0.5458
2008-06-06,-4.981
2008-06-09,-1.466
2008-06-10,-1.1722
2008-06-11,-5.6569
2008-06-12,2.6596
2008-06-13,4.8045
2008-06-16,1.1236
2008-06-17,-2.2222
2008-06-18,1.0909
2008-06-19,1.7536
2008-06-20,-2.6513
2008-06-23,0.227
2008-06-24,-3.6231999999999998
2008-06-25,2.4436
2008-06-26,-3.2569
2008-06-27,-2.513
2008-06-30,-3.5019
2008-07-01,-1.1089
2008-07-02,-5.6575
2008-07-03,4.9163
2008-07-07,0.4634
2008-07-08,3.9979
2008-07-09,-3.6964
2008-07-10,-4.2989
2008-07-11,2.1925
2008-07-14,-3.7153
2008-07-15,-2.3913
2008-07-16,10.7461
2008-07-17,0.2514
2008-07-18,-3.9116999999999997
2008-07-21,-1.5657999999999999
2008-07-22,1.5375999999999999
2008-07-23,1.3054999999999999
2008-07-24,-5.6535
2008-07-25,-0.3848
2008-07-28,-2.5385999999999997
2008-07-29,1.2458
2008-07-30,-2.1812
2008-07-31,-0.2859
2008-08-01,0.172
2008-08-04,-1.6600000000000001
2008-08-05,4.4237
2008-08-06,0.223
2008-08-07,-2.0578
2008-08-08,4.0886
2008-08-11,4.0917
2008-08-12,1.153
2008-08-13,-2.7461
2008-08-14,0.6393
2008-08-15,2.3822
2008-08-18,-2.3268
2008-08-19,-3.7057
2008-08-20,-1.4843
2008-08-21,2.2321
2008-08-22,0.655
2008-08-25,-4.0672
2008-08-26,1.5828
2008-08-27,2.6155
2008-08-28,-7.7549
2008-08-29,3.9976000000000003
2008-09-02,1.6959
2008-09-03,0.667
2008-09-04,-3.2579000000000002
2008-09-05,1.9405999999999999
2008-09-08,8.5106
2008-09-09,-4.3344
2008-09-10,2.2654
2008-09-11,2.5316
2008-09-12,-1.5432000000000001
2008-09-15,-5.2247
2008-09-16,3.0871
2008-09-17,-3.7968
2008-09-18,5.7254000000000005
2008-09-19,0.1577
2008-09-22,-6.6142
2008-09-23,-3.3727
2008-09-24,-2.0361
2008-09-25,2.1971
2008-09-26,-2.2661
2008-09-29,-7.9073
2008-09-30,4.4545
2008-10-01,-2.0396
2008-10-02,-4.4795
2008-10-03,-1.7173
2008-10-06,-1.7473
2008-10-07,-1.2995999999999999
2008-10-08,-3.3264
2008-10-09,-7.5986
2008-10-10,0.3879
2008-10-13,5.3323
2008-10-14,-3.7417
2008-10-15,-7.7744
2008-10-16,3.4711
2008-10-17,-7.9073
2008-10-20,1.9948000000000001
2008-10-21,-3.6565
2008-10-22,-3.2657
2008-10-23,-3.6496
2008-10-24,-9.5785
2008-10-27,0.0
2008-10-28,11.2288
2008-10-29,-23.7143
2008-10-30,3.1211
2008-10-31,0.2421
2008-11-03,11.2319
2008-11-04,3.9088000000000003
2008-11-05,-2.2989
2008-11-06,-8.4492
2008-11-07,3.271
2008-11-10,-11.538499999999999
2008-11-11,-1.4066
2008-11-12,-6.6148
2008-11-13,3.8889
2008-11-14,-13.6364
2008-11-17,-4.644
2008-11-18,-1.461
2008-11-19,-13.6738
2008-11-20,-9.9237
2008-11-21,2.5423999999999998
2008-11-24,39.6694
2008-11-25,-0.7396
2008-11-26,11.1773
2008-11-28,-6.0322
2008-12-01,-12.6961
2008-12-02,23.5294
2008-12-03,1.455
2008-12-04,6.6493
2008-12-05,16.6259
2008-12-08,-9.6436
2008-12-09,-6.9606
2008-12-10,7.1072
2008-12-11,-8.9639
2008-12-12,5.7545
2008-12-15,-9.6735
2008-12-16,7.095
2008-12-17,2.5
2008-12-18,-2.3171
2008-12-19,-0.7491
2008-12-22,-8.805
2008-12-23,1.2414
2008-12-24,-1.7711000000000001
2008-12-26,3.4674
2008-12-29,-3.4853
2008-12-30,5.0
2008-12-31,3.9683
2009-01-02,5.7252
2009-01-05,-0.4813
2009-01-06,8.1016
2009-01-07,-1.4541
2009-01-08,-1.7026
2009-01-09,-0.9238
2009-01-12,-2.6807
2009-01-13,-0.2395
2009-01-14,-8.4034
2009-01-15,2.7523
2009-01-16,-0.1276
2009-01-20,-12.516
2009-01-21,3.9416
2009-01-22,7.1629
2009-01-23,8.9214
2009-01-26,1.956
2009-01-27,3.3573
2009-01-28,5.4524
2009-01-29,-7.3707
2009-01-30,-5.9382
2009-02-02,0.3788
2009-02-03,6.1635
2009-02-04,-0.8294
2009-02-05,4.779
2009-02-06,5.4732
2009-02-09,1.4054
2009-02-10,-2.0256
2009-02-11,4.5702
2009-02-12,-2.4974
2009-02-13,-2.7748
2009-02-17,-3.2931
2009-02-18,1.9296
2009-02-19,-3.7862
2009-02-20,-4.6296
2009-02-23,-3.6408
2009-02-24,8.9421
2009-02-25,2.4277
2009-02-26,-4.2889
2009-02-27,2.9481
2009-03-02,-2.4055
2009-03-03,-1.1737
2009-03-04,2.9691
2009-03-05,-6.6897
2009-03-06,-6.0569
2009-03-09,-0.6579
2009-03-10,13.1126
2009-03-11,8.8993
2009-03-12,8.0645
2009-03-13,-8.7562
2009-03-16,-2.8353
2009-03-17,5.3872
2009-03-18,8.0937
2009-03-19,2.4631
2009-03-20,1.4423
2009-03-23,6.0664
2009-03-24,0.0
2009-03-25,-3.664
2009-03-26,3.6178
2009-03-27,-4.2077
2009-03-30,-5.8879
2009-03-31,0.0993
2009-04-01,3.5714
2009-04-02,5.364
2009-04-03,3.7273
2009-04-06,-4.8203
2009-04-07,-6.3536
2009-04-08,2.1632
2009-04-09,19.4418
2009-04-13,-2.1757
2009-04-14,-4.5305
2009-04-15,3.365
2009-04-16,7.8464
2009-04-17,6.5789
2009-04-20,-9.9492
2009-04-21,3.7903000000000002
2009-04-22,5.9052
2009-04-23,-1.9076
2009-04-24,5.2075
2009-04-27,-5.3802
2009-04-28,0.7582
2009-04-29,0.0752
2009-04-30,5.2632
2009-05-01,-6.3571
2009-05-04,10.984
2009-05-05,-3.7801
2009-05-06,-1.2857
2009-05-07,-6.9465
2009-05-08,3.888
2009-05-11,-8.8323
2009-05-12,-3.2841
2009-05-13,-1.6978
2009-05-14,4.3178
2009-05-15,-0.3311
2009-05-18,2.5747999999999998
2009-05-19,1.5385
2009-05-20,-4.3062000000000005
2009-05-21,-5.0
2009-05-22,1.5789
2009-05-26,5.9585
2009-05-27,-0.326
2009-05-28,2.453
2009-05-29,3.2721
2009-06-01,6.7233
2009-06-02,6.4446
2009-06-03,-8.1633
2009-06-04,-4.6667
2009-06-05,-0.0777
2009-06-08,3.577
2009-06-09,3.3784
2009-06-10,-0.581
2009-06-11,-5.6245
2009-06-12,-1.0836
2009-06-15,-4.1471
2009-06-16,-3.3468999999999998
2009-06-17,0.9291
2009-06-18,-2.1757
2009-06-19,-1.7109
2009-06-22,-0.4352
2009-06-23,-0.0874
2009-06-24,4.1995000000000005
2009-06-25,2.0991
2009-06-26,-1.3158
2009-06-29,0.3333
2009-06-30,-1.412
2009-07-01,-0.9267
2009-07-02,-5.2721
2009-07-06,-1.167
2009-07-07,-3.6330999999999998
2009-07-08,0.0943
2009-07-09,0.565
2009-07-10,-0.0936
2009-07-13,5.2484
2009-07-14,1.7809
2009-07-15,3.5871
2009-07-16,1.5203
2009-07-17,1.5807
2009-07-20,4.0131
2009-07-21,2.8346
2009-07-22,1.9908000000000001
2009-07-23,6.2312
2009-07-24,1.0691
2009-07-27,0.6347
2009-07-28,-4.7652
2009-07-29,0.2208
2009-07-30,3.6711
2009-07-31,-0.4249
2009-08-03,4.2674
2009-08-04,-0.8868
2009-08-05,3.5788
2009-08-06,2.0598
2009-08-07,4.6875
2009-08-10,-2.9229000000000003
2009-08-11,-2.4343
2009-08-12,4.0053
2009-08-13,-0.4419
2009-08-14,-7.1655
2009-08-17,-5.1913
2009-08-18,1.585
2009-08-19,1.8439999999999999
2009-08-20,3.7603999999999997
2009-08-21,-0.3356
2009-08-24,-1.9529
2009-08-25,6.25
2009-08-26,11.2476
2009-08-27,4.9971
2009-08-28,6.1428
2009-08-31,-0.2607
2009-09-01,-3.5545999999999998
2009-09-02,-0.6504
2009-09-03,2.5641
2009-09-04,0.3191
2009-09-08,1.4846
2009-09-09,-0.7315
2009-09-10,0.8947
2009-09-11,-0.9911
2009-09-14,2.0021
2009-09-15,0.7748
2009-09-16,0.9226
2009-09-17,-1.5236
2009-09-18,-0.1547
2009-09-21,-1.8595000000000002
2009-09-22,0.1579
2009-09-23,-1.8917000000000002
2009-09-24,0.2678
2009-09-25,-2.3504
2009-09-28,6.4004
2009-09-29,3.9589
2009-09-30,0.0495
2009-10-01,-0.6426
2009-10-02,-0.8955
2009-10-05,5.0201
2009-10-06,-0.1912
2009-10-07,-1.5326
2009-10-08,0.4864
2009-10-09,2.3717
2009-10-12,-0.3783
2009-10-13,2.8951000000000002
2009-10-14,1.7989000000000002
2009-10-15,0.8156
2009-10-16,-3.3258
2009-10-19,0.1395
2009-10-20,-3.1569
2009-10-21,-1.9175
2009-10-22,3.7634
2009-10-23,-3.0146
2009-10-26,-0.8305
2009-10-27,-3.5961
2009-10-28,-5.5697
2009-10-29,4.9784
2009-10-30,-3.1959
2009-11-02,0.9052
2009-11-03,1.0554
2009-11-04,-0.7833
2009-11-05,1.1053
2009-11-06,0.1562
2009-11-09,4.0021
2009-11-10,0.4498
2009-11-11,0.199
2009-11-12,-2.9791
2009-11-13,0.6653
2009-11-16,6.4057
2009-11-17,-0.1433
2009-11-18,0.622
2009-11-19,4.9929
2009-11-20,-1.2227999999999999
2009-11-23,0.0459
2009-11-24,-2.7956
2009-11-25,0.1886
2009-11-27,-1.7882
2009-11-30,-2.6353999999999997
2009-12-01,4.3307
2009-12-02,0.2358
2009-12-03,-0.6118
2009-12-04,1.8939
2009-12-07,-1.6263999999999998
2009-12-08,-0.992
2009-12-09,0.4294
2009-12-10,1.8527
2009-12-11,2.472
2009-12-14,0.1365
2009-12-15,0.0
2009-12-16,-1.0
2009-12-17,-0.1837
2009-12-18,-0.598
2009-12-21,2.6377
2009-12-22,1.037
2009-12-23,-1.4279
2009-12-24,-0.9054
2009-12-28,-0.8223
2009-12-29,-1.0134
2009-12-30,-2.3731999999999998
2009-12-31,-0.9533
2010-01-04,0.2406
2010-01-05,2.7843999999999998
2010-01-06,3.5497
2010-01-07,4.7812
2010-01-08,-1.5497
2010-01-11,-0.8745
2010-01-12,-2.779
2010-01-13,3.2214
2010-01-14,-4.4396
2010-01-15,-5.7038
2010-01-19,-0.0976
2010-01-20,-1.1719
2010-01-21,1.4328
2010-01-22,-2.3868
2010-01-25,-0.0499
2010-01-26,3.9176
2010-01-27,-3.1416
2010-01-28,-2.4451
2010-01-29,-2.9156
2010-02-01,3.7935
2010-02-02,1.7766
2010-02-03,-0.2993
2010-02-04,-5.3027
2010-02-05,0.6867
2010-02-08,0.9444
2010-02-09,1.8711
2010-02-10,-0.9184
2010-02-11,2.5747
2010-02-12,1.5562
2010-02-16,1.7795
2010-02-17,-0.7285
2010-02-18,-0.9295
2010-02-19,1.4815
2010-02-22,1.8491
2010-02-23,2.2934
2010-02-24,-0.5138
2010-02-25,0.4695
2010-02-26,0.2804
2010-03-01,1.0252
2010-03-02,-0.9225
2010-03-03,1.7691
2010-03-04,1.8756
2010-03-05,4.67
2010-03-08,-1.0725
2010-03-09,-0.6938
2010-03-10,6.5066
2010-03-11,-1.107
2010-03-12,2.4461
2010-03-15,-0.688
2010-03-16,0.978
2010-03-17,-0.0807
2010-03-18,-1.252
2010-03-19,-1.2679
2010-03-22,12.2618
2010-03-23,-1.3653
2010-03-24,3.7037
2010-03-25,-2.2367
2010-03-26,-1.5129000000000001
2010-03-29,0.4871
2010-03-30,-1.1559
2010-03-31,-0.8299
2010-04-01,2.8528000000000002
2010-04-05,3.3284000000000002
2010-04-06,0.4653
2010-04-07,-0.3919
2010-04-08,0.3934
2010-04-09,4.845
2010-04-12,-0.2379
2010-04-13,0.0
2010-04-14,2.3501
2010-04-15,0.1331
2010-04-16,-1.7281
2010-04-19,-4.0582
2010-04-20,1.6566999999999998
2010-04-21,6.1373
2010-04-22,0.9474
2010-04-23,1.0032
2010-04-26,-1.1583
2010-04-27,-2.9297
2010-04-28,0.5701
2010-04-29,1.6672
2010-04-30,-5.5428
2010-05-03,5.8681
2010-05-04,-3.5749
2010-05-05,-3.1293
2010-05-06,-2.3876
2010-05-07,-0.5396
2010-05-10,6.8716
2010-05-11,0.643
2010-05-12,3.0262000000000002
2010-05-13,-5.124
2010-05-14,-3.0616
2010-05-17,3.1938
2010-05-18,-1.9257
2010-05-19,-0.2805
2010-05-20,2.7426
2010-05-21,-1.3005
2010-05-24,1.5257
2010-05-25,-0.444
2010-05-26,-2.0583
2010-05-27,5.1138
2010-05-28,-0.4332
2010-06-01,-3.9826
2010-06-02,0.0
2010-06-03,0.3834
2010-06-04,-4.6528
2010-06-07,-3.2411
2010-06-08,-1.242
2010-06-09,2.3247
2010-06-10,3.5382
2010-06-11,-1.7266
2010-06-14,2.2328
2010-06-15,2.2914
2010-06-16,-1.0151
2010-06-17,-4.8798
2010-06-18,-0.5576
2010-06-21,-2.4299
2010-06-22,-0.8046
2010-06-23,1.5836000000000001
2010-06-24,-3.0798
2010-06-25,-1.5692
2010-06-28,1.395
2010-06-29,-2.9874
2010-06-30,0.5673
2010-07-01,-3.6261
2010-07-02,1.7559
2010-07-06,-2.4651
2010-07-07,3.2856
2010-07-08,3.0995
2010-07-09,1.3449
2010-07-12,0.3513
2010-07-13,2.0226
2010-07-14,-2.8212
2010-07-15,-0.9415
2010-07-16,-5.4653
2010-07-19,2.1785
2010-07-20,2.419
2010-07-21,1.5612
2010-07-22,4.2964
2010-07-23,1.9274
2010-07-26,4.9963
2010-07-27,-5.3977
2010-07-28,-2.2523
2010-07-29,2.3041
2010-07-30,0.2628
2010-08-02,5.204
2010-08-03,-1.4947
2010-08-04,-1.3006
2010-08-05,0.4026
2010-08-06,0.8385
2010-08-09,2.8561
2010-08-10,-2.1441
2010-08-11,-4.1667
2010-08-12,0.8621
2010-08-13,-0.8547
2010-08-16,1.1994
2010-08-17,1.8148
2010-08-18,3.0557
2010-08-19,-2.1532
2010-08-20,1.1183
2010-08-23,-5.3514
2010-08-24,-4.3724
2010-08-25,2.0497
2010-08-26,-0.3862
2010-08-27,3.5285
2010-08-30,-2.3970000000000002
2010-08-31,-0.3837
2010-09-01,3.8136
2010-09-02,4.4527
2010-09-03,2.5221999999999998
2010-09-07,-2.9453
2010-09-08,0.2856
2010-09-09,1.6019999999999999
2010-09-10,1.2263
2010-09-13,2.2153
2010-09-14,1.4223
2010-09-15,0.0334
2010-09-16,-0.1001
2010-09-17,-0.1002
2010-09-20,4.4482
2010-09-21,-1.569
2010-09-22,0.2928
2010-09-23,-0.4217
2010-09-24,3.2899
2010-09-27,-0.1892
2010-09-28,-0.1264
2010-09-29,2.6574
2010-09-30,-2.3112
2010-10-01,-0.5678
2010-10-04,-0.3173
2010-10-05,1.9414
2010-10-06,-1.2176
2010-10-07,-0.0632
2010-10-08,0.0
2010-10-11,4.8071
2010-10-12,1.2674
2010-10-13,1.4899
2010-10-14,-2.2901
2010-10-15,0.8113
2010-10-18,0.3875
2010-10-19,-4.0083
2010-10-20,1.6703000000000001
2010-10-21,-2.6164
2010-10-22,-0.2499
2010-10-25,0.783
2010-10-26,1.28
2010-10-27,-0.6165
2010-10-28,0.5273
2010-10-29,-0.1234
2010-11-01,1.4828999999999999
2010-11-02,3.653
2010-11-03,0.8517
2010-11-04,4.4846
2010-11-05,0.5017
2010-11-08,-1.3034
2010-11-09,-2.6974
2010-11-10,2.5411
2010-11-11,1.5207000000000002
2010-11-12,-1.1096
2010-11-15,-0.6732
2010-11-16,-1.4403000000000001
2010-11-17,2.5788
2010-11-18,-10.3631
2010-11-19,1.6516
2010-11-22,-0.5518
2010-11-23,1.0481
2010-11-24,3.4167
2010-11-26,-1.2684
2010-11-29,0.5976
2010-11-30,-1.188
2010-12-01,2.9154999999999998
2010-12-02,1.2558
2010-12-03,1.0095
2010-12-06,-2.5985
2010-12-07,-0.645
2010-12-08,0.3541
2010-12-09,2.1758
2010-12-10,0.2014
2010-12-13,1.2636
2010-12-14,-0.6523
2010-12-15,-1.7985
2010-12-16,1.7151
2010-12-17,1.8577
2010-12-20,-0.2806
2010-12-21,1.2943
2010-12-22,-0.9167
2010-12-23,0.9532
2010-12-27,0.0
2010-12-28,-0.4166
2010-12-29,0.4183
2010-12-30,0.1666
2010-12-31,-1.0535
2011-01-03,1.1208
2011-01-04,-1.3854
2011-01-05,-0.4215
2011-01-06,-2.991
2011-01-07,-0.4945
2011-01-10,-0.4677
2011-01-11,-0.2349
2011-01-12,0.6182
2011-01-13,-3.7449
2011-01-14,-0.8207
2011-01-18,0.0
2011-01-19,-1.992
2011-01-20,0.7817
2011-01-21,0.0
2011-01-24,0.3103
2011-01-25,-0.0619
2011-01-26,2.0833
2011-01-27,1.3707
2011-01-28,-2.8245
2011-01-31,-0.4329
2011-02-01,3.0745
2011-02-02,-2.8623
2011-02-03,4.3114
2011-02-04,2.5869999999999997
2011-02-07,0.8986
2011-02-08,0.4022
2011-02-09,5.7225
2011-02-10,1.5968
2011-02-11,1.1188
2011-02-14,0.6586
2011-02-15,-1.7273
2011-02-16,0.8788
2011-02-17,1.4784
2011-02-18,-0.6504
2011-02-22,-3.6921
2011-02-23,-3.2083
2011-02-24,0.2247
2011-02-25,2.1581
2011-02-28,-0.9877
2011-03-01,-2.1058
2011-03-02,1.67
2011-03-03,1.6425
2011-03-04,-0.9313
2011-03-07,-1.1612
2011-03-08,1.7622
2011-03-09,-0.3848
2011-03-10,-1.6832
2011-03-11,-0.1123
2011-03-14,-1.714
2011-03-15,12.5786
2011-03-16,-2.1585
2011-03-17,-0.0779
2011-03-18,-1.2208
2011-03-21,1.8669
2011-03-22,-0.4904
2011-03-23,1.0117
2011-03-24,0.9759
2011-03-25,0.3306
2011-03-28,-1.0646
2011-03-29,0.1281
2011-03-30,1.2538
2011-03-31,2.3503
2011-04-01,1.3333
2011-04-04,-0.4142
2011-04-05,1.7862
2011-04-06,0.4327
2011-04-07,1.843
2011-04-08,0.4935
2011-04-11,-1.3798
2011-04-12,-0.7114
2011-04-13,-0.621
2011-04-14,2.5715
2011-04-15,-0.1874
2011-04-18,-1.9718
2011-04-19,-1.0776
2011-04-20,1.1619
2011-04-21,0.67
2011-04-25,0.309
2011-04-26,1.1658
2011-04-27,0.8231
2011-04-28,0.8864
2011-04-29,0.3699
2011-05-02,-1.6585999999999999
2011-05-03,-0.7964
2011-05-04,0.6375
2011-05-05,0.9855
2011-05-06,-1.2546
2011-05-09,1.8824
2011-05-10,4.4804
2011-05-11,-1.6578
2011-05-12,0.8991
2011-05-13,-1.1138
2011-05-16,-2.3429
2011-05-17,-0.5306
2011-05-18,0.3247
2011-05-19,-4.7619
2011-05-20,-2.767
2011-05-23,-2.0969
2011-05-24,-0.5864
2011-05-25,1.0772
2011-05-26,1.2941
2011-05-27,-0.4509
2011-05-31,-1.4847000000000001
2011-06-01,-1.2771
2011-06-02,-1.6818
2011-06-03,-0.4211
2011-06-06,-0.4757
2011-06-07,-0.5045
2011-06-08,-2.6154
2011-06-09,1.2332
2011-06-10,-1.5430000000000001
2011-06-13,0.1925
2011-06-14,0.494
2011-06-15,-2.4031000000000002
2011-06-16,-1.7067999999999999
2011-06-17,-0.9963
2011-06-20,3.019
2011-06-21,5.6936
2011-06-22,-1.3467
2011-06-23,0.6424
2011-06-24,-0.9043
2011-06-27,-2.0397
2011-06-28,-1.863
2011-06-29,1.7309
2011-06-30,0.1372
2011-07-01,-0.274
2011-07-05,0.5221
2011-07-06,0.1093
2011-07-07,4.8061
2011-07-08,-0.7556
2011-07-11,-1.4439
2011-07-12,-0.5594
2011-07-13,1.6877
2011-07-14,0.4215
2011-07-15,-0.2886
2011-07-18,-0.6314
2011-07-19,2.1181
2011-07-20,-1.1149
2011-07-21,1.678
2011-07-22,0.0774
2011-07-25,-0.4638
2011-07-26,1.3780999999999999
2011-07-27,-3.9497
2011-07-28,-1.1482
2011-07-29,0.0
2011-08-01,-2.8903
2011-08-02,-6.0362
2011-08-03,2.8419
2011-08-04,-5.0374
2011-08-05,-1.0003
2011-08-08,-9.2774
2011-08-09,5.6699
2011-08-10,-3.2577
2011-08-11,6.2067
2011-08-12,0.4663
2011-08-15,-2.073
2011-08-16,-1.8641
2011-08-17,-3.123
2011-08-18,-4.2539
2011-08-19,0.243
2011-08-22,3.982
2011-08-23,-1.9647000000000001
2011-08-24,4.1101
2011-08-25,1.7292
2011-08-26,4.9391
2011-08-29,2.9034
2011-08-30,-0.9504
2011-08-31,-0.7196
2011-09-01,-1.9026999999999998
2011-09-02,-3.633
2011-09-06,-1.6294
2011-09-07,3.9623
2011-09-08,-1.3746
2011-09-09,-1.172
2011-09-12,1.6026
2011-09-13,4.0063
2011-09-14,1.1829
2011-09-15,1.0791
2011-09-16,0.6821
2011-09-19,-1.0604
2011-09-20,-1.6672
2011-09-21,-3.9661
2011-09-22,-2.3014
2011-09-23,1.4521
2011-09-26,2.958
2011-09-27,3.2437
2011-09-28,-3.2914
2011-09-29,1.1757
2011-09-30,-5.841
2011-10-03,-5.0991
2011-10-04,3.5934
2011-10-05,-0.958
2011-10-06,4.5697
2011-10-07,-0.1276
2011-10-10,3.9285
2011-10-11,-1.7517
2011-10-12,4.7857
2011-10-13,6.4478
2011-10-14,2.8323
2011-10-17,-3.0543
2011-10-18,2.1378
2011-10-19,-1.9828999999999999
2011-10-20,2.7536
2011-10-21,3.1173
2011-10-24,2.3866
2011-10-25,-2.0202
2011-10-26,2.0181
2011-10-27,2.811
2011-10-28,-2.9114
2011-10-31,-2.1121
2011-11-01,0.1332
2011-11-02,-0.7981
2011-11-03,1.8772
2011-11-04,0.0
2011-11-07,-1.4477
2011-11-08,2.0032
2011-11-09,-3.404
2011-11-10,-0.0813
2011-11-11,3.3912
2011-11-14,0.3936
2011-11-15,-0.0523
2011-11-16,-1.7782
2011-11-17,-1.6507
2011-11-18,-0.5143
2011-11-21,0.1905
2011-11-22,-2.3085
2011-11-23,-2.1407
2011-11-25,-0.5398
2011-11-28,2.6849
2011-11-29,0.5563
2011-11-30,4.4813
2011-12-01,2.2769
2011-12-02,1.3719999999999999
2011-12-05,0.5618
2011-12-06,-1.3205
2011-12-07,0.386
2011-12-08,-2.1277
2011-12-09,3.3525
2011-12-12,-0.8616
2011-12-13,-3.4254
2011-12-14,-1.297
2011-12-15,-2.0917
2011-12-16,3.3142
2011-12-19,-2.0148
2011-12-20,3.7067
2011-12-21,0.4435
2011-12-22,-2.1818
2011-12-23,0.6107
2011-12-27,0.1056
2011-12-28,-1.0282
2011-12-29,2.8237
2011-12-30,-0.2591
2012-01-03,-4.0519
2012-01-04,2.68
2012-01-05,0.0
2012-01-06,-1.0809
2012-01-09,2.2122
2012-01-10,1.4342
2012-01-11,0.4627
2012-01-12,-12.1801
2012-01-13,-1.3695
2012-01-17,-1.9498
2012-01-18,5.0316
2012-01-19,0.545
2012-01-20,-0.2282
2012-01-23,-1.4298
2012-01-24,1.4215
2012-01-25,0.4577
2012-01-26,-0.8309
2012-01-27,1.4736
2012-01-30,1.3383
2012-01-31,0.7586
2012-02-01,1.0039
2012-02-02,1.3805
2012-02-03,0.4085
2012-02-06,-0.9764
2012-02-07,0.2191
2012-02-08,1.0112
2012-02-09,0.3247
2012-02-10,-0.6472
2012-02-13,-0.8415
2012-02-14,2.4637000000000002
2012-02-15,-0.6145
2012-02-16,0.3763
2012-02-17,1.7675
2012-02-21,-1.3947
2012-02-22,-0.0534
2012-02-23,2.1362
2012-02-24,1.5425
2012-02-27,2.3687
2012-02-28,-1.4085
2012-02-29,-1.5306
2012-03-01,0.9585
2012-03-02,-0.3593
2012-03-05,-2.0345
2012-03-06,-1.5510000000000002
2012-03-07,1.0414
2012-03-08,-5.8668
2012-03-09,1.8529
2012-03-12,-1.5987
2012-03-13,2.3529
2012-03-14,1.3136
2012-03-15,-0.1351
2012-03-16,0.4057
2012-03-19,1.7511
2012-03-20,2.0387
2012-03-21,2.1796
2012-03-22,-1.8283
2012-03-23,-0.3104
2012-03-26,1.2974
2012-03-27,-0.3074
2012-03-28,-1.6958
2012-03-29,-1.333
2012-03-30,-0.7152
2012-04-02,0.7204
2012-04-03,-0.8742
2012-04-04,0.6681
2012-04-05,-0.0796
2012-04-09,-1.8332000000000002
2012-04-10,-2.5981
2012-04-11,2.9175
2012-04-12,2.4838
2012-04-13,-2.0811
2012-04-16,0.0538
2012-04-17,0.1076
2012-04-18,1.8265
2012-04-19,0.4221
2012-04-20,0.8406
2012-04-23,-1.3285
2012-04-24,-1.6103
2012-04-25,3.2466
2012-04-26,2.0387
2012-04-27,1.1527
2012-04-30,-2.0258
2012-05-01,0.4135
2012-05-02,2.8314
2012-05-03,-0.4255
2012-05-04,-3.092
2012-05-07,-1.5564
2012-05-08,-2.2134
2012-05-09,0.1078
2012-05-10,1.1306
2012-05-11,-0.692
2012-05-14,-0.2412
2012-05-15,1.5583
2012-05-16,-4.2328
2012-05-17,-3.5635
2012-05-18,-0.6588
2012-05-21,0.1442
2012-05-22,3.3401
2012-05-23,-1.9224999999999999
2012-05-24,2.017
2012-05-25,0.4456
2012-05-29,2.0793
2012-05-30,-2.6888
2012-05-31,-2.5677
2012-06-01,-2.177
2012-06-04,-0.7613
2012-06-05,1.0623
2012-06-06,0.8175
2012-06-07,-0.3765
2012-06-08,2.4128
2012-06-11,-2.3843
2012-06-12,0.5234
2012-06-13,-2.7191
2012-06-14,-0.1189
2012-06-15,1.7862
2012-06-18,0.1755
2012-06-19,4.3796
2012-06-20,-1.5944
2012-06-21,-3.6953
2012-06-22,1.3577
2012-06-25,-2.9994
2012-06-26,-0.06
2012-06-27,-0.6909
2012-06-28,1.0587
2012-06-29,4.6693
2012-07-02,1.4298
2012-07-03,2.6783
2012-07-05,0.4119
2012-07-06,-1.9687999999999999
2012-07-09,-1.4226
2012-07-10,-0.481
2012-07-11,-1.3932
2012-07-12,-0.8939
2012-07-13,1.833
2012-07-16,-1.0857
2012-07-17,1.3287
2012-07-18,2.8221
2012-07-19,0.804
2012-07-20,-2.8327999999999998
2012-07-23,-1.1322
2012-07-24,-2.8056
2012-07-25,0.1473
2012-07-26,0.7401
2012-07-27,3.4381
2012-07-30,0.3693
2012-07-31,-1.6417000000000002
2012-08-01,-0.6619
2012-08-02,-0.1159
2012-08-03,0.9281
2012-08-06,1.4655
2012-08-07,2.2373
2012-08-08,2.0776
2012-08-09,-0.6242
2012-08-10,-0.5461
2012-08-13,0.3844
2012-08-14,0.3009
2012-08-15,-0.6272
2012-08-16,1.8660999999999999
2012-08-17,1.2662
2012-08-20,-0.6917
2012-08-21,2.4109
2012-08-22,11.6401
2012-08-23,-0.7263
2012-08-24,-0.1652
2012-08-27,-1.0638
2012-08-28,-0.6213
2012-08-29,0.0721
2012-08-30,-1.2974999999999999
2012-08-31,-0.1461
2012-09-04,0.4876
2012-09-05,2.6443
2012-09-06,1.1818
2012-09-07,-0.4672
2012-09-10,2.4173
2012-09-11,-0.2979
2012-09-12,0.9883
2012-09-13,0.6827
2012-09-14,0.7911
2012-09-17,-1.6596
2012-09-18,-1.756
2012-09-19,1.5088
2012-09-20,0.9147
2012-09-21,-0.2719
2012-09-24,-0.2727
2012-09-25,-1.2759
2012-09-26,0.577
2012-09-27,0.9179
2012-09-28,-0.0227
2012-10-01,-0.1137
2012-10-02,0.7969
2012-10-03,0.2485
2012-10-04,0.9464
2012-10-05,0.8705
2012-10-08,0.2434
2012-10-09,-1.2141
2012-10-10,2.0112
2012-10-11,-0.2191
2012-10-12,0.1098
2012-10-15,1.4035
2012-10-16,1.8599
2012-10-17,0.2972
2012-10-18,1.4606
2012-10-19,-1.3353
2012-10-22,-0.1903
2012-10-23,-1.5678
2012-10-24,-0.7318
2012-10-25,0.1089
2012-10-26,-0.1088
2012-10-31,0.719
2012-11-01,3.3095
2012-11-02,-2.2194
2012-11-05,1.1135
2012-11-06,-0.2965
2012-11-07,-1.6992
2012-11-08,-1.9663
2012-11-09,-0.3086
2012-11-12,0.4643
2012-11-13,1.3424
2012-11-14,-2.0413
2012-11-15,-3.6577
2012-11-16,-0.5292
2012-11-19,4.1406
2012-11-20,-0.7108
2012-11-21,0.2237
2012-11-23,1.5402
2012-11-26,-1.9125
2012-11-27,-0.4706
2012-11-28,1.351
2012-11-29,0.1777
2012-11-30,0.377
2012-12-03,1.6571
2012-12-04,-1.717
2012-12-05,-1.3047
2012-12-06,-0.8963
2012-12-07,0.113
2012-12-10,-0.1355
2012-12-11,-1.1307
2012-12-12,-0.0229
2012-12-13,-0.4576
2012-12-14,-0.7584
2012-12-17,1.9222000000000001
2012-12-18,1.6587
2012-12-19,-0.2906
2012-12-20,-0.4483
2012-12-21,-2.1617
2012-12-24,-0.023
2012-12-26,-1.0359
2012-12-27,0.6746
2012-12-28,-1.317
2012-12-31,2.4819
2013-01-02,3.8382
2013-01-03,0.462
2013-01-04,1.5988
2013-01-07,-1.7461
2013-01-08,1.0092
2013-01-09,-0.6299
2013-01-10,0.3716
2013-01-11,0.8929
2013-01-14,0.2374
2013-01-15,1.8734
2013-01-16,-0.3805
2013-01-17,-5.1984
2013-01-18,-0.2462
2013-01-22,-0.718
2013-01-23,-0.565
2013-01-24,1.5760999999999998
2013-01-25,1.6865
2013-01-28,-1.0615
2013-01-29,0.3576
2013-01-30,-2.8952999999999998
2013-01-31,0.9174
2013-02-01,2.3182
2013-02-04,-0.2665
2013-02-05,0.6013
2013-02-06,2.2580999999999998
2013-02-07,-0.3247
2013-02-08,0.4778
2013-02-11,-0.5837
2013-02-12,1.9135
2013-02-13,0.9814
2013-02-14,0.0
2013-02-15,-0.4014
2013-02-19,0.7425
2013-02-20,-2.5479000000000003
2013-02-21,-1.7718
2013-02-22,-0.242
2013-02-25,-3.065
2013-02-26,0.182
2013-02-27,1.9982
2013-02-28,1.0686
2013-03-01,-0.3084
2013-03-04,0.2209
2013-03-05,0.3748
2013-03-06,0.0879
2013-03-07,-0.2853
2013-03-08,1.8706
2013-03-11,0.1296
2013-03-12,-1.5102
2013-03-13,-1.2267000000000001
2013-03-14,-0.1331
2013-03-15,-0.0444
2013-03-18,1.1997
2013-03-19,-0.7464
2013-03-20,10.2632
2013-03-21,-0.5817
2013-03-22,0.5448
2013-03-25,1.4248
2013-03-26,0.9695
2013-03-27,-0.0784
2013-03-28,1.0394
2013-04-01,-1.3975
2013-04-02,0.748
2013-04-03,-2.0711
2013-04-04,1.1373
2013-04-05,0.0197
2013-04-08,1.6764999999999999
2013-04-09,0.2328
2013-04-10,0.8322
2013-04-11,-1.19
2013-04-12,1.7094
2013-04-15,-2.3109
2013-04-16,2.6393
2013-04-17,-0.8381
2013-04-18,-1.1525
2013-04-19,1.5935000000000001
2013-04-22,-0.4399
2013-04-23,0.5379
2013-04-24,0.6497
2013-04-25,1.8144
2013-04-26,-1.2756
2013-04-29,1.083
2013-04-30,0.9023
2013-05-01,-1.1364
2013-05-02,1.0741
2013-05-03,0.3542
2013-05-06,0.9846
2013-05-07,1.3797
2013-05-08,0.8528
2013-05-09,0.9896
2013-05-10,1.4253
2013-05-13,-0.1757
2013-05-14,-0.7039
2013-05-15,-0.8506
2013-05-16,-1.5013
2013-05-17,-0.2722
2013-05-20,1.1463
2013-05-21,0.4497
2013-05-22,-1.4506000000000001
2013-05-23,3.0347
2013-05-24,-2.0459
2013-05-28,0.3601
2013-05-29,-2.0273
2013-05-30,-0.2564
2013-05-31,-0.9363
2013-06-03,-0.6116
2013-06-04,-1.3985
2013-06-05,-1.0401
2013-06-06,1.051
2013-06-07,2.2126
2013-06-10,0.222
2013-06-11,-0.443
2013-06-12,0.1298
2013-06-13,3.4444
2013-06-14,-0.5371
2013-06-17,0.9899
2013-06-18,1.1941
2013-06-19,-1.1448
2013-06-20,-2.6902
2013-06-21,-0.4394
2013-06-24,-0.662
2013-06-25,0.2036
2013-06-26,1.2932000000000001
2013-06-27,1.4408
2013-06-28,0.4854
2013-07-01,1.2704
2013-07-02,-0.6537
2013-07-03,0.8181
2013-07-05,1.6404999999999998
2013-07-08,0.6942
2013-07-09,0.6549
2013-07-10,-0.0342
2013-07-11,1.4217
2013-07-12,0.0676
2013-07-15,0.3544
2013-07-16,-1.0764
2013-07-17,-0.612
2013-07-18,0.479
2013-07-19,-0.8853
2013-07-22,1.4428
2013-07-23,-0.0508
2013-07-24,-1.4569
2013-07-25,0.121
2013-07-26,-0.5697
2013-07-29,-0.6771
2013-07-30,1.0662
2013-07-31,1.7987
2013-08-01,1.8858000000000001
2013-08-02,1.0505
2013-08-05,1.2046000000000001
2013-08-06,-0.3098
2013-08-07,-1.7991000000000001
2013-08-08,1.9154
2013-08-09,-0.9642
2013-08-12,0.6436
2013-08-13,-0.9674
2013-08-14,-2.3841
2013-08-15,-1.3738000000000001
2013-08-16,0.258
2013-08-19,-0.8576
2013-08-20,2.0415
2013-08-21,-2.1702
2013-08-22,0.5373
2013-08-23,1.2584
2013-08-26,2.5196
2013-08-27,-1.2953000000000001
2013-08-28,-4.1555
2013-08-29,-0.1931
2013-08-30,-0.7914
2013-09-03,-0.8332
2013-09-04,-0.2145
2013-09-05,0.0
2013-09-06,-0.9674
2013-09-09,1.4291
2013-09-10,-0.107
2013-09-11,0.607
2013-09-12,-0.5146
2013-09-13,1.5518999999999998
2013-09-16,0.1932
2013-09-17,1.4025
2013-09-18,0.5878
2013-09-19,-2.2516
2013-09-20,-1.4595
2013-09-23,-0.6781
2013-09-24,0.6648
2013-09-25,-1.2671999999999999
2013-09-26,0.6688
2013-09-27,0.5207
2013-09-30,0.393
2013-10-01,0.4093
2013-10-02,-0.0709
2013-10-03,-1.3123
2013-10-04,-0.9524
2013-10-07,-1.7235
2013-10-08,-2.3076
2013-10-09,-1.0204
2013-10-10,0.8018
2013-10-11,1.1364
2013-10-14,-0.2434
2013-10-15,-2.1025
2013-10-16,1.1122
2013-10-17,0.2655
2013-10-18,0.2459
2013-10-21,0.2264
2013-10-22,0.9789
2013-10-23,-0.522
2013-10-24,1.2441
2013-10-25,-0.3724
2013-10-28,-0.5793
2013-10-29,-0.2632
2013-10-30,0.245
2013-10-31,-1.41
2013-11-01,-0.8391
2013-11-04,2.1154
2013-11-05,0.9416
2013-11-06,-0.4478
2013-11-07,-1.0307
2013-11-08,2.1397
2013-11-11,2.0022
2013-11-12,0.418
2013-11-13,1.2308
2013-11-14,0.5006
2013-11-15,0.8895
2013-11-18,-0.8111
2013-11-19,-1.0489
2013-11-20,-0.2695
2013-11-21,7.6202
2013-11-22,-1.6404
2013-11-25,0.2383
2013-11-26,0.2886
2013-11-27,0.5248
2013-11-29,-0.4379
2013-12-02,-0.3721
2013-12-03,0.0
2013-12-04,-0.5433
2013-12-05,-0.7511
2013-12-06,-0.1892
2013-12-09,-0.3963
2013-12-10,0.3979
2013-12-11,0.293
2013-12-12,0.2749
2013-12-13,-0.2399
2013-12-16,-0.9275
2013-12-17,0.8148
2013-12-18,1.9776
2013-12-19,-1.2985
2013-12-20,-1.0764
2013-12-23,1.6235
2013-12-24,-0.9517
2013-12-26,0.2745
2013-12-27,0.0171
2013-12-30,0.6843
2013-12-31,-0.9686
2014-01-02,1.0124
2014-01-03,0.3227
2014-01-06,0.2709
2014-01-07,0.4222
2014-01-08,0.3195
2014-01-09,-2.6483
2014-01-10,0.2238
2014-01-13,-2.2333
2014-01-14,-0.7204
2014-01-15,-1.115
2014-01-16,-2.8996
2014-01-17,-0.2581
2014-01-21,-0.2772
2014-01-22,-0.2039
2014-01-23,0.9526
2014-01-24,-1.0916
2014-01-27,0.1122
2014-01-28,1.2706
2014-01-29,-2.3432
2014-01-30,0.1511
2014-01-31,2.8485
2014-02-03,-2.4028
2014-02-04,-0.6766
2014-02-05,0.7379
2014-02-06,2.855
2014-02-07,0.8218
2014-02-10,-0.3985
2014-02-11,1.1093
2014-02-12,0.0719
2014-02-13,-1.2042
2014-02-14,0.0182
2014-02-18,-0.7639
2014-02-19,0.0916
2014-02-20,1.0255
2014-02-21,-0.2538
2014-02-24,0.6724
2014-02-25,-0.2347
2014-02-26,4.2338000000000005
2014-02-27,-0.6249
2014-02-28,1.7292999999999998
2014-03-03,-0.3434
2014-03-04,1.7229
2014-03-05,0.4573
2014-03-06,-0.7081
2014-03-07,1.3245
2014-03-10,-0.7206
2014-03-11,-0.422
2014-03-12,-0.0339
2014-03-13,9.7846
2014-03-14,-0.3553
2014-03-17,3.4878
2014-03-18,-0.8538
2014-03-19,-0.2871
2014-03-20,0.3636
2014-03-21,1.1171
2014-03-24,-1.0003
2014-03-25,-0.1206
2014-03-26,-0.8908
2014-03-27,-0.1371
2014-03-28,1.9222000000000001
2014-03-31,-0.2545
2014-04-01,0.9004
2014-04-02,-0.0744
2014-04-03,-1.2353
2014-04-04,-0.9494
2014-04-07,-2.2212
2014-04-08,0.2489
2014-04-09,0.2328
2014-04-10,-2.7718
2014-04-11,-2.0545
2014-04-14,1.4309
2014-04-15,0.0321
2014-04-16,0.1603
2014-04-17,-0.16
2014-04-21,0.2724
2014-04-22,0.1438
2014-04-23,0.383
2014-04-24,-0.1758
2014-04-25,-0.3042
2014-04-28,1.1562999999999999
2014-04-29,-0.1588
2014-04-30,-0.1113
2014-05-01,-0.1433
2014-05-02,0.5261
2014-05-05,-0.5709
2014-05-06,-2.2169
2014-05-07,0.1794
2014-05-08,0.9769
2014-05-09,2.2735
2014-05-12,1.7657
2014-05-13,-0.2943
2014-05-14,-0.8235
2014-05-15,-0.94
2014-05-16,1.2969
2014-05-19,0.5464
2014-05-20,-1.5528
2014-05-21,0.5205
2014-05-22,8.1594
2014-05-23,-1.3782
2014-05-27,-0.662
2014-05-28,0.8589
2014-05-29,-0.7782
2014-05-30,-0.9766
2014-06-02,0.1046
2014-06-03,1.0599
2014-06-04,0.2954
2014-06-05,0.1767
2014-06-06,0.6763
2014-06-09,0.219
2014-06-10,-0.3206
2014-06-11,-0.5847
2014-06-12,-0.3676
2014-06-13,-0.059
2014-06-16,0.886
2014-06-17,0.2488
2014-06-18,1.4163000000000001
2014-06-19,0.1728
2014-06-20,0.23
2014-06-23,1.4339
2014-06-24,0.2969
2014-06-25,0.4651
2014-06-26,-0.6033
2014-06-27,1.4397
2014-06-30,-0.1252
2014-07-01,0.8777
2014-07-02,-0.5938
2014-07-03,0.514
2014-07-07,0.9537
2014-07-08,-0.0958
2014-07-09,-0.6578
2014-07-10,-1.8347
2014-07-11,0.8572
2014-07-14,-1.1007
2014-07-15,-1.0707
2014-07-16,0.1851
2014-07-17,-1.592
2014-07-18,1.0977999999999999
2014-07-21,0.0143
2014-07-22,-0.2857
2014-07-23,-0.2006
2014-07-24,-0.3173
2014-07-25,-0.6077
2014-07-28,-0.4659
2014-07-29,-0.5704
2014-07-30,0.5443
2014-07-31,-1.8727
2014-08-01,0.1938
2014-08-04,3.5417
2014-08-05,-0.6899
2014-08-06,0.5355
2014-08-07,0.0288
2014-08-08,1.4391
2014-08-11,-0.1561
2014-08-12,-0.1137
2014-08-13,0.2276
2014-08-14,0.4684
2014-08-15,-0.2543
2014-08-18,1.9544000000000001
2014-08-19,1.0001
2014-08-20,0.2201
2014-08-21,-0.3842
2014-08-22,2.3557
2014-08-25,0.323
2014-08-26,0.4159
2014-08-27,0.0534
2014-08-28,-11.9642
2014-08-29,-0.2427
2014-09-02,-0.3041
2014-09-03,-1.1286
2014-09-04,-0.4165
2014-09-05,-0.2014
2014-09-08,-0.6053
2014-09-09,1.3585
2014-09-10,1.7255
2014-09-11,0.0909
2014-09-12,1.6038999999999999
2014-09-15,0.2085
2014-09-16,0.6687
2014-09-17,0.8267
2014-09-18,0.9078
2014-09-19,-0.9867
2014-09-22,-0.9818
2014-09-23,-0.962
2014-09-24,1.6288
2014-09-25,-1.7792
2014-09-26,0.6437
2014-09-29,-0.4314
2014-09-30,-0.5527
2014-10-01,-1.5322
2014-10-02,1.2357
2014-10-03,1.0247
2014-10-06,-0.7458
2014-10-07,-0.9769
2014-10-08,0.7437
2014-10-09,-0.4519
2014-10-10,-1.0442
2014-10-13,-2.7221
2014-10-14,0.8175
2014-10-15,-0.6549
2014-10-16,-1.083
2014-10-17,0.3332
2014-10-20,1.1387
2014-10-21,2.3299
2014-10-22,-0.0611
2014-10-23,0.1835
2014-10-24,-1.2425
2014-10-27,0.1398
2014-10-28,-0.4808
2014-10-29,-0.8105
2014-10-30,1.0057
2014-10-31,1.1668
2014-11-03,-0.1076
2014-11-04,-0.9698
2014-11-05,0.6218
2014-11-06,1.8538999999999999
2014-11-07,-0.0758
2014-11-10,1.184
2014-11-11,0.9901
2014-11-12,2.1539
2014-11-13,-0.5526
2014-11-14,2.0325
2014-11-17,-0.258
2014-11-18,0.0
2014-11-19,-0.2586
2014-11-20,8.3549
2014-11-21,-1.6618
2014-11-24,1.2843
2014-11-25,-0.8676
2014-11-26,0.0
2014-11-28,0.3905
2014-12-01,-1.9582000000000002
2014-12-02,-0.0684
2014-12-03,-0.1095
2014-12-04,-0.6167
2014-12-05,-0.1793
2014-12-08,0.7045
2014-12-09,-0.3567
2014-12-10,-1.1426
2014-12-11,1.2115
2014-12-12,-0.7155
2014-12-15,0.2633
2014-12-16,-2.17
2014-12-17,2.4724
2014-12-18,3.9018
2014-12-19,-0.4246
2014-12-22,-0.04
2014-12-23,1.2265
2014-12-24,-0.8034
2014-12-26,0.4116
2014-12-29,0.8859
2014-12-30,0.2752
2014-12-31,-1.0848
2015-01-02,-1.0967
2015-01-05,-0.481
2015-01-06,-0.4699
2015-01-07,3.6418
2015-01-08,1.3274
2015-01-09,-1.3871
2015-01-12,-0.1433
2015-01-13,-1.0434
2015-01-14,1.4762
2015-01-15,-2.338
2015-01-16,1.5295
2015-01-20,0.524
2015-01-21,1.9937
2015-01-22,0.5877
2015-01-23,1.3393
2015-01-26,1.8754
2015-01-27,-1.6803
2015-01-28,0.2388
2015-01-29,1.2661
2015-01-30,-3.132
2015-02-02,0.5112
2015-02-03,1.4876
2015-02-04,0.8644
2015-02-05,-0.0497
2015-02-06,-0.348
2015-02-09,-1.4216
2015-02-10,1.9861
2015-02-11,-0.062
2015-02-12,1.0053
2015-02-13,0.897
2015-02-17,-0.4993
2015-02-18,-1.9584000000000001
2015-02-19,-1.1486
2015-02-20,0.7578
2015-02-23,0.6267
2015-02-24,1.0713
2015-02-25,0.037
2015-02-26,-1.6509
2015-02-27,0.7767
2015-03-02,1.2429999999999999
2015-03-03,-1.6575
2015-03-04,-1.0362
2015-03-05,-0.0757
2015-03-06,-0.6944
2015-03-09,1.7417
2015-03-10,-0.2499
2015-03-11,0.9771
2015-03-12,1.2157
2015-03-13,0.6864
2015-03-16,1.2781
2015-03-17,0.8053
2015-03-18,-3.4697
2015-03-19,-1.9022000000000001
2015-03-20,-0.9066
2015-03-23,1.0292
2015-03-24,1.2703
2015-03-25,-1.2295
2015-03-26,-2.98
2015-03-27,0.959
2015-03-30,1.5533000000000001
2015-03-31,0.7584
2015-04-01,-1.2169
2015-04-02,1.1049
2015-04-06,-0.2261
2015-04-07,-1.1205
2015-04-08,0.0
2015-04-09,-1.4897
2015-04-10,0.7626
2015-04-13,0.4746
2015-04-14,-0.7788
2015-04-15,-0.0643
2015-04-16,-0.5922
2015-04-17,-0.9066
2015-04-20,0.366
2015-04-21,-0.0651
2015-04-22,-0.404
2015-04-23,0.8018
2015-04-24,0.2869
2015-04-27,-1.5473
2015-04-28,-0.8848
2015-04-29,-0.7462
2015-04-30,-1.2888
2015-05-01,2.0128
2015-05-04,1.1732
2015-05-05,-0.6588
2015-05-06,0.2255
2015-05-07,0.4103
2015-05-08,1.5026000000000002
2015-05-11,0.5584
2015-05-12,-0.9814
2015-05-13,-1.1607
2015-05-14,-0.0924
2015-05-15,0.5547
2015-05-18,2.9025
2015-05-19,-0.1532
2015-05-20,-0.4346
2015-05-21,0.873
2015-05-22,0.4964
2015-05-26,-1.4944
2015-05-27,1.5685
2015-05-28,0.0
2015-05-29,-0.4937
2015-06-01,0.5088
2015-06-02,-0.0127
2015-06-03,0.4177
2015-06-04,-0.5168
2015-06-05,-0.2914
2015-06-08,-0.2542
2015-06-09,-0.9428
2015-06-10,1.2219
2015-06-11,0.6734
2015-06-12,1.5524
2015-06-15,-0.0497
2015-06-16,0.5098
2015-06-17,0.8165
2015-06-18,0.7117
2015-06-19,-1.3038
2015-06-22,0.0988
2015-06-23,0.1357
2015-06-24,-0.2463
2015-06-25,0.1605
2015-06-26,2.2929
2015-06-29,-2.2777
2015-06-30,1.4552
2015-07-01,1.2034
2015-07-02,-0.4084
2015-07-06,0.1688
2015-07-07,0.5418
2015-07-08,-1.0059
2015-07-09,0.0968
2015-07-10,1.5589
2015-07-13,0.8091
2015-07-14,-0.602
2015-07-15,-0.0119
2015-07-16,0.8314
2015-07-17,-1.0601
2015-07-20,-0.5238
2015-07-21,-1.2685
2015-07-22,0.7515
2015-07-23,0.0725
2015-07-24,-1.9558
2015-07-27,-0.8127
2015-07-28,1.5146
2015-07-29,3.2408
2015-07-30,-0.2132
2015-07-31,0.4986
2015-08-03,-0.2717
2015-08-04,1.0068
2015-08-05,0.6918
2015-08-06,-1.2461
2015-08-07,0.2594
2015-08-10,1.6467
2015-08-11,-0.405
2015-08-12,0.5344
2015-08-13,0.312
2015-08-14,0.8065
2015-08-17,1.1543
2015-08-18,0.1808
2015-08-19,-1.218
2015-08-20,-1.5641
2015-08-21,-3.3750999999999998
2015-08-24,-3.0008
2015-08-25,0.3217
2015-08-26,2.5286999999999997
2015-08-27,-7.7238
2015-08-28,-1.1604
2015-08-31,0.2902
2015-09-01,-1.8282
2015-09-02,1.4068
2015-09-03,0.7927
2015-09-04,-0.367
2015-09-08,3.0128
2015-09-09,-2.2605
2015-09-10,-0.4704
2015-09-11,-0.4332
2015-09-14,-0.145
2015-09-15,-0.4754
2015-09-16,1.4595
2015-09-17,1.3338999999999999
2015-09-18,-0.6581
2015-09-21,0.039
2015-09-22,1.4284
2015-09-23,1.4466999999999999
2015-09-24,-1.2872
2015-09-25,-0.3452
2015-09-28,-2.5273
2015-09-29,-0.329
2015-09-30,0.8187
2015-10-01,-0.0262
2015-10-02,0.8254
2015-10-05,2.3909000000000002
2015-10-06,-0.5711
2015-10-07,0.4084
2015-10-08,-0.2161
2015-10-09,-0.4076
2015-10-12,-1.4582
2015-10-13,-1.8302
2015-10-14,-1.0974
2015-10-15,0.8289
2015-10-16,1.2729
2015-10-19,-0.0262
2015-10-20,-0.2488
2015-10-21,-1.8249
2015-10-22,-1.1768
2015-10-23,-1.9891999999999999
2015-10-26,1.9423
2015-10-27,-1.3609
2015-10-28,1.4763
2015-10-29,-0.6526
2015-10-30,0.9306
2015-11-02,1.2203
2015-11-03,0.2411
2015-11-04,-0.3875
2015-11-05,1.4086
2015-11-06,-0.7276
2015-11-09,-0.5997
2015-11-10,-2.7484
2015-11-11,-1.4888
2015-11-12,-0.9936
2015-11-13,-4.8763
2015-11-16,0.9064
2015-11-17,-3.9464
2015-11-18,2.3149
2015-11-19,-0.7941
2015-11-20,-3.4285
2015-11-23,-0.4848
2015-11-24,0.8644
2015-11-25,-0.2649
2015-11-27,1.3904
2015-11-30,-2.4191
2015-12-01,0.9948
2015-12-02,-0.7036
2015-12-03,-0.6298
2015-12-04,0.6497
2015-12-07,-1.039
2015-12-08,0.5091
2015-12-09,-0.823
2015-12-10,-0.0479
2015-12-11,-2.6505
2015-12-14,-3.1491
2015-12-15,2.2693
2015-12-16,1.2419
2015-12-17,-1.9790999999999999
2015-12-18,-2.6698
2015-12-21,0.2229
2015-12-22,0.9237
2015-12-23,0.0169
2015-12-24,-0.8134
2015-12-28,0.7688
2015-12-29,1.0173
2015-12-30,-1.1581
2015-12-31,-0.8151
2016-01-04,-1.6093
2016-01-05,0.0348
2016-01-06,-3.1658
2016-01-07,1.4729999999999999
2016-01-08,-3.2218
2016-01-11,-2.3047
2016-01-12,0.0562
2016-01-13,-2.3952
2016-01-14,-1.0544
2016-01-15,-2.2476
2016-01-19,-0.8722
2016-01-20,-2.0396
2016-01-21,3.5313
2016-01-22,3.7855
2016-01-25,-1.8742
2016-01-26,0.5457
2016-01-27,-1.6476
2016-01-28,-2.4438
2016-01-29,4.3636
2016-02-01,0.0
2016-02-02,-1.1034
2016-02-03,-1.879
2016-02-04,2.7329
2016-02-05,1.301
2016-02-08,0.8434
2016-02-09,-0.9504
2016-02-10,-0.6908
2016-02-11,-0.9469
2016-02-12,1.5802
2016-02-16,4.033
2016-02-17,6.4427
2016-02-18,0.4336
2016-02-19,-3.0565
2016-02-22,1.2291
2016-02-23,-0.9326
2016-02-24,0.9059
2016-02-25,-6.0905
2016-02-26,3.0366
2016-02-29,-5.2028
2016-03-01,3.9532
2016-03-02,0.3507
2016-03-03,2.6306000000000003
2016-03-04,0.7528
2016-03-07,2.1882
2016-03-08,-0.1219
2016-03-09,-1.0807
2016-03-10,2.0264
2016-03-11,-0.0518
2016-03-14,-0.2592
2016-03-15,0.8489
2016-03-16,2.1474
2016-03-17,-6.2562999999999995
2016-03-18,1.7761
2016-03-21,0.0353
2016-03-22,-1.9207
2016-03-23,-0.6288
2016-03-24,-1.9707
2016-03-28,0.0369
2016-03-29,0.2212
2016-03-30,2.5202
2016-03-31,-1.7764
2016-04-01,0.1096
2016-04-04,-1.2591
2016-04-05,3.3266
2016-04-06,0.5545
2016-04-07,-1.4586000000000001
2016-04-08,-0.2166
2016-04-11,0.9768
2016-04-12,2.4364
2016-04-13,3.4977
2016-04-14,1.9939
2016-04-15,0.9112
2016-04-18,-1.0671
2016-04-19,-0.9459
2016-04-20,-0.7539
2016-04-21,-0.9115
2016-04-22,1.3969
2016-04-25,-1.3777
2016-04-26,3.8501
2016-04-27,1.5748
2016-04-28,-4.4679
2016-04-29,-0.034
2016-05-02,2.0075
2016-05-03,-1.9847000000000001
2016-05-04,-0.2893
2016-05-05,-1.1433
2016-05-06,-0.7595
2016-05-09,0.1565
2016-05-10,0.7468
2016-05-11,-5.206
2016-05-12,-0.8729
2016-05-13,-3.4856
2016-05-16,-2.8702
2016-05-17,-1.6634
2016-05-18,-4.4378
2016-05-19,2.2907
2016-05-20,1.9544000000000001
2016-05-23,0.0998
2016-05-24,1.4961
2016-05-25,2.3978
2016-05-26,-0.2111
2016-05-27,3.4814
2016-05-31,-1.4126
2016-06-01,0.2074
2016-06-02,1.4487
2016-06-03,-1.2426
2016-06-06,1.3333
2016-06-07,1.3714
2016-06-08,0.8775
2016-06-09,-5.5092
2016-06-10,-1.5918999999999999
2016-06-13,-0.5457
2016-06-14,0.7643
2016-06-15,1.0695999999999999
2016-06-16,0.0192
2016-06-17,1.2312
2016-06-20,0.7222
2016-06-21,-1.434
2016-06-22,2.6799
2016-06-23,1.4169
2016-06-24,-3.4743
2016-06-27,-5.618
2016-06-28,3.2486
2016-06-29,1.8566
2016-06-30,0.0192
2016-07-01,1.8991
2016-07-05,-3.7462
2016-07-06,1.4277
2016-07-07,-0.4821
2016-07-08,4.9022
2016-07-11,1.9579
2016-07-12,1.5941999999999998
2016-07-13,-1.3909
2016-07-14,-0.2351
2016-07-15,-2.9545
2016-07-18,0.7845
2016-07-19,-0.5374
2016-07-20,1.5091999999999999
2016-07-21,-1.4969999999999999
2016-07-22,0.394
2016-07-25,1.0652
2016-07-26,-2.3114
2016-07-27,-1.5521
2016-07-28,3.8646000000000003
2016-07-29,0.1111
2016-08-01,-0.9061
2016-08-02,-3.2842000000000002
2016-08-03,-0.3859
2016-08-04,-0.523
2016-08-05,2.6869
2016-08-08,1.2325
2016-08-09,-2.0416
2016-08-10,-3.021
2016-08-11,3.7263
2016-08-12,2.6611000000000002
2016-08-15,0.1852
2016-08-16,-2.0514
2016-08-17,-2.3774
2016-08-18,0.9277
2016-08-19,0.6894
2016-08-22,0.3994
2016-08-23,2.8036
2016-08-24,-0.2395
2016-08-25,1.884
2016-08-26,-4.4054
2016-08-29,1.0241
2016-08-30,0.0939
2016-08-31,-1.2753
2016-09-01,-1.0258
2016-09-02,-0.1344
2016-09-06,-1.6145
2016-09-07,1.0549
2016-09-08,1.1212
2016-09-09,-6.4232
2016-09-12,1.9612
2016-09-13,-1.0619
2016-09-14,-1.1543
2016-09-15,1.5979999999999999
2016-09-16,0.6251
2016-09-19,0.3006
2016-09-20,-0.6993
2016-09-21,0.503
2016-09-22,1.021
2016-09-23,-0.3369
2016-09-26,-1.0141
2016-09-27,1.5669
2016-09-28,-0.3165
2016-09-29,0.0397
2016-09-30,1.309
2016-10-03,0.4111
2016-10-04,-0.6044
2016-10-05,0.2158
2016-10-06,-1.5854
2016-10-07,-1.8695
2016-10-10,0.4054
2016-10-11,-1.5543
2016-10-12,0.4101
2016-10-13,-0.4493
2016-10-14,-2.4821
2016-10-17,-1.3252
2016-10-18,0.1279
2016-10-19,-0.0426
2016-10-20,0.0426
2016-10-21,0.0426
2016-10-24,0.4682
2016-10-25,-0.3389
2016-10-26,-0.0643
2016-10-27,-0.686
2016-10-28,0.4101
2016-10-31,-0.6449
2016-11-01,0.6274
2016-11-02,0.3655
2016-11-03,0.5784
2016-11-04,1.278
2016-11-07,0.0631
2016-11-08,-0.3573
2016-11-09,3.7545
2016-11-10,4.6148
2016-11-11,1.2825
2016-11-14,1.5925
2016-11-15,-2.0774
2016-11-16,0.1157
2016-11-17,3.2942
2016-11-18,-1.2682
2016-11-21,1.19
2016-11-22,2.5387
2016-11-23,-0.1092
2016-11-25,-0.3645
2016-11-28,-0.0732
2016-11-29,0.1098
2016-11-30,0.1646
2016-12-01,0.0
2016-12-02,-0.6754
2016-12-05,1.2681
2016-12-06,-0.3448
2016-12-07,2.5132
2016-12-08,1.0836999999999999
2016-12-09,-1.5993
2016-12-12,-1.661
2016-12-13,-0.0363
2016-12-14,-0.2544
2016-12-15,2.1129
2016-12-16,-2.3546
2016-12-19,-0.5115
2016-12-20,0.3122
2016-12-21,-1.4827
2016-12-22,-7.5251
2016-12-23,-2.2504
2016-12-27,0.4111
2016-12-28,-1.3101
2016-12-29,-0.1659
2016-12-30,0.5402
2017-01-03,2.2525
2017-01-04,1.5966
2017-01-05,-1.9296
2017-01-06,-0.8316
2017-01-09,-0.3886
2017-01-10,2.423
2017-01-11,-0.9022
2017-01-12,-0.6271
2017-01-13,0.6718
2017-01-17,1.4358
2017-01-18,0.0399
2017-01-19,-3.7465
2017-01-20,0.7039
2017-01-23,-0.3701
2017-01-24,1.5683
2017-01-25,1.4739
2017-01-26,-1.6945999999999999
2017-01-27,-2.5241
2017-01-30,0.1053
2017-01-31,1.388
2017-02-01,-1.6179000000000001
2017-02-02,0.6114
2017-02-03,-0.4401
2017-02-06,-1.0314
2017-02-07,-0.2552
2017-02-08,-0.6397
2017-02-09,1.7811
2017-02-10,1.2018
2017-02-13,-1.8333
2017-02-14,3.5229
2017-02-15,0.779
2017-02-16,-2.8682
2017-02-17,0.6283
2017-02-21,1.0614
2017-02-22,-0.7825
2017-02-23,-1.7435
2017-02-24,2.1969
2017-02-27,4.1546
2017-02-28,-3.5721
2017-03-01,1.9757
2017-03-02,1.0898
2017-03-03,0.4991
2017-03-06,-4.0922
2017-03-07,-1.1806
2017-03-08,2.4314
2017-03-09,-2.8034
2017-03-10,1.2421
2017-03-13,-0.9773
2017-03-14,-0.21
2017-03-15,1.2626
2017-03-16,2.3483
2017-03-17,0.7107
2017-03-20,-2.2177
2017-03-21,-1.3195999999999999
2017-03-22,1.1492
2017-03-23,0.1653
2017-03-24,-1.093
2017-03-27,1.3761
2017-03-28,1.7894
2017-03-29,4.5666
2017-03-30,1.314
2017-03-31,2.2697
2017-04-03,0.373
2017-04-04,0.8547
2017-04-05,-0.9948
2017-04-06,1.2095
2017-04-07,0.0919
2017-04-10,1.6899
2017-04-11,0.4155
2017-04-12,-2.4105
2017-04-13,0.2396
2017-04-17,-0.4781
2017-04-18,-0.425
2017-04-19,0.9464
2017-04-20,0.9559
2017-04-21,-0.3824
2017-04-24,-0.2011
2017-04-25,0.7692
2017-04-26,0.0545
2017-04-27,0.1098
2017-04-28,-1.2244
2017-05-01,-3.3117
2017-05-02,2.4493
2017-05-03,0.1494
2017-05-04,0.1865
2017-05-05,-0.1862
2017-05-08,-1.119
2017-05-09,1.3957
2017-05-10,1.5067
2017-05-11,-3.3535
2017-05-12,-2.6166
2017-05-15,-0.3115
2017-05-16,-1.9141
2017-05-17,-0.2788
2017-05-18,-0.7188
2017-05-19,-0.5229
2017-05-22,0.3639
2017-05-23,-1.1482999999999999
2017-05-24,1.1005
2017-05-25,-0.9877
2017-05-26,0.0204
2017-05-30,-1.2009
2017-05-31,0.2472
2017-06-01,0.0411
2017-06-02,-0.4314
2017-06-05,-3.7755
2017-06-06,-0.193
2017-06-07,-1.6756
2017-06-08,1.8353000000000002
2017-06-09,4.0764
2017-06-12,1.8347
2017-06-13,-0.8097
2017-06-14,0.2245
2017-06-15,-0.672
2017-06-16,-1.6604999999999999
2017-06-19,0.542
2017-06-20,-2.7784
2017-06-21,-0.4052
2017-06-22,1.0278
2017-06-23,0.6359
2017-06-26,0.1896
2017-06-27,1.7448000000000001
2017-06-28,0.8884
2017-06-29,-0.471
2017-06-30,-0.2058
2017-07-03,1.0515
2017-07-05,-1.9180000000000001
2017-07-06,-0.5201
2017-07-07,-1.1083
2017-07-10,-3.2565
2017-07-11,-0.2842
2017-07-12,0.0658
2017-07-13,1.7086999999999999
2017-07-14,-2.3907
2017-07-17,-0.7061
2017-07-18,-1.0889
2017-07-19,1.4828000000000001
2017-07-20,0.8709
2017-07-21,-0.0221
2017-07-24,-1.9708
2017-07-25,1.8523
2017-07-26,-0.0222
2017-07-27,3.3718
2017-07-28,-0.6009
2017-07-31,0.2375
2017-08-01,-0.4523
2017-08-02,-0.3678
2017-08-03,-2.8447
2017-08-04,2.3245
2017-08-07,3.1236
2017-08-08,-0.5084
2017-08-09,-0.7664
2017-08-10,-2.7033
2017-08-11,0.86
2017-08-14,1.2024
2017-08-15,-4.4718
2017-08-16,1.0403
2017-08-17,-0.4252
2017-08-18,-2.0679
2017-08-21,0.5279
2017-08-22,-2.1689
2017-08-23,1.2835
2017-08-24,3.5945
2017-08-25,0.9342
2017-08-28,0.9916
2017-08-29,0.5673
2017-08-30,-0.2821
2017-08-31,0.087
2017-09-01,1.087
2017-09-05,1.0108
2017-09-06,0.6387
2017-09-07,0.2327
2017-09-08,-0.1688
2017-09-11,0.6977
2017-09-12,3.2543
2017-09-13,-0.61
2017-09-14,-0.8797
2017-09-15,1.3209
2017-09-18,-0.9167
2017-09-19,-1.0691
2017-09-20,-1.6625
2017-09-21,-1.5004
2017-09-22,0.3647
2017-09-25,5.5366
2017-09-26,1.2761
2017-09-27,2.74
2017-09-28,-1.3627
2017-09-29,-1.5986
2017-10-02,-0.2407
2017-10-03,1.4877
2017-10-04,0.099
2017-10-05,1.4645000000000001
2017-10-06,1.7944
2017-10-09,-1.1496
2017-10-10,-0.3489
2017-10-11,-1.3811
2017-10-12,-3.57
2017-10-13,2.2704
2017-10-16,-0.24
2017-10-17,1.7241
2017-10-18,0.1182
2017-10-19,0.9252
2017-10-20,3.2183
2017-10-23,-0.0756
2017-10-24,1.5129000000000001
2017-10-25,-1.6021
2017-10-26,0.0568
2017-10-27,-0.0762
2017-10-30,-0.6486
2017-10-31,-0.9217
2017-11-01,-0.1744
2017-11-02,-2.5044
2017-11-03,-0.6969
2017-11-06,0.1203
2017-11-07,-4.1658
2017-11-08,0.9404
2017-11-09,1.3665
2017-11-10,2.6348000000000003
2017-11-13,2.1891
2017-11-14,0.2921
2017-11-15,-1.3981
2017-11-16,4.1158
2017-11-17,-13.4103
2017-11-20,1.8349
2017-11-21,-2.2094
2017-11-22,1.5135
2017-11-24,-0.1945
2017-11-27,-0.6928
2017-11-28,2.5071
2017-11-29,9.4428
2017-11-30,-0.583
2017-12-01,0.8796
2017-12-04,5.1153
2017-12-05,-0.8295
2017-12-06,-0.6691
2017-12-07,0.1123
2017-12-08,-0.486
2017-12-11,-2.3291
2017-12-12,-2.1154
2017-12-13,2.7504999999999997
2017-12-14,-3.652
2017-12-15,0.6152
2017-12-18,3.9842
2017-12-19,1.5933000000000002
2017-12-20,0.6535
2017-12-21,-3.1349
2017-12-22,0.5553
2017-12-26,1.5234999999999999
2017-12-27,-0.0938
2017-12-28,-1.2768
2017-12-29,-1.6736
2018-01-02,1.9342000000000001
2018-01-03,0.6831
2018-01-04,-0.7162
2018-01-05,1.1769
2018-01-08,1.182
2018-01-09,-0.8159
2018-01-10,-0.5048
2018-01-11,2.3112
2018-01-12,1.9100000000000001
2018-01-16,-2.9555
2018-01-17,1.0028
2018-01-18,0.3861
2018-01-19,1.2637
2018-01-22,0.3075
2018-01-23,-0.6131
2018-01-24,-1.9231
2018-01-25,-0.9689
2018-01-26,0.4892
2018-01-29,-0.88
2018-01-30,-1.6056
2018-01-31,-1.651
2018-02-01,-0.5856
2018-02-02,-2.5525
2018-02-05,-1.0075
2018-02-06,4.4169
2018-02-07,0.9747
2018-02-08,-1.9884
2018-02-09,2.0485
2018-02-12,1.1388
2018-02-13,0.6489
2018-02-14,3.5836
2018-02-15,-1.3912
2018-02-16,0.4455
2018-02-20,-2.9939
2018-02-21,0.2286
2018-02-22,1.2165
2018-02-23,1.7277
2018-02-26,-1.9199000000000002
2018-02-27,-3.482
2018-02-28,0.936
2018-03-01,0.3864
2018-03-02,1.7513
2018-03-05,-0.5863
2018-03-06,1.6743000000000001
2018-03-07,-1.7964
2018-03-08,-0.362
2018-03-09,1.0901
2018-03-12,-1.5323
2018-03-13,1.3256000000000001
2018-03-14,1.8203
2018-03-15,2.4767
2018-03-16,0.527
2018-03-19,-2.5669
2018-03-20,-1.1503
2018-03-21,-0.5255
2018-03-22,-4.2453
2018-03-23,-1.2610999999999999
2018-03-26,2.9735
2018-03-27,-0.3876
2018-03-28,0.856
2018-03-29,1.7747000000000002
2018-04-02,-5.6861
2018-04-03,0.5225
2018-04-04,2.399
2018-04-05,1.4838
2018-04-06,-3.232
2018-04-09,-1.6899
2018-04-10,2.0829
2018-04-11,-0.6339
2018-04-12,-2.5718
2018-04-13,-1.6779
2018-04-16,0.77
2018-04-17,0.7022
2018-04-18,1.7022
2018-04-19,-0.6453
2018-04-20,-0.6089
2018-04-23,0.3472
2018-04-24,-0.5902
2018-04-25,0.5937
2018-04-26,0.2646
2018-04-27,0.6962
2018-04-30,-2.806
2018-05-01,0.4812
2018-05-02,0.3748
2018-05-03,0.643
2018-05-04,1.9992
2018-05-07,-0.8891
2018-05-08,-0.2039
2018-05-09,-0.143
2018-05-10,-1.7799
2018-05-11,0.2499
2018-05-14,1.0389
2018-05-15,-0.987
2018-05-16,0.4777
2018-05-17,0.8475
2018-05-18,-0.246
2018-05-21,-1.2533
2018-05-22,-1.5814
2018-05-23,3.9746
2018-05-24,5.6527
2018-05-25,2.194
2018-05-29,3.032
2018-05-30,1.4623
2018-05-31,-0.2522
2018-06-01,-1.3545
2018-06-04,7.305
2018-06-05,3.3952999999999998
2018-06-06,1.7162
2018-06-07,-0.2758
2018-06-08,0.8785
2018-06-11,-1.532
2018-06-12,1.605
2018-06-13,-2.0148
2018-06-14,0.0987
2018-06-15,2.3993
2018-06-18,1.653
2018-06-19,-0.0789
2018-06-20,1.9908000000000001
2018-06-21,-0.5267
2018-06-22,-1.2147999999999999
2018-06-25,-2.5855
2018-06-26,0.4693
2018-06-27,-1.2564
2018-06-28,0.0163
2018-06-29,0.1142
2018-07-02,-0.6354
2018-07-03,0.8034
2018-07-05,-0.1139
2018-07-06,-0.6839
2018-07-09,0.7542
2018-07-10,0.2116
2018-07-11,-1.7538
2018-07-12,-0.0331
2018-07-13,1.2235
2018-07-16,0.1307
2018-07-17,1.0277
2018-07-18,-0.2907
2018-07-19,2.2996
2018-07-20,-1.8489
2018-07-23,-1.8025
2018-07-24,-1.7364000000000002
2018-07-25,1.3295
2018-07-26,-0.3322
2018-07-27,-3.0828
2018-07-30,1.1004
2018-07-31,-0.5272
2018-08-01,-3.1458
2018-08-02,1.8357999999999999
2018-08-03,0.3293
2018-08-06,0.0864
2018-08-07,1.2084
2018-08-08,0.9893
2018-08-09,0.4898
2018-08-10,-2.1345
2018-08-13,-0.4465
2018-08-14,2.8463000000000003
2018-08-15,-1.3586
2018-08-16,-1.4793
2018-08-17,2.3818
2018-08-20,1.1463
2018-08-21,0.4333
2018-08-22,3.8998
2018-08-23,16.499
2018-08-24,-2.1662
2018-08-27,-3.5454
2018-08-28,-0.3051
2018-08-29,-0.6704
2018-08-30,0.1907
2018-08-31,2.8407999999999998
2018-09-04,2.9617
2018-09-05,-1.2861
2018-09-06,-0.6304
2018-09-07,-1.4098
2018-09-10,-0.6864
2018-09-11,-1.2095
2018-09-12,1.3700999999999999
2018-09-13,-2.5162
2018-09-14,0.1327
2018-09-17,-1.6202999999999999
2018-09-18,0.8384
2018-09-19,-0.8463
2018-09-20,-0.4343
2018-09-21,-0.7069
2018-09-24,-0.7725
2018-09-25,-0.0153
2018-09-26,0.687
2018-09-27,-0.7127
2018-09-28,0.3665
2018-10-01,-1.0803
2018-10-02,-2.9688
2018-10-03,0.0793
2018-10-04,-1.5998999999999999
2018-10-05,0.821
2018-10-08,0.958
2018-10-09,-2.6412
2018-10-10,-1.6244
2018-10-11,0.0991
2018-10-12,0.4454
2018-10-15,0.6241
2018-10-16,2.187
2018-10-17,-1.9325999999999999
2018-10-18,-2.0195
2018-10-19,-2.2274
2018-10-22,-0.51
2018-10-23,-0.1367
2018-10-24,-3.9013999999999998
2018-10-25,2.0299
2018-10-26,0.0528
2018-10-29,-0.4569
2018-10-30,5.6497
2018-10-31,-0.7687
2018-11-01,3.1324
2018-11-02,3.1025
2018-11-05,-0.7761
2018-11-06,1.6760000000000002
2018-11-07,-1.5070999999999999
2018-11-08,2.088
2018-11-09,-0.0781
2018-11-12,0.4063
2018-11-13,1.1204
2018-11-14,-4.9246
2018-11-15,-1.9747
2018-11-16,-11.2285
2018-11-19,-1.9159000000000002
2018-11-20,-2.7688
2018-11-21,2.6330999999999998
2018-11-23,1.6343999999999999
2018-11-26,3.347
2018-11-27,0.0543
2018-11-28,3.0199
2018-11-29,-1.8606
2018-11-30,1.2878
2018-12-03,3.7436
2018-12-04,-6.2128
2018-12-06,0.726
2018-12-07,-2.7207
2018-12-10,-1.3891
2018-12-11,-1.5026000000000002
2018-12-12,1.373
2018-12-13,-1.4485000000000001
2018-12-14,-0.4008
2018-12-17,-4.7719000000000005
2018-12-18,0.7245
2018-12-19,-1.5185
2018-12-20,-2.9417999999999997
2018-12-21,-1.7559
2018-12-24,-3.1064
2018-12-26,9.3764
2018-12-27,0.0201
2018-12-28,0.1204
2018-12-31,1.1427
2019-01-02,-0.555
2019-01-03,-0.6578
2019-01-04,1.4445999999999999
2019-01-07,2.6503
2019-01-08,2.6975
2019-01-09,0.4503
2019-01-10,-2.4093999999999998
2019-01-11,1.0718
2019-01-14,1.0036
2019-01-15,1.4436
2019-01-16,-3.0124
2019-01-17,0.9527
2019-01-18,1.7176
2019-01-22,-2.5422000000000002
2019-01-23,-1.9231
2019-01-24,1.5337
2019-01-25,2.0243
2019-01-28,-0.4157
2019-01-29,-0.2846
2019-01-30,0.8183
2019-01-31,2.7369
2019-02-01,-0.79
2019-02-04,1.8889
2019-02-05,0.7634
2019-02-06,-0.7215
2019-02-07,-1.2355
2019-02-08,-2.7226
2019-02-11,2.0045
2019-02-12,3.1516
2019-02-13,0.0719
2019-02-14,-0.3233
2019-02-15,0.3964
2019-02-19,-0.0718
2019-02-20,1.347
2019-02-21,-1.7898
2019-02-22,0.1985
2019-02-25,2.9894
2019-02-26,-0.5246
2019-02-27,3.5683
2019-02-28,-1.2899
2019-03-01,1.1864
2019-03-04,-1.3594
2019-03-05,0.4823
2019-03-06,0.1372
2019-03-07,-1.0101
2019-03-08,-1.3663
2019-03-11,1.017
2019-03-12,-0.1389
2019-03-13,-0.9386
2019-03-14,-1.3687
2019-03-15,-0.0356
2019-03-18,0.4449
2019-03-19,0.5315
2019-03-20,0.1939
2019-03-21,4.1689
2019-03-22,-3.7487
2019-03-25,1.6491
2019-03-26,-1.0528
2019-03-27,-0.2616
2019-03-28,0.1574
2019-03-29,-1.7461
2019-04-01,1.3329
2019-04-02,1.0873
2019-04-03,1.3706
2019-04-04,1.5916000000000001
2019-04-05,1.4825
2019-04-08,-0.1494
2019-04-09,-1.8121
2019-04-10,1.2699
2019-04-11,-1.8559
2019-04-12,-1.6695
2019-04-15,-2.0617
2019-04-16,0.9729
2019-04-17,0.946
2019-04-18,-0.538
2019-04-22,-1.71
2019-04-23,0.6923
2019-04-24,2.2567
2019-04-25,-2.1034
2019-04-26,-0.2131
2019-04-29,1.0146
2019-04-30,0.7401
2019-05-01,-3.1835
2019-05-02,2.5836
2019-05-03,-0.2466
2019-05-06,-1.1123
2019-05-07,-3.428
2019-05-08,1.2202
2019-05-09,0.5297
2019-05-10,-0.327
2019-05-13,-4.7393
2019-05-14,1.7987
2019-05-15,0.0
2019-05-16,0.9962
2019-05-17,-0.8561
2019-05-20,0.6195
2019-05-21,1.8284
2019-05-22,-0.6413
2019-05-23,-4.6838
2019-05-24,0.7545
2019-05-28,0.8257
2019-05-29,-2.6281
2019-05-30,0.8997
2019-05-31,13.3941
2019-06-03,-0.3419
2019-06-04,1.9554
2019-06-05,-0.8748
2019-06-06,-2.3422
2019-06-07,-1.3208
2019-06-10,-0.8806
2019-06-11,3.7313
2019-06-12,0.1199
2019-06-13,4.8417
2019-06-14,-0.0163
2019-06-17,-0.457
2019-06-18,1.2625
2019-06-19,0.421
2019-06-20,-0.8384
2019-06-21,-0.2927
2019-06-24,0.5219
2019-06-25,1.7197
2019-06-26,0.4466
2019-06-27,2.0324
2019-06-28,1.1516
2019-07-01,-0.6615
2019-07-02,-0.3407
2019-07-03,0.1243
2019-07-05,0.6363
2019-07-08,-1.6348
2019-07-09,-2.8379
2019-07-10,1.9041000000000001
2019-07-11,0.9501
2019-07-12,2.651
2019-07-15,5.5929
2019-07-16,1.6787
2019-07-17,-0.9963
2019-07-18,0.0575
2019-07-19,-0.4885
2019-07-22,-0.3754
2019-07-23,0.1304
2019-07-24,1.6211
2019-07-25,-2.8913
2019-07-26,0.4727
2019-07-29,-0.8674
2019-07-30,-0.1483
2019-07-31,-0.9654
2019-08-01,-3.7942
2019-08-02,-0.1715
2019-08-05,-0.3279
2019-08-06,1.7547000000000001
2019-08-07,-0.1694
2019-08-08,1.3418
2019-08-09,-2.3741
2019-08-12,1.6836
2019-08-13,1.3336999999999999
2019-08-14,-5.9153
2019-08-15,1.1256
2019-08-16,0.6519
2019-08-19,2.8436
2019-08-20,-0.6144
2019-08-21,1.1747
2019-08-22,4.3690999999999995
2019-08-23,-1.4783
2019-08-26,0.1634
2019-08-27,1.4536
2019-08-28,0.5556
2019-08-29,-6.7171
2019-08-30,2.5561
2019-09-03,-4.696
2019-09-04,0.3987
2019-09-05,2.9701
2019-09-06,0.6633
2019-09-09,2.4211
2019-09-10,3.6056
2019-09-11,-1.1118999999999999
2019-09-12,-1.7814999999999999
2019-09-13,1.0853
2019-09-16,-0.9119
2019-09-17,-0.2672
2019-09-18,-2.8427
2019-09-19,-0.3217
2019-09-20,0.0615
2019-09-23,3.3635
2019-09-24,-0.1783
2019-09-25,0.3721
2019-09-26,-0.6822
2019-09-27,1.4335
2019-09-30,0.0736
2019-10-01,-0.2501
2019-10-02,-3.9965
2019-10-03,-0.2304
2019-10-04,0.9238
2019-10-07,-1.1289
2019-10-08,-1.2961
2019-10-09,1.657
2019-10-10,1.1226
2019-10-11,4.3339
2019-10-14,-0.8308
2019-10-15,2.7631
2019-10-16,-0.1001
2019-10-17,0.6299
2019-10-18,-1.4654
2019-10-21,1.7759
2019-10-22,1.0498
2019-10-23,-2.0497
2019-10-24,-2.1929
2019-10-25,1.889
2019-10-28,-1.1443
2019-10-29,0.5421
2019-10-30,-1.297
2019-10-31,-1.3879000000000001
2019-11-01,0.0
2019-11-04,1.0331
2019-11-05,0.904
2019-11-06,0.6462
2019-11-07,1.0215
2019-11-08,0.0144
2019-11-11,3.0763
2019-11-12,-1.2610000000000001
2019-11-13,0.9933
2019-11-14,1.8126
2019-11-15,0.552
2019-11-18,0.1098
2019-11-19,-3.9759
2019-11-20,-2.056
2019-11-21,0.2187
2019-11-22,-1.9344999999999999
2019-11-25,2.6847
2019-11-26,3.0478
2019-11-27,-0.8831
2019-11-29,-1.8526
2019-12-02,-2.0605
2019-12-03,-0.7356
2019-12-04,0.8448
2019-12-05,0.1617
2019-12-06,3.2721999999999998
2019-12-09,-0.7673
2019-12-10,-0.5298
2019-12-11,0.8493
2019-12-12,0.0714
2019-12-13,-1.2551999999999999
2019-12-16,1.43
2019-12-17,1.5665
2019-12-18,1.8087
2019-12-19,0.3718
2019-12-20,-0.0823
2019-12-23,1.0849
2019-12-24,-0.5842
2019-12-26,1.1342
2019-12-27,-1.3377
2019-12-30,0.5752
2019-12-31,0.0
2020-01-02,-1.0893
2020-01-03,-0.7296
2020-01-06,0.3744
2020-01-07,1.9066
2020-01-08,0.6643
2020-01-09,1.1448
2020-01-10,-0.972
2020-01-13,1.5463
2020-01-14,0.6488
2020-01-15,-0.5789
2020-01-16,1.2570999999999999
2020-01-17,0.0915
2020-01-21,-0.5614
2020-01-22,-0.5777
2020-01-23,0.3038
2020-01-24,-0.636
2020-01-27,-2.187
2020-01-28,1.8678
2020-01-29,-1.432
2020-01-30,-1.222
2020-01-31,-3.6701
2020-02-03,0.157
2020-02-04,1.5244
2020-02-05,4.1678
2020-02-06,-2.9772
2020-02-07,-1.333
2020-02-10,0.6333
2020-02-11,1.79
2020-02-12,2.3217
2020-02-13,-0.6579
2020-02-14,0.0405
2020-02-18,0.1486
2020-02-19,-1.4163999999999999
2020-02-20,1.4505
2020-02-21,-0.6339
2020-02-24,-6.692
2020-02-25,-3.2005
2020-02-26,-2.4046
2020-02-27,-2.3714
2020-02-28,-1.5931
2020-03-02,3.5422000000000002
2020-03-03,-3.3127
2020-03-04,4.3068
2020-03-05,-6.1857
2020-03-06,-1.587
2020-03-09,-10.2244
2020-03-10,1.1667
2020-03-11,-6.6813
2020-03-12,-16.3986
2020-03-13,6.5697
2020-03-16,-21.6645
2020-03-17,-1.4896
2020-03-18,-12.525
2020-03-19,24.788
2020-03-20,-4.9399
2020-03-23,2.4471
2020-03-24,14.0365
2020-03-25,2.9419
2020-03-26,0.4344
2020-03-27,-4.2795
2020-03-30,3.1391
2020-03-31,-1.9599
2020-04-01,-11.571
2020-04-02,1.1968
2020-04-03,0.3679
2020-04-06,21.3668
2020-04-07,-2.6321
2020-04-08,5.606
2020-04-09,7.1758
2020-04-13,0.5286
2020-04-14,4.0701
2020-04-15,-7.8406
2020-04-16,-1.3197999999999999
2020-04-17,6.2551
2020-04-20,-1.6846999999999999
2020-04-21,3.0727
2020-04-22,1.1848
2020-04-23,4.4948
2020-04-24,5.7065
2020-04-27,6.0711
2020-04-28,1.0244
2020-04-29,5.231
2020-04-30,-5.4145
2020-05-01,-2.5712
2020-05-04,3.917
2020-05-05,3.8333
2020-05-06,1.7690000000000001
2020-05-07,0.9976
2020-05-08,2.2298999999999998
2020-05-11,-0.0293
2020-05-12,-0.5857
2020-05-13,-4.6104
2020-05-14,0.6177
2020-05-15,2.0872
2020-05-18,5.6524
2020-05-19,-3.0307
2020-05-20,-2.6266
2020-05-21,0.2712
2020-05-22,-0.0751
2020-05-26,4.7526
2020-05-27,5.3123000000000005
2020-05-28,-0.4363
2020-05-29,13.9395
2020-06-01,-2.3555
2020-06-02,5.8708
2020-06-03,-0.7905
2020-06-04,-0.3867
2020-06-05,0.6117
2020-06-08,-0.2338
2020-06-09,0.5977
2020-06-10,-1.6659000000000002
2020-06-11,-5.8168
2020-06-12,0.8805
2020-06-15,3.1172
2020-06-16,3.1197
2020-06-17,1.6299000000000001
2020-06-18,-0.6
2020-06-19,-0.592
2020-06-22,-0.6773
2020-06-23,-0.3527
2020-06-24,-1.3332
2020-06-25,0.0837
2020-06-26,-0.5735
2020-06-29,-1.478
2020-06-30,0.0244
2020-07-01,3.4264
2020-07-02,-1.9099
2020-07-06,0.9615
2020-07-07,-0.4048
2020-07-08,2.7731
2020-07-09,-1.5701
2020-07-10,0.4608
2020-07-13,-2.4818
2020-07-14,0.4945
2020-07-15,1.8363
2020-07-16,-0.5539
2020-07-17,-0.6874
2020-07-20,-2.6969
2020-07-21,1.2141
2020-07-22,5.1496
2020-07-23,-1.1408
2020-07-24,-0.4689
2020-07-27,1.9786000000000001
2020-07-28,-3.5685000000000002
2020-07-29,2.515
2020-07-30,2.3949
2020-07-31,-0.6047
