ticker,YRCW US Equity
field,DAY_TO_DAY_TOT_RETURN_GROSS_DVDS
date,
2000-01-03,0.0
2000-01-04,-1.8587
2000-01-05,1.5152
2000-01-06,2.9851
2000-01-07,-0.7246
2000-01-10,-1.3686
2000-01-11,-0.4625
2000-01-12,-1.1152
2000-01-13,1.8797000000000001
2000-01-14,-1.6604999999999999
2000-01-18,-1.6886
2000-01-19,-1.5267
2000-01-20,-0.3876
2000-01-21,0.0
2000-01-24,-2.7237
2000-01-25,-0.4
2000-01-26,2.8112
2000-01-27,2.3437
2000-01-28,0.0
2000-01-31,-6.8702
2000-02-01,9.8361
2000-02-02,0.7463
2000-02-03,3.3333
2000-02-04,-1.0753
2000-02-07,1.087
2000-02-08,3.5842
2000-02-09,-0.346
2000-02-10,-8.6806
2000-02-11,-3.4221
2000-02-14,7.0866
2000-02-15,-2.9412000000000003
2000-02-16,3.0303
2000-02-17,-1.8382
2000-02-18,-1.4981
2000-02-22,0.0
2000-02-23,1.5209000000000001
2000-02-24,0.0
2000-02-25,-0.3745
2000-02-28,0.0
2000-02-29,-3.7594
2000-03-01,-0.7813
2000-03-02,1.1811
2000-03-03,5.4475
2000-03-06,0.369
2000-03-07,-7.3529
2000-03-08,0.0
2000-03-09,1.9841
2000-03-10,-1.3618999999999999
2000-03-13,0.5917
2000-03-14,1.9607999999999999
2000-03-15,3.8462
2000-03-16,10.3704
2000-03-17,-1.6779
2000-03-20,-3.0717
2000-03-21,-0.3521
2000-03-22,1.4134
2000-03-23,3.4843
2000-03-24,-1.3468
2000-03-27,-3.7542999999999997
2000-03-28,0.0
2000-03-29,1.0638
2000-03-30,1.0526
2000-03-31,2.4306
2000-04-03,-8.4746
2000-04-04,4.0741
2000-04-05,-0.3559
2000-04-06,-1.4285999999999999
2000-04-07,5.7971
2000-04-10,1.3699
2000-04-11,7.7703
2000-04-12,8.4639
2000-04-13,-2.8902
2000-04-14,-1.7856999999999998
2000-04-17,-4.8485
2000-04-18,1.9108
2000-04-19,3.125
2000-04-20,-4.2424
2000-04-24,-0.6329
2000-04-25,0.0
2000-04-26,4.4586
2000-04-27,-4.5732
2000-04-28,-2.5559
2000-05-01,0.6557
2000-05-02,-0.9772
2000-05-03,-4.2763
2000-05-04,0.3436
2000-05-05,6.25
2000-05-08,-0.7252
2000-05-09,2.2727
2000-05-10,-4.7619
2000-05-11,1.3333
2000-05-12,-1.6447
2000-05-15,-1.0033
2000-05-16,-0.6757
2000-05-17,-5.4422
2000-05-18,1.0791
2000-05-19,0.0
2000-05-22,-1.4235
2000-05-23,0.361
2000-05-24,-1.0791
2000-05-25,-5.4545
2000-05-26,-3.0769
2000-05-30,7.9365
2000-05-31,-3.6765
2000-06-01,2.2901
2000-06-02,-2.2388
2000-06-05,2.6718
2000-06-06,-1.1152
2000-06-07,0.0
2000-06-08,-0.3759
2000-06-09,-2.2641999999999998
2000-06-12,-4.2471
2000-06-13,0.4032
2000-06-14,2.008
2000-06-15,-7.4803
2000-06-16,-2.5532
2000-06-19,2.1834
2000-06-20,0.4274
2000-06-21,-0.4255
2000-06-22,-4.7009
2000-06-23,4.9327
2000-06-26,-2.1368
2000-06-27,2.1834
2000-06-28,1.7094
2000-06-29,-2.521
2000-06-30,1.7241
2000-07-03,0.4237
2000-07-05,1.2658
2000-07-06,1.6667
2000-07-07,-0.8197
2000-07-10,-0.8264
2000-07-11,1.25
2000-07-12,0.4115
2000-07-13,0.4098
2000-07-14,0.0
2000-07-17,-0.4082
2000-07-18,0.0
2000-07-19,0.4098
2000-07-20,3.6734999999999998
2000-07-21,0.7874
2000-07-24,0.7812
2000-07-25,-2.3256
2000-07-26,1.5873
2000-07-27,-0.3906
2000-07-28,-0.3922
2000-07-31,1.1811
2000-08-01,0.3891
2000-08-02,-2.3256
2000-08-03,1.1905000000000001
2000-08-04,0.3922
2000-08-07,0.3906
2000-08-08,-1.1673
2000-08-09,-0.3937
2000-08-10,0.3953
2000-08-11,2.7559
2000-08-14,1.1494
2000-08-15,1.5152
2000-08-16,0.3731
2000-08-17,-0.3717
2000-08-18,-0.3731
2000-08-21,-0.3745
2000-08-22,-3.0075
2000-08-23,0.0
2000-08-24,-0.3876
2000-08-25,0.0
2000-08-28,-2.3346
2000-08-29,0.0
2000-08-30,-1.5936
2000-08-31,-1.2146
2000-09-01,0.0
2000-09-05,0.8197
2000-09-06,0.4065
2000-09-07,0.0
2000-09-08,0.8097
2000-09-11,-0.8032
2000-09-12,0.4049
2000-09-13,0.0
2000-09-14,-0.8065
2000-09-15,-1.626
2000-09-18,1.6529
2000-09-19,1.2195
2000-09-20,-2.008
2000-09-21,0.4098
2000-09-22,0.0
2000-09-25,-5.3061
2000-09-26,4.3103
2000-09-27,-0.8264
2000-09-28,1.6667
2000-09-29,-0.8197
2000-10-02,0.0
2000-10-03,2.4793
2000-10-04,0.0
2000-10-05,1.6129
2000-10-06,-0.3968
2000-10-09,-2.7888
2000-10-10,-4.0984
2000-10-11,0.8547
2000-10-12,-1.6949
2000-10-13,1.0776
2000-10-16,-0.6397
2000-10-17,-0.8584
2000-10-18,-0.8658
2000-10-19,4.3668
2000-10-20,2.5105
2000-10-23,2.449
2000-10-24,1.1952
2000-10-25,0.0
2000-10-26,3.9370000000000003
2000-10-27,0.3788
2000-10-30,5.6604
2000-10-31,2.8571
2000-11-01,-0.6944
2000-11-02,2.7972
2000-11-03,-2.3810000000000002
2000-11-06,-0.3484
2000-11-07,0.0
2000-11-08,0.3497
2000-11-09,-0.6969
2000-11-10,-3.8596
2000-11-13,7.2993
2000-11-14,2.0408
2000-11-15,2.6667
2000-11-16,-1.2987
2000-11-17,1.3158
2000-11-20,-1.2987
2000-11-21,0.3289
2000-11-22,-1.9672
2000-11-24,3.01
2000-11-27,-0.3247
2000-11-28,0.3257
2000-11-29,-0.974
2000-11-30,-4.918
2000-12-01,0.6897
2000-12-04,-1.3699
2000-12-05,5.5556
2000-12-06,-1.6447
2000-12-07,1.6722000000000001
2000-12-08,4.9342
2000-12-11,-0.627
2000-12-12,-2.2082
2000-12-13,-0.6452
2000-12-14,-3.8961
2000-12-15,-6.4189
2000-12-18,3.6101
2000-12-19,3.1359
2000-12-20,1.3514
2000-12-21,6.6667
2000-12-22,-2.1875
2000-12-26,-0.9585
2000-12-27,-1.2903
2000-12-28,-0.3268
2000-12-29,6.8033
2001-01-02,-4.221
2001-01-03,-3.2051
2001-01-04,6.2914
2001-01-05,-1.5575999999999999
2001-01-08,3.1646
2001-01-09,12.8834
2001-01-10,0.0
2001-01-11,-2.1739
2001-01-12,1.1111
2001-01-16,4.6703
2001-01-17,-0.5249
2001-01-18,-3.4301
2001-01-19,-4.918
2001-01-22,4.5977
2001-01-23,0.5495
2001-01-24,-8.7432
2001-01-25,6.5868
2001-01-26,-3.0197
2001-01-29,9.1962
2001-01-30,-0.5305
2001-01-31,0.8
2001-02-01,0.5291
2001-02-02,-3.1579
2001-02-05,-0.3397
2001-02-06,0.0682
2001-02-07,1.7029999999999998
2001-02-08,-2.7461
2001-02-09,0.8264
2001-02-12,-1.3660999999999999
2001-02-13,-1.385
2001-02-14,1.9663
2001-02-15,-3.5813
2001-02-16,-2.5714
2001-02-20,7.3314
2001-02-21,-6.8306000000000004
2001-02-22,-9.6774
2001-02-23,6.1688
2001-02-26,0.0
2001-02-27,-2.1407
2001-02-28,-0.9375
2001-03-01,1.8927
2001-03-02,2.7864
2001-03-05,-0.3012
2001-03-06,0.0
2001-03-07,6.6465
2001-03-08,-2.2663
2001-03-09,-3.1884
2001-03-12,-3.8922
2001-03-13,-2.8037
2001-03-14,-5.1282
2001-03-15,-2.7027
2001-03-16,-5.2083
2001-03-19,1.4652
2001-03-20,0.0
2001-03-21,-1.083
2001-03-22,-4.3796
2001-03-23,3.0534
2001-03-26,9.2593
2001-03-27,-2.7119
2001-03-28,-2.439
2001-03-29,-1.4285999999999999
2001-03-30,-0.7246
2001-04-02,-4.3796
2001-04-03,-3.4351
2001-04-04,3.1621
2001-04-05,6.8966
2001-04-06,-3.9427
2001-04-09,3.0448
2001-04-10,2.8388999999999998
2001-04-11,0.8451
2001-04-12,1.2849
2001-04-16,-2.096
2001-04-17,2.8169
2001-04-18,4.1096
2001-04-19,-1.1579
2001-04-20,-5.2183
2001-04-23,-0.8427
2001-04-24,1.0198
2001-04-25,2.2995
2001-04-26,0.6031
2001-04-27,2.1798
2001-04-30,-2.7733
2001-05-01,3.0719
2001-05-02,1.7029999999999998
2001-05-03,-2.1455
2001-05-04,3.7433
2001-05-07,-2.268
2001-05-08,-0.5802
2001-05-09,1.4324
2001-05-10,1.4121000000000001
2001-05-11,-1.9598
2001-05-14,-0.8943
2001-05-15,-1.8047
2001-05-16,3.7838000000000003
2001-05-17,2.2396
2001-05-18,-0.7132
2001-05-21,1.2827
2001-05-22,-3.2421
2001-05-23,-0.1047
2001-05-24,3.9832
2001-05-25,-1.4617
2001-05-29,-2.2506
2001-05-30,-0.8373
2001-05-31,0.5805
2001-06-01,-3.7251
2001-06-04,-0.8719
2001-06-05,5.6625
2001-06-06,-3.2258
2001-06-07,2.3656
2001-06-08,-3.0987
2001-06-11,-2.71
2001-06-12,0.0
2001-06-13,0.1114
2001-06-14,-2.059
2001-06-15,0.0
2001-06-18,-2.2727
2001-06-19,0.5814
2001-06-20,2.3699
2001-06-21,3.8961
2001-06-22,-2.2826
2001-06-25,0.2781
2001-06-26,2.6068
2001-06-27,0.4324
2001-06-28,4.1981
2001-06-29,-1.9628
2001-07-02,0.0527
2001-07-03,2.8963
2001-07-05,-0.7165
2001-07-06,-0.2577
2001-07-09,-1.447
2001-07-10,2.2549
2001-07-11,-0.9744
2001-07-12,7.9751
2001-07-13,0.8153
2001-07-16,4.6622
2001-07-17,6.7273
2001-07-18,-3.9608
2001-07-19,2.2173
2001-07-20,-0.1735
2001-07-23,0.6084
2001-07-24,-6.0043
2001-07-25,-1.011
2001-07-26,4.5032
2001-07-27,-1.9546999999999999
2001-07-30,0.1359
2001-07-31,-1.5385
2001-08-01,1.3327
2001-08-02,5.0794
2001-08-03,1.7264
2001-08-06,0.594
2001-08-07,0.8013
2001-08-08,-2.0921
2001-08-09,-1.5812
2001-08-10,-1.0421
2001-08-13,0.5265
2001-08-14,0.5238
2001-08-15,-0.5645
2001-08-16,0.0
2001-08-17,3.5371
2001-08-20,4.0489
2001-08-21,-2.3105
2001-08-22,6.0996
2001-08-23,-0.4693
2001-08-24,1.7682
2001-08-27,-0.0386
2001-08-28,0.1545
2001-08-29,0.27
2001-08-30,1.0769
2001-08-31,1.2557
2001-09-04,0.3758
2001-09-05,2.0217
2001-09-06,-0.5505
2001-09-07,-5.7934
2001-09-10,-2.5069
2001-09-17,-3.6561
2001-09-18,-9.6747
2001-09-19,-2.0314
2001-09-20,-6.9746
2001-09-21,13.3232
2001-09-24,1.4752
2001-09-25,-13.5242
2001-09-26,-2.3434
2001-09-27,-5.3208
2001-09-28,12.0661
2001-10-01,-6.1455
2001-10-02,2.5144
2001-10-03,1.4308
2001-10-04,-0.2015
2001-10-05,-1.8173
2001-10-08,-2.5707
2001-10-09,-4.4855
2001-10-10,4.6409
2001-10-11,14.6779
2001-10-12,-5.8932
2001-10-15,2.2505
2001-10-16,5.1196
2001-10-17,0.2276
2001-10-18,0.1362
2001-10-19,-0.8163
2001-10-22,1.5089000000000001
2001-10-23,-2.2523
2001-10-24,-2.5806
2001-10-25,5.4399
2001-10-26,-0.4038
2001-10-29,-1.0811
2001-10-30,-0.4098
2001-10-31,0.5944
2001-11-01,2.4091
2001-11-02,0.6214
2001-11-05,1.4557
2001-11-06,-0.2609
2001-11-07,0.218
2001-11-08,-0.174
2001-11-09,0.2179
2001-11-12,0.6087
2001-11-13,2.5497
2001-11-14,3.287
2001-11-15,1.9992
2001-11-16,0.12
2001-11-19,-2.1175
2001-11-20,-0.5306
2001-11-21,-1.6824
2001-11-23,0.2922
2001-11-26,2.1223
2001-11-27,1.0594999999999999
2001-11-28,-2.9435000000000002
2001-11-29,2.4927
2001-11-30,-0.8918
2001-12-03,-0.409
2001-12-04,3.4908
2001-12-05,3.7302
2001-12-06,-1.3007
2001-12-07,-1.3953
2001-12-10,-0.1572
2001-12-11,-1.3386
2001-12-12,-0.5986
2001-12-13,-1.2043
2001-12-14,0.2032
2001-12-17,2.2709
2001-12-18,-0.0793
2001-12-19,1.3889
2001-12-20,-2.2701000000000002
2001-12-21,-1.1213
2001-12-24,-0.891
2001-12-26,6.13
2001-12-27,-1.5093999999999999
2001-12-28,0.7506
2001-12-31,-2.5999
2002-01-02,-1.6733
2002-01-03,3.9708
2002-01-04,4.3648
2002-01-07,-2.2405
2002-01-08,1.7189
2002-01-09,-3.4923
2002-01-10,-1.1673
2002-01-11,-2.0866
2002-01-14,-2.694
2002-01-15,-1.3223
2002-01-16,-3.8526
2002-01-17,4.7474
2002-01-18,-2.2869
2002-01-22,0.2553
2002-01-23,4.7114
2002-01-24,-3.9724
2002-01-25,1.4774
2002-01-28,4.1597
2002-01-29,-1.5575
2002-01-30,0.0
2002-01-31,1.6633
2002-02-01,-5.427
2002-02-04,-1.6878
2002-02-05,-2.1888
2002-02-06,-3.5542
2002-02-07,-3.5487
2002-02-08,3.2547
2002-02-11,0.5482
2002-02-12,3.3621
2002-02-13,0.2198
2002-02-14,-3.6842
2002-02-15,-0.0911
2002-02-19,-2.0966
2002-02-20,2.095
2002-02-21,2.0064
2002-02-22,2.9951
2002-02-25,2.4306
2002-02-26,1.2711999999999999
2002-02-27,2.1757
2002-02-28,-4.9959
2002-03-01,3.75
2002-03-04,7.6028
2002-03-05,-0.1158
2002-03-06,0.116
2002-03-07,0.6564
2002-03-08,-0.9206
2002-03-11,0.0774
2002-03-12,0.1161
2002-03-13,-1.4683
2002-03-14,2.2745
2002-03-15,-0.4985
2002-03-18,-0.9249
2002-03-19,-1.5169000000000001
2002-03-20,0.9084
2002-03-21,-3.3268
2002-03-22,-0.4049
2002-03-25,0.0407
2002-03-26,3.0475
2002-03-27,3.9038
2002-03-28,0.1518
2002-04-01,-2.0462
2002-04-02,-2.824
2002-04-03,-2.2691
2002-04-04,3.2179
2002-04-05,1.0655000000000001
2002-04-08,-0.6248
2002-04-09,2.1218
2002-04-10,4.3863
2002-04-11,-0.8846
2002-04-12,1.8965999999999998
2002-04-15,-1.6787999999999998
2002-04-16,3.9347
2002-04-17,-1.9643000000000002
2002-04-18,-2.7321999999999997
2002-04-19,-0.6367
2002-04-22,-2.3709
2002-04-23,-0.3513
2002-04-24,-1.7435
2002-04-25,4.2192
2002-04-26,-0.5675
2002-04-29,-1.1796
2002-04-30,3.8506
2002-05-01,1.4830999999999999
2002-05-02,1.2057
2002-05-03,1.083
2002-05-06,-0.6429
2002-05-07,-1.9409999999999998
2002-05-08,1.173
2002-05-09,-1.1594
2002-05-10,-3.629
2002-05-13,1.8638
2002-05-14,4.5183
2002-05-15,2.5366
2002-05-16,-1.5331000000000001
2002-05-17,1.4154
2002-05-20,-3.0474
2002-05-21,-3.0109
2002-05-22,1.5213
2002-05-23,-0.402
2002-05-24,-0.5138
2002-05-28,0.0
2002-05-29,0.0738
2002-05-30,-0.0369
2002-05-31,1.1799
2002-06-03,-1.5306
2002-06-04,-1.2953000000000001
2002-06-05,0.3
2002-06-06,-2.6168
2002-06-07,2.6104000000000003
2002-06-10,-0.8979
2002-06-11,-0.0378
2002-06-12,1.9260000000000002
2002-06-13,1.8896
2002-06-14,1.8218
2002-06-17,3.5677
2002-06-18,-0.0345
2002-06-19,7.1059
2002-06-20,-1.5459
2002-06-21,1.6683
2002-06-24,-1.9949
2002-06-25,2.1996
2002-06-26,1.2528000000000001
2002-06-27,0.8883
2002-06-28,1.8868
2002-07-01,-3.2407
2002-07-02,-3.4769
2002-07-03,-2.5116
2002-07-05,1.6949
2002-07-08,-0.3333
2002-07-09,0.1672
2002-07-10,0.601
2002-07-11,-2.3233
2002-07-12,-1.2912
2002-07-15,-3.58
2002-07-16,2.8561
2002-07-17,-2.7768
2002-07-18,-4.3199
2002-07-19,-1.0448
2002-07-22,-3.2428
2002-07-23,-4.7155000000000005
2002-07-24,-2.9448
2002-07-25,2.402
2002-07-26,1.6049
2002-07-29,6.4804
2002-07-30,-0.4945
2002-07-31,-4.4343
2002-08-01,-2.164
2002-08-02,-5.5154
2002-08-05,-2.3367
2002-08-06,6.3358
2002-08-07,-0.0417
2002-08-08,1.7924
2002-08-09,-1.1057
2002-08-12,0.0828
2002-08-13,-2.7307
2002-08-14,1.5737999999999999
2002-08-15,2.4288
2002-08-16,-0.3271
2002-08-19,1.6038000000000001
2002-08-20,-1.6996
2002-08-21,4.3121
2002-08-22,-0.5512
2002-08-23,-1.6231
2002-08-26,0.6036
2002-08-27,-2.16
2002-08-28,-2.6983
2002-08-29,-8.9076
2002-08-30,2.8137
2002-09-03,12.3822
2002-09-04,0.4471
2002-09-05,-1.1207
2002-09-06,3.6977
2002-09-09,0.7364
2002-09-10,4.5786999999999995
2002-09-11,1.8763999999999998
2002-09-12,-1.9140000000000001
2002-09-13,0.1473
2002-09-16,0.3676
2002-09-17,-0.8791
2002-09-18,-2.7347
2002-09-19,-3.2295
2002-09-20,3.2195
2002-09-23,-1.5976
2002-09-24,7.615
2002-09-25,5.352
2002-09-26,2.4548
2002-09-27,-0.3661
2002-09-30,-1.4429
2002-10-01,6.327
2002-10-02,0.5906
2002-10-03,5.9817
2002-10-04,-3.7396000000000003
2002-10-07,-2.8417
2002-10-08,3.221
2002-10-09,-4.7704
2002-10-10,2.8249
2002-10-11,1.978
2002-10-14,2.2629
2002-10-15,7.5167
2002-10-16,-1.1434
2002-10-17,1.4541
2002-10-18,2.0846999999999998
2002-10-21,2.7728
2002-10-22,-6.0822
2002-10-23,1.6529
2002-10-24,-3.5122
2002-10-25,-2.5581
2002-10-28,-0.9719
2002-10-29,-2.5498
2002-10-30,-0.1792
2002-10-31,-0.5745
2002-11-01,0.5056
2002-11-04,1.6206
2002-11-05,-0.2864
2002-11-06,0.0
2002-11-07,-4.1135
2002-11-08,1.4793
2002-11-11,-2.879
2002-11-12,0.5629
2002-11-13,2.4963
2002-11-14,3.3529
2002-11-15,-0.9863
2002-11-18,-1.6009
2002-11-19,-3.2899
2002-11-20,2.3551
2002-11-21,2.0453
2002-11-22,0.5011
2002-11-25,3.7393
2002-11-26,-3.4363
2002-11-27,6.1538
2002-11-29,-0.4689
2002-12-02,-0.0673
2002-12-03,-2.7576
2002-12-04,-3.0504
2002-12-05,0.75
2002-12-06,0.6735
2002-12-09,-4.2606
2002-12-10,2.0964
2002-12-11,-1.8732
2002-12-12,0.514
2002-12-13,-3.5061999999999998
2002-12-16,1.5897000000000001
2002-12-17,-3.614
2002-12-18,-0.4252
2002-12-19,0.1553
2002-12-20,0.6977
2002-12-23,2.194
2002-12-24,-1.3936
2002-12-26,-0.3056
2002-12-27,-1.1877
2002-12-30,-1.6673
2002-12-31,-0.6664
2003-01-02,4.2436
2003-01-03,-0.2285
2003-01-06,2.1756
2003-01-07,-0.3736
2003-01-08,0.3375
2003-01-09,3.6622
2003-01-10,-2.6676
2003-01-13,-2.2963
2003-01-14,-1.6679
2003-01-15,-0.9252
2003-01-16,3.4241
2003-01-17,-1.6178
2003-01-21,-8.6424
2003-01-22,-0.7535
2003-01-23,1.0544
2003-01-24,-3.7145
2003-01-27,4.0312
2003-01-28,1.3333
2003-01-29,-1.6036000000000001
2003-01-30,-3.0506
2003-01-31,0.6983
2003-02-03,-1.8064
2003-02-04,-0.3051
2003-02-05,2.7547
2003-02-06,3.617
2003-02-07,-2.5051
2003-02-10,0.674
2003-02-11,-0.2092
2003-02-12,-3.6897
2003-02-13,0.7357
2003-02-14,3.2888
2003-02-18,1.5063
2003-02-19,-3.9159
2003-02-20,-0.5148
2003-02-21,-1.5524
2003-02-24,-3.1537
2003-02-25,2.3519
2003-02-26,-0.1326
2003-02-27,1.5487
2003-02-28,-1.22
2003-03-03,-0.2647
2003-03-04,-0.4865
2003-03-05,0.3956
2003-03-06,-0.7039
2003-03-07,1.5604
2003-03-10,-3.0729
2003-03-11,0.0906
2003-03-12,-0.7692
2003-03-13,4.8792
2003-03-14,-0.6522
2003-03-17,6.8271
2003-03-18,2.7857
2003-03-19,-0.6776
2003-03-20,-0.0803
2003-03-21,4.4177
2003-03-24,-3.5385
2003-03-25,0.5582
2003-03-26,-0.6741
2003-03-27,-1.7964
2003-03-28,-1.9512
2003-03-31,-0.0829
2003-04-01,0.249
2003-04-02,1.8626
2003-04-03,-2.0723
2003-04-04,0.6224
2003-04-07,4.4124
2003-04-08,-1.3033000000000001
2003-04-09,-2.2009
2003-04-10,1.9231
2003-04-11,-1.0839
2003-04-14,2.4756
2003-04-15,6.9703
2003-04-16,-2.5545999999999998
2003-04-17,2.3556
2003-04-21,-4.4915
2003-04-22,7.1901
2003-04-23,-0.5076
2003-04-24,-2.551
2003-04-25,-0.8227
2003-04-28,0.6787
2003-04-29,-0.7865
2003-04-30,0.755
2003-05-01,-0.4121
2003-05-02,4.2889
2003-05-05,-1.1544
2003-05-06,-0.5474
2003-05-07,-0.8807
2003-05-08,-1.518
2003-05-09,1.5789
2003-05-12,2.1466
2003-05-13,-1.9928
2003-05-14,-3.2163
2003-05-15,-3.9343
2003-05-16,-3.0616
2003-05-19,-2.1739
2003-05-20,1.4675
2003-05-21,0.5331
2003-05-22,0.7029
2003-05-23,-0.3673
2003-05-27,0.6964
2003-05-28,0.3662
2003-05-29,0.9728
2003-05-30,5.3392
2003-06-02,-0.9146
2003-06-03,0.5385
2003-06-04,1.4155
2003-06-05,-5.5451
2003-06-06,0.1198
2003-06-09,-1.1568
2003-06-10,0.686
2003-06-11,0.4369
2003-06-12,3.6353999999999997
2003-06-13,-4.3126999999999995
2003-06-16,2.495
2003-06-17,-1.8846
2003-06-18,-1.4806
2003-06-19,-1.3404
2003-06-20,-0.4117
2003-06-23,-3.8446
2003-06-24,-1.8487
2003-06-25,-0.7884
2003-06-26,2.1192
2003-06-27,1.5131999999999999
2003-06-30,-0.8092
2003-07-01,1.6316000000000002
2003-07-02,3.2953
2003-07-03,-0.6544
2003-07-07,0.8234
2003-07-08,-5.0633
2003-07-09,5.8925
2003-07-10,-1.2591
2003-07-11,-0.8638
2003-07-14,2.1992
2003-07-15,1.5022
2003-07-16,1.3599999999999999
2003-07-17,-1.7364000000000002
2003-07-18,1.5663
2003-07-21,-0.7117
2003-07-22,0.9558
2003-07-23,0.3156
2003-07-24,0.9831
2003-07-25,3.6994
2003-07-28,1.5772
2003-07-29,0.037
2003-07-30,-0.9608
2003-07-31,1.5672000000000001
2003-08-01,-4.1514
2003-08-04,-1.6865
2003-08-05,-2.3392
2003-08-06,1.1976
2003-08-07,1.3412
2003-08-08,3.2698
2003-08-11,1.96
2003-08-12,0.0
2003-08-13,0.4436
2003-08-14,0.3312
2003-08-15,0.697
2003-08-18,2.7687
2003-08-19,4.0766
2003-08-20,-0.8174
2003-08-21,0.8585
2003-08-22,-2.6898
2003-08-25,-0.4899
2003-08-26,-2.5316
2003-08-27,0.974
2003-08-28,1.1433
2003-08-29,-0.106
2003-09-02,2.5460000000000003
2003-09-03,-0.8621
2003-09-04,1.5652
2003-09-05,-0.3425
2003-09-08,0.6873
2003-09-09,0.3072
2003-09-10,0.2042
2003-09-11,1.528
2003-09-12,-1.8395000000000001
2003-09-15,-0.5758
2003-09-16,0.7882
2003-09-17,0.2346
2003-09-18,3.4939
2003-09-19,3.2776
2003-09-22,3.6814
2003-09-23,0.5816
2003-09-24,-3.4388
2003-09-25,-2.8364000000000003
2003-09-26,-2.7571
2003-09-29,2.7685
2003-09-30,-3.2132
2003-10-01,4.4601
2003-10-02,1.1236
2003-10-03,1.9048
2003-10-06,1.838
2003-10-07,0.4894
2003-10-08,-1.0654
2003-10-09,2.9231
2003-10-10,-1.3154
2003-10-13,2.575
2003-10-14,0.1181
2003-10-15,-2.2419000000000002
2003-10-16,-1.3881000000000001
2003-10-17,-1.683
2003-10-20,0.9337
2003-10-21,-0.6475
2003-10-22,-0.9932
2003-10-23,0.721
2003-10-24,-1.1516
2003-10-27,2.1411
2003-10-28,-0.1541
2003-10-29,2.7478
2003-10-30,0.7812
2003-10-31,-1.9976
2003-11-03,3.2552
2003-11-04,-1.0018
2003-11-05,0.3869
2003-11-06,-0.2075
2003-11-07,-2.2579000000000002
2003-11-10,-1.9757
2003-11-11,-1.7984
2003-11-12,2.5576
2003-11-13,-1.1084
2003-11-14,-1.3075999999999999
2003-11-17,-2.4606
2003-11-18,-2.2639
2003-11-19,1.2574
2003-11-20,0.5556
2003-11-21,-1.625
2003-11-24,1.3214000000000001
2003-11-25,1.1738
2003-11-26,-0.709
2003-11-28,-0.7465
2003-12-01,1.4061
2003-12-02,1.2899
2003-12-03,2.9927
2003-12-04,1.4838
2003-12-05,0.4264
2003-12-08,2.5174
2003-12-09,-0.7988
2003-12-10,-2.1772
2003-12-11,2.9573
2003-12-12,-1.4895
2003-12-15,-1.8547
2003-12-16,1.4395
2003-12-17,5.1027
2003-12-18,3.3324
2003-12-19,2.0573
2003-12-22,-0.9807
2003-12-23,-1.1279
2003-12-24,-0.5008
2003-12-26,-0.0559
2003-12-29,2.6021
2003-12-30,0.4636
2003-12-31,-1.8187
2004-01-02,0.4976
2004-01-05,0.8528
2004-01-06,0.1364
2004-01-07,0.2452
2004-01-08,1.4946
2004-01-09,-0.8835
2004-01-12,2.3501
2004-01-13,-0.9501
2004-01-14,1.2523
2004-01-15,-1.8420999999999998
2004-01-16,1.134
2004-01-20,-0.7502
2004-01-21,3.7927
2004-01-22,-0.5661
2004-01-23,0.2588
2004-01-26,-3.2266
2004-01-27,-1.4937
2004-01-28,-2.3017
2004-01-29,0.9146
2004-01-30,-13.76
2004-02-02,-2.4204
2004-02-03,-1.3054999999999999
2004-02-04,-0.5291
2004-02-05,-0.3989
2004-02-06,3.8385
2004-02-09,-0.2572
2004-02-10,2.7071
2004-02-11,2.165
2004-02-12,1.3514
2004-02-13,-0.697
2004-02-17,-0.5188
2004-02-18,-1.0735999999999999
2004-02-19,-2.4496
2004-02-20,0.4132
2004-02-23,-1.9626000000000001
2004-02-24,0.8718
2004-02-25,0.2561
2004-02-26,2.4266
2004-02-27,-1.5274
2004-03-01,1.8044
2004-03-02,-2.0522
2004-03-03,-0.0635
2004-03-04,-0.4765
2004-03-05,-2.0747
2004-03-08,0.2282
2004-03-09,-1.3984
2004-03-10,-1.814
2004-03-11,9.5398
2004-03-12,1.9319
2004-03-15,-1.083
2004-03-16,-1.3686
2004-03-17,2.4669
2004-03-18,-1.3542
2004-03-19,-1.7389000000000001
2004-03-22,-2.6389
2004-03-23,2.3597
2004-03-24,1.4642
2004-03-25,1.7194
2004-03-26,1.3583
2004-03-29,2.025
2004-03-30,-0.7589
2004-03-31,-0.8824
2004-04-01,-0.2671
2004-04-02,2.4993
2004-04-05,-0.2322
2004-04-06,1.3966
2004-04-07,-0.5165
2004-04-08,-2.5959
2004-04-12,1.4214
2004-04-13,-3.0949
2004-04-14,0.934
2004-04-15,-1.1045
2004-04-16,2.9279
2004-04-19,-1.1437
2004-04-20,1.1865999999999999
2004-04-21,2.316
2004-04-22,0.745
2004-04-23,3.2423
2004-04-26,0.0551
2004-04-27,-2.0925
2004-04-28,-1.9123
2004-04-29,-1.2901
2004-04-30,-1.0166
2004-05-03,1.2324
2004-05-04,-0.1159
2004-05-05,0.1161
2004-05-06,-1.8841
2004-05-07,-2.6292
2004-05-10,-1.6686999999999999
2004-05-11,3.0546
2004-05-12,1.018
2004-05-13,-0.326
2004-05-14,0.8623
2004-05-17,-2.5059
2004-05-18,0.8467
2004-05-19,1.3493
2004-05-20,-1.8935
2004-05-21,1.2364
2004-05-24,2.4724
2004-05-25,2.8779
2004-05-26,-0.113
2004-05-27,1.7256
2004-05-28,-0.6952
2004-06-01,1.5122
2004-06-02,0.8276
2004-06-03,-2.8728
2004-06-04,1.2958
2004-06-07,2.0578
2004-06-08,3.1063
2004-06-09,-0.8985
2004-06-10,1.0667
2004-06-14,-0.5277
2004-06-15,2.8117
2004-06-16,0.6192
2004-06-17,0.3846
2004-06-18,-0.9195
2004-06-21,1.1085
2004-06-22,0.102
2004-06-23,1.5028000000000001
2004-06-24,-1.079
2004-06-25,0.761
2004-06-28,0.5791
2004-06-29,-0.1001
2004-06-30,-0.1253
2004-07-01,-0.2258
2004-07-02,-2.2127
2004-07-06,-1.3628
2004-07-07,2.9979
2004-07-08,-3.0119
2004-07-09,1.1482
2004-07-12,1.7802
2004-07-13,0.1774
2004-07-14,0.3289
2004-07-15,1.7654
2004-07-16,-1.2887
2004-07-19,0.6779
2004-07-20,3.6658
2004-07-21,-1.1066
2004-07-22,-3.2109
2004-07-23,4.4484
2004-07-26,1.2993000000000001
2004-07-27,1.0451
2004-07-28,-0.5642
2004-07-29,2.5059
2004-07-30,0.3459
2004-08-02,-0.3677
2004-08-03,0.3691
2004-08-04,-0.4137
2004-08-05,-3.2541
2004-08-06,-3.2443
2004-08-09,0.5671
2004-08-10,3.9225
2004-08-11,0.2831
2004-08-12,-2.1407
2004-08-13,-1.851
2004-08-16,4.8004
2004-08-17,-1.2852999999999999
2004-08-18,2.6752000000000002
2004-08-19,-0.9684
2004-08-20,0.3492
2004-08-23,-4.6636
2004-08-24,2.458
2004-08-25,-1.2827
2004-08-26,0.2887
2004-08-27,0.3599
2004-08-30,-2.5819
2004-08-31,0.7117
2004-09-01,0.3899
2004-09-02,2.2087
2004-09-03,0.6649
2004-09-07,3.0904
2004-09-08,1.5789
2004-09-09,1.8698000000000001
2004-09-10,1.1942
2004-09-13,-1.6608
2004-09-14,0.3333
2004-09-15,-0.8416
2004-09-16,0.8711
2004-09-17,-0.3543
2004-09-20,-0.3556
2004-09-21,2.9438
2004-09-22,-2.708
2004-09-23,-1.1356
2004-09-24,1.1486
2004-09-27,0.6903
2004-09-28,1.8576000000000001
2004-09-29,1.4546000000000001
2004-09-30,0.3424
2004-10-01,0.4265
2004-10-04,-0.2973
2004-10-05,1.2141
2004-10-06,2.3569
2004-10-07,-0.5551
2004-10-08,-0.2481
2004-10-11,0.5181
2004-10-12,-0.268
2004-10-13,-3.0184
2004-10-14,0.4477
2004-10-15,2.6104000000000003
2004-10-18,0.393
2004-10-19,-0.8035
2004-10-20,0.2077
2004-10-21,-0.7876
2004-10-22,-5.5776
2004-10-25,2.0133
2004-10-26,2.8627000000000002
2004-10-27,0.9909
2004-10-28,0.4175
2004-10-29,-0.2287
2004-11-01,1.9586999999999999
2004-11-02,-0.6949
2004-11-03,0.1235
2004-11-04,2.4666
2004-11-05,1.1836
2004-11-08,-0.9516
2004-11-09,0.3203
2004-11-10,0.838
2004-11-11,1.1278
2004-11-12,-0.1565
2004-11-15,-0.6859
2004-11-16,-1.7561
2004-11-17,3.5951
2004-11-18,1.4928
2004-11-19,-0.8787
2004-11-22,0.6167
2004-11-23,0.0575
2004-11-24,0.4977
2004-11-26,1.1048
2004-11-29,-0.1696
2004-11-30,-0.2642
2004-12-01,0.9272
2004-12-02,-0.9561
2004-12-03,0.6057
2004-12-06,-0.5833
2004-12-07,-1.5897000000000001
2004-12-08,2.1346
2004-12-09,0.6402
2004-12-10,-2.0019
2004-12-13,3.0355
2004-12-14,-0.1668
2004-12-15,0.2227
2004-12-16,-2.0185
2004-12-17,1.5497999999999998
2004-12-20,1.5448
2004-12-21,1.8328
2004-12-22,0.162
2004-12-23,-0.8086
2004-12-27,-0.5254
2004-12-28,2.8773999999999997
2004-12-29,-0.8143
2004-12-30,-0.232
2004-12-31,-0.3399
2005-01-03,-0.1436
2005-01-04,-1.456
2005-01-05,-2.2255
2005-01-06,0.2239
2005-01-07,-3.4066
2005-01-10,2.8907
2005-01-11,-1.7793999999999999
2005-01-12,-1.3158
2005-01-13,0.0
2005-01-14,1.913
2005-01-18,-0.2465
2005-01-19,0.8554
2005-01-20,-1.1685
2005-01-21,-2.6029999999999998
2005-01-24,-0.1273
2005-01-25,2.725
2005-01-26,-0.7252
2005-01-27,2.2491
2005-01-28,4.5497
2005-01-31,1.8162
2005-02-01,-0.0353
2005-02-02,-1.4311
2005-02-03,0.0896
2005-02-04,0.8417
2005-02-07,1.4562
2005-02-08,0.035
2005-02-09,0.1925
2005-02-10,-1.1002
2005-02-11,0.1413
2005-02-14,0.2821
2005-02-15,-0.7913
2005-02-16,1.4711
2005-02-17,-0.2969
2005-02-18,0.7008
2005-02-22,-3.7056
2005-02-23,4.6974
2005-02-24,5.6601
2005-02-25,0.1307
2005-02-28,-5.8065999999999995
2005-03-01,1.2641
2005-03-02,1.1628
2005-03-03,-0.3719
2005-03-04,6.3624
2005-03-07,1.1326
2005-03-08,-0.4574
2005-03-09,-0.3169
2005-03-10,-0.6835
2005-03-11,0.016
2005-03-14,0.5761
2005-03-15,-0.5251
2005-03-16,-3.5189
2005-03-17,-0.5802
2005-03-18,-1.8343
2005-03-21,0.4586
2005-03-22,0.3889
2005-03-23,-0.918
2005-03-24,2.6774
2005-03-28,1.1589
2005-03-29,-3.6334
2005-03-30,0.3057
2005-03-31,-0.8805
2005-04-01,1.9645000000000001
2005-04-04,-0.7204
2005-04-05,1.2825
2005-04-06,0.6831
2005-04-07,-2.1347
2005-04-08,-7.9303
2005-04-11,-1.8365
2005-04-12,2.9186
2005-04-13,-4.381
2005-04-14,-4.5626999999999995
2005-04-15,-0.7171
2005-04-18,0.5819
2005-04-19,2.9523
2005-04-20,-3.3908
2005-04-21,3.911
2005-04-22,-3.1847
2005-04-25,0.0199
2005-04-26,-3.3287
2005-04-27,0.1856
2005-04-28,-0.4733
2005-04-29,1.3234
2005-05-02,4.1837
2005-05-03,-1.4887000000000001
2005-05-04,1.8294000000000001
2005-05-05,2.9486
2005-05-06,0.2656
2005-05-09,1.6837
2005-05-10,-1.693
2005-05-11,0.0946
2005-05-12,-5.8612
2005-05-13,-3.1934
2005-05-16,3.9419
2005-05-17,0.6587
2005-05-18,3.1132
2005-05-19,0.0385
2005-05-20,1.9607999999999999
2005-05-23,-0.2074
2005-05-24,3.4385
2005-05-25,-3.3059
2005-05-26,1.2467
2005-05-27,-0.6903
2005-05-31,-0.8454
2005-06-01,2.2925
2005-06-02,-0.4816
2005-06-03,-0.242
2005-06-06,0.2425
2005-06-07,-0.8934
2005-06-08,-3.8498
2005-06-09,-0.7031
2005-06-10,1.3572
2005-06-13,0.0388
2005-06-14,-1.1639
2005-06-15,0.2552
2005-06-16,0.9984
2005-06-17,0.7947
2005-06-20,-3.1731
2005-06-21,-0.2185
2005-06-22,-0.4578
2005-06-23,-3.0194
2005-06-24,-1.2577
2005-06-27,0.7726
2005-06-28,2.6523
2005-06-29,3.5122999999999998
2005-06-30,-0.936
2005-07-01,-0.1772
2005-07-05,0.5719
2005-07-06,0.2353
2005-07-07,0.8803
2005-07-08,3.0638
2005-07-11,2.3706
2005-07-12,-0.6433
2005-07-13,-0.4255
2005-07-14,1.8205
2005-07-15,-1.2589000000000001
2005-07-18,-1.2749
2005-07-19,-0.8984
2005-07-20,5.1936
2005-07-21,0.8438
2005-07-22,-0.908
2005-07-25,-1.3115
2005-07-26,-1.1105
2005-07-27,-0.4602
2005-07-28,0.037
2005-07-29,-2.1814999999999998
2005-08-01,0.2455
2005-08-02,2.1873
2005-08-03,0.8303
2005-08-04,-2.269
2005-08-05,-1.4791
2005-08-08,-1.6154
2005-08-09,1.1203
2005-08-10,-0.3629
2005-08-11,1.3612
2005-08-12,-1.1159
2005-08-15,-0.6503
2005-08-16,-3.1767
2005-08-17,2.3265000000000002
2005-08-18,-1.0299
2005-08-19,0.4123
2005-08-22,-2.5616
2005-08-23,-3.9334
2005-08-24,-0.564
2005-08-25,0.7143
2005-08-26,-1.8773
2005-08-29,-0.8291
2005-08-30,-0.1501
2005-08-31,0.5796
2005-09-01,1.3447
2005-09-02,-1.2637
2005-09-06,-0.5759
2005-09-07,-0.1073
2005-09-08,-1.1813
2005-09-09,-6.955
2005-09-12,-0.4438
2005-09-13,-3.496
2005-09-14,0.2431
2005-09-15,0.6064
2005-09-16,-0.9161
2005-09-19,-0.9732
2005-09-20,-0.5405
2005-09-21,-2.7668
2005-09-22,1.7785
2005-09-23,0.649
2005-09-26,0.5704
2005-09-27,-2.7866999999999997
2005-09-28,-0.4313
2005-09-29,5.8854
2005-09-30,-0.3369
2005-10-03,0.0241
2005-10-04,-0.7965
2005-10-05,-0.8273
2005-10-06,1.5947
2005-10-07,0.3381
2005-10-10,-0.6498
2005-10-11,1.3808
2005-10-12,-2.8913
2005-10-13,-1.0089
2005-10-14,2.3614
2005-10-17,-2.1612
2005-10-18,-0.0496
2005-10-19,0.8443
2005-10-20,-0.8865
2005-10-21,2.5093
2005-10-24,4.6777
2005-10-25,0.8104
2005-10-26,-0.1837
2005-10-27,-2.7842000000000002
2005-10-28,5.6331
2005-10-31,1.8373
2005-11-01,0.9021
2005-11-02,3.7287
2005-11-03,-0.1472
2005-11-04,-0.9684
2005-11-07,1.6369
2005-11-08,-0.6066
2005-11-09,-0.021
2005-11-10,0.3578
2005-11-11,2.5587
2005-11-14,-0.2045
2005-11-15,-1.3934
2005-11-16,-0.8313
2005-11-17,0.8382
2005-11-18,1.7872
2005-11-21,0.1021
2005-11-22,-0.9178
2005-11-23,0.2264
2005-11-25,-0.267
2005-11-28,-3.1713
2005-11-29,1.6801
2005-11-30,-1.4641
2005-12-01,0.0
2005-12-02,-1.401
2005-12-05,-2.7772
2005-12-06,-0.2436
2005-12-07,-0.8213
2005-12-08,-1.88
2005-12-09,0.9808
2005-12-12,-0.2937
2005-12-13,-0.0906
2005-12-14,1.0658
2005-12-15,0.2019
2005-12-16,0.1791
2005-12-19,-1.207
2005-12-20,-0.4072
2005-12-21,1.9082
2005-12-22,1.6273
2005-12-23,0.5045
2005-12-27,-2.3134
2005-12-28,0.3351
2005-12-29,1.2692
2005-12-30,-1.9129
2006-01-03,2.5331
2006-01-04,4.6568000000000005
2006-01-05,-0.4387
2006-01-06,0.8603
2006-01-09,1.3314
2006-01-10,-0.3901
2006-01-11,-0.1855
2006-01-12,-0.6814
2006-01-13,0.8524
2006-01-17,-2.7622999999999998
2006-01-18,-0.3604
2006-01-19,2.3404
2006-01-20,-1.8919000000000001
2006-01-23,-0.0636
2006-01-24,3.8804
2006-01-25,-1.6126
2006-01-26,3.4855
2006-01-27,-0.0802
2006-01-30,0.3411
2006-01-31,-0.3399
2006-02-01,-1.7255
2006-02-02,-1.1025
2006-02-03,-0.8877
2006-02-06,0.4999
2006-02-07,-2.8186999999999998
2006-02-08,0.1493
2006-02-09,0.6601
2006-02-10,0.7193
2006-02-13,-1.5543
2006-02-14,2.0696
2006-02-15,1.7559
2006-02-16,-1.3763
2006-02-17,-0.7915
2006-02-21,-0.3989
2006-02-22,2.4452
2006-02-23,1.1111
2006-02-24,-0.3053
2006-02-27,-0.939
2006-02-28,-1.4218
2006-03-01,2.1112
2006-03-02,-1.8014000000000001
2006-03-03,-0.6462
2006-03-06,-2.1611
2006-03-07,-0.8578
2006-03-08,-0.5191
2006-03-09,-0.761
2006-03-10,0.482
2006-03-13,0.5451
2006-03-14,0.8675
2006-03-15,-0.0645
2006-03-16,-2.1084
2006-03-17,-0.5055
2006-03-20,1.6566999999999998
2006-03-21,-1.2169
2006-03-22,-0.374
2006-03-23,-14.8598
2006-03-24,-0.4149
2006-03-27,-1.0937999999999999
2006-03-28,-1.5008
2006-03-29,1.0158
2006-03-30,-0.6616
2006-03-31,1.3852
2006-04-03,-0.2627
2006-04-04,0.8693
2006-04-05,-0.2089
2006-04-06,-0.6281
2006-04-07,-1.0008
2006-04-10,-1.4099
2006-04-11,-2.0237
2006-04-12,0.7987
2006-04-13,-1.1749
2006-04-17,0.1935
2006-04-18,3.2009
2006-04-19,-0.5348
2006-04-20,2.9301
2006-04-21,4.0481
2006-04-24,-1.8574000000000002
2006-04-25,7.3657
2006-04-26,2.2153
2006-04-27,0.233
2006-04-28,-2.3483
2006-05-01,0.6667
2006-05-02,-0.3075
2006-05-03,0.0
2006-05-04,1.8742999999999999
2006-05-05,1.6535
2006-05-08,0.0687
2006-05-09,1.5339
2006-05-10,-0.7441
2006-05-11,-0.2499
2006-05-12,-0.8654
2006-05-15,4.0202
2006-05-16,-1.4797
2006-05-17,-2.7572
2006-05-18,-1.4753
2006-05-19,-0.8891
2006-05-22,0.118
2006-05-23,-3.0182
2006-05-24,-0.1216
2006-05-25,0.3165
2006-05-26,-1.6258
2006-05-30,-3.6507
2006-05-31,0.9729
2006-06-01,1.4199
2006-06-02,1.6
2006-06-05,-5.2411
2006-06-06,1.2724
2006-06-07,1.5897000000000001
2006-06-08,1.4386999999999999
2006-06-09,0.3235
2006-06-12,-2.505
2006-06-13,-0.7632
2006-06-14,-0.7178
2006-06-15,2.1172
2006-06-16,-1.1125
2006-06-19,0.179
2006-06-20,0.3573
2006-06-21,3.7386
2006-06-22,0.711
2006-06-23,3.5054
2006-06-26,-0.1881
2006-06-27,-2.6155
2006-06-28,0.121
2006-06-29,2.4166
2006-06-30,-0.6371
2006-07-03,1.5673
2006-07-05,1.5431
2006-07-06,0.4605
2006-07-07,-1.9482
2006-07-10,0.3039
2006-07-11,1.7012
2006-07-12,-0.6645
2006-07-13,-1.7069999999999999
2006-07-14,-1.3142
2006-07-17,-0.7134
2006-07-18,0.1198
2006-07-19,2.1053
2006-07-20,-3.7488
2006-07-21,-0.6329
2006-07-24,4.4831
2006-07-25,0.8675
2006-07-26,-2.3477
2006-07-27,-0.9522
2006-07-28,-1.7784
2006-07-31,-2.667
2006-08-01,-2.0111
2006-08-02,-2.0267
2006-08-03,2.3566
2006-08-04,-0.4605
2006-08-07,-1.9275
2006-08-08,-1.1268
2006-08-09,-2.942
2006-08-10,1.6658
2006-08-11,-1.7459
2006-08-14,0.8201
2006-08-15,2.0607
2006-08-16,1.2487
2006-08-17,0.4198
2006-08-18,-2.1949
2006-08-21,-1.4426999999999999
2006-08-22,0.1898
2006-08-23,-0.7576
2006-08-24,-1.9902
2006-08-25,-1.6412
2006-08-28,2.2907
2006-08-29,0.6912
2006-08-30,1.318
2006-08-31,-0.3252
2006-09-01,0.7069
2006-09-05,1.2149
2006-09-06,-1.307
2006-09-07,0.5405
2006-09-08,0.457
2006-09-11,2.3816
2006-09-12,3.4762
2006-09-13,1.7681
2006-09-14,-0.695
2006-09-15,-1.5996000000000001
2006-09-18,-0.3048
2006-09-19,-1.8854
2006-09-20,0.9608
2006-09-21,-2.8035
2006-09-22,-0.0265
2006-09-25,-1.4293
2006-09-26,3.3029
2006-09-27,-2.5214
2006-09-28,-0.2133
2006-09-29,-1.0155
2006-10-02,-1.2419
2006-10-03,2.4057
2006-10-04,6.5403
2006-10-05,3.6081
2006-10-06,-2.1282
2006-10-09,0.4942
2006-10-10,0.3688
2006-10-11,-1.0289
2006-10-12,2.599
2006-10-13,0.3136
2006-10-16,0.7215
2006-10-17,-3.1757
2006-10-18,-3.3045999999999998
2006-10-19,0.4591
2006-10-20,-0.0762
2006-10-23,-3.3791
2006-10-24,1.5514000000000001
2006-10-25,0.492
2006-10-26,1.0049
2006-10-27,-0.8673
2006-10-30,1.158
2006-10-31,-1.45
2006-11-01,-0.5421
2006-11-02,0.2076
2006-11-03,-2.3051
2006-11-06,3.9767
2006-11-07,0.4844
2006-11-08,1.6493
2006-11-09,0.0999
2006-11-10,2.818
2006-11-13,-1.4067
2006-11-14,2.2878
2006-11-15,1.419
2006-11-16,0.4031
2006-11-17,-0.9684
2006-11-20,-2.0272
2006-11-21,-0.1461
2006-11-22,-0.6582
2006-11-24,-0.5644
2006-11-27,-0.7404
2006-11-28,-0.721
2006-11-29,-1.3774
2006-11-30,-1.7166000000000001
2006-12-01,0.8165
2006-12-04,-0.0513
2006-12-05,0.9744
2006-12-06,0.3301
2006-12-07,2.86
2006-12-08,-1.9685000000000001
2006-12-11,-0.9287
2006-12-12,-2.7616
2006-12-13,-2.0584
2006-12-14,2.075
2006-12-15,-2.5801
2006-12-18,-1.0166
2006-12-19,1.2432
2006-12-20,0.5606
2006-12-21,-0.5044
2006-12-22,0.5603
2006-12-26,1.5123
2006-12-27,-0.3921
2006-12-28,-0.105
2006-12-29,-0.8931
2007-01-03,1.6963
2007-01-04,2.8668
2007-01-05,-0.8867
2007-01-08,-0.7924
2007-01-09,1.4172
2007-01-10,-0.6098
2007-01-11,-0.0511
2007-01-12,1.3299
2007-01-16,3.6345
2007-01-17,0.8037
2007-01-18,0.3382
2007-01-19,2.0708
2007-01-22,-1.2267000000000001
2007-01-23,0.7882
2007-01-24,-1.1611
2007-01-25,-0.2637
2007-01-26,-1.3462
2007-01-29,2.8752
2007-01-30,4.666
2007-01-31,0.3621
2007-02-01,2.9763
2007-02-02,-1.9268999999999998
2007-02-05,-3.6169000000000002
2007-02-06,1.3204
2007-02-07,1.1888
2007-02-08,-1.8300999999999998
2007-02-09,-0.1381
2007-02-12,1.4059
2007-02-13,2.2045
2007-02-14,1.8457
2007-02-15,0.5677
2007-02-16,0.152
2007-02-20,-0.6937
2007-02-21,1.7245
2007-02-22,-0.8798
2007-02-23,0.3897
2007-02-26,-3.5583
2007-02-27,-2.9293
2007-02-28,0.1613
2007-03-01,0.138
2007-03-02,-3.3992
2007-03-05,-2.2111
2007-03-06,2.0666
2007-03-07,1.4293
2007-03-08,-0.5402
2007-03-09,-1.157
2007-03-12,-0.1672
2007-03-13,-3.7808
2007-03-14,0.9948
2007-03-15,0.2462
2007-03-16,-0.6387
2007-03-19,-0.445
2007-03-20,2.2846
2007-03-21,1.5781
2007-03-22,2.6291
2007-03-23,0.326
2007-03-26,-3.0176
2007-03-27,-0.718
2007-03-28,-3.1823
2007-03-29,0.0
2007-03-30,0.1494
2007-04-02,-0.547
2007-04-03,2.4
2007-04-04,-0.9521
2007-04-05,0.0493
2007-04-09,2.7593
2007-04-10,-0.6953
2007-04-11,1.5693000000000001
2007-04-12,2.1393
2007-04-13,-0.2793
2007-04-16,1.3769
2007-04-17,-0.7827
2007-04-18,-0.3248
2007-04-19,1.6294
2007-04-20,2.1988
2007-04-23,-1.1878
2007-04-24,-0.9299
2007-04-25,4.0064
2007-04-26,0.6824
2007-04-27,-8.6795
2007-04-30,-4.7402
2007-05-01,-0.4524
2007-05-02,-0.4797
2007-05-03,0.5327
2007-05-04,-0.7318
2007-05-07,0.9405
2007-05-08,-0.554
2007-05-09,-0.4052
2007-05-10,-1.8307
2007-05-11,-0.0777
2007-05-14,-1.1146
2007-05-15,1.3106
2007-05-16,0.9314
2007-05-17,-1.5636999999999999
2007-05-18,-0.1302
2007-05-21,1.6688
2007-05-22,0.0256
2007-05-23,1.1026
2007-05-24,-1.7499
2007-05-25,1.3165
2007-05-29,0.9172
2007-05-30,-0.1767
2007-05-31,1.6692
2007-06-01,-1.6169
2007-06-04,-0.0253
2007-06-05,0.7081
2007-06-06,-0.0753
2007-06-07,-2.7645
2007-06-08,1.4732
2007-06-11,-0.1019
2007-06-12,-2.3712
2007-06-13,0.5223
2007-06-14,1.4809
2007-06-15,0.4352
2007-06-18,-1.4275
2007-06-19,-2.0171
2007-06-20,-1.7419
2007-06-21,2.2561999999999998
2007-06-22,-0.9719
2007-06-25,1.3528
2007-06-26,-2.146
2007-06-27,0.4814
2007-06-28,-0.692
2007-06-29,-1.3669
2007-07-02,0.5978
2007-07-03,1.0265
2007-07-05,-1.0695000000000001
2007-07-06,1.1892
2007-07-09,2.1635
2007-07-10,-1.7516
2007-07-11,0.7983
2007-07-12,1.056
2007-07-13,-0.7315
2007-07-16,-2.6579
2007-07-17,0.0811
2007-07-18,-0.9995
2007-07-19,-1.1187
2007-07-20,0.4139
2007-07-23,-0.5496
2007-07-24,-3.675
2007-07-25,1.0901
2007-07-26,-1.7309999999999999
2007-07-27,-1.1839
2007-07-30,-2.9515000000000002
2007-07-31,-3.2821
2007-08-01,-0.2491
2007-08-02,-1.03
2007-08-03,-2.239
2007-08-06,2.6452
2007-08-07,-0.9428
2007-08-08,0.7297
2007-08-09,-1.4803
2007-08-10,4.5077
2007-08-13,-0.2141
2007-08-14,-5.3342
2007-08-15,-2.3964
2007-08-16,-1.4929999999999999
2007-08-17,2.6271
2007-08-20,3.9711
2007-08-21,-1.7992
2007-08-22,-0.6429
2007-08-23,-1.0029
2007-08-24,0.3595
2007-08-27,0.7489
2007-08-28,-3.5229
2007-08-29,1.9765000000000001
2007-08-30,-1.2484
2007-08-31,2.495
2007-09-04,-1.0711
2007-09-05,-3.5433
2007-09-06,0.3741
2007-09-07,-3.7953
2007-09-10,-2.8883
2007-09-11,1.2695
2007-09-12,-2.7937
2007-09-13,1.8791
2007-09-14,2.4955
2007-09-17,-1.6231
2007-09-18,4.4475999999999996
2007-09-19,1.3049
2007-09-20,-5.1186
2007-09-21,1.0718
2007-09-24,-1.7673999999999999
2007-09-25,7.2688
2007-09-26,-6.5414
2007-09-27,-1.0768
2007-09-28,-0.8708
2007-10-01,-0.1464
2007-10-02,1.8695
2007-10-03,-0.8276
2007-10-04,-0.4354
2007-10-05,2.551
2007-10-08,-3.6247
2007-10-09,-0.1106
2007-10-10,-1.292
2007-10-11,0.8227
2007-10-12,-0.7789
2007-10-15,-0.7103
2007-10-16,-2.6732
2007-10-17,-0.1547
2007-10-18,-2.2084
2007-10-19,1.5452
2007-10-22,4.643
2007-10-23,0.522
2007-10-24,-1.0757
2007-10-25,-2.6622
2007-10-26,5.0077
2007-10-29,-2.9714
2007-10-30,-4.5747
2007-10-31,-2.6149
2007-11-01,-5.4516
2007-11-02,-0.8606
2007-11-05,0.434
2007-11-06,-4.019
2007-11-07,-6.3035
2007-11-08,1.5857999999999999
2007-11-09,-0.1419
2007-11-12,-3.4581
2007-11-13,7.3602
2007-11-14,-2.468
2007-11-15,-5.7638
2007-11-16,-12.5311
2007-11-19,-0.1706
2007-11-20,-4.1572
2007-11-21,-1.7825
2007-11-23,0.726
2007-11-26,1.5015
2007-11-27,0.5917
2007-11-28,4.0588
2007-11-29,-1.7524
2007-11-30,1.8987
2007-12-03,-3.6702
2007-12-04,-0.2345
2007-12-05,5.1116
2007-12-06,6.8753
2007-12-07,2.4059
2007-12-10,3.4729
2007-12-11,-4.7384
2007-12-12,-1.5544
2007-12-13,-2.7368
2007-12-14,-4.3831
2007-12-17,-1.3016
2007-12-18,0.0573
2007-12-19,0.2292
2007-12-20,-2.4585
2007-12-21,-0.0586
2007-12-24,4.3402
2007-12-26,-3.3727
2007-12-27,-0.9889
2007-12-28,1.8801
2007-12-31,-1.4418
2008-01-02,-9.7133
2008-01-03,-10.4342
2008-01-04,-8.6831
2008-01-07,11.4897
2008-01-08,-3.7669
2008-01-09,5.5391
2008-01-10,0.5598
2008-01-11,-3.4795
2008-01-14,7.1377
2008-01-15,-5.3163
2008-01-16,4.7619
2008-01-17,2.0353
2008-01-18,0.0
2008-01-22,1.5957
2008-01-23,22.5131
2008-01-24,-3.8462
2008-01-25,4.7778
2008-01-28,-14.7402
2008-01-29,0.9328
2008-01-30,6.716
2008-01-31,5.7158999999999995
2008-02-01,-1.9115
2008-02-04,-0.6125
2008-02-05,4.3137
2008-02-06,-6.2299
2008-02-07,0.63
2008-02-08,-4.667
2008-02-11,1.3134000000000001
2008-02-12,0.825
2008-02-13,-0.2338
2008-02-14,0.7616
2008-02-15,-1.7442
2008-02-19,0.6509
2008-02-20,-1.1758
2008-02-21,-4.878
2008-02-22,-3.8148999999999997
2008-02-25,2.7308
2008-02-26,3.038
2008-02-27,-5.5283
2008-02-28,-2.4707
2008-02-29,-8.2667
2008-03-03,1.6715
2008-03-04,4.9321
2008-03-05,-1.7029999999999998
2008-03-06,-3.3957
2008-03-07,0.9326
2008-03-10,-5.8991
2008-03-11,7.2508
2008-03-12,-6.7606
2008-03-13,-0.1511
2008-03-14,-3.0257
2008-03-17,-5.7722
2008-03-18,1.4073
2008-03-19,-6.9388
2008-03-20,14.0351
2008-03-24,14.9231
2008-03-25,-2.4766
2008-03-26,-5.9025
2008-03-27,-1.6776
2008-03-28,-5.0445
2008-03-31,2.5
2008-04-01,7.0884
2008-04-02,1.3523
2008-04-03,2.0365
2008-04-04,-3.3723
2008-04-07,3.5613
2008-04-08,-3.7138999999999998
2008-04-09,-4.8571
2008-04-10,2.3273
2008-04-11,-2.2744
2008-04-14,0.6006
2008-04-15,-0.597
2008-04-16,6.1562
2008-04-17,-2.1924
2008-04-18,6.2907
2008-04-21,-6.6667
2008-04-22,-5.2478
2008-04-23,-6.3077
2008-04-24,6.4039
2008-04-25,31.9444
2008-04-28,-0.8187
2008-04-29,0.6486
2008-04-30,-4.8037
2008-05-01,12.2462
2008-05-02,1.7544
2008-05-05,-2.9634
2008-05-06,4.9972
2008-05-07,-3.9661999999999997
2008-05-08,-2.2577
2008-05-09,0.6197
2008-05-12,-1.2318
2008-05-13,1.7574
2008-05-14,-0.2228
2008-05-15,5.081
2008-05-16,-1.3284
2008-05-19,3.231
2008-05-20,-5.0078
2008-05-21,-6.3701
2008-05-22,1.4076
2008-05-23,-4.2799
2008-05-27,0.6647
2008-05-28,-2.1008
2008-05-29,3.0043
2008-05-30,3.9286
2008-06-02,-2.6919
2008-06-03,2.2955
2008-06-04,0.2301
2008-06-05,0.5166
2008-06-06,-5.4826
2008-06-09,-2.2356
2008-06-10,-0.4326
2008-06-11,-8.442
2008-06-12,1.3559
2008-06-13,1.806
2008-06-16,5.1248
2008-06-17,4.8125
2008-06-18,5.4264
2008-06-19,2.5452
2008-06-20,-5.7915
2008-06-23,-6.4403
2008-06-24,-2.5031
2008-06-25,-0.9628
2008-06-26,-6.6105
2008-06-27,2.0125
2008-06-30,1.1565
2008-07-01,-0.538
2008-07-02,-2.2312
2008-07-03,0.3458
2008-07-07,1.4473
2008-07-08,9.0353
2008-07-09,-2.8037
2008-07-10,0.8333
2008-07-11,0.3814
2008-07-14,-7.9797
2008-07-15,2.5465
2008-07-16,13.6242
2008-07-17,5.3751
2008-07-18,6.3341
2008-07-21,-1.6869
2008-07-22,14.8525
2008-07-23,-1.8674
2008-07-24,-3.4729
2008-07-25,-15.0813
2008-07-28,-4.0046
2008-07-29,0.9674
2008-07-30,1.7365
2008-07-31,-0.5297
2008-08-01,-3.787
2008-08-04,-1.4144999999999999
2008-08-05,13.5371
2008-08-06,1.3187
2008-08-07,-1.3014999999999999
2008-08-08,7.8022
2008-08-11,0.9174
2008-08-12,-1.1111
2008-08-13,0.4597
2008-08-14,2.7453
2008-08-15,-0.9896
2008-08-18,-0.7996
2008-08-19,-5.995
2008-08-20,-5.1983
2008-08-21,-1.1871
2008-08-22,3.3753
2008-08-25,-4.1505
2008-08-26,-0.2887
2008-08-27,1.2739
2008-08-28,5.6604
2008-08-29,-2.0563
2008-09-02,4.3646
2008-09-03,0.2647
2008-09-04,-4.0127
2008-09-05,-2.0902
2008-09-08,-6.7978
2008-09-09,-10.0663
2008-09-10,0.3351
2008-09-11,1.002
2008-09-12,-2.4471
2008-09-15,-2.7797
2008-09-16,-0.4881
2008-09-17,-1.8921000000000001
2008-09-18,9.9286
2008-09-19,2.794
2008-09-22,-8.8496
2008-09-23,-2.7046
2008-09-24,-2.2096
2008-09-25,0.3644
2008-09-26,-7.9884
2008-09-29,-4.341
2008-09-30,-1.3201
2008-10-01,-4.9331
2008-10-02,-12.8408
2008-10-03,-21.6953
2008-10-06,-8.8918
2008-10-07,-29.5615
2008-10-08,26.9076
2008-10-09,0.9494
2008-10-10,5.0157
2008-10-13,-11.791
2008-10-14,-16.7513
2008-10-15,-18.6992
2008-10-16,9.25
2008-10-17,-8.0092
2008-10-20,-1.7412999999999998
2008-10-21,-3.7975
2008-10-22,-0.7895
2008-10-23,4.7745
2008-10-24,-17.2152
2008-10-27,10.0917
2008-10-28,5.5556
2008-10-29,10.526299999999999
2008-10-30,-4.7619
2008-10-31,14.5
2008-11-03,19.869
2008-11-04,6.7395
2008-11-05,-14.1638
2008-11-06,-17.8926
2008-11-07,-2.4213
2008-11-10,-0.2481
2008-11-11,-5.4726
2008-11-12,-15.526299999999999
2008-11-13,6.8536
2008-11-14,-7.5802
2008-11-17,-11.987400000000001
2008-11-18,-17.2043
2008-11-19,-22.0779
2008-11-20,-13.3333
2008-11-21,47.4359
2008-11-24,5.6522
2008-11-25,29.6296
2008-11-26,11.746
2008-11-28,13.0682
2008-12-01,3.5176
2008-12-02,5.0971
2008-12-03,11.7783
2008-12-04,10.9504
2008-12-05,-2.4209
2008-12-08,-1.3359
2008-12-09,-11.412
2008-12-10,8.2969
2008-12-11,-18.3468
2008-12-12,-1.9752999999999998
2008-12-15,-2.0151
2008-12-16,8.9974
2008-12-17,4.9528
2008-12-18,-7.8652
2008-12-19,3.1707
2008-12-22,-16.5485
2008-12-23,-8.2153
2008-12-24,-18.5185
2008-12-26,-3.7879
2008-12-29,-1.1811
2008-12-30,1.1952
2008-12-31,12.9921
2009-01-02,16.3763
2009-01-05,11.3772
2009-01-06,20.6989
2009-01-07,0.2227
2009-01-08,4.0
2009-01-09,5.9829
2009-01-12,-17.5403
2009-01-13,-0.2445
2009-01-14,-9.3137
2009-01-15,-0.5405
2009-01-16,-4.3478
2009-01-20,-9.0909
2009-01-21,13.125
2009-01-22,-3.8674
2009-01-23,1.4368
2009-01-26,1.6997
2009-01-27,1.3928
2009-01-28,7.4176
2009-01-29,-19.9488
2009-01-30,-7.9872
2009-02-02,-1.0417
2009-02-03,5.614
2009-02-04,-6.3123000000000005
2009-02-05,-3.5461
2009-02-06,11.0294
2009-02-09,7.2848
2009-02-10,-11.1111
2009-02-11,18.4028
2009-02-12,9.6774
2009-02-13,9.6257
2009-02-17,-21.4634
2009-02-18,-9.6273
2009-02-19,-3.7801
2009-02-20,-1.4285999999999999
2009-02-23,-2.8986
2009-02-24,7.8358
2009-02-25,-7.9585
2009-02-26,-9.0226
2009-02-27,-9.0909
2009-03-02,-10.9091
2009-03-03,-12.2449
2009-03-04,-6.3953
2009-03-05,-1.8634
2009-03-06,-1.2658
2009-03-09,14.1026
2009-03-10,12.3596
2009-03-11,44.5
2009-03-12,-1.0381
2009-03-13,1.049
2009-03-16,2.7682
2009-03-17,11.4478
2009-03-18,7.2508
2009-03-19,-7.6056
2009-03-20,-9.7561
2009-03-23,19.9324
2009-03-24,-6.4789
2009-03-25,2.1084
2009-03-26,24.4838
2009-03-27,11.8483
2009-03-30,-9.7458
2009-03-31,5.3991
2009-04-01,8.2405
2009-04-02,20.9877
2009-04-03,-3.7415000000000003
2009-04-06,-3.7102
2009-04-07,-25.3211
2009-04-08,-3.4398
2009-04-09,7.888
2009-04-13,-1.1792
2009-04-14,0.716
2009-04-15,1.1848
2009-04-16,-4.2155
2009-04-17,0.7335
2009-04-20,-14.3204
2009-04-21,6.2323
2009-04-22,4.2667
2009-04-23,-9.2072
2009-04-24,-8.7324
2009-04-27,-8.642
2009-04-28,-2.027
2009-04-29,4.1379
2009-04-30,0.3311
2009-05-01,-1.6502
2009-05-04,19.4631
2009-05-05,2.2472
2009-05-06,15.3846
2009-05-07,2.3810000000000002
2009-05-08,6.2791
2009-05-11,-11.5974
2009-05-12,-12.1287
2009-05-13,-17.1831
2009-05-14,11.2245
2009-05-15,-9.1743
2009-05-18,-4.0404
2009-05-19,11.5789
2009-05-20,-10.3774
2009-05-21,-8.4211
2009-05-22,-1.5326
2009-05-26,6.2257
2009-05-27,-5.4945
2009-05-28,0.3876
2009-05-29,-0.3861
2009-06-01,11.6279
2009-06-02,-1.0417
2009-06-03,-5.9649
2009-06-04,3.7313
2009-06-05,-1.0791
2009-06-08,-4.3636
2009-06-09,-1.5209000000000001
2009-06-10,-4.6332
2009-06-11,4.4534
2009-06-12,-1.1628
2009-06-15,-5.8824
2009-06-16,-3.3333
2009-06-17,-6.4655000000000005
2009-06-18,-5.53
2009-06-19,-2.9268
2009-06-22,-15.0754
2009-06-23,-7.1006
2009-06-24,17.1975
2009-06-25,2.7174
2009-06-26,-3.7037
2009-06-29,-7.6923
2009-06-30,2.9762
2009-07-01,-1.1561
2009-07-02,-1.1696
2009-07-06,-5.3254
2009-07-07,-22.5
2009-07-08,-28.2258
2009-07-09,67.4157
2009-07-10,-12.0805
2009-07-13,9.1603
2009-07-14,13.986
2009-07-15,-4.908
2009-07-16,-10.9677
2009-07-17,-2.8986
2009-07-20,14.1045
2009-07-21,-5.1668
2009-07-22,0.0
2009-07-23,9.6552
2009-07-24,0.6289
2009-07-27,-3.125
2009-07-28,1.9355
2009-07-29,5.0633
2009-07-30,1.8072
2009-07-31,-17.1598
2009-08-03,7.8571
2009-08-04,31.1258
2009-08-05,4.5455
2009-08-06,-13.0435
2009-08-07,25.5556
2009-08-10,19.0265
2009-08-11,-14.4981
2009-08-12,-10.8696
2009-08-13,0.9756
2009-08-14,-3.8647
2009-08-17,-6.0302
2009-08-18,12.8342
2009-08-19,4.2654
2009-08-20,-3.1818
2009-08-21,-3.2864
2009-08-24,-7.767
2009-08-25,7.8947
2009-08-26,-1.9512
2009-08-27,-0.995
2009-08-28,19.0955
2009-08-31,-5.9072
2009-09-01,3.1390000000000002
2009-09-02,-5.6522
2009-09-03,1.8433000000000002
2009-09-04,2.2624
2009-09-08,11.9469
2009-09-09,1.1858
2009-09-10,19.1406
2009-09-11,20.0
2009-09-14,11.2022
2009-09-15,-7.371
2009-09-16,4.5093
2009-09-17,3.0457
2009-09-18,-1.7241
2009-09-21,2.7569
2009-09-22,6.0976
2009-09-23,34.7126
2009-09-24,-8.0205
2009-09-25,-13.9147
2009-09-28,-6.681
2009-09-29,7.1594
2009-09-30,-4.0948
2009-10-01,-1.3483
2009-10-02,-5.2392
2009-10-05,-1.6827
2009-10-06,0.978
2009-10-07,1.4527999999999999
2009-10-08,10.5012
2009-10-09,-11.879
2009-10-12,3.6765
2009-10-13,0.0
2009-10-14,-1.6548
2009-10-15,-1.9231
2009-10-16,0.0
2009-10-19,-6.6176
2009-10-20,-6.0367
2009-10-21,-4.4693
2009-10-22,4.386
2009-10-23,-6.7227
2009-10-26,11.7117
2009-10-27,3.7634
2009-10-28,-5.6995000000000005
2009-10-29,11.538499999999999
2009-10-30,-10.0985
2009-11-02,-63.8356
2009-11-03,-6.8182
2009-11-04,0.813
2009-11-05,4.0323
2009-11-06,-5.4264
2009-11-09,-3.2787
2009-11-10,-6.7797
2009-11-11,-7.2727
2009-11-12,-10.7843
2009-11-13,25.2747
2009-11-16,3.5088
2009-11-17,-0.8475
2009-11-18,0.0
2009-11-19,-3.4188
2009-11-20,10.6195
2009-11-23,-3.2
2009-11-24,-2.4793
2009-11-25,-2.5423999999999998
2009-11-27,-2.6087
2009-11-30,0.8929
2009-12-01,4.4248
2009-12-02,10.1695
2009-12-03,-7.6923
2009-12-04,-1.6667
2009-12-07,-3.3898
2009-12-08,-13.1579
2009-12-09,9.0909
2009-12-10,-6.4815
2009-12-11,-11.8812
2009-12-14,3.3708
2009-12-15,-9.9049
2009-12-16,21.8519
2009-12-17,-6.8317
2009-12-18,-3.2944
2009-12-21,-2.1978
2009-12-22,28.0899
2009-12-23,-16.5954
2009-12-24,7.2767
2009-12-28,-6.8627
2009-12-29,8.4211
2009-12-30,-3.8834999999999997
2009-12-31,-15.1705
2010-01-04,-13.7903
2010-01-05,-6.0773
2010-01-06,19.0993
2010-01-07,5.2014
2010-01-08,-0.2201
2010-01-11,2.4335
2010-01-12,26.3188
2010-01-13,-1.8182
2010-01-14,-5.5556
2010-01-15,-9.8039
2010-01-19,-5.1766
2010-01-20,0.6448
2010-01-21,1.3667
2010-01-22,4.4944
2010-01-25,-0.2285
2010-01-26,-1.9264000000000001
2010-01-27,-2.1978
2010-01-28,2.2472
2010-01-29,2.1978
2010-02-01,-1.9489
2010-02-02,-0.3016
2010-02-03,1.1962
2010-02-04,-10.0136
2010-02-05,0.2718
2010-02-08,-5.195
2010-02-09,-6.7106
2010-02-10,-8.7427
2010-02-11,-5.2705
2010-02-12,-10.9995
2010-02-16,-2.8104
2010-02-17,-28.9617
2010-02-18,-2.5641
2010-02-19,-2.6316
2010-02-22,-2.1284
2010-02-23,2.1747
2010-02-24,9.7297
2010-02-25,-1.1084
2010-02-26,14.8506
2010-03-01,-4.5812
2010-03-02,-3.4091
2010-03-03,1.8824
2010-03-04,1.6166
2010-03-05,6.1364
2010-03-08,4.8983
2010-03-09,5.9837
2010-03-10,-3.0215
2010-03-11,0.2979
2010-03-12,-2.9703
2010-03-15,-6.3648
2010-03-16,-3.1195
2010-03-17,-3.2621
2010-03-18,2.7616
2010-03-19,-4.9505
2010-03-22,6.9345
2010-03-23,2.4214
2010-03-24,19.1304
2010-03-25,-6.0903
2010-03-26,1.0202
2010-03-29,6.0111
2010-03-30,-2.5629
2010-03-31,1.2686
2010-04-01,-1.8044
2010-04-05,3.9677
2010-04-06,0.8668
2010-04-07,1.7633999999999999
2010-04-08,15.7271
2010-04-09,-1.5447
2010-04-12,-1.5882
2010-04-13,-9.7809
2010-04-14,1.9731
2010-04-15,13.9698
2010-04-16,-3.8246
2010-04-19,-0.4947
2010-04-20,2.934
2010-04-21,10.625
2010-04-22,0.6677
2010-04-23,0.6803
2010-04-26,2.8547000000000002
2010-04-27,-7.5053
2010-04-28,-13.0415
2010-04-29,-9.8928
2010-04-30,1.5182
2010-05-03,8.4152
2010-05-04,-15.7505
2010-05-05,-5.5963
2010-05-06,-3.2617
2010-05-07,-2.1675
2010-05-10,5.0328
2010-05-11,0.0
2010-05-12,0.0
2010-05-13,-4.7917
2010-05-14,-3.8704
2010-05-17,-1.3515
2010-05-18,0.2163
2010-05-19,-1.4534
2010-05-20,-15.4206
2010-05-21,-1.692
2010-05-24,-5.4092
2010-05-25,-11.1771
2010-05-26,20.4013
2010-05-27,0.0
2010-05-28,-1.3368
2010-06-01,-6.6690000000000005
2010-06-02,1.9042
2010-06-03,5.4394
2010-06-04,-7.9137
2010-06-07,-6.7073
2010-06-08,1.2051
2010-06-09,-25.449
2010-06-10,-11.911200000000001
2010-06-11,13.0916
2010-06-14,0.7065
2010-06-15,-4.9379
2010-06-16,4.059
2010-06-17,0.3819
2010-06-18,0.0
2010-06-21,-3.9674
2010-06-22,-4.9236
2010-06-23,-9.5238
2010-06-24,-5.7895
2010-06-25,0.5587
2010-06-28,-4.375
2010-06-29,-12.854
2010-06-30,0.0
2010-07-01,-2.0
2010-07-02,-2.7211
2010-07-06,-13.1993
2010-07-07,-8.6606
2010-07-08,-1.9294
2010-07-09,0.5621
2010-07-12,84.0693
2010-07-13,11.2056
2010-07-14,-11.7422
2010-07-15,12.4381
2010-07-16,-2.2014
2010-07-19,-1.9133
2010-07-20,0.8893
2010-07-21,13.449
2010-07-22,13.8847
2010-07-23,19.0141
2010-07-26,10.0592
2010-07-27,-15.7258
2010-07-28,13.2376
2010-07-29,9.5775
2010-07-30,1.5424
2010-08-02,3.7975
2010-08-03,-19.8323
2010-08-04,-3.5558
2010-08-05,-9.4637
2010-08-06,8.3188
2010-08-09,8.4037
2010-08-10,-5.0445
2010-08-11,-10.9375
2010-08-12,-1.4035
2010-08-13,3.2028
2010-08-16,0.6897
2010-08-17,-3.2534
2010-08-18,-4.7124
2010-08-19,-9.9141
2010-08-20,16.2371
2010-08-23,-5.4102
2010-08-24,-3.6099
2010-08-25,1.1673
2010-08-26,0.0
2010-08-27,2.5
2010-08-30,-5.4878
2010-08-31,-0.7444
2010-09-01,2.075
2010-09-02,1.0531
2010-09-03,3.1508
2010-09-07,0.8694
2010-09-08,8.4556
2010-09-09,-4.1237
2010-09-10,0.0
2010-09-13,-2.733
2010-09-14,-4.9747
2010-09-15,5.4775
2010-09-16,2.9412000000000003
2010-09-17,-1.4285999999999999
2010-09-20,-0.1812
2010-09-21,-0.8394
2010-09-22,-1.1668
2010-09-23,-1.8519
2010-09-24,1.6981000000000002
2010-09-27,13.1725
2010-09-28,-1.6393
2010-09-29,7.0
2010-09-30,-22.1184
2010-10-01,-13.76
2010-10-04,0.9276
2010-10-05,-1.4706000000000001
2010-10-06,-5.5597
2010-10-07,1.3433
2010-10-08,-1.5594999999999999
2010-10-11,-9.3069
2010-10-12,-10.6987
2010-10-13,1.7115
2010-10-14,-2.6442
2010-10-15,-8.642
2010-10-18,21.6216
2010-10-19,-4.0
2010-10-20,-4.6296
2010-10-21,3.3981
2010-10-22,0.2347
2010-10-25,0.7026
2010-10-26,5.1163
2010-10-27,2.2124
2010-10-28,-1.0823
2010-10-29,-3.5011
2010-11-01,6.1224
2010-11-02,-4.2735
2010-11-03,2.6786
2010-11-04,3.4783
2010-11-05,-12.605
2010-11-08,-4.0865
2010-11-09,-5.5138
2010-11-10,-2.3872999999999998
2010-11-11,5.163
2010-11-12,-1.292
2010-11-15,1.0471
2010-11-16,-3.6269
2010-11-17,-4.3011
2010-11-18,-0.5618
2010-11-19,-0.2825
2010-11-22,-3.3994
2010-11-23,-1.173
2010-11-24,-1.7804
2010-11-26,-3.6254
2010-11-29,5.9561
2010-11-30,3.2544
2010-12-01,-2.0057
2010-12-02,-1.1696
2010-12-03,-4.4379
2010-12-06,0.0
2010-12-07,5.8824
2010-12-08,-2.3392
2010-12-09,0.5988
2010-12-10,-3.8689999999999998
2010-12-13,1.8576000000000001
2010-12-14,-0.304
2010-12-15,2.1341
2010-12-16,-0.2985
2010-12-17,14.6707
2010-12-20,0.5222
2010-12-21,-3.6364
2010-12-22,3.504
2010-12-23,-3.125
2010-12-27,-2.4194
2010-12-28,0.0
2010-12-29,6.8871
2010-12-30,-1.8041
2010-12-31,-2.3622
2011-01-03,-2.4194
2011-01-04,-4.6832
2011-01-05,0.0
2011-01-06,2.0231
2011-01-07,-3.3994
2011-01-10,1.4663
2011-01-11,0.289
2011-01-12,1.4409
2011-01-13,-2.8409
2011-01-14,2.3392
2011-01-18,8.5714
2011-01-19,-1.0526
2011-01-20,0.0
2011-01-21,-1.3298
2011-01-24,1.6173
2011-01-25,12.4668
2011-01-26,-1.1792
2011-01-27,4.2959
2011-01-28,-5.0343
2011-01-31,-2.4096
2011-02-01,1.4815
2011-02-02,2.6764
2011-02-03,4.2654
2011-02-04,1.8182
2011-02-07,-4.4643
2011-02-08,-3.972
2011-02-09,-5.1095
2011-02-10,-5.8974
2011-02-11,-2.4523
2011-02-14,0.838
2011-02-15,-1.385
2011-02-16,1.4045
2011-02-17,-2.2161
2011-02-18,-1.4163999999999999
2011-02-22,-5.7471
2011-02-23,-2.1341
2011-02-24,3.4268
2011-02-25,3.012
2011-02-28,-21.6374
2011-03-01,-14.9254
2011-03-02,-2.6316
2011-03-03,6.7568
2011-03-04,5.4852
2011-03-07,-8.8
2011-03-08,2.6316
2011-03-09,-0.8547
2011-03-10,-0.431
2011-03-11,3.0303
2011-03-14,-0.4202
2011-03-15,-13.5021
2011-03-16,-28.2927
2011-03-17,-10.2041
2011-03-18,42.4242
2011-03-21,-1.0638
2011-03-22,6.9892
2011-03-23,2.0101
2011-03-24,0.9852
2011-03-25,-4.3902
2011-03-28,-9.6939
2011-03-29,4.5198
2011-03-30,-1.6216
2011-03-31,-4.3956
2011-04-01,4.023
2011-04-04,3.3149
2011-04-05,-5.3476
2011-04-06,-2.2599
2011-04-07,-0.578
2011-04-08,-1.1628
2011-04-11,-1.7647
2011-04-12,0.0
2011-04-13,1.7964
2011-04-14,17.0588
2011-04-15,-2.5126
2011-04-18,-6.1856
2011-04-19,5.4945
2011-04-20,0.5208
2011-04-21,4.6632
2011-04-25,-6.4356
2011-04-26,5.8201
2011-04-27,-0.5
2011-04-28,3.5176
2011-04-29,-3.8834999999999997
2011-05-02,-23.7374
2011-05-03,-14.5695
2011-05-04,-3.876
2011-05-05,8.871
2011-05-06,-2.963
2011-05-09,-2.2901
2011-05-10,-4.6875
2011-05-11,1.6393
2011-05-12,-1.6129
2011-05-13,0.8197
2011-05-16,-3.252
2011-05-17,-2.521
2011-05-18,-2.5862
2011-05-19,-19.469
2011-05-20,-4.3956
2011-05-23,-7.1839
2011-05-24,1.0526
2011-05-25,3.6151999999999997
2011-05-26,0.0
2011-05-27,-5.3814
2011-05-31,-1.25
2011-06-01,-2.5475
2011-06-02,-1.2827
2011-06-03,-3.9474
2011-06-06,-2.7568
2011-06-07,-10.5036
2011-06-08,-5.5583
2011-06-09,-5.0
2011-06-10,17.5439
2011-06-13,-10.4478
2011-06-14,8.0
2011-06-15,-7.0988
2011-06-16,1.3289
2011-06-17,-1.6393
2011-06-20,0.1875
2011-06-21,9.1911
2011-06-22,15.9398
2011-06-23,23.7845
2011-06-24,18.896
2011-06-27,42.8571
2011-06-28,-28.75
2011-06-29,7.0175
2011-06-30,-7.377
2011-07-01,8.8496
2011-07-05,2.439
2011-07-06,-8.7302
2011-07-07,0.8696
2011-07-08,-0.8621
2011-07-11,10.4348
2011-07-12,-5.5118
2011-07-13,5.0
2011-07-14,-3.9683
2011-07-15,8.2645
2011-07-18,-7.6336
2011-07-19,-4.1322
2011-07-20,-9.4828
2011-07-21,7.619
2011-07-22,-8.8496
2011-07-25,-1.9417
2011-07-26,-2.9703
2011-07-27,0.102
2011-07-28,3.9755000000000003
2011-07-29,-9.8039
2011-08-01,-7.0516
2011-08-02,-9.9401
2011-08-03,-0.0162
2011-08-04,-3.8961
2011-08-05,17.5676
2011-08-08,-1.1494
2011-08-09,3.4884
2011-08-10,-13.4691
2011-08-11,-1.3147
2011-08-12,-5.9211
2011-08-15,1.7308
2011-08-16,3.1105
2011-08-17,-4.0
2011-08-18,1.1111
2011-08-19,-6.5934
2011-08-22,-5.864
2011-08-23,-7.8305
2011-08-24,2.7754
2011-08-25,26.7883
2011-08-26,0.1545
2011-08-29,-6.4935
2011-08-30,-2.0833
2011-08-31,7.5177
2011-09-01,-2.7952
2011-09-02,0.9755
2011-09-06,-9.9462
2011-09-07,-7.4627
2011-09-08,-9.6774
2011-09-09,-14.0737
2011-09-12,-16.8723
2011-09-13,-6.2188
2011-09-14,-7.4975
2011-09-15,-11.4914
2011-09-16,-77.208
2011-09-19,-1.6964000000000001
2011-09-20,1.7257
2011-09-21,-2.8571
2011-09-22,-11.9485
2011-09-23,-6.4718
2011-09-26,-1.5625
2011-09-27,4.3084
2011-09-28,-13.6957
2011-09-29,0.7557
2011-09-30,-2.0
2011-10-03,-23.7245
2011-10-04,3.01
2011-10-05,4.2208
2011-10-06,47.0405
2011-10-07,-1.9068
2011-10-10,-8.2073
2011-10-11,12.5882
2011-10-12,-8.8819
2011-10-13,6.9954
2011-10-14,-3.7513
2011-10-17,2.784
2011-10-18,-1.7335
2011-10-19,0.0
2011-10-20,-6.2844999999999995
2011-10-21,1.6471
2011-10-24,2.0833
2011-10-25,2.4943
2011-10-26,1.1062
2011-10-27,0.9847
2011-10-28,-2.3835
2011-10-31,-4.9945
2011-11-01,-2.2196
2011-11-02,2.9869
2011-11-03,9.5128
2011-11-04,-16.1017
2011-11-07,-8.8384
2011-11-08,0.1385
2011-11-09,1.5213999999999999
2011-11-10,-2.3161
2011-11-11,-6.2762
2011-11-14,-1.9344999999999999
2011-11-15,2.8832
2011-11-16,-5.6047
2011-11-17,0.3125
2011-11-18,-2.3364
2011-11-21,-4.3062000000000005
2011-11-22,13.3333
2011-11-23,-5.8824
2011-11-25,0.0
2011-11-28,-2.5
2011-11-29,-5.1282
2011-11-30,-13.0068
2011-12-01,0.5825
2011-12-02,31.583
2011-12-05,-3.2864
2011-12-06,1.6989999999999998
2011-12-07,-8.0668
2011-12-08,-2.3884
2011-12-09,-1.5957
2011-12-12,0.1802
2011-12-13,-1.1691
2011-12-14,-4.8225999999999996
2011-12-15,-7.457
2011-12-16,0.5165
2011-12-19,-3.2888
2011-12-20,-0.8502
2011-12-21,-0.4287
2011-12-22,0.0
2011-12-23,0.6459
2011-12-27,7.4866
2011-12-28,-1.8904999999999998
2011-12-29,-1.3185
2011-12-30,2.4666
2012-01-03,-9.9298
2012-01-04,3.5635
2012-01-05,-0.1075
2012-01-06,0.1076
2012-01-09,-1.1828
2012-01-10,6.9641
2012-01-11,15.8698
2012-01-12,-2.6339
2012-01-13,-1.7133
2012-01-17,-4.8624
2012-01-18,0.3857
2012-01-19,7.2046
2012-01-20,2.3297
2012-01-23,16.9002
2012-01-24,4.1948
2012-01-25,-1.3659
2012-01-26,1.9679
2012-01-27,-6.5046
2012-01-30,-0.9939
2012-01-31,-4.0154
2012-02-01,3.218
2012-02-02,0.1559
2012-02-03,2.8016
2012-02-06,-3.785
2012-02-07,5.5075
2012-02-08,-0.0746
2012-02-09,-2.9104
2012-02-10,0.2306
2012-02-13,0.0
2012-02-14,-2.7607
2012-02-15,-4.0221
2012-02-16,4.9302
2012-02-17,-0.3132
2012-02-21,-3.1422
2012-02-22,-0.5677
2012-02-23,-1.876
2012-02-24,-0.3325
2012-02-27,-0.9174
2012-02-28,-13.2155
2012-02-29,-11.3482
2012-03-01,-3.0635
2012-03-02,-2.4831
2012-03-05,-6.25
2012-03-06,-0.6173
2012-03-07,1.3665
2012-03-08,0.8578
2012-03-09,2.6731
2012-03-12,-0.2367
2012-03-13,2.7284
2012-03-14,-4.7344
2012-03-15,-0.2424
2012-03-16,4.1312
2012-03-19,10.7351
2012-03-20,-7.5869
2012-03-21,-6.6135
2012-03-22,-4.2735
2012-03-23,-0.6378
2012-03-26,-7.1887
2012-03-27,-10.3717
2012-03-28,6.0936
2012-03-29,-4.4364
2012-03-30,0.9132
2012-04-02,-2.4133
2012-04-03,-6.4915
2012-04-04,-5.6198
2012-04-05,-10.5079
2012-04-09,-4.3053
2012-04-10,-5.726
2012-04-11,33.1887
2012-04-12,4.5603
2012-04-13,-1.4019
2012-04-16,13.4281
2012-04-17,-5.571
2012-04-18,-7.0796
2012-04-19,2.2222
2012-04-20,0.0
2012-04-23,-6.0559
2012-04-24,3.8017
2012-04-25,9.2357
2012-04-26,-5.9767
2012-04-27,0.9302
2012-04-30,11.828
2012-05-01,2.1978
2012-05-02,-0.8065
2012-05-03,-9.2141
2012-05-04,-5.5224
2012-05-07,-2.8436
2012-05-08,1.7886
2012-05-09,-5.1118
2012-05-10,-3.0303
2012-05-11,1.0417
2012-05-14,3.2646
2012-05-15,-3.3278
2012-05-16,-7.2289
2012-05-17,-2.4119
2012-05-18,2.0913
2012-05-21,2.2346
2012-05-22,4.7359
2012-05-23,1.3913
2012-05-24,1.3721999999999999
2012-05-25,-2.7073
2012-05-29,11.6522
2012-05-30,-5.1402
2012-05-31,-0.6568
2012-06-01,-2.6446
2012-06-04,-3.5654
2012-06-05,-5.2817
2012-06-06,2.4164
2012-06-07,5.8076
2012-06-08,7.5472
2012-06-11,1.2759
2012-06-12,6.7717
2012-06-13,8.4071
2012-06-14,3.1293
2012-06-15,-3.6939
2012-06-18,4.7945
2012-06-19,1.1764999999999999
2012-06-20,2.0672
2012-06-21,-2.9114
2012-06-22,4.9544
2012-06-25,-3.7267
2012-06-26,-4.0
2012-06-27,-6.0484
2012-06-28,0.2861
2012-06-29,0.428
2012-07-02,5.9658999999999995
2012-07-03,-0.9383
2012-07-05,0.6766
2012-07-06,-1.0753
2012-07-09,0.0
2012-07-10,-5.163
2012-07-11,-0.7163
2012-07-12,-3.7518000000000002
2012-07-13,-0.1499
2012-07-16,-7.0571
2012-07-17,-5.3312
2012-07-18,-2.2184
2012-07-19,4.1885
2012-07-20,1.8425
2012-07-23,0.9868
2012-07-24,-9.4463
2012-07-25,0.0
2012-07-26,-5.036
2012-07-27,3.2197
2012-07-30,8.6239
2012-07-31,-4.0541
2012-08-01,-2.2887
2012-08-02,3.964
2012-08-03,-5.8925
2012-08-06,-2.0258
2012-08-07,-4.6992
2012-08-08,1.9724
2012-08-09,0.5803
2012-08-10,0.0
2012-08-13,2.1154
2012-08-14,3.7664999999999997
2012-08-15,-1.8149
2012-08-16,1.2939
2012-08-17,0.365
2012-08-20,4.9091000000000005
2012-08-21,0.5199
2012-08-22,-5.3448
2012-08-23,4.7359
2012-08-24,-2.087
2012-08-27,-3.73
2012-08-28,1.6604999999999999
2012-08-29,0.1815
2012-08-30,-0.1812
2012-08-31,1.4519
2012-09-04,0.5367
2012-09-05,10.1423
2012-09-06,-3.3926
2012-09-07,3.681
2012-09-10,9.1913
2012-09-11,2.5111
2012-09-12,4.8991
2012-09-13,-3.7088
2012-09-14,0.428
2012-09-17,1.4205
2012-09-18,-1.9607999999999999
2012-09-19,-0.1429
2012-09-20,-1.2876
2012-09-21,-0.2899
2012-09-24,1.3081
2012-09-25,-1.2912
2012-09-26,-3.4884
2012-09-27,0.6024
2012-09-28,1.3473
2012-10-01,-0.8863
2012-10-02,0.0
2012-10-03,1.0432
2012-10-04,0.1475
2012-10-05,-1.3255
2012-10-08,1.194
2012-10-09,-2.0649
2012-10-10,-1.8072
2012-10-11,2.7607
2012-10-12,3.1343
2012-10-15,-0.8683
2012-10-16,1.3139
2012-10-17,2.5937
2012-10-18,-5.0562
2012-10-19,-0.5917
2012-10-22,3.5714
2012-10-23,0.431
2012-10-24,0.0
2012-10-25,0.2861
2012-10-26,-0.1427
2012-10-31,10.5714
2012-11-01,-2.1964
2012-11-02,-2.9062
2012-11-05,1.6327
2012-11-06,0.2677
2012-11-07,-5.0734
2012-11-08,-1.9691
2012-11-09,-1.8651
2012-11-12,4.6784
2012-11-13,1.6760000000000002
2012-11-14,-2.0604
2012-11-15,-3.2258
2012-11-16,-1.8841
2012-11-19,0.8863
2012-11-20,-1.1713
2012-11-21,3.2593
2012-11-23,0.2869
2012-11-26,1.2876
2012-11-27,-0.9887
2012-11-28,-0.1427
2012-11-29,-0.2857
2012-11-30,0.5731
2012-12-03,-0.7123
2012-12-04,-3.2999
2012-12-05,1.7804
2012-12-06,1.7492999999999999
2012-12-07,0.1433
2012-12-10,-1.0014
2012-12-11,-2.0231
2012-12-12,0.1475
2012-12-13,0.2946
2012-12-14,0.2937
2012-12-17,0.8785
2012-12-18,-1.5965
2012-12-19,-0.885
2012-12-20,-1.3393
2012-12-21,1.9607999999999999
2012-12-24,1.9231
2012-12-26,-1.3062
2012-12-27,-1.3235000000000001
2012-12-28,-0.149
2012-12-31,0.7463
2013-01-02,0.1481
2013-01-03,0.2959
2013-01-04,-1.6223999999999998
2013-01-07,-1.1994
2013-01-08,2.4279
2013-01-09,-1.6296
2013-01-10,1.2048
2013-01-11,-0.2976
2013-01-14,-1.0448
2013-01-15,0.905
2013-01-16,-0.4484
2013-01-17,-1.4264000000000001
2013-01-18,0.9901
2013-01-22,0.905
2013-01-23,0.1495
2013-01-24,0.7463
2013-01-25,-0.8889
2013-01-28,0.5979
2013-01-29,-0.4458
2013-01-30,-4.3284
2013-01-31,-2.6521
2013-02-01,-0.9615
2013-02-04,-1.4563
2013-02-05,1.9704000000000002
2013-02-06,1.2882
2013-02-07,2.2258
2013-02-08,5.9098
2013-02-11,-2.0558
2013-02-12,1.1994
2013-02-13,-0.1481
2013-02-14,-0.2967
2013-02-15,0.4464
2013-02-19,-0.2963
2013-02-20,-5.9435
2013-02-21,-2.3697
2013-02-22,2.9126
2013-02-25,0.6289
2013-02-26,-2.8125
2013-02-27,-1.2862
2013-02-28,-0.1629
2013-03-01,-0.8157
2013-03-04,-0.1645
2013-03-05,0.8237
2013-03-06,-3.4314
2013-03-07,-1.0152
2013-03-08,3.9316
2013-03-11,12.5
2013-03-12,-0.1462
2013-03-13,1.1713
2013-03-14,2.4602
2013-03-15,6.2147
2013-03-18,15.6915
2013-03-19,-6.4368
2013-03-20,4.2998
2013-03-21,1.5312000000000001
2013-03-22,-2.7842000000000002
2013-03-25,-5.1313
2013-03-26,-6.9182
2013-03-27,4.4595
2013-03-28,-2.3286
2013-04-01,-2.3841
2013-04-02,-1.3569
2013-04-03,-5.227
2013-04-04,0.0
2013-04-05,-1.4514
2013-04-08,7.6583
2013-04-09,1.2312
2013-04-10,1.3514
2013-04-11,-1.6
2013-04-12,8.6721
2013-04-15,-7.4813
2013-04-16,-1.4825
2013-04-17,-3.6936
2013-04-18,-4.1193
2013-04-19,1.9259
2013-04-22,-2.7616
2013-04-23,5.5306
2013-04-24,4.1076
2013-04-25,-3.5374
2013-04-26,1.8336000000000001
2013-04-29,1.385
2013-04-30,2.459
2013-05-01,-0.1333
2013-05-02,3.6048
2013-05-03,41.1082
2013-05-06,41.0046
2013-05-07,-7.4482
2013-05-08,-2.5192
2013-05-09,1.005
2013-05-10,4.2644
2013-05-13,-1.7042000000000002
2013-05-14,9.7087
2013-05-15,21.4918
2013-05-16,-2.8616
2013-05-17,2.7852
2013-05-20,14.9557
2013-05-21,4.4878
2013-05-22,-3.8178
2013-05-23,-9.1114
2013-05-24,0.2481
2013-05-28,-3.5644
2013-05-29,-7.0842
2013-05-30,12.4309
2013-05-31,-2.2604
2013-06-03,-0.2514
2013-06-04,-3.1754
2013-06-05,-8.0687
2013-06-06,9.1733
2013-06-07,1.8672
2013-06-10,1.1762
2013-06-11,5.3294
2013-06-12,4.5867
2013-06-13,3.2435
2013-06-14,0.4867
2013-06-17,-0.8807
2013-06-18,3.2874
2013-06-19,3.2258
2013-06-20,-0.875
2013-06-21,-2.8583
2013-06-24,-3.5915
2013-06-25,15.368
2013-06-26,3.4858000000000002
2013-06-27,6.0526
2013-06-28,1.9142000000000001
2013-07-01,9.9826
2013-07-02,-1.8343
2013-07-03,-1.3853
2013-07-05,1.9928
2013-07-08,0.3523
2013-07-09,13.6929
2013-07-10,-0.8422
2013-07-11,1.3307
2013-07-12,-5.1411
2013-07-15,-3.9764
2013-07-16,1.227
2013-07-17,-2.0
2013-07-18,-2.2263
2013-07-19,-5.8191
2013-07-22,10.779
2013-07-23,-3.5768
2013-07-24,-4.9041
2013-07-25,-2.1488
2013-07-26,6.3176
2013-07-29,-9.4058
2013-07-30,2.9463
2013-07-31,9.9148
2013-08-01,-7.6255
2013-08-02,-0.2685
2013-08-05,1.4805
2013-08-06,-5.2387
2013-08-07,-17.7047
2013-08-08,-4.0816
2013-08-09,-19.8138
2013-08-12,0.8845
2013-08-13,-4.1096
2013-08-14,3.2571
2013-08-15,-7.3603
2013-08-16,-2.8076
2013-08-19,-11.1862
2013-08-20,6.436
2013-08-21,-0.065
2013-08-22,4.8146
2013-08-23,1.1173
2013-08-26,14.0577
2013-08-27,-5.5113
2013-08-28,-1.9139
2013-08-29,3.1359
2013-08-30,-4.1667
2013-09-03,2.4677
2013-09-04,1.5482
2013-09-05,-0.0565
2013-09-06,-1.4689
2013-09-09,1.9495
2013-09-10,17.829
2013-09-11,-3.1026
2013-09-12,-4.0394
2013-09-13,-1.0267
2013-09-16,-3.2157999999999998
2013-09-17,-2.4116
2013-09-18,3.2949
2013-09-19,0.1595
2013-09-20,-4.5117
2013-09-23,-6.5036000000000005
2013-09-24,0.3567
2013-09-25,-1.4809999999999999
2013-09-26,3.3073
2013-09-27,-2.7357
2013-09-30,1.0174
2013-10-01,1.5403
2013-10-02,3.0338
2013-10-03,-4.6433
2013-10-04,3.9786
2013-10-07,-2.9697
2013-10-08,-5.8858
2013-10-09,-0.5629
2013-10-10,4.9686
2013-10-11,-6.1714
2013-10-14,-3.0651
2013-10-15,-3.8208
2013-10-16,3.5616
2013-10-17,-1.3889
2013-10-18,-1.5426
2013-10-21,-17.3025
2013-10-22,0.0
2013-10-23,-3.2949
2013-10-24,-2.0443
2013-10-25,-2.1739
2013-10-28,-0.8
2013-10-29,-14.6057
2013-10-30,-2.4134
2013-10-31,2.3656
2013-11-01,-12.3424
2013-11-04,1.4979
2013-11-05,27.9811
2013-11-06,-6.5498
2013-11-07,-10.7601
2013-11-08,-0.6637
2013-11-11,18.4744
2013-11-12,-8.544
2013-11-13,-20.6783
2013-11-14,2.099
2013-11-15,-5.9645
2013-11-18,0.8097
2013-11-19,-1.4726
2013-11-20,0.4076
2013-11-21,-0.1353
2013-11-22,2.5745
2013-11-25,15.1915
2013-11-26,4.2431
2013-11-27,-1.6502
2013-11-29,0.6711
2013-12-02,6.4444
2013-12-03,-9.499
2013-12-04,1.0381
2013-12-05,-0.4566
2013-12-06,-3.0963
2013-12-09,18.3432
2013-12-10,-5.1
2013-12-11,1.4752
2013-12-12,3.8422
2013-12-13,24.9
2013-12-16,4.4836
2013-12-17,7.2031
2013-12-18,5.5754
2013-12-19,1.4895
2013-12-20,-0.1334
2013-12-23,21.9105
2013-12-24,-5.4247
2013-12-26,3.9977
2013-12-27,-2.7855
2013-12-30,-0.6877
2013-12-31,0.2308
2014-01-02,12.9534
2014-01-03,-2.2426
2014-01-06,2.8676
2014-01-07,-5.8286999999999995
2014-01-08,0.4306
2014-01-09,-16.0236
2014-01-10,-13.3376
2014-01-13,-2.7982
2014-01-14,-4.3182
2014-01-15,1.1876
2014-01-16,21.0485
2014-01-17,2.2624
2014-01-21,10.9355
2014-01-22,0.5128
2014-01-23,-0.7937
2014-01-24,7.3714
2014-01-27,-6.5993
2014-01-28,13.4473
2014-01-29,9.9448
2014-01-30,5.1165
2014-01-31,-4.4763
2014-02-03,-2.2748
2014-02-04,3.5846999999999998
2014-02-05,-1.1685
2014-02-06,-3.1833
2014-02-07,-1.3620999999999999
2014-02-10,1.381
2014-02-11,-3.3349
2014-02-12,2.5267
2014-02-13,-0.7109
2014-02-14,0.3819
2014-02-18,-1.6167
2014-02-19,-0.435
2014-02-20,1.5534
2014-02-21,5.9751
2014-02-24,4.5106
2014-02-25,-2.2443
2014-02-26,-0.0883
2014-02-27,14.8917
2014-02-28,0.7692
2014-03-03,-6.4885
2014-03-04,0.2857
2014-03-05,1.4245
2014-03-06,1.565
2014-03-07,-2.4496
2014-03-10,-0.648
2014-03-11,-2.9352
2014-03-12,-2.394
2014-03-13,-3.6574999999999998
2014-03-14,1.6972
2014-03-17,-2.2837
2014-03-18,4.4045
2014-03-19,-2.2385
2014-03-20,-1.6292
2014-03-21,0.6714
2014-03-24,-1.823
2014-03-25,0.5888
2014-03-26,-1.4408
2014-03-27,0.3198
2014-03-28,1.1384
2014-03-31,1.3057
2014-04-01,0.6222
2014-04-02,1.1042
2014-04-03,-0.4369
2014-04-04,-3.1154
2014-04-07,-5.3895
2014-04-08,0.8617
2014-04-09,-2.468
2014-04-10,-3.6496
2014-04-11,-3.0808
2014-04-14,1.3549
2014-04-15,-1.7995
2014-04-16,2.2513
2014-04-17,0.3072
2014-04-21,-0.2042
2014-04-22,0.665
2014-04-23,-0.6606
2014-04-24,5.6266
2014-04-25,2.7119
2014-04-28,3.7718
2014-04-29,1.5448
2014-04-30,0.3579
2014-05-01,-6.6429
2014-05-02,1.767
2014-05-05,-0.5631
2014-05-06,-1.9821
2014-05-07,-1.974
2014-05-08,-1.0806
2014-05-09,0.9434
2014-05-12,3.394
2014-05-13,1.1418
2014-05-14,-1.7404
2014-05-15,0.0479
2014-05-16,0.1435
2014-05-19,2.2934
2014-05-20,-2.8491
2014-05-21,-0.6731
2014-05-22,2.4201
2014-05-23,3.0246
2014-05-27,2.4312
2014-05-28,-2.0152
2014-05-29,0.7313
2014-05-30,1.588
2014-06-02,-0.5806
2014-06-03,-1.2579
2014-06-04,-0.7734
2014-06-05,3.3929
2014-06-06,5.0998
2014-06-09,-0.8017
2014-06-10,0.3828
2014-06-11,1.1864
2014-06-12,1.5493999999999999
2014-06-13,1.2784
2014-06-16,-0.4479
2014-06-17,-1.0225
2014-06-18,4.7521
2014-06-19,0.9467
2014-06-20,4.5721
2014-06-23,0.8595
2014-06-24,-2.3712
2014-06-25,0.5693
2014-06-26,2.9057
2014-06-27,3.1536
2014-06-30,-0.0711
2014-07-01,0.4269
2014-07-02,1.8066
2014-07-03,1.4962
2014-07-07,-1.2684
2014-07-08,-0.3472
2014-07-09,0.662
2014-07-10,-0.3808
2014-07-11,-1.8763
2014-07-14,-0.8853
2014-07-15,-1.1433
2014-07-16,1.2649
2014-07-17,-0.8922
2014-07-18,-0.5762
2014-07-21,0.6882
2014-07-22,0.1799
2014-07-23,0.0
2014-07-24,-2.1544
2014-07-25,-2.422
2014-07-28,1.1659
2014-07-29,-1.6729
2014-07-30,2.6843
2014-07-31,-3.6082
2014-08-01,-17.0359
2014-08-04,3.1768
2014-08-05,-2.2311
2014-08-06,0.639
2014-08-07,-0.1361
2014-08-08,1.3624
2014-08-11,0.3136
2014-08-12,0.402
2014-08-13,-0.8897
2014-08-14,-1.0323
2014-08-15,-0.6803
2014-08-18,2.6027
2014-08-19,0.7121
2014-08-20,-0.1326
2014-08-21,-1.4602
2014-08-22,1.2572999999999999
2014-08-25,1.286
2014-08-26,0.8975
2014-08-27,3.0592
2014-08-28,-2.7789
2014-08-29,0.563
2014-09-02,-0.9475
2014-09-03,-2.1304
2014-09-04,-2.2212
2014-09-05,0.0454
2014-09-08,0.9537
2014-09-09,-4.4085
2014-09-10,0.2824
2014-09-11,-1.1732
2014-09-12,-1.567
2014-09-15,-2.5567
2014-09-16,-1.9802
2014-09-17,17.9798
2014-09-18,-6.5068
2014-09-19,-3.022
2014-09-22,-1.7941
2014-09-23,-4.6635
2014-09-24,0.8069
2014-09-25,1.3507
2014-09-26,4.0474
2014-09-29,-1.7551999999999999
2014-09-30,-1.8831
2014-10-01,-4.2815
2014-10-02,0.3599
2014-10-03,0.1025
2014-10-06,-3.7871
2014-10-07,-2.1277
2014-10-08,2.7717
2014-10-09,-8.514
2014-10-10,-3.9884
2014-10-13,-5.0572
2014-10-14,-3.4242
2014-10-15,1.9041000000000001
2014-10-16,0.0
2014-10-17,2.6418
2014-10-20,6.0264
2014-10-21,4.9142
2014-10-22,-2.5395
2014-10-23,4.0533
2014-10-24,1.0017
2014-10-27,1.2671999999999999
2014-10-28,3.8629
2014-10-29,0.7334
2014-10-30,-5.3562
2014-10-31,17.8022
2014-11-03,3.9646
2014-11-04,2.7367
2014-11-05,1.8340999999999998
2014-11-06,-0.9005
2014-11-07,3.7213000000000003
2014-11-10,1.3767
2014-11-11,0.2469
2014-11-12,1.3957
2014-11-13,-1.9433
2014-11-14,-2.0231
2014-11-17,-4.5933
2014-11-18,0.3534
2014-11-19,-2.7729
2014-11-20,2.0824
2014-11-21,3.6807
2014-11-24,1.2404
2014-11-25,0.9717
2014-11-26,-3.5145999999999997
2014-11-28,4.1197
2014-12-01,-4.4148
2014-12-02,3.8344
2014-12-03,0.5036
2014-12-04,-0.3758
2014-12-05,4.1073
2014-12-08,-3.9452
2014-12-09,-0.964
2014-12-10,-3.851
2014-12-11,2.2887
2014-12-12,0.1291
2014-12-15,0.5157
2014-12-16,-1.5391
2014-12-17,-2.1711
2014-12-18,2.9294000000000002
2014-12-19,5.1315
2014-12-22,-2.8712
2014-12-23,-0.0422
2014-12-24,-0.6337
2014-12-26,-1.233
2014-12-29,-2.2815
2014-12-30,0.2643
2014-12-31,-1.1863
2015-01-02,-1.7341
2015-01-05,-4.3891
2015-01-06,-5.4898
2015-01-07,-3.8558
2015-01-08,3.6458
2015-01-09,-1.7085
2015-01-12,0.0511
2015-01-13,-1.2264
2015-01-14,-4.656
2015-01-15,-4.3407
2015-01-16,0.3971
2015-01-20,-0.904
2015-01-21,-1.9384000000000001
2015-01-22,0.9884
2015-01-23,-0.2879
2015-01-26,2.7136
2015-01-27,-2.0236
2015-01-28,-7.4584
2015-01-29,-1.1779
2015-01-30,-0.5019
2015-02-02,1.3241
2015-02-03,4.6671
2015-02-04,-2.3781
2015-02-05,9.1352
2015-02-06,2.567
2015-02-09,-5.1687
2015-02-10,4.5324
2015-02-11,0.7684
2015-02-12,5.8824
2015-02-13,1.0802
2015-02-17,3.7659000000000002
2015-02-18,-2.6484
2015-02-19,1.3602
2015-02-20,-0.7952
2015-02-23,0.6513
2015-02-24,-0.5973
2015-02-25,0.1502
2015-02-26,0.1
2015-02-27,-1.5485
2015-03-02,-1.6743000000000001
2015-03-03,-5.2116
2015-03-04,1.9053
2015-03-05,0.4808
2015-03-06,-1.5417
2015-03-09,-1.5659
2015-03-10,-3.785
2015-03-11,1.7104
2015-03-12,-0.3924
2015-03-13,-0.2814
2015-03-16,0.7336
2015-03-17,3.4734
2015-03-18,2.274
2015-03-19,1.5880999999999998
2015-03-20,-1.0943
2015-03-23,1.5806
2015-03-24,-2.749
2015-03-25,-2.88
2015-03-26,0.1098
2015-03-27,0.0
2015-03-30,-2.4136
2015-03-31,0.9556
2015-04-01,-2.3385
2015-04-02,-3.8198
2015-04-06,-1.9561
2015-04-07,-1.9649
2015-04-08,0.7092
2015-04-09,-0.4287
2015-04-10,0.984
2015-04-13,0.9744
2015-04-14,-0.6031
2015-04-15,1.6989999999999998
2015-04-16,-1.4916
2015-04-17,-2.6045
2015-04-20,4.1045
2015-04-21,0.1792
2015-04-22,2.3852
2015-04-23,0.8736
2015-04-24,-2.6559
2015-04-27,-1.72
2015-04-28,0.8449
2015-04-29,-4.6679
2015-04-30,-2.0716
2015-05-01,-9.6795
2015-05-04,0.7807
2015-05-05,-1.1972
2015-05-06,0.9266
2015-05-07,2.613
2015-05-08,0.2753
2015-05-11,1.51
2015-05-12,0.4733
2015-05-13,-0.7402
2015-05-14,-1.0169
2015-05-15,0.0685
2015-05-18,1.9849
2015-05-19,-3.8926
2015-05-20,0.4888
2015-05-21,0.0695
2015-05-22,-1.875
2015-05-26,-1.7692999999999999
2015-05-27,0.4323
2015-05-28,-1.8651
2015-05-29,-3.8743
2015-06-01,0.3802
2015-06-02,-1.7045
2015-06-03,7.5915
2015-06-04,1.1461000000000001
2015-06-05,6.3739
2015-06-08,-4.3276
2015-06-09,-2.0181
2015-06-10,4.6875
2015-06-11,-3.3921
2015-06-12,-1.4747
2015-06-15,0.2851
2015-06-16,-2.4165
2015-06-17,-0.8012
2015-06-18,1.3216
2015-06-19,2.029
2015-06-22,-0.7102
2015-06-23,-0.5722
2015-06-24,-2.7338
2015-06-25,0.9615
2015-06-26,-1.3919000000000001
2015-06-29,-3.4175
2015-06-30,-0.1538
2015-07-01,-2.3883
2015-07-02,-1.7364000000000002
2015-07-06,0.8835
2015-07-07,0.9554
2015-07-08,-3.2334
2015-07-09,4.1565
2015-07-10,1.7997
2015-07-13,2.3059
2015-07-14,-1.728
2015-07-15,-3.5168
2015-07-16,2.0602
2015-07-17,2.5621
2015-07-20,-2.3467000000000002
2015-07-21,3.2558
2015-07-22,-1.952
2015-07-23,-2.0674
2015-07-24,-3.1274
2015-07-27,1.2107
2015-07-28,4.3062000000000005
2015-07-29,15.1376
2015-07-30,1.4607999999999999
2015-07-31,26.3089
2015-08-03,6.0104
2015-08-04,0.391
2015-08-05,1.704
2015-08-06,-3.7817
2015-08-07,-1.8904999999999998
2015-08-10,1.217
2015-08-11,-0.4008
2015-08-12,-0.503
2015-08-13,-1.2133
2015-08-14,-0.0512
2015-08-17,0.256
2015-08-18,0.4597
2015-08-19,-6.2532
2015-08-20,-3.1453
2015-08-21,-2.9115
2015-08-24,-6.5744
2015-08-25,-4.8765
2015-08-26,2.4659
2015-08-27,2.8499
2015-08-28,1.601
2015-08-31,1.2727
2015-09-01,-8.5577
2015-09-02,1.767
2015-09-03,0.7717
2015-09-04,-0.8296
2015-09-08,2.3166
2015-09-09,-4.5283
2015-09-10,7.3123000000000005
2015-09-11,-1.2277
2015-09-14,-2.4239
2015-09-15,6.3376
2015-09-16,-1.737
2015-09-17,-1.1887
2015-09-18,-3.0845
2015-09-21,-0.8275
2015-09-22,-5.3915
2015-09-23,-1.8317999999999999
2015-09-24,-3.3172
2015-09-25,-1.0722
2015-09-28,-4.1908
2015-09-29,3.6953
2015-09-30,-3.5636
2015-10-01,4.2986
2015-10-02,2.3861
2015-10-05,4.0254
2015-10-06,0.6789
2015-10-07,3.0344
2015-10-08,2.5524
2015-10-09,4.5948
2015-10-12,-1.8304
2015-10-13,-3.5426
2015-10-14,0.1289
2015-10-15,3.6036
2015-10-16,0.2484
2015-10-19,-0.1239
2015-10-20,1.9231
2015-10-21,-0.7304
2015-10-22,1.2876
2015-10-23,-0.6053
2015-10-26,0.609
2015-10-27,-11.3801
2015-10-28,-8.265
2015-10-29,3.1273
2015-10-30,31.8412
2015-11-02,-2.3001
2015-11-03,-4.4843
2015-11-04,-2.1127
2015-11-05,2.3981
2015-11-06,2.7518000000000002
2015-11-09,-4.6724
2015-11-10,4.4232
2015-11-11,-3.0338
2015-11-12,-2.1250999999999998
2015-11-13,0.6031
2015-11-16,-2.2182
2015-11-17,0.3679
2015-11-18,-0.2443
2015-11-19,3.0618
2015-11-20,-1.426
2015-11-23,-0.4219
2015-11-24,2.9055999999999997
2015-11-25,2.8824
2015-11-27,0.8576
2015-11-30,-4.0249
2015-12-01,1.0041
2015-12-02,-5.6725
2015-12-03,-2.7898
2015-12-04,1.2117
2015-12-07,-5.5451
2015-12-08,-0.1334
2015-12-09,-2.6052
2015-12-10,2.6749
2015-12-11,-3.2732
2015-12-14,-1.2431
2015-12-15,2.7972
2015-12-16,4.898
2015-12-17,-1.1673
2015-12-18,-9.9081
2015-12-21,-2.3307
2015-12-22,2.6846
2015-12-23,3.4132
2015-12-24,-0.8427
2015-12-28,-2.3371
2015-12-29,1.1602999999999999
2015-12-30,-0.1434
2015-12-31,1.7947
2016-01-04,-1.2694
2016-01-05,1.6429
2016-01-06,-5.7625
2016-01-07,-7.1588
2016-01-08,-2.0884
2016-01-11,-6.4807
2016-01-12,-0.9649
2016-01-13,-9.2117
2016-01-14,-2.3415
2016-01-15,-0.6993
2016-01-19,-6.2374
2016-01-20,-3.1116
2016-01-21,7.1982
2016-01-22,8.8843
2016-01-25,-7.7799
2016-01-26,14.1975
2016-01-27,-1.0811
2016-01-28,-10.5647
2016-01-29,5.2953
2016-02-01,0.7737
2016-02-02,-5.4702
2016-02-03,0.203
2016-02-04,8.5106
2016-02-05,-30.2988
2016-02-08,-9.4441
2016-02-09,1.1834
2016-02-10,2.193
2016-02-11,-3.0043
2016-02-12,3.2448
2016-02-16,13.4286
2016-02-17,4.9118
2016-02-18,0.6002
2016-02-19,-3.4606
2016-02-22,2.7194000000000003
2016-02-23,-2.2864
2016-02-24,-2.5862
2016-02-25,1.1378
2016-02-26,5.375
2016-02-29,-4.5077
2016-03-01,7.3292
2016-03-02,-2.3148
2016-03-03,4.7393
2016-03-04,4.9774
2016-03-07,1.0776
2016-03-08,-4.6908
2016-03-09,1.7896999999999998
2016-03-10,-2.967
2016-03-11,7.248
2016-03-14,-2.3231
2016-03-15,-2.1622
2016-03-16,3.4254
2016-03-17,4.594
2016-03-18,4.2901
2016-03-21,0.0
2016-03-22,-3.526
2016-03-23,-5.1777
2016-03-24,2.8908
2016-03-28,-4.8907
2016-03-29,3.6105
2016-03-30,-3.9071
2016-03-31,2.4176
2016-04-01,-3.2189
2016-04-04,1.1086
2016-04-05,-2.193
2016-04-06,-0.8969
2016-04-07,-1.0181
2016-04-08,2.2857
2016-04-11,-0.4469
2016-04-12,-1.3468
2016-04-13,6.8259
2016-04-14,-0.3195
2016-04-15,-1.6026
2016-04-18,0.3257
2016-04-19,1.0823
2016-04-20,2.9979
2016-04-21,-2.5987999999999998
2016-04-22,2.2412
2016-04-25,-4.8539
2016-04-26,2.9073
2016-04-27,4.7974
2016-04-28,-9.5626
2016-04-29,3.4871
2016-05-02,-3.6957
2016-05-03,-1.8058999999999998
2016-05-04,-5.8621
2016-05-05,-0.8547
2016-05-06,1.4778
2016-05-09,1.2136
2016-05-10,3.4772
2016-05-11,-2.4334
2016-05-12,-1.3064
2016-05-13,-1.2034
2016-05-16,0.609
2016-05-17,1.6949
2016-05-18,-1.4285999999999999
2016-05-19,0.0
2016-05-20,3.8647
2016-05-23,-2.2093
2016-05-24,1.6646999999999998
2016-05-25,6.3158
2016-05-26,0.8801
2016-05-27,1.9628999999999999
2016-05-31,-1.4973
2016-06-01,-0.1086
2016-06-02,0.3261
2016-06-03,-1.4085
2016-06-06,4.7253
2016-06-07,-0.6296
2016-06-08,0.6336
2016-06-09,-2.3085
2016-06-10,-3.2223
2016-06-13,-1.2209
2016-06-14,-0.8989
2016-06-15,2.4943
2016-06-16,-0.2212
2016-06-17,0.6652
2016-06-20,6.6079
2016-06-21,-3.5124
2016-06-22,-2.5696
2016-06-23,2.967
2016-06-24,-7.8975
2016-06-27,-7.7636
2016-06-28,5.2764
2016-06-29,5.6086
2016-06-30,-0.565
2016-07-01,2.3864
2016-07-05,-1.7758
2016-07-06,1.2429000000000001
2016-07-07,0.4464
2016-07-08,6.3333
2016-07-11,2.9257999999999997
2016-07-12,3.6548
2016-07-13,2.0568
2016-07-14,-0.1919
2016-07-15,-0.5769
2016-07-18,-0.9671
2016-07-19,-2.5391
2016-07-20,-1.1022
2016-07-21,-1.0132
2016-07-22,1.5352999999999999
2016-07-25,-1.6129
2016-07-26,1.8443
2016-07-27,0.8048
2016-07-28,-1.1976
2016-07-29,19.899
2016-08-01,-1.6007
2016-08-02,-0.8562
2016-08-03,4.6632
2016-08-04,-0.8251
2016-08-05,3.1614
2016-08-08,0.9677
2016-08-09,-3.3546
2016-08-10,-4.7107
2016-08-11,-0.3469
2016-08-12,-1.8277
2016-08-15,1.7730000000000001
2016-08-16,-2.0906
2016-08-17,0.7117
2016-08-18,1.7668
2016-08-19,-1.2153
2016-08-22,-0.6151
2016-08-23,0.7958
2016-08-24,0.0877
2016-08-25,-1.8405
2016-08-26,-0.3571
2016-08-29,1.4337
2016-08-30,3.7102
2016-08-31,-1.2777
2016-09-01,-0.0863
2016-09-02,0.7772
2016-09-06,-1.114
2016-09-07,1.5598
2016-09-08,3.157
2016-09-09,-4.7974
2016-09-12,1.9114
2016-09-13,-2.2165
2016-09-14,1.6564999999999999
2016-09-15,2.8302
2016-09-16,-2.8357
2016-09-19,0.8584
2016-09-20,-0.5957
2016-09-21,1.8836
2016-09-22,3.0252
2016-09-23,0.7341
2016-09-26,-1.2955
2016-09-27,-0.6563
2016-09-28,1.569
2016-09-29,-1.8699
2016-09-30,2.0713
2016-10-03,1.2175
2016-10-04,0.3208
2016-10-05,2.0783
2016-10-06,-1.0963
2016-10-07,-1.6627
2016-10-10,1.7713
2016-10-11,-1.7405
2016-10-12,-0.161
2016-10-13,-1.9355
2016-10-14,-2.6316
2016-10-17,2.1115
2016-10-18,2.316
2016-10-19,0.0808
2016-10-20,0.3231
2016-10-21,0.161
2016-10-24,6.1093
2016-10-25,0.9848
2016-10-26,0.9002
2016-10-27,0.5948
2016-10-28,-27.9379
2016-10-31,-8.9231
2016-11-01,-5.4054
2016-11-02,-4.5238
2016-11-03,8.6035
2016-11-04,4.248
2016-11-07,4.6256
2016-11-08,1.5789
2016-11-09,4.1451
2016-11-10,6.1692
2016-11-11,7.8725000000000005
2016-11-14,3.2146
2016-11-15,0.0842
2016-11-16,-7.9899000000000004
2016-11-17,3.9305
2016-11-18,1.0554
2016-11-21,1.3925
2016-11-22,3.0043
2016-11-23,6.25
2016-11-25,-0.9412
2016-11-28,-3.8797
2016-11-29,-0.9885
2016-11-30,5.4908
2016-12-01,3.7066
2016-12-02,2.7376
2016-12-05,2.8127
2016-12-06,5.9755
2016-12-07,8.4918
2016-12-08,3.3813
2016-12-09,-2.7862
2016-12-12,-2.7414
2016-12-13,-0.3844
2016-12-14,-2.5723000000000003
2016-12-15,-0.198
2016-12-16,-2.6455
2016-12-19,-3.4647
2016-12-20,1.4778
2016-12-21,-0.6241
2016-12-22,-1.4655
2016-12-23,0.8499
2016-12-27,0.4916
2016-12-28,-2.0964
2016-12-29,-2.9265
2016-12-30,-2.3529
2017-01-03,1.9578
2017-01-04,4.4313
2017-01-05,-2.0509
2017-01-06,-1.3718
2017-01-09,-2.489
2017-01-10,-1.2763
2017-01-11,0.2281
2017-01-12,3.1866
2017-01-13,7.5735
2017-01-17,-2.2556
2017-01-18,-0.0699
2017-01-19,-3.0791
2017-01-20,-1.5162
2017-01-23,-2.6393
2017-01-24,3.238
2017-01-25,11.8891
2017-01-26,-2.3468
2017-01-27,1.0681
2017-01-30,-0.9908
2017-01-31,-0.4003
2017-02-01,-1.0047
2017-02-02,-0.203
2017-02-03,3.1864
2017-02-06,-1.3141
2017-02-07,-12.1838
2017-02-08,-1.6679
2017-02-09,1.8504
2017-02-10,1.8168
2017-02-13,-0.8922
2017-02-14,-0.6002
2017-02-15,0.2264
2017-02-16,-1.7319
2017-02-17,0.9195
2017-02-21,0.6834
2017-02-22,-2.5641
2017-02-23,-2.7864
2017-02-24,0.1592
2017-02-27,3.8156
2017-02-28,-1.6844999999999999
2017-03-01,2.7259
2017-03-02,-3.1084
2017-03-03,1.8779
2017-03-06,-1.6897
2017-03-07,-5.3125
2017-03-08,-1.0726
2017-03-09,-2.6689
2017-03-10,-0.5141
2017-03-13,0.2584
2017-03-14,-1.5464
2017-03-15,2.4433
2017-03-16,0.7666
2017-03-17,-1.5215999999999998
2017-03-20,-1.6309
2017-03-21,-3.4031000000000002
2017-03-22,-2.2584
2017-03-23,-0.7394
2017-03-24,-0.838
2017-03-27,-0.4695
2017-03-28,2.4528
2017-03-29,1.105
2017-03-30,0.9107
2017-03-31,-0.6318
2017-04-03,-1.9074
2017-04-04,0.2778
2017-04-05,-1.4774
2017-04-06,-0.1874
2017-04-07,-1.6901000000000002
2017-04-10,4.9666
2017-04-11,-2.2748
2017-04-12,-4.0968
2017-04-13,-2.7184
2017-04-17,2.2954
2017-04-18,0.1951
2017-04-19,-0.6816
2017-04-20,2.0588
2017-04-21,0.9606
2017-04-24,4.3768
2017-04-25,-0.6381
2017-04-26,0.367
2017-04-27,2.1024
2017-04-28,-4.5658
2017-05-01,2.5328
2017-05-02,2.9276999999999997
2017-05-03,-1.6
2017-05-04,-3.4327
2017-05-05,-19.7848
2017-05-08,-4.9563
2017-05-09,4.0491
2017-05-10,-0.3538
2017-05-11,-3.1953
2017-05-12,-3.0562
2017-05-15,-1.0088
2017-05-16,-1.4013
2017-05-17,-2.1964
2017-05-18,7.926
2017-05-19,7.0991
2017-05-22,5.4857
2017-05-23,1.7335
2017-05-24,-0.1065
2017-05-25,0.6397
2017-05-26,-1.8008
2017-05-30,0.2157
2017-05-31,-1.0764
2017-06-01,3.482
2017-06-02,2.4185
2017-06-05,-0.7187
2017-06-06,0.1034
2017-06-07,6.6116
2017-06-08,0.8721
2017-06-09,0.8646
2017-06-12,-1.0476
2017-06-13,2.9836
2017-06-14,-3.3645
2017-06-15,0.1934
2017-06-16,-0.0965
2017-06-19,0.5797
2017-06-20,-2.5937
2017-06-21,-2.071
2017-06-22,0.8056
2017-06-23,1.6983000000000001
2017-06-26,1.2770000000000001
2017-06-27,-0.7759
2017-06-28,5.5718
2017-06-29,2.963
2017-06-30,0.0
2017-07-03,4.0468
2017-07-05,-1.4693
2017-07-06,-2.3684
2017-07-07,3.7736
2017-07-10,4.7619
2017-07-11,-1.7355
2017-07-12,2.439
2017-07-13,0.0
2017-07-14,1.3957
2017-07-17,-0.4858
2017-07-18,-1.3019
2017-07-19,1.6488
2017-07-20,-0.4866
2017-07-21,0.8965
2017-07-24,1.6963
2017-07-25,4.2097
2017-07-26,-0.7622
2017-07-27,-1.6129
2017-07-28,3.4348
2017-07-31,0.3019
2017-08-01,-3.0098
2017-08-02,-3.4135
2017-08-03,-0.5622
2017-08-04,3.231
2017-08-07,-0.939
2017-08-08,-0.8689
2017-08-09,-0.4781
2017-08-10,-3.2826
2017-08-11,1.5728
2017-08-14,2.445
2017-08-15,-3.5004
2017-08-16,-0.742
2017-08-17,-2.1595
2017-08-18,0.1698
2017-08-21,-0.4237
2017-08-22,2.8085
2017-08-23,-0.9934
2017-08-24,-3.3445
2017-08-25,2.5952
2017-08-28,5.8179
2017-08-29,3.5857
2017-08-30,2.8462
2017-08-31,0.1496
2017-09-01,1.7924
2017-09-05,-1.3206
2017-09-06,-0.2974
2017-09-07,-0.2237
2017-09-08,0.5979
2017-09-11,-0.8915
2017-09-12,0.5247
2017-09-13,-2.8337
2017-09-14,-3.1466
2017-09-15,-2.1395
2017-09-18,0.1619
2017-09-19,2.1019
2017-09-20,4.8298
2017-09-21,0.6798
2017-09-22,-0.2251
2017-09-25,-1.5789
2017-09-26,0.6875
2017-09-27,3.2625
2017-09-28,-1.396
2017-09-29,2.8316
2017-10-02,2.7536
2017-10-03,1.4104
2017-10-04,-2.573
2017-10-05,-1.7844
2017-10-06,0.9448
2017-10-09,-4.4636
2017-10-10,0.5275
2017-10-11,-1.2744
2017-10-12,0.0
2017-10-13,-3.6446
2017-10-16,-3.5461
2017-10-17,-1.1438
2017-10-18,3.0579
2017-10-19,5.0521
2017-10-20,2.0611
2017-10-23,-2.9918
2017-10-24,1.1565
2017-10-25,-2.2104
2017-10-26,5.2221
2017-10-27,1.037
2017-10-30,-2.6393
2017-10-31,1.4307
2017-11-01,-2.4499
2017-11-02,3.2725
2017-11-03,-4.6426
2017-11-06,3.9413
2017-11-07,0.5948
2017-11-08,-3.3259
2017-11-09,-7.4924
2017-11-10,0.9917
2017-11-13,0.4092
2017-11-14,0.652
2017-11-15,-12.7935
2017-11-16,2.9248
2017-11-17,-2.3906
2017-11-20,3.6044
2017-11-21,3.2114
2017-11-22,0.7779
2017-11-24,1.0292
2017-11-27,-2.4618
2017-11-28,2.0888
2017-11-29,3.3247999999999998
2017-11-30,1.6502
2017-12-01,0.8117
2017-12-04,4.4283
2017-12-05,-0.4626
2017-12-06,3.0984
2017-12-07,4.8084
2017-12-08,2.0789
2017-12-11,-1.3343
2017-12-12,2.4911
2017-12-13,2.0833
2017-12-14,-5.3061
2017-12-15,1.5805
2017-12-18,2.5460000000000003
2017-12-19,0.6207
2017-12-20,-0.1371
2017-12-21,0.5491
2017-12-22,2.6621
2017-12-26,-1.3298
2017-12-27,-0.876
2017-12-28,-1.1557
2017-12-29,-1.1004
2018-01-02,4.242
2018-01-03,-1.8679000000000001
2018-01-04,-1.3596
2018-01-05,-1.1027
2018-01-08,1.8815
2018-01-09,1.026
2018-01-10,2.1666
2018-01-11,4.175
2018-01-12,-1.0814
2018-01-16,-1.3505
2018-01-17,1.1082
2018-01-18,5.029
2018-01-19,4.4199
2018-01-22,2.5867
2018-01-23,-0.4585
2018-01-24,-1.7847
2018-01-25,-0.762
2018-01-26,1.3585
2018-01-29,-4.5455
2018-01-30,-3.7241
2018-01-31,1.2682
2018-02-01,-1.0019
2018-02-02,-21.9481
2018-02-05,-11.4668
2018-02-06,-4.3478
2018-02-07,-0.3828
2018-02-08,-7.4928
2018-02-09,4.7767
2018-02-12,-2.0813
2018-02-13,2.834
2018-02-14,-0.9843
2018-02-15,-1.3917
2018-02-16,-0.7056
2018-02-20,-2.5381
2018-02-21,0.2083
2018-02-22,-1.0395
2018-02-23,-1.6806999999999999
2018-02-26,0.641
2018-02-27,-3.2909
2018-02-28,-4.281
2018-03-01,0.344
2018-03-02,0.8
2018-03-05,0.4535
2018-03-06,2.3702
2018-03-07,0.0
2018-03-08,0.2205
2018-03-09,11.2211
2018-03-12,-3.1652
2018-03-13,-0.3064
2018-03-14,-0.4098
2018-03-15,-0.6173
2018-03-16,-0.6211
2018-03-19,0.8333
2018-03-20,0.1033
2018-03-21,0.1032
2018-03-22,-4.3299
2018-03-23,-2.0474
2018-03-26,-2.3102
2018-03-27,-4.1667
2018-03-28,-0.3525
2018-03-29,4.1274
2018-04-02,-2.6048
2018-04-03,-0.4651
2018-04-04,0.5841
2018-04-05,1.1614
2018-04-06,-3.7887
2018-04-09,-3.6993
2018-04-10,3.8414
2018-04-11,-0.716
2018-04-12,0.0
2018-04-13,-0.3606
2018-04-16,4.9457
2018-04-17,1.8391
2018-04-18,1.2415
2018-04-19,-2.0067
2018-04-20,-0.7964
2018-04-23,0.8028
2018-04-24,-1.9340000000000002
2018-04-25,0.6961
2018-04-26,-2.8802
2018-04-27,1.0676
2018-04-30,-2.3474
2018-05-01,-0.8413
2018-05-02,2.303
2018-05-03,18.3649
2018-05-04,-2.2022
2018-05-07,0.6141
2018-05-08,1.6277
2018-05-09,0.9009
2018-05-10,2.1825
2018-05-11,5.7282
2018-05-14,-2.4793
2018-05-15,-2.4482
2018-05-16,1.4479
2018-05-17,0.5709
2018-05-18,-1.1353
2018-05-21,5.2632
2018-05-22,-3.3636
2018-05-23,-0.9407
2018-05-24,0.2849
2018-05-25,1.7045
2018-05-29,-0.838
2018-05-30,1.3146
2018-05-31,-0.6487
2018-06-01,1.7724
2018-06-04,-3.2997
2018-06-05,1.1374
2018-06-06,1.0309
2018-06-07,1.2987
2018-06-08,0.7326
2018-06-11,4.0909
2018-06-12,2.4454000000000002
2018-06-13,-3.5806
2018-06-14,-2.0336
2018-06-15,1.444
2018-06-18,0.089
2018-06-19,-3.0222
2018-06-20,3.0247
2018-06-21,-0.8897
2018-06-22,-0.8079
2018-06-25,-7.4208
2018-06-26,-0.5865
2018-06-27,-1.4748999999999999
2018-06-28,-0.2994
2018-06-29,0.6006
2018-07-02,1.2934999999999999
2018-07-03,-0.7859
2018-07-05,1.3860999999999999
2018-07-06,0.4883
2018-07-09,3.5957
2018-07-10,0.7505
2018-07-11,-1.2104
2018-07-12,-0.754
2018-07-13,0.7597
2018-07-16,-2.1678
2018-07-17,0.9634
2018-07-18,2.0992
2018-07-19,1.028
2018-07-20,-1.2951
2018-07-23,1.4058
2018-07-24,-7.024
2018-07-25,-1.3917
2018-07-26,0.7056
2018-07-27,-2.3023
2018-07-30,-3.1762
2018-07-31,3.0688
2018-08-01,-5.5441
2018-08-02,8.587
2018-08-03,-7.8078
2018-08-06,0.9772
2018-08-07,2.5806
2018-08-08,-3.0398
2018-08-09,-2.5946
2018-08-10,1.1099
2018-08-13,-1.9759
2018-08-14,0.224
2018-08-15,-1.7877
2018-08-16,2.1615
2018-08-17,0.2227
2018-08-20,1.1111
2018-08-21,0.8791
2018-08-22,9.8039
2018-08-23,-1.8849
2018-08-24,-2.3256
2018-08-27,0.9317
2018-08-28,0.3077
2018-08-29,0.5112
2018-08-30,-2.238
2018-08-31,-0.4162
2018-09-04,-3.3438
2018-09-05,1.9459
2018-09-06,-1.9088
2018-09-07,0.8649
2018-09-10,2.2508
2018-09-11,-2.8302
2018-09-12,4.5306999999999995
2018-09-13,-1.3416000000000001
2018-09-14,2.3013
2018-09-17,-1.4315
2018-09-18,1.4523
2018-09-19,-1.3292
2018-09-20,-1.4508
2018-09-21,-1.4721
2018-09-24,-1.2807
2018-09-25,-0.3243
2018-09-26,0.2169
2018-09-27,-2.2727
2018-09-28,-0.5537
2018-10-01,-1.4477
2018-10-02,-0.791
2018-10-03,8.3144
2018-10-04,-2.9443
2018-10-05,0.0
2018-10-08,0.6501
2018-10-09,2.4758
2018-10-10,-6.3025
2018-10-11,-2.9148
2018-10-12,-1.0393
2018-10-15,-0.3501
2018-10-16,3.2787
2018-10-17,-0.6803
2018-10-18,-3.9954
2018-10-19,0.1189
2018-10-22,0.3563
2018-10-23,-2.6036
2018-10-24,-7.1689
2018-10-25,3.9267
2018-10-26,-1.6373
2018-10-29,-0.6402
2018-10-30,4.2526
2018-10-31,2.1014
2018-11-01,-25.7869
2018-11-02,-1.3866
2018-11-05,6.3689
2018-11-06,-0.1555
2018-11-07,4.2056000000000004
2018-11-08,3.438
2018-11-09,-13.9451
2018-11-12,0.6717
2018-11-13,-1.9183
2018-11-14,-1.8707
2018-11-15,2.9463
2018-11-16,-2.0202
2018-11-19,3.2646
2018-11-20,-1.4975
2018-11-21,2.3649
2018-11-23,0.8251
2018-11-26,1.6367
2018-11-27,-1.7713
2018-11-28,-0.6557
2018-11-29,-5.6106
2018-11-30,-1.049
2018-12-03,2.4735
2018-12-04,-10.5172
2018-12-06,0.3854
2018-12-07,-1.9194
2018-12-10,-2.9354
2018-12-11,-4.2339
2018-12-12,-3.1579
2018-12-13,-3.6957
2018-12-14,-28.4424
2018-12-17,10.4101
2018-12-18,3.4286
2018-12-19,-0.5525
2018-12-20,-4.1667
2018-12-21,-8.6957
2018-12-24,-6.6667
2018-12-26,-9.5238
2018-12-27,13.9098
2018-12-28,6.2706
2018-12-31,-2.1739
2019-01-02,6.6667
2019-01-03,1.4881
2019-01-04,4.9853
2019-01-07,8.1006
2019-01-08,6.2016
2019-01-09,5.3528
2019-01-10,0.0
2019-01-11,21.2471
2019-01-14,7.619
2019-01-15,0.0
2019-01-16,-1.7699
2019-01-17,2.3423
2019-01-18,3.8731999999999998
2019-01-22,-5.5931999999999995
2019-01-23,1.0772
2019-01-24,0.3552
2019-01-25,2.3009
2019-01-28,0.692
2019-01-29,-1.2027
2019-01-30,3.4783
2019-01-31,4.8739
2019-02-01,2.4038
2019-02-04,3.2864
2019-02-05,3.3333
2019-02-06,1.0264
2019-02-07,-3.0479
2019-02-08,1.0479
2019-02-11,0.7407
2019-02-12,3.9706
2019-02-13,2.9703
2019-02-14,-0.8242
2019-02-15,0.831
2019-02-19,4.9451
2019-02-20,7.3298
2019-02-21,-0.2439
2019-02-22,1.1002
2019-02-25,1.0883
2019-02-26,-2.0335
2019-02-27,-0.4884
2019-02-28,-5.8896
2019-03-01,0.6519
2019-03-04,-1.2953000000000001
2019-03-05,-7.2178
2019-03-06,-6.3649000000000004
2019-03-07,-0.3021
2019-03-08,-1.8182
2019-03-11,4.9383
2019-03-12,3.9706
2019-03-13,1.2730000000000001
2019-03-14,0.1397
2019-03-15,-0.4184
2019-03-18,1.5406
2019-03-19,-6.069
2019-03-20,-4.4053
2019-03-21,2.1505
2019-03-22,0.0
2019-03-25,1.3534
2019-03-26,0.8902
2019-03-27,-1.4706000000000001
2019-03-28,1.791
2019-03-29,-1.9062000000000001
2019-04-01,8.9686
2019-04-02,-0.4115
2019-04-03,-1.3774
2019-04-04,2.6536
2019-04-05,3.2653
2019-04-08,3.5573
2019-04-09,-1.0178
2019-04-10,1.1568
2019-04-11,6.7344
2019-04-12,-2.8571
2019-04-15,-7.4755
2019-04-16,3.4436999999999998
2019-04-17,0.6402
2019-04-18,2.2901
2019-04-22,-1.3682
2019-04-23,1.1349
2019-04-24,2.8678
2019-04-25,-7.8788
2019-04-26,-0.3947
2019-04-29,-2.642
2019-04-30,-7.5984
2019-05-01,-2.9369
2019-05-02,1.9667
2019-05-03,5.9347
2019-05-06,4.0616
2019-05-07,-5.5182
2019-05-08,-17.9487
2019-05-09,-1.0417
2019-05-10,-5.7895
2019-05-13,-8.1937
2019-05-14,8.7221
2019-05-15,1.4925
2019-05-16,1.6543999999999999
2019-05-17,-2.8933
2019-05-20,-1.4898
2019-05-21,-0.7561
2019-05-22,-4.9524
2019-05-23,-5.01
2019-05-24,-0.211
2019-05-28,-0.6342
2019-05-29,-2.3404
2019-05-30,-2.3965
2019-05-31,-4.9107
2019-06-03,-3.7559
2019-06-04,3.1707
2019-06-05,-0.9456
2019-06-06,-4.2959
2019-06-07,-1.2469000000000001
2019-06-10,5.303
2019-06-11,0.7194
2019-06-12,0.2381
2019-06-13,3.5629
2019-06-14,-5.0459
2019-06-17,-1.4493
2019-06-18,2.2059
2019-06-19,-1.6787
2019-06-20,-0.2439
2019-06-21,3.423
2019-06-24,-8.747
2019-06-25,-4.6632
2019-06-26,2.9891
2019-06-27,2.1108
2019-06-28,4.1344
2019-07-01,5.4591
2019-07-02,-7.5294
2019-07-03,0.5089
2019-07-05,-4.3038
2019-07-08,-6.3492
2019-07-09,0.0
2019-07-10,-2.2599
2019-07-11,-2.3121
2019-07-12,8.8757
2019-07-15,-3.8043
2019-07-16,1.9774
2019-07-17,-6.6482
2019-07-18,-5.3412
2019-07-19,1.2539
2019-07-22,1.2384
2019-07-23,0.3058
2019-07-24,2.439
2019-07-25,-3.2738
2019-07-26,3.0769
2019-07-29,-5.0746
2019-07-30,0.0
2019-07-31,2.5157
2019-08-01,-7.6687
2019-08-02,1.9933999999999998
2019-08-05,-2.6059
2019-08-06,3.01
2019-08-07,6.8182
2019-08-08,7.2948
2019-08-09,-24.9292
2019-08-12,0.7547
2019-08-13,0.7491
2019-08-14,-5.2045
2019-08-15,-12.9412
2019-08-16,13.0631
2019-08-19,4.3825
2019-08-20,-3.4351
2019-08-21,-4.7431
2019-08-22,-3.3195
2019-08-23,-5.5794
2019-08-26,-2.2727
2019-08-27,-6.9767
2019-08-28,1.0
2019-08-29,5.9406
2019-08-30,1.8692
2019-09-03,-8.2569
2019-09-04,1.5
2019-09-05,10.3448
2019-09-06,7.1429
2019-09-09,7.5
2019-09-10,34.1085
2019-09-11,27.1676
2019-09-12,2.0455
2019-09-13,2.4499
2019-09-16,-5.6522
2019-09-17,4.6083
2019-09-18,-5.9471
2019-09-19,-5.6206
2019-09-20,-11.6625
2019-09-23,0.5618
2019-09-24,-12.9888
2019-09-25,3.0498
2019-09-26,-8.411200000000001
2019-09-27,3.7415000000000003
2019-09-30,-0.9836
2019-10-01,-3.6424
2019-10-02,-1.0309
2019-10-03,8.3333
2019-10-04,11.859
2019-10-07,-0.8596
2019-10-08,-3.4682
2019-10-09,1.7964
2019-10-10,0.2941
2019-10-11,4.9853
2019-10-14,0.0
2019-10-15,7.8212
2019-10-16,5.4404
2019-10-17,5.6511
2019-10-18,0.0
2019-10-21,5.1163
2019-10-22,-1.5487
2019-10-23,2.2472
2019-10-24,-2.8571
2019-10-25,3.6199
2019-10-28,-0.655
2019-10-29,-3.0769
2019-10-30,-14.059
2019-10-31,-11.6095
2019-11-01,1.791
2019-11-04,25.8065
2019-11-05,-2.331
2019-11-06,0.9547
2019-11-07,4.0189
2019-11-08,-3.1818
2019-11-11,-3.0516
2019-11-12,-7.9902999999999995
2019-11-13,-5.5263
2019-11-14,1.3928
2019-11-15,-0.5495
2019-11-18,-4.4199
2019-11-19,-1.4451
2019-11-20,2.0528
2019-11-21,-3.1609
2019-11-22,-2.9674
2019-11-25,2.1407
2019-11-26,-1.4969999999999999
2019-11-27,5.4711
2019-11-29,0.5764
2019-12-02,-3.4384
2019-12-03,-8.3086
2019-12-04,1.2945
2019-12-05,0.9585
2019-12-06,0.9494
2019-12-09,-4.0752
2019-12-10,-2.9412000000000003
2019-12-11,-1.3468
2019-12-12,-8.532399999999999
2019-12-13,0.3731
2019-12-16,-6.6914
2019-12-17,-0.3984
2019-12-18,4.0
2019-12-19,-5.0
2019-12-20,1.6194
2019-12-23,-5.9761
2019-12-24,-1.6949
2019-12-26,-0.431
2019-12-27,2.5974
2019-12-30,-2.1097
2019-12-31,9.9138
2020-01-02,1.1764999999999999
2020-01-03,-0.3876
2020-01-06,-0.3891
2020-01-07,-0.3906
2020-01-08,-5.4902
2020-01-09,-4.5643
2020-01-10,-0.8696
2020-01-13,4.8246
2020-01-14,16.318
2020-01-15,0.0
2020-01-16,14.7482
2020-01-17,-4.3887
2020-01-21,-11.6393
2020-01-22,-10.3896
2020-01-23,-1.8634
2020-01-24,-6.7511
2020-01-27,-3.1673999999999998
2020-01-28,5.6075
2020-01-29,2.6549
2020-01-30,0.8621
2020-01-31,-3.4188
2020-02-03,-0.885
2020-02-04,13.8393
2020-02-05,9.4118
2020-02-06,-12.5448
2020-02-07,-5.3279
2020-02-10,0.0
2020-02-11,3.0303
2020-02-12,7.563
2020-02-13,-5.4688
2020-02-14,-4.1322
2020-02-18,-1.2931
2020-02-19,1.31
2020-02-20,-1.2931
2020-02-21,-0.8734
2020-02-24,-0.4405
2020-02-25,-6.6372
2020-02-26,-4.7393
2020-02-27,-7.4627
2020-02-28,13.9785
2020-03-02,-6.1321
2020-03-03,-2.0101
2020-03-04,2.5641
2020-03-05,-7.0
2020-03-06,-1.6129
2020-03-09,-10.3825
2020-03-10,7.9268
2020-03-11,-7.3446
2020-03-12,-10.9756
2020-03-13,19.1781
2020-03-16,-13.7931
2020-03-17,35.3333
2020-03-18,-10.3448
2020-03-19,8.7912
2020-03-20,-6.0606
2020-03-23,-7.5269
2020-03-24,8.1395
2020-03-25,-6.4516
2020-03-26,4.5977
2020-03-27,-6.044
2020-03-30,-4.6784
2020-03-31,3.0675
2020-04-01,-8.3333
2020-04-02,-5.1948
2020-04-03,-6.8493
2020-04-06,3.6765
2020-04-07,-3.5461
2020-04-08,0.0
2020-04-09,19.1176
2020-04-13,-4.321
2020-04-14,12.9032
2020-04-15,0.0
2020-04-16,-0.5714
2020-04-17,0.5747
2020-04-20,-3.4286
2020-04-21,-6.5089
2020-04-22,0.6329
2020-04-23,-3.1447
2020-04-24,0.6494
2020-04-27,1.9355
2020-04-28,3.7975
2020-04-29,1.8293
2020-04-30,2.9939999999999998
2020-05-01,-6.3953
2020-05-04,-4.9689
2020-05-05,3.268
2020-05-06,-5.6962
2020-05-07,1.3423
2020-05-08,-0.6623
2020-05-11,-1.3333
2020-05-12,14.8649
2020-05-13,-7.6471
2020-05-14,-2.5478
2020-05-15,-5.2288
2020-05-18,-2.069
2020-05-19,-0.7042
2020-05-20,-0.7092
2020-05-21,0.7143
2020-05-22,-0.7092
2020-05-26,13.5714
2020-05-27,8.805
2020-05-28,-8.6705
2020-05-29,-6.3291
2020-06-01,-3.3784
2020-06-02,4.1958
2020-06-03,12.0805
2020-06-04,5.3892
2020-06-05,17.6136
2020-06-08,14.9758
2020-06-09,-11.1345
2020-06-10,-13.2388
2020-06-11,5.1771
2020-06-12,-4.6632
2020-06-15,-2.1739
2020-06-16,1.6667
2020-06-17,-3.2787
2020-06-18,0.0
2020-06-19,0.565
2020-06-22,-6.1798
2020-06-23,-1.1976
2020-06-24,-5.4545
2020-06-25,0.641
2020-06-26,2.5478
2020-06-29,8.0745
2020-06-30,6.3218
2020-07-01,74.5946
2020-07-02,-5.8824
2020-07-06,-5.2632
2020-07-07,-0.3472
2020-07-08,-11.1498
2020-07-09,14.902
2020-07-10,19.1126
2020-07-13,-13.7536
2020-07-14,0.9967
2020-07-15,1.3158
2020-07-16,10.3896
2020-07-17,5.0
2020-07-20,-27.1709
2020-07-21,4.2308
2020-07-22,-2.583
2020-07-23,-4.5455
2020-07-24,-1.9841
2020-07-27,1.6194
2020-07-28,1.992
2020-07-29,5.4688
2020-07-30,-4.0741
2020-07-31,5.0193
