ticker,BCR US Equity
field,DAY_TO_DAY_TOT_RETURN_GROSS_DVDS
date,
2000-01-03,-3.8914999999999997
2000-01-04,-1.1043
2000-01-05,3.598
2000-01-06,2.1557
2000-01-07,2.5791
2000-01-10,-1.6
2000-01-11,-0.2323
2000-01-12,-1.7462
2000-01-13,1.0664
2000-01-14,-1.8757000000000001
2000-01-18,-4.779
2000-01-19,-1.2547
2000-01-20,-2.0076
2000-01-21,-0.9115
2000-01-24,-3.8108
2000-01-25,2.8689
2000-01-26,-6.5073
2000-01-27,2.2727
2000-01-28,1.3889
2000-01-31,-1.9178
2000-02-01,1.1173
2000-02-02,-0.2762
2000-02-03,1.9391
2000-02-04,-1.2227999999999999
2000-02-07,-2.2008
2000-02-08,-2.9536
2000-02-09,-0.4348
2000-02-10,-3.9301
2000-02-11,-2.1212
2000-02-14,2.322
2000-02-15,0.7564
2000-02-16,-2.5526
2000-02-17,0.9245
2000-02-18,-2.4427
2000-02-22,-1.5649
2000-02-23,-3.0207
2000-02-24,0.3279
2000-02-25,0.3268
2000-02-28,2.2801
2000-02-29,0.6369
2000-03-01,0.4747
2000-03-02,0.4724
2000-03-03,1.8809
2000-03-06,-5.2308
2000-03-07,-8.4416
2000-03-08,0.5319
2000-03-09,5.6437
2000-03-10,-1.6694
2000-03-13,-1.8676
2000-03-14,1.2111
2000-03-15,5.1282
2000-03-16,3.9024
2000-03-17,1.7214
2000-03-20,1.6923
2000-03-21,-0.6051
2000-03-22,-1.3699
2000-03-23,-0.1543
2000-03-24,-1.391
2000-03-27,-0.627
2000-03-28,-1.8927
2000-03-29,-2.4116
2000-03-30,-0.1647
2000-03-31,2.1452
2000-04-03,1.2924
2000-04-04,3.5088
2000-04-05,2.1572
2000-04-06,-1.2066
2000-04-07,-0.1527
2000-04-10,1.3761
2000-04-11,1.81
2000-04-12,1.4815
2000-04-13,0.5839
2000-04-14,-3.193
2000-04-17,-6.4468
2000-04-18,5.7692
2000-04-19,0.303
2000-04-20,-1.0574
2000-04-24,4.1221
2000-04-25,3.9589
2000-04-26,-2.6798
2000-04-27,1.3333
2000-04-28,0.1437
2000-05-01,-0.7174
2000-05-02,-1.8786
2000-05-03,-1.62
2000-05-04,2.0958
2000-05-05,0.8798
2000-05-08,-0.436
2000-05-09,1.7518
2000-05-10,3.4433
2000-05-11,1.6644
2000-05-12,-3.2742
2000-05-15,0.0
2000-05-16,-0.7052
2000-05-17,0.7102
2000-05-18,1.6925
2000-05-19,-2.0804
2000-05-22,1.983
2000-05-23,0.2778
2000-05-24,4.1551
2000-05-25,-3.7234
2000-05-26,-0.4144
2000-05-30,3.19
2000-05-31,-1.8817
2000-06-01,0.5479
2000-06-02,-5.4496
2000-06-05,2.3055
2000-06-06,-1.9718
2000-06-07,-3.0172
2000-06-08,1.037
2000-06-09,3.2258
2000-06-12,-0.5682
2000-06-13,2.5714
2000-06-14,6.6852
2000-06-15,-0.5222
2000-06-16,-1.8373
2000-06-19,0.0
2000-06-20,2.9412000000000003
2000-06-21,0.1299
2000-06-22,1.4267
2000-06-23,-1.4066
2000-06-26,1.4267
2000-06-27,5.3708
2000-06-28,0.6903
2000-06-29,-7.194
2000-06-30,0.0325
2000-07-03,1.2658
2000-07-05,0.5128
2000-07-06,-0.3827
2000-07-07,2.6889
2000-07-10,0.9975
2000-07-11,-0.1235
2000-07-12,1.6069
2000-07-13,-1.4599
2000-07-14,-1.7284000000000002
2000-07-17,0.2513
2000-07-18,-1.8797000000000001
2000-07-19,0.3831
2000-07-20,-1.7354
2000-07-21,0.0
2000-07-24,1.3004
2000-07-25,-0.7702
2000-07-26,3.2342
2000-07-27,1.5038
2000-07-28,-0.3704
2000-07-31,-0.7435
2000-08-01,1.8727
2000-08-02,-0.4902
2000-08-03,-0.6158
2000-08-04,0.6196
2000-08-07,-0.7389
2000-08-08,-0.6203
2000-08-09,-3.2459
2000-08-10,7.6129
2000-08-11,-1.3189
2000-08-14,0.9721
2000-08-15,-2.2864
2000-08-16,0.8005
2000-08-17,-0.4276
2000-08-18,-2.9448
2000-08-21,2.2756
2000-08-22,-1.1125
2000-08-23,-0.125
2000-08-24,0.0
2000-08-25,-2.378
2000-08-28,0.2564
2000-08-29,-1.023
2000-08-30,1.0336
2000-08-31,-0.1279
2000-09-01,-1.2804
2000-09-05,-2.3346
2000-09-06,-3.6521
2000-09-07,-0.7581
2000-09-08,-6.6667
2000-09-11,5.506
2000-09-12,0.9873
2000-09-13,-0.419
2000-09-14,-1.1219999999999999
2000-09-15,-1.4184
2000-09-18,0.4317
2000-09-19,-2.6504
2000-09-20,-0.6623
2000-09-21,1.9259
2000-09-22,1.7442
2000-09-25,-2.8571
2000-09-26,-0.7353
2000-09-27,-4.7407
2000-09-28,4.0435
2000-09-29,0.9716
2000-10-02,-2.5907
2000-10-03,0.152
2000-10-04,-1.0622
2000-10-05,2.454
2000-10-06,0.2994
2000-10-09,-0.8955
2000-10-10,0.753
2000-10-11,0.8969
2000-10-12,-0.8889
2000-10-13,-0.5979
2000-10-16,1.203
2000-10-17,-0.8915
2000-10-18,1.1994
2000-10-19,-2.317
2000-10-20,0.4573
2000-10-23,-0.3035
2000-10-24,1.2177
2000-10-25,0.1504
2000-10-26,0.7508
2000-10-27,-0.7452
2000-10-30,0.7508
2000-10-31,-0.149
2000-11-01,1.6418
2000-11-02,1.0279
2000-11-03,1.4535
2000-11-06,1.1461000000000001
2000-11-07,-0.4249
2000-11-08,2.5605
2000-11-09,0.8322
2000-11-10,0.1376
2000-11-13,-1.0989
2000-11-14,-0.4167
2000-11-15,0.1395
2000-11-16,3.0641
2000-11-17,1.2162
2000-11-20,0.6676
2000-11-21,1.1936
2000-11-22,-0.7864
2000-11-24,-0.1321
2000-11-27,0.3968
2000-11-28,0.1318
2000-11-29,1.7105000000000001
2000-11-30,1.9405000000000001
2000-12-01,-1.6497000000000002
2000-12-04,0.9032
2000-12-05,1.1509
2000-12-06,-2.7813
2000-12-07,0.3901
2000-12-08,1.1658
2000-12-11,0.2561
2000-12-12,0.3831
2000-12-13,1.2723
2000-12-14,-0.7538
2000-12-15,-1.8987
2000-12-18,0.6452
2000-12-19,-0.7692
2000-12-20,-1.8088
2000-12-21,-3.4211
2000-12-22,-2.9973
2000-12-26,1.5449000000000002
2000-12-27,1.1065
2000-12-28,2.8728
2000-12-29,-0.9309
2001-01-02,-1.2081
2001-01-03,-0.4076
2001-01-04,-3.9563
2001-01-05,-2.4148
2001-01-08,0.1456
2001-01-09,1.1628
2001-01-10,-1.2931
2001-01-11,0.1456
2001-01-12,-0.436
2001-01-16,1.7518
2001-01-17,-0.7174
2001-01-18,2.0751
2001-01-19,-1.5647
2001-01-22,2.3121
2001-01-23,0.9887
2001-01-24,0.979
2001-01-25,2.3546
2001-01-26,2.3004
2001-01-29,-1.545
2001-01-30,1.1393
2001-01-31,-1.7216
2001-02-01,-1.0597
2001-02-02,-0.0437
2001-02-05,0.9403
2001-02-06,-0.325
2001-02-07,0.413
2001-02-08,-0.8658
2001-02-09,-1.2009
2001-02-12,0.0884
2001-02-13,-1.8326
2001-02-14,-1.0346
2001-02-15,3.7045
2001-02-16,-1.9066
2001-02-20,1.5415999999999999
2001-02-21,-1.7382
2001-02-22,-0.7613
2001-02-23,0.361
2001-02-26,0.9218
2001-02-27,0.6906
2001-02-28,-1.8363
2001-03-01,-0.1127
2001-03-02,0.2482
2001-03-05,1.6205
2001-03-06,-1.1517
2001-03-07,-2.2631
2001-03-08,1.8569
2001-03-09,0.135
2001-03-12,-2.5399000000000003
2001-03-13,0.8533
2001-03-14,-0.686
2001-03-15,-0.0691
2001-03-16,-0.6682
2001-03-19,0.4407
2001-03-20,3.0716
2001-03-21,-4.6381
2001-03-22,-0.7519
2001-03-23,-0.0947
2001-03-26,0.7346
2001-03-27,1.0115
2001-03-28,2.6083
2001-03-29,2.6328
2001-03-30,0.3981
2001-04-02,-2.7313
2001-04-03,-3.6005000000000003
2001-04-04,5.2384
2001-04-05,0.9821
2001-04-06,-0.9726
2001-04-09,-0.692
2001-04-10,-0.5844
2001-04-11,-0.8591
2001-04-12,-0.3421
2001-04-16,0.1144
2001-04-17,-0.5943
2001-04-18,-0.6668
2001-04-19,-0.8796
2001-04-20,-1.6815
2001-04-23,-0.1188
2001-04-24,-0.1427
2001-04-25,1.3336999999999999
2001-04-26,0.47
2001-04-27,1.8571
2001-04-30,1.5694
2001-05-01,0.2272
2001-05-02,-0.0907
2001-05-03,-0.7261
2001-05-04,0.3657
2001-05-07,0.6377
2001-05-08,-0.8147
2001-05-09,-0.0456
2001-05-10,0.2739
2001-05-11,0.3642
2001-05-14,-0.1814
2001-05-15,0.2954
2001-05-16,1.4046
2001-05-17,1.05
2001-05-18,-1.1055
2001-05-21,0.9837
2001-05-22,0.4649
2001-05-23,-0.3967
2001-05-24,0.7743
2001-05-25,-0.2195
2001-05-29,1.2101
2001-05-30,21.9348
2001-05-31,0.6418
2001-06-01,-0.2834
2001-06-04,0.4086
2001-06-05,0.4246
2001-06-06,0.4581
2001-06-07,-0.2806
2001-06-08,-0.9849
2001-06-11,-0.3552
2001-06-12,0.107
2001-06-13,-0.089
2001-06-14,-0.2139
2001-06-15,-0.0536
2001-06-18,-0.1251
2001-06-19,0.0358
2001-06-20,-0.0358
2001-06-21,0.5368
2001-06-22,-0.9432
2001-06-25,-0.2875
2001-06-26,0.6306
2001-06-27,2.1486
2001-06-28,-0.0701
2001-06-29,-0.1052
2001-07-02,0.9306
2001-07-03,0.0
2001-07-05,0.0
2001-07-06,-0.174
2001-07-09,0.3137
2001-07-10,-0.4517
2001-07-11,-1.3961999999999999
2001-07-12,0.7965
2001-07-13,0.6146
2001-07-16,-0.9773
2001-07-17,1.8681999999999999
2001-07-18,0.7093
2001-07-19,0.2577
2001-07-20,0.172
2001-07-23,-0.1717
2001-07-24,-1.1006
2001-07-25,1.0259
2001-07-26,0.7745
2001-07-27,0.8027
2001-07-30,-0.1525
2001-07-31,0.3733
2001-08-01,0.0845
2001-08-02,-0.6588
2001-08-03,0.7822
2001-08-06,-0.8436
2001-08-07,0.9018
2001-08-08,-0.5059
2001-08-09,0.661
2001-08-10,0.6567
2001-08-13,-0.3346
2001-08-14,-1.2756
2001-08-15,-0.051
2001-08-16,0.2551
2001-08-17,-0.6617
2001-08-20,0.2733
2001-08-21,-0.6983
2001-08-22,0.446
2001-08-23,-0.8197
2001-08-24,2.4449
2001-08-27,0.4538
2001-08-28,-2.2587
2001-08-29,0.2225
2001-08-30,-1.3151
2001-08-31,0.1211
2001-09-04,-2.5929
2001-09-05,-1.1535
2001-09-06,-2.7289
2001-09-07,-4.0236
2001-09-10,1.9038
2001-09-17,-5.9823
2001-09-18,0.3212
2001-09-19,-3.9616
2001-09-20,-5.625
2001-09-21,-0.4415
2001-09-24,6.9401
2001-09-25,2.1149
2001-09-26,-1.1168
2001-09-27,2.4846
2001-09-28,3.0054
2001-10-01,-1.5367
2001-10-02,1.3631
2001-10-03,2.0269
2001-10-04,1.5091
2001-10-05,0.0188
2001-10-08,-1.7873999999999999
2001-10-09,-0.0766
2001-10-10,0.7285
2001-10-11,2.1507
2001-10-12,0.0559
2001-10-15,1.2477
2001-10-16,0.4046
2001-10-17,-0.7327
2001-10-18,1.8822999999999999
2001-10-19,-0.7273
2001-10-22,1.2821
2001-10-23,-1.085
2001-10-24,1.3163
2001-10-25,1.6781000000000001
2001-10-26,0.2662
2001-10-29,-2.4602
2001-10-30,-1.5787
2001-10-31,1.2168
2001-11-01,2.3679
2001-11-02,2.331
2001-11-05,0.5912
2001-11-06,1.21
2001-11-07,1.6225
2001-11-08,1.3445
2001-11-09,0.796
2001-11-12,-0.2797
2001-11-13,2.5408
2001-11-14,1.9790999999999999
2001-11-15,-5.7274
2001-11-16,-3.2636
2001-11-19,3.7197
2001-11-20,-0.6172
2001-11-21,-0.6378
2001-11-23,0.8446
2001-11-26,2.5126
2001-11-27,3.5131
2001-11-28,-2.0521
2001-11-29,0.967
2001-11-30,0.6864
2001-12-03,-1.078
2001-12-04,2.4038
2001-12-05,0.9546
2001-12-06,-0.8681
2001-12-07,-1.8608
2001-12-10,-2.0554
2001-12-11,-0.5206
2001-12-12,-1.7170999999999998
2001-12-13,-2.3295
2001-12-14,0.6814
2001-12-17,1.5228000000000002
2001-12-18,0.5
2001-12-19,2.1559
2001-12-20,0.5519
2001-12-21,3.3258
2001-12-24,-1.2187999999999999
2001-12-26,1.1072
2001-12-27,-0.0313
2001-12-28,0.7825
2001-12-31,0.1553
2002-01-02,-3.0853
2002-01-03,-4.4793
2002-01-04,-0.1842
2002-01-07,0.6376
2002-01-08,0.6169
2002-01-09,-0.8285
2002-01-10,1.3534
2002-01-11,-8.1767
2002-01-14,3.86
2002-01-15,-8.9542
2002-01-16,-1.2530999999999999
2002-01-17,-4.2471
2002-01-18,3.4274
2002-01-22,1.5789
2002-01-23,-3.6653000000000002
2002-01-24,-0.8964
2002-01-25,1.6280999999999999
2002-01-28,-4.0546
2002-01-29,-4.6588
2002-01-30,2.9189
2002-01-31,3.0462
2002-02-01,2.5892
2002-02-04,-0.6359
2002-02-05,-0.2
2002-02-06,0.2004
2002-02-07,4.48
2002-02-08,2.2205
2002-02-11,-0.4682
2002-02-12,0.4704
2002-02-13,-0.0936
2002-02-14,-0.9185
2002-02-15,0.0568
2002-02-19,-0.5483
2002-02-20,0.1901
2002-02-21,-2.0873
2002-02-22,-0.3876
2002-02-25,1.7315
2002-02-26,2.161
2002-02-27,0.9921
2002-02-28,0.8341
2002-03-01,0.6434
2002-03-04,0.4566
2002-03-05,0.5091
2002-03-06,0.2171
2002-03-07,-0.343
2002-03-08,-0.1811
2002-03-11,0.0181
2002-03-12,1.4877
2002-03-13,0.2681
2002-03-14,0.4814
2002-03-15,1.3485
2002-03-18,0.3151
2002-03-19,-0.5236
2002-03-20,-0.0877
2002-03-21,0.7024
2002-03-22,0.4359
2002-03-25,-2.2396
2002-03-26,1.2254
2002-03-27,2.193
2002-03-28,1.3734
2002-04-01,-0.0847
2002-04-02,0.1356
2002-04-03,-0.8125
2002-04-04,-0.1706
2002-04-05,-1.0256
2002-04-08,-0.2591
2002-04-09,-0.6926
2002-04-10,-0.1744
2002-04-11,-0.8734
2002-04-12,0.4405
2002-04-15,0.1053
2002-04-16,-0.4381
2002-04-17,2.7988
2002-04-18,-0.5822
2002-04-19,-2.2563
2002-04-22,0.6872
2002-04-23,0.0
2002-04-24,0.2275
2002-04-25,-0.7159
2002-04-26,-2.7714
2002-04-29,-1.3798
2002-04-30,1.1414
2002-05-01,0.6007
2002-05-02,0.5609
2002-05-03,-1.9431
2002-05-06,1.0642
2002-05-07,-1.8519
2002-05-08,0.6289
2002-05-09,0.8088
2002-05-10,-1.167
2002-05-13,-0.5535
2002-05-14,-1.6698
2002-05-15,0.0
2002-05-16,0.0
2002-05-17,2.6414999999999997
2002-05-20,-0.7169
2002-05-21,-0.1111
2002-05-22,-0.0741
2002-05-23,1.4283000000000001
2002-05-24,0.0366
2002-05-28,0.4753
2002-05-29,0.0
2002-05-30,1.3646
2002-05-31,-1.095
2002-06-03,-0.5445
2002-06-04,-1.0949
2002-06-05,1.6604999999999999
2002-06-06,-0.1452
2002-06-07,0.9633
2002-06-10,0.7741
2002-06-11,-2.2687
2002-06-12,-2.8514
2002-06-13,3.1044
2002-06-14,-0.5839
2002-06-17,0.9545
2002-06-18,1.6909
2002-06-19,0.2324
2002-06-20,-0.6422
2002-06-21,0.1975
2002-06-24,-0.5196
2002-06-25,-1.6571
2002-06-26,-1.0989
2002-06-27,1.9074
2002-06-28,2.8166
2002-07-01,-1.4139
2002-07-02,-2.6712
2002-07-03,-1.1604
2002-07-05,2.2922000000000002
2002-07-08,-0.7287
2002-07-09,-2.3858
2002-07-10,-3.1773
2002-07-11,-2.6214
2002-07-12,0.658
2002-07-15,-3.5063
2002-07-16,2.6483
2002-07-17,0.8
2002-07-18,-1.0714
2002-07-19,-2.1555
2002-07-22,-1.1736
2002-07-23,-3.5417
2002-07-24,7.8834
2002-07-25,0.0
2002-07-26,1.7618
2002-07-29,4.2691
2002-07-30,0.0755
2002-07-31,1.9419
2002-08-01,-1.4241
2002-08-02,0.3752
2002-08-05,-0.8785
2002-08-06,0.9806
2002-08-07,2.4276
2002-08-08,2.8077
2002-08-09,0.0177
2002-08-12,0.8865
2002-08-13,-2.6362
2002-08-14,0.5415
2002-08-15,-0.6463
2002-08-16,-1.807
2002-08-19,0.9937
2002-08-20,-1.7675
2002-08-21,0.1298
2002-08-22,-0.4261
2002-08-23,1.3953
2002-08-26,-0.1835
2002-08-27,-1.1029
2002-08-28,0.0186
2002-08-29,1.1894
2002-08-30,0.5326
2002-09-03,-1.0778
2002-09-04,0.3693
2002-09-05,0.5336
2002-09-06,-0.0549
2002-09-09,0.7325
2002-09-10,0.709
2002-09-11,1.083
2002-09-12,-1.625
2002-09-13,0.1271
2002-09-16,0.8883
2002-09-17,-2.2462
2002-09-18,-0.9191
2002-09-19,0.3711
2002-09-20,0.3697
2002-09-23,-1.3075999999999999
2002-09-24,0.3919
2002-09-25,0.0372
2002-09-26,0.7246
2002-09-27,0.166
2002-09-30,0.6077
2002-10-01,0.0366
2002-10-02,-1.4822
2002-10-03,0.0929
2002-10-04,-0.6866
2002-10-07,-1.1211
2002-10-08,-2.3054
2002-10-09,-2.6499
2002-10-10,4.3314
2002-10-11,1.8854
2002-10-14,1.3084
2002-10-15,-2.3432
2002-10-16,0.6046
2002-10-17,1.446
2002-10-18,2.6208
2002-10-21,1.1773
2002-10-22,-1.0025
2002-10-23,0.1266
2002-10-24,-1.0656
2002-10-25,2.3914
2002-10-28,-0.4457
2002-10-29,0.7701
2002-10-30,0.5865
2002-10-31,-1.1837
2002-11-01,1.9131
2002-11-04,1.7544
2002-11-05,0.2069
2002-11-06,0.9119
2002-11-07,-2.7279999999999998
2002-11-08,0.0876
2002-11-11,-0.5254
2002-11-12,0.757
2002-11-13,-0.0524
2002-11-14,-1.7483
2002-11-15,2.2598
2002-11-18,0.8526
2002-11-19,-0.5176
2002-11-20,0.8498
2002-11-21,1.2382
2002-11-22,0.4077
2002-11-25,-3.8234
2002-11-26,-0.5277
2002-11-27,-0.8842
2002-11-29,-0.9813
2002-12-02,-0.1441
2002-12-03,0.9563
2002-12-04,0.8579
2002-12-05,0.8329
2002-12-06,0.4394
2002-12-09,-0.8924
2002-12-10,-0.4944
2002-12-11,1.7743
2002-12-12,-0.2092
2002-12-13,-0.7687
2002-12-16,1.6724999999999999
2002-12-17,0.1385
2002-12-18,-0.3458
2002-12-19,-0.5032
2002-12-20,2.4765
2002-12-23,1.2253
2002-12-24,-2.2865
2002-12-26,-0.8775
2002-12-27,-1.8052000000000001
2002-12-30,1.6086
2002-12-31,0.9047
2003-01-02,2.4138
2003-01-03,-0.1684
2003-01-06,-0.86
2003-01-07,-1.4798
2003-01-08,-1.5366
2003-01-09,1.7008999999999999
2003-01-10,0.8621
2003-01-13,-0.8718
2003-01-14,1.552
2003-01-15,-2.3603
2003-01-16,-1.2919
2003-01-17,0.4599
2003-01-21,-1.1444
2003-01-22,-0.4452
2003-01-23,0.8587
2003-01-24,-2.7669
2003-01-27,0.2189
2003-01-28,1.1285
2003-01-29,1.7459
2003-01-30,-0.9376
2003-01-31,1.2143
2003-02-03,-1.4466999999999999
2003-02-04,-0.7877
2003-02-05,0.812
2003-02-06,0.2506
2003-02-07,-0.1964
2003-02-10,0.7156
2003-02-11,-0.4973
2003-02-12,-0.4998
2003-02-13,-0.9688
2003-02-14,0.5797
2003-02-18,1.8912
2003-02-19,-0.9192
2003-02-20,1.463
2003-02-21,1.7056
2003-02-24,-0.9336
2003-02-25,1.5880999999999998
2003-02-26,-0.5326
2003-02-27,1.2435
2003-02-28,0.8188
2003-03-03,-1.5228000000000002
2003-03-04,0.6873
2003-03-05,1.6724
2003-03-06,-0.5539
2003-03-07,-0.2194
2003-03-10,0.5751
2003-03-11,-1.4295
2003-03-12,-0.9896
2003-03-13,1.4303
2003-03-14,-0.7815
2003-03-17,2.2945
2003-03-18,2.1928
2003-03-19,0.5733
2003-03-20,1.5472000000000001
2003-03-21,1.9407
2003-03-24,-2.0453
2003-03-25,-0.6264
2003-03-26,0.6465
2003-03-27,1.6059
2003-03-28,-0.1897
2003-03-31,-0.1425
2003-04-01,0.6977
2003-04-02,0.6142
2003-04-03,-0.4539
2003-04-04,-1.1478
2003-04-07,-1.2884
2003-04-08,0.0483
2003-04-09,-0.145
2003-04-10,2.0968
2003-04-11,-1.5956000000000001
2003-04-14,0.3532
2003-04-15,-0.9758
2003-04-16,-2.8595
2003-04-17,1.7795
2003-04-21,0.4902
2003-04-22,1.3008
2003-04-23,0.8668
2003-04-24,-0.923
2003-04-25,0.6286
2003-04-28,1.3615
2003-04-29,0.7111
2003-04-30,-0.5492
2003-05-01,0.0947
2003-05-02,-0.8197
2003-05-05,-0.5086
2003-05-06,-0.0479
2003-05-07,0.0479
2003-05-08,-1.4537
2003-05-09,2.7557
2003-05-12,3.092
2003-05-13,-0.8416
2003-05-14,0.4938
2003-05-15,1.1057
2003-05-16,2.096
2003-05-19,-1.8298
2003-05-20,-0.7577
2003-05-21,2.55
2003-05-22,2.7993
2003-05-23,-0.7966
2003-05-27,-0.7008
2003-05-28,-1.1616
2003-05-29,0.4165
2003-05-30,3.9259
2003-06-02,1.0121
2003-06-03,-1.4959
2003-06-04,2.192
2003-06-05,0.5608
2003-06-06,-0.2231
2003-06-09,-1.3274
2003-06-10,0.1841
2003-06-11,2.5300000000000002
2003-06-12,0.3722
2003-06-13,-0.4258
2003-06-16,0.0276
2003-06-17,-1.1721
2003-06-18,-0.4325
2003-06-19,-0.2663
2003-06-20,-0.3091
2003-06-23,-3.2417
2003-06-24,2.185
2003-06-25,0.3564
2003-06-26,1.875
2003-06-27,-0.6274
2003-06-30,0.0561
2003-07-01,-0.014
2003-07-02,1.8233000000000001
2003-07-03,-0.7438
2003-07-07,-0.2914
2003-07-08,0.2505
2003-07-09,-1.2356
2003-07-10,-2.4178
2003-07-11,0.2161
2003-07-14,1.0349
2003-07-15,-0.7825
2003-07-16,-1.9501
2003-07-17,1.3162
2003-07-18,1.0138
2003-07-21,-1.6918
2003-07-22,0.7
2003-07-23,1.231
2003-07-24,0.2003
2003-07-25,1.2136
2003-07-28,-1.7492
2003-07-29,0.2154
2003-07-30,-1.5043
2003-07-31,-0.2764
2003-08-01,-0.846
2003-08-04,-0.0736
2003-08-05,-0.6919
2003-08-06,1.0673
2003-08-07,0.7627
2003-08-08,0.1456
2003-08-11,0.1453
2003-08-12,0.1306
2003-08-13,-0.3624
2003-08-14,0.3637
2003-08-15,-0.1884
2003-08-18,1.307
2003-08-19,-0.1147
2003-08-20,-0.5597
2003-08-21,-0.1155
2003-08-22,-2.4129
2003-08-25,-0.2961
2003-08-26,0.401
2003-08-27,-0.3993
2003-08-28,-0.1485
2003-08-29,-0.3569
2003-09-02,1.5074999999999998
2003-09-03,0.25
2003-09-04,0.44
2003-09-05,-0.8032
2003-09-08,1.0599
2003-09-09,-0.6118
2003-09-10,0.3811
2003-09-11,0.0876
2003-09-12,1.1087
2003-09-15,0.3463
2003-09-16,1.7254
2003-09-17,-0.1131
2003-09-18,1.9243999999999999
2003-09-19,0.0278
2003-09-22,-0.9299
2003-09-23,1.2328000000000001
2003-09-24,-0.9826
2003-09-25,-0.6848
2003-09-26,-0.7881
2003-09-29,1.3617
2003-09-30,-0.6437
2003-10-01,0.2113
2003-10-02,0.5481
2003-10-03,0.5172
2003-10-06,-0.2364
2003-10-07,1.1291
2003-10-08,-1.1027
2003-10-09,1.1568
2003-10-10,0.0413
2003-10-13,0.2479
2003-10-14,0.6869
2003-10-15,0.0136
2003-10-16,5.1296
2003-10-17,1.8352
2003-10-20,1.227
2003-10-21,-0.4293
2003-10-22,-0.0761
2003-10-23,0.0254
2003-10-24,0.6344
2003-10-27,-1.0464
2003-10-28,0.9428
2003-10-29,0.7573
2003-10-30,-0.7265
2003-10-31,1.0095
2003-11-03,-0.5621
2003-11-04,-1.3819
2003-11-05,0.0
2003-11-06,-0.3949
2003-11-07,-1.0871
2003-11-10,-0.9697
2003-11-11,0.2872
2003-11-12,0.6249
2003-11-13,0.621
2003-11-14,-1.2473
2003-11-17,0.0781
2003-11-18,-1.1059
2003-11-19,-0.671
2003-11-20,-0.9536
2003-11-21,-0.575
2003-11-24,1.5467
2003-11-25,0.2252
2003-11-26,0.1718
2003-11-28,-0.2639
2003-12-01,1.5211999999999999
2003-12-02,0.7818
2003-12-03,0.1293
2003-12-04,-0.2195
2003-12-05,0.0
2003-12-08,1.8504
2003-12-09,0.4701
2003-12-10,-1.4163000000000001
2003-12-11,0.6029
2003-12-12,0.3315
2003-12-15,-1.0039
2003-12-16,-0.7831
2003-12-17,2.6394
2003-12-18,0.6555
2003-12-19,1.5905
2003-12-22,-1.3807
2003-12-23,0.45
2003-12-24,0.2987
2003-12-26,-0.0248
2003-12-29,0.4344
2003-12-30,-0.0124
2003-12-31,0.4078
2004-01-02,0.3815
2004-01-05,-0.5395
2004-01-06,-0.8876
2004-01-07,1.592
2004-01-08,1.3834
2004-01-09,1.3646
2004-01-12,0.3693
2004-01-13,0.997
2004-01-14,0.3526
2004-01-15,0.7868
2004-01-16,1.4797
2004-01-20,2.101
2004-01-21,-0.6522
2004-01-22,0.3622
2004-01-23,-0.203
2004-01-26,1.5594999999999999
2004-01-27,-0.7566
2004-01-28,-1.1661
2004-01-29,5.502
2004-01-30,1.2903
2004-02-02,-0.7431
2004-02-03,0.6738
2004-02-04,-0.1806
2004-02-05,-1.0324
2004-02-06,-0.0968
2004-02-09,-0.4844
2004-02-10,0.4651
2004-02-11,0.7106
2004-02-12,0.8232
2004-02-13,0.5408
2004-02-17,0.1371
2004-02-18,-0.9163
2004-02-19,-0.4783
2004-02-20,-0.7797
2004-02-23,-0.9688
2004-02-24,-0.087
2004-02-25,0.0326
2004-02-26,0.6308
2004-02-27,2.0102
2004-03-01,3.0406
2004-03-02,-1.9226999999999999
2004-03-03,-0.7967
2004-03-04,-0.6658
2004-03-05,0.7021
2004-03-08,-0.6761
2004-03-09,0.7445
2004-03-10,2.2698
2004-03-11,-2.4879
2004-03-12,-0.4764
2004-03-15,0.1276
2004-03-16,0.1806
2004-03-17,1.5800999999999998
2004-03-18,-1.3363
2004-03-19,-0.0741
2004-03-22,-1.1118
2004-03-23,0.6746
2004-03-24,-0.9679
2004-03-25,0.7948
2004-03-26,-0.3942
2004-03-29,1.027
2004-03-30,2.1072
2004-03-31,1.2548
2004-04-01,0.3687
2004-04-02,0.2551
2004-04-05,0.5089
2004-04-06,0.3139
2004-04-07,-0.5653
2004-04-08,-0.4365
2004-04-12,-0.3263
2004-04-13,-0.3683
2004-04-14,-0.7598
2004-04-15,2.059
2004-04-16,0.365
2004-04-19,-0.202
2004-04-20,1.4676
2004-04-21,8.5087
2004-04-22,1.6823000000000001
2004-04-23,-0.452
2004-04-26,0.8083
2004-04-27,-0.8649
2004-04-28,-3.217
2004-04-29,0.2441
2004-04-30,-0.2441
2004-05-03,0.8469
2004-05-04,0.028
2004-05-05,1.6884000000000001
2004-05-06,-1.165
2004-05-07,-1.1509
2004-05-10,-0.8169
2004-05-11,0.9751
2004-05-12,0.5063
2004-05-13,-0.8862
2004-05-14,1.7128999999999999
2004-05-17,0.4071
2004-05-18,-0.6635
2004-05-19,-0.2227
2004-05-20,2.278
2004-05-21,-0.4818
2004-05-24,0.4842
2004-05-25,-0.3818
2004-05-26,1.1316
2004-05-27,1.1280000000000001
2004-05-28,0.0892
2004-06-01,1.9346
2004-06-02,-0.035
2004-06-03,0.6299
2004-06-04,-1.4954
2004-06-07,0.9885
2004-06-08,-0.2447
2004-06-09,-0.8236
2004-06-10,1.0601
2004-06-14,0.2098
2004-06-15,-0.0349
2004-06-16,-0.349
2004-06-17,0.9282
2004-06-18,-0.295
2004-06-21,-0.7658
2004-06-22,1.0347
2004-06-23,-1.5622
2004-06-24,-2.2395
2004-06-25,-1.2446
2004-06-28,2.7763
2004-06-29,0.2843
2004-06-30,0.3899
2004-07-01,-0.9003
2004-07-02,-0.3741
2004-07-06,-0.1252
2004-07-07,1.0204
2004-07-08,-1.8253
2004-07-09,-1.2094
2004-07-12,0.9136
2004-07-13,-0.7242
2004-07-14,0.1094
2004-07-15,0.8745
2004-07-16,-2.2756
2004-07-19,-2.8461
2004-07-20,0.7609
2004-07-21,2.7563
2004-07-22,1.2126000000000001
2004-07-23,-0.382
2004-07-26,-1.3879000000000001
2004-07-27,1.8704
2004-07-28,-0.5999
2004-07-29,-1.2619
2004-07-30,2.2412
2004-08-02,-0.2899
2004-08-03,-1.1083
2004-08-04,-0.8819
2004-08-05,-3.1325
2004-08-06,-0.9759
2004-08-09,0.7923
2004-08-10,0.9394
2004-08-11,0.2849
2004-08-12,-1.2879
2004-08-13,-1.0169
2004-08-16,0.6397
2004-08-17,1.2711999999999999
2004-08-18,1.8828
2004-08-19,0.2427
2004-08-20,2.2719
2004-08-23,-1.4567
2004-08-24,0.3141
2004-08-25,0.5894
2004-08-26,0.6043
2004-08-27,0.6007
2004-08-30,-0.6152
2004-08-31,2.13
2004-09-01,0.1783
2004-09-02,0.694
2004-09-03,0.3888
2004-09-07,-0.2112
2004-09-08,0.7585
2004-09-09,-0.4377
2004-09-10,-0.1934
2004-09-13,0.0352
2004-09-14,0.3875
2004-09-15,-0.8772
2004-09-16,0.8673
2004-09-17,-0.2983
2004-09-20,0.1408
2004-09-21,0.0351
2004-09-22,-1.1771
2004-09-23,-0.1778
2004-09-24,0.1781
2004-09-27,-1.12
2004-09-28,1.0608
2004-09-29,1.4054
2004-09-30,-0.6491
2004-10-01,-0.671
2004-10-04,0.3911
2004-10-05,-1.3636
2004-10-06,-1.7953000000000001
2004-10-07,-1.0603
2004-10-08,-2.2173
2004-10-11,-1.2661
2004-10-12,2.89
2004-10-13,-0.7812
2004-10-14,0.0
2004-10-15,-0.4312
2004-10-18,-0.3954
2004-10-19,-1.0775
2004-10-20,7.9496
2004-10-21,-0.6727
2004-10-22,-1.4288
2004-10-25,-0.5798
2004-10-26,2.1323
2004-10-27,1.6952
2004-10-28,-1.2634
2004-10-29,0.9419
2004-11-01,-0.1761
2004-11-02,0.7937
2004-11-03,1.5923
2004-11-04,0.6545
2004-11-05,0.2738
2004-11-08,-0.0683
2004-11-09,-0.1537
2004-11-10,0.171
2004-11-11,2.1683
2004-11-12,-0.234
2004-11-15,-0.1675
2004-11-16,0.4195
2004-11-17,-0.6516
2004-11-18,0.0673
2004-11-19,-0.084
2004-11-22,1.413
2004-11-23,-0.1161
2004-11-24,0.1661
2004-11-26,-0.5139
2004-11-29,-0.1833
2004-11-30,0.0167
2004-12-01,0.3839
2004-12-02,1.0309
2004-12-03,-2.0737
2004-12-06,-1.395
2004-12-07,0.9886
2004-12-08,0.6582
2004-12-09,0.8216
2004-12-10,0.765
2004-12-13,-0.5116
2004-12-14,0.2654
2004-12-15,-0.3971
2004-12-16,6.2957
2004-12-17,-0.1406
2004-12-20,-0.579
2004-12-21,0.5981
2004-12-22,1.0483
2004-12-23,-0.4955
2004-12-27,-0.996
2004-12-28,0.9745
2004-12-29,-0.0778
2004-12-30,-0.1714
2004-12-31,-0.1561
2005-01-03,1.3911
2005-01-04,-0.4316
2005-01-05,-1.347
2005-01-06,-0.1883
2005-01-07,0.2044
2005-01-10,-1.6162
2005-01-11,0.1595
2005-01-12,2.9777
2005-01-13,-0.0773
2005-01-14,1.532
2005-01-18,1.3565
2005-01-19,0.0752
2005-01-20,-0.6461
2005-01-21,0.3788
2005-01-24,-1.5245
2005-01-25,-0.9197
2005-01-26,1.7327
2005-01-27,2.3723
2005-01-28,-1.3072
2005-01-31,2.047
2005-02-01,2.2566
2005-02-02,0.5048
2005-02-03,1.3921000000000001
2005-02-04,-1.0333
2005-02-07,-0.9582
2005-02-08,0.3466
2005-02-09,-1.3383
2005-02-10,-0.248
2005-02-11,1.1259000000000001
2005-02-14,-1.1278
2005-02-15,0.0
2005-02-16,-0.1901
2005-02-17,0.0147
2005-02-18,-0.8936
2005-02-22,-0.1774
2005-02-23,0.5775
2005-02-24,0.265
2005-02-25,-0.4993
2005-02-28,-1.8595000000000002
2005-03-01,1.7744
2005-03-02,0.2069
2005-03-03,-1.7399
2005-03-04,-0.3752
2005-03-07,0.4218
2005-03-08,-0.27
2005-03-09,-0.9926
2005-03-10,-0.4405
2005-03-11,-1.0223
2005-03-14,1.5261
2005-03-15,-3.2038
2005-03-16,5.5373
2005-03-17,1.1742
2005-03-18,-0.3526
2005-03-21,0.0295
2005-03-22,-1.7097
2005-03-23,-0.8097
2005-03-24,0.5442
2005-03-28,2.556
2005-03-29,0.1613
2005-03-30,-0.2049
2005-03-31,-0.1467
2005-04-01,0.0881
2005-04-04,0.7925
2005-04-05,0.1019
2005-04-06,-0.8582
2005-04-07,2.9049
2005-04-08,-0.3422
2005-04-11,-0.2146
2005-04-12,-0.0717
2005-04-13,-0.0717
2005-04-14,-0.2441
2005-04-15,-0.9067
2005-04-18,0.0871
2005-04-19,0.2902
2005-04-20,-0.7814
2005-04-21,-0.1458
2005-04-22,2.9502
2005-04-25,0.3263
2005-04-26,-1.81
2005-04-27,1.9153
2005-04-28,-0.9185
2005-04-29,1.6714
2005-05-02,0.7587
2005-05-03,-0.0279
2005-05-04,0.5719
2005-05-05,0.0555
2005-05-06,0.0416
2005-05-09,0.8591
2005-05-10,-1.4425
2005-05-11,-0.1394
2005-05-12,-1.4796
2005-05-13,-0.8218
2005-05-16,1.3429
2005-05-17,-0.1551
2005-05-18,0.1694
2005-05-19,0.1691
2005-05-20,-1.0131000000000001
2005-05-23,0.5828
2005-05-24,-0.4381
2005-05-25,-1.4478
2005-05-26,0.1008
2005-05-27,-1.482
2005-05-31,-0.3213
2005-06-01,-1.4212
2005-06-02,0.6094
2005-06-03,0.3546
2005-06-06,0.4122
2005-06-07,0.8943
2005-06-08,0.1308
2005-06-09,0.3483
2005-06-10,-0.9255
2005-06-13,-0.0584
2005-06-14,1.3437000000000001
2005-06-15,0.3026
2005-06-16,0.6034
2005-06-17,-0.0857
2005-06-20,-0.1001
2005-06-21,-1.1733
2005-06-22,-1.7663
2005-06-23,-2.9182
2005-06-24,-0.6983
2005-06-27,0.9784
2005-06-28,1.2263
2005-06-29,0.1346
2005-06-30,-0.6572
2005-07-01,-0.1654
2005-07-05,1.4006
2005-07-06,-0.1188
2005-07-07,-0.4164
2005-07-08,1.105
2005-07-11,0.2806
2005-07-12,-1.1635
2005-07-13,-0.1639
2005-07-14,0.0896
2005-07-15,0.0298
2005-07-18,-0.5665
2005-07-19,0.6897
2005-07-20,-0.9678
2005-07-21,0.8269
2005-07-22,-0.9114
2005-07-25,0.6484
2005-07-26,-0.1648
2005-07-27,1.2005
2005-07-28,-0.1038
2005-07-29,-0.8609
2005-08-01,-1.4673
2005-08-02,0.152
2005-08-03,-2.2151
2005-08-04,-1.2878
2005-08-05,-0.11
2005-08-08,-0.4721
2005-08-09,-0.0791
2005-08-10,0.2215
2005-08-11,3.2049
2005-08-12,0.1836
2005-08-15,0.2749
2005-08-16,-0.2893
2005-08-17,0.1833
2005-08-18,-0.1524
2005-08-19,-0.4275
2005-08-22,-0.6133
2005-08-23,-1.8050000000000002
2005-08-24,1.0998
2005-08-25,-0.1709
2005-08-26,-0.9496
2005-08-29,-0.4872
2005-08-30,-0.1421
2005-08-31,1.7397
2005-09-01,1.3835
2005-09-02,0.0613
2005-09-06,1.3638
2005-09-07,0.8314
2005-09-08,0.4648
2005-09-09,0.3432
2005-09-12,-1.6211
2005-09-13,-0.4535
2005-09-14,0.0759
2005-09-15,0.6677
2005-09-16,1.7486000000000002
2005-09-19,-0.6815
2005-09-20,-1.1337
2005-09-21,0.513
2005-09-22,0.015
2005-09-23,-0.06
2005-09-26,-0.5857
2005-09-27,-0.4381
2005-09-28,0.0759
2005-09-29,0.3184
2005-09-30,-0.2116
2005-10-03,1.1358
2005-10-04,0.8985
2005-10-05,-1.87
2005-10-06,-0.7411
2005-10-07,0.0305
2005-10-10,-1.0663
2005-10-11,-2.4018
2005-10-12,0.8361
2005-10-13,-0.4537
2005-10-14,1.7759
2005-10-17,-0.5559
2005-10-18,-0.8851
2005-10-19,0.0627
2005-10-20,-0.8298
2005-10-21,0.6486
2005-10-24,0.2043
2005-10-25,-1.3961000000000001
2005-10-26,-1.8454000000000002
2005-10-27,-0.5511
2005-10-28,0.8801
2005-10-31,0.7754
2005-11-01,-0.8817
2005-11-02,2.0217
2005-11-03,-0.111
2005-11-04,-0.0635
2005-11-07,0.0476
2005-11-08,-0.2381
2005-11-09,0.2228
2005-11-10,1.6352
2005-11-11,-1.0934
2005-11-14,-1.674
2005-11-15,1.6061999999999999
2005-11-16,-0.4742
2005-11-17,1.3659
2005-11-18,0.8148
2005-11-21,0.746
2005-11-22,-0.6171
2005-11-23,0.4967
2005-11-25,0.2317
2005-11-28,-0.262
2005-11-29,0.7417
2005-11-30,-0.5061
2005-12-01,0.6629
2005-12-02,3.124
2005-12-05,0.1337
2005-12-06,-0.786
2005-12-07,0.2541
2005-12-08,3.2205
2005-12-09,0.2456
2005-12-12,-0.245
2005-12-13,-0.9389
2005-12-14,-1.6915
2005-12-15,-0.7565
2005-12-16,0.0
2005-12-19,0.4035
2005-12-20,-0.3572
2005-12-21,1.5835
2005-12-22,-0.3529
2005-12-23,-0.3837
2005-12-27,-0.9333
2005-12-28,-0.5533
2005-12-29,-0.2256
2005-12-30,-0.6481
2006-01-03,-0.622
2006-01-04,2.1676
2006-01-05,-0.6425
2006-01-06,1.6541000000000001
2006-01-09,0.2959
2006-01-10,0.2065
2006-01-11,-1.2217
2006-01-12,-0.4619
2006-01-13,-0.1347
2006-01-17,-1.8138
2006-01-18,-0.6107
2006-01-19,0.0614
2006-01-20,-1.5228000000000002
2006-01-23,0.4061
2006-01-24,0.8245
2006-01-25,-0.6172
2006-01-26,-1.2731
2006-01-27,-0.1415
2006-01-30,1.4961
2006-01-31,-1.5981
2006-02-01,-1.2614
2006-02-02,-0.1278
2006-02-03,-0.9914
2006-02-06,-1.4858
2006-02-07,-1.2295
2006-02-08,1.8423
2006-02-09,1.5482
2006-02-10,1.1876
2006-02-13,0.5551
2006-02-14,1.183
2006-02-15,1.0288
2006-02-16,0.0617
2006-02-17,-0.0617
2006-02-21,-0.6326
2006-02-22,-0.8385
2006-02-23,4.5099
2006-02-24,-0.9589
2006-02-27,0.9834
2006-02-28,-1.8876
2006-03-01,0.7787
2006-03-02,6.1515
2006-03-03,-0.5567
2006-03-06,-1.5070999999999999
2006-03-07,-0.2915
2006-03-08,0.1462
2006-03-09,-0.467
2006-03-10,1.1877
2006-03-13,0.71
2006-03-14,-0.6475
2006-03-15,-0.2462
2006-03-16,-0.1307
2006-03-17,1.0321
2006-03-20,-1.1511
2006-03-21,-0.6259
2006-03-22,1.0693
2006-03-23,0.2319
2006-03-24,-0.7953
2006-03-27,-0.5393
2006-03-28,-0.2198
2006-03-29,0.2644
2006-03-30,-0.2344
2006-03-31,-0.4405
2006-04-03,-1.0765
2006-04-04,-0.1938
2006-04-05,3.0769
2006-04-06,-1.2897
2006-04-07,-0.1028
2006-04-10,0.3086
2006-04-11,0.4688
2006-04-12,0.8749
2006-04-13,0.8528
2006-04-17,-0.7883
2006-04-18,0.1878
2006-04-19,6.7051
2006-04-20,-0.2027
2006-04-21,-0.7448
2006-04-24,0.7776
2006-04-25,-0.352
2006-04-26,0.4891
2006-04-27,1.2572999999999999
2006-04-28,-0.4146
2006-05-01,-0.6581
2006-05-02,0.0541
2006-05-03,-0.6621
2006-05-04,0.5713
2006-05-05,1.0684
2006-05-08,0.2542
2006-05-09,0.6273
2006-05-10,0.0
2006-05-11,0.5438
2006-05-12,0.2375
2006-05-15,-0.6976
2006-05-16,-1.0073
2006-05-17,-1.1514
2006-05-18,-0.2709
2006-05-19,-1.1816
2006-05-22,-0.1924
2006-05-23,-0.2616
2006-05-24,0.5937
2006-05-25,0.9058
2006-05-26,0.2312
2006-05-30,-1.452
2006-05-31,1.9141
2006-06-01,0.4324
2006-06-02,-0.4574
2006-06-05,-2.5679
2006-06-06,-0.0416
2006-06-07,0.0833
2006-06-08,1.4282
2006-06-09,0.7245
2006-06-12,-0.9093
2006-06-13,-2.6983
2006-06-14,0.1689
2006-06-15,0.9696
2006-06-16,-0.5289
2006-06-19,-0.6576
2006-06-20,-0.9014
2006-06-21,0.3411
2006-06-22,1.0057
2006-06-23,1.0237
2006-06-26,1.2493
2006-06-27,-1.1791
2006-06-28,-0.0971
2006-06-29,1.7359
2006-06-30,0.0
2006-07-03,-0.3413
2006-07-05,-0.0959
2006-07-06,1.2612999999999999
2006-07-07,0.4197
2006-07-10,0.0404
2006-07-11,0.0674
2006-07-12,-0.7542
2006-07-13,-1.737
2006-07-14,0.7872
2006-07-17,1.4936
2006-07-18,1.0126
2006-07-19,0.3876
2006-07-20,-8.2279
2006-07-21,-0.1454
2006-07-24,1.7614999999999998
2006-07-25,1.3305
2006-07-26,-0.3671
2006-07-27,0.581
2006-07-28,0.803
2006-07-31,-0.8106
2006-08-01,-0.155
2006-08-02,0.3105
2006-08-03,0.816
2006-08-04,-0.7396
2006-08-07,0.2249
2006-08-08,-0.1543
2006-08-09,-0.4074
2006-08-10,0.6489
2006-08-11,-0.5186
2006-08-14,1.437
2006-08-15,1.1806
2006-08-16,0.7001
2006-08-17,-0.1772
2006-08-18,0.1092
2006-08-21,-0.15
2006-08-22,-0.2732
2006-08-23,-0.589
2006-08-24,0.6477
2006-08-25,0.0
2006-08-28,0.6161
2006-08-29,1.1702
2006-08-30,0.4573
2006-08-31,0.656
2006-09-01,0.6784
2006-09-05,-0.4492
2006-09-06,-0.7963
2006-09-07,-0.3344
2006-09-08,1.2617
2006-09-11,-0.6893
2006-09-12,0.7341
2006-09-13,-0.0398
2006-09-14,0.3049
2006-09-15,0.7004
2006-09-18,-0.3675
2006-09-19,-0.1449
2006-09-20,-0.066
2006-09-21,0.4752
2006-09-22,-1.2086000000000001
2006-09-25,0.0266
2006-09-26,-0.0399
2006-09-27,1.0108
2006-09-28,-1.0928
2006-09-29,-0.1597
2006-10-02,-0.1867
2006-10-03,0.3072
2006-10-04,0.7191
2006-10-05,0.3173
2006-10-06,-0.0659
2006-10-09,0.0396
2006-10-10,0.4746
2006-10-11,0.2231
2006-10-12,0.563
2006-10-13,-0.5468
2006-10-16,-0.2487
2006-10-17,-0.5774
2006-10-18,0.9768
2006-10-19,8.2614
2006-10-20,0.4596
2006-10-23,1.6614
2006-10-24,-1.4567
2006-10-25,-0.3365
2006-10-26,-0.2532
2006-10-27,-1.1001
2006-10-30,-0.2934
2006-10-31,0.4781
2006-11-01,-0.6833
2006-11-02,0.0246
2006-11-03,-0.2579
2006-11-06,1.0959
2006-11-07,0.6456
2006-11-08,-1.4644
2006-11-09,-0.8106
2006-11-10,0.3591
2006-11-13,-1.3572
2006-11-14,2.0013
2006-11-15,0.6867
2006-11-16,2.2409
2006-11-17,-1.4294
2006-11-20,0.0121
2006-11-21,-0.1812
2006-11-22,0.5447
2006-11-24,-0.8668
2006-11-27,-1.1173
2006-11-28,1.3019
2006-11-29,0.6911
2006-11-30,-0.9151
2006-12-01,0.243
2006-12-04,1.3214000000000001
2006-12-05,0.5384
2006-12-06,0.0119
2006-12-07,1.1423
2006-12-08,-0.3059
2006-12-11,0.1888
2006-12-12,-0.8245
2006-12-13,0.1544
2006-12-14,0.0119
2006-12-15,-0.6284
2006-12-18,1.1335
2006-12-19,0.7905
2006-12-20,-2.6454
2006-12-21,0.2284
2006-12-22,0.2279
2006-12-26,0.0838
2006-12-27,0.1315
2006-12-28,-0.3583
2006-12-29,-0.5514
2007-01-03,-0.0844
2007-01-04,0.0724
2007-01-05,-0.7353
2007-01-08,0.1579
2007-01-09,-0.0606
2007-01-10,-0.1092
2007-01-11,0.838
2007-01-12,-0.5058
2007-01-16,-1.3316
2007-01-17,1.7421
2007-01-18,1.1817
2007-01-19,-0.382
2007-01-22,-0.2037
2007-01-23,-0.2281
2007-01-24,0.9387
2007-01-25,-1.8004
2007-01-26,-1.5299
2007-01-29,-0.1356
2007-01-30,1.21
2007-01-31,0.671
2007-02-01,-0.9816
2007-02-02,-0.257
2007-02-05,0.1963
2007-02-06,0.5021
2007-02-07,0.2193
2007-02-08,-0.7295
2007-02-09,-0.1715
2007-02-12,-0.4539
2007-02-13,-0.0739
2007-02-14,-0.3453
2007-02-15,1.2129
2007-02-16,0.2079
2007-02-20,1.0738
2007-02-21,-0.0845
2007-02-22,-0.0242
2007-02-23,-0.3988
2007-02-26,-0.813
2007-02-27,-2.1899
2007-02-28,-0.2126
2007-03-01,-1.1657
2007-03-02,-0.52
2007-03-05,-0.3825
2007-03-06,0.9726
2007-03-07,-0.3295
2007-03-08,0.0127
2007-03-09,0.4577
2007-03-12,-0.7088
2007-03-13,-1.5295999999999998
2007-03-14,2.5113
2007-03-15,0.3031
2007-03-16,-0.2518
2007-03-19,1.2243
2007-03-20,-0.187
2007-03-21,0.7495
2007-03-22,-0.5704
2007-03-23,0.0998
2007-03-26,-0.3364
2007-03-27,-0.2875
2007-03-28,-0.6519
2007-03-29,0.4795
2007-03-30,-0.1507
2007-04-02,1.2829
2007-04-03,0.6333
2007-04-04,0.4442
2007-04-05,0.7002
2007-04-09,-0.2928
2007-04-10,0.1713
2007-04-11,-0.3542
2007-04-12,0.1226
2007-04-13,-0.2938
2007-04-16,0.7859
2007-04-17,0.0365
2007-04-18,-0.5968
2007-04-19,0.6494
2007-04-20,1.2295
2007-04-23,-1.0582
2007-04-24,-0.0851
2007-04-25,2.8464
2007-04-26,-0.2839
2007-04-27,-0.202
2007-04-30,-1.0357
2007-05-01,-0.3849
2007-05-02,0.5555
2007-05-03,-0.4203
2007-05-04,-0.5909
2007-05-07,0.4125
2007-05-08,-0.4591
2007-05-09,0.4127
2007-05-10,-1.1
2007-05-11,0.6478
2007-05-14,-0.5222
2007-05-15,0.8911
2007-05-16,0.6413
2007-05-17,-1.2142
2007-05-18,1.0344
2007-05-21,-0.1325
2007-05-22,1.0735
2007-05-23,0.358
2007-05-24,-0.0476
2007-05-25,0.1309
2007-05-29,-0.0832
2007-05-30,0.7729
2007-05-31,-0.4012
2007-06-01,0.0592
2007-06-04,0.5091
2007-06-05,-0.4005
2007-06-06,-0.8989
2007-06-07,-0.358
2007-06-08,1.3654
2007-06-11,-0.1418
2007-06-12,-0.2722
2007-06-13,0.7475
2007-06-14,-0.2002
2007-06-15,0.118
2007-06-18,-0.1297
2007-06-19,0.3659
2007-06-20,-0.6468
2007-06-21,-0.3551
2007-06-22,-2.5181
2007-06-25,-0.3168
2007-06-26,-0.44
2007-06-27,0.1719
2007-06-28,0.9805
2007-06-29,0.2913
2007-07-02,0.5446
2007-07-03,1.0833
2007-07-05,-0.5001
2007-07-06,-0.0718
2007-07-09,0.1198
2007-07-10,-0.5622
2007-07-11,0.4691
2007-07-12,0.2634
2007-07-13,0.7762
2007-07-16,-1.1257
2007-07-17,-0.8988
2007-07-18,-0.387
2007-07-19,-0.5827
2007-07-20,-0.8564
2007-07-23,1.9125999999999999
2007-07-24,-0.5691
2007-07-25,-4.2255
2007-07-26,1.3477000000000001
2007-07-27,-0.8907
2007-07-30,1.0633
2007-07-31,-1.7159
2007-08-01,1.6822
2007-08-02,0.2131
2007-08-03,-1.9385
2007-08-06,1.7727
2007-08-07,-0.2256
2007-08-08,1.7081
2007-08-09,-0.7409
2007-08-10,1.0575
2007-08-13,-0.4801
2007-08-14,0.1113
2007-08-15,-2.0759
2007-08-16,-1.5899
2007-08-17,3.3466
2007-08-20,0.7196
2007-08-21,1.7614999999999998
2007-08-22,-0.1937
2007-08-23,0.0121
2007-08-24,0.1698
2007-08-27,0.2421
2007-08-28,-0.6401
2007-08-29,1.2277
2007-08-30,-0.4203
2007-08-31,0.5547
2007-09-04,1.0313
2007-09-05,-0.3086
2007-09-06,0.7144
2007-09-07,-1.525
2007-09-10,1.0564
2007-09-11,1.2948
2007-09-12,-0.3401
2007-09-13,0.1412
2007-09-14,0.0823
2007-09-17,-0.8101
2007-09-18,1.3494
2007-09-19,0.876
2007-09-20,0.1505
2007-09-21,-0.1734
2007-09-24,-0.22
2007-09-25,1.4508
2007-09-26,0.4576
2007-09-27,0.4783
2007-09-28,-0.0453
2007-10-01,0.9071
2007-10-02,-0.6518
2007-10-03,-0.509
2007-10-04,-0.6708
2007-10-05,0.412
2007-10-08,0.7637
2007-10-09,-0.4525
2007-10-10,0.1818
2007-10-11,-0.3289
2007-10-12,-0.9901
2007-10-15,-0.3678
2007-10-16,-0.6461
2007-10-17,0.3716
2007-10-18,-0.2776
2007-10-19,-0.2557
2007-10-22,-0.2447
2007-10-23,0.8876
2007-10-24,-8.37
2007-10-25,2.4637000000000002
2007-10-26,1.1591
2007-10-29,-0.2072
2007-10-30,0.9649
2007-10-31,1.1493
2007-11-01,-3.3728
2007-11-02,0.2104
2007-11-05,0.6793
2007-11-06,2.5273
2007-11-07,-3.2548
2007-11-08,3.7724
2007-11-09,-0.4172
2007-11-12,1.7713999999999999
2007-11-13,1.0467
2007-11-14,-1.1639
2007-11-15,-0.7654
2007-11-16,0.712
2007-11-19,-1.8498999999999999
2007-11-20,-0.5402
2007-11-21,-0.3018
2007-11-23,1.1864
2007-11-26,-2.6202
2007-11-27,3.2436
2007-11-28,1.3448
2007-11-29,-1.0099
2007-11-30,0.2728
2007-12-03,-1.7509000000000001
2007-12-04,-0.7586
2007-12-05,0.0243
2007-12-06,0.558
2007-12-07,2.6659
2007-12-10,0.5522
2007-12-11,-1.3788
2007-12-12,-1.6943000000000001
2007-12-13,0.916
2007-12-14,-0.2747
2007-12-17,-0.4311
2007-12-18,2.2612
2007-12-19,7.0101
2007-12-20,2.0994
2007-12-21,0.872
2007-12-24,0.2028
2007-12-26,0.916
2007-12-27,-0.5488
2007-12-28,0.8702
2007-12-31,-0.263
2008-01-02,-2.6055
2008-01-03,-0.0866
2008-01-04,-1.6802000000000001
2008-01-07,5.1599
2008-01-08,-0.9017
2008-01-09,1.0157
2008-01-10,1.7490999999999999
2008-01-11,-0.6382
2008-01-14,-1.0152
2008-01-15,0.607
2008-01-16,3.308
2008-01-17,-1.6136
2008-01-18,-0.902
2008-01-22,-1.8721999999999999
2008-01-23,-2.6352
2008-01-24,-0.433
2008-01-25,-0.3479
2008-01-28,2.3895
2008-01-29,-1.055
2008-01-30,2.9618
2008-01-31,0.7636
2008-02-01,0.6125
2008-02-04,0.9699
2008-02-05,-2.9225
2008-02-06,-0.4316
2008-02-07,0.9303
2008-02-08,0.2514
2008-02-11,0.6687
2008-02-12,1.0483
2008-02-13,-0.3081
2008-02-14,0.5151
2008-02-15,-1.1173
2008-02-19,0.6634
2008-02-20,0.1648
2008-02-21,-1.3776
2008-02-22,0.1668
2008-02-25,3.07
2008-02-26,-0.8179
2008-02-27,-2.7996
2008-02-28,0.9531
2008-02-29,-1.6599
2008-03-03,1.1183
2008-03-04,-1.3354
2008-03-05,0.2855
2008-03-06,-0.9806
2008-03-07,-1.1287
2008-03-10,-1.1632
2008-03-11,3.5197000000000003
2008-03-12,-0.2105
2008-03-13,1.4768
2008-03-14,-0.2599
2008-03-17,-0.1563
2008-03-18,1.7223000000000002
2008-03-19,0.6875
2008-03-20,1.5695000000000001
2008-03-24,-0.2007
2008-03-25,-0.3117
2008-03-26,-1.6742
2008-03-27,1.395
2008-03-28,-1.3556
2008-03-31,-1.1383
2008-04-01,1.5871
2008-04-02,0.7148
2008-04-03,-0.071
2008-04-04,0.0507
2008-04-07,0.1217
2008-04-08,-1.0027
2008-04-09,-1.0436
2008-04-10,-0.6203
2008-04-11,-0.7179
2008-04-14,-0.503
2008-04-15,-1.7904
2008-04-16,2.7775
2008-04-17,0.0939
2008-04-18,1.5114999999999998
2008-04-21,-1.4993
2008-04-22,-1.3657
2008-04-23,2.4205
2008-04-24,-3.4056
2008-04-25,-0.7384
2008-04-28,0.4851
2008-04-29,0.0536
2008-04-30,0.9758
2008-05-01,0.5734
2008-05-02,-1.3093
2008-05-05,-1.1555
2008-05-06,-0.2165
2008-05-07,-0.8244
2008-05-08,1.039
2008-05-09,-1.2557
2008-05-12,1.184
2008-05-13,-0.9859
2008-05-14,0.1094
2008-05-15,-0.0547
2008-05-16,-0.2078
2008-05-19,-0.7562
2008-05-20,0.1767
2008-05-21,1.5101
2008-05-22,-0.8253
2008-05-23,-0.8978
2008-05-27,1.1159
2008-05-28,-0.4917
2008-05-29,1.6581000000000001
2008-05-30,-1.4906
2008-06-02,-0.0987
2008-06-03,-0.6805
2008-06-04,0.7515
2008-06-05,-0.0329
2008-06-06,-1.8761999999999999
2008-06-09,-0.492
2008-06-10,-0.3034
2008-06-11,-0.8115
2008-06-12,0.7159
2008-06-13,2.5612
2008-06-16,0.33
2008-06-17,-0.4167
2008-06-18,-1.3763
2008-06-19,0.1563
2008-06-20,-1.5829
2008-06-23,-0.3058
2008-06-24,-1.0225
2008-06-25,0.3903
2008-06-26,-0.2973
2008-06-27,1.0894
2008-06-30,-0.2269
2008-07-01,-0.1592
2008-07-02,-0.5011
2008-07-03,-0.5723
2008-07-07,0.1842
2008-07-08,2.6772
2008-07-09,-1.5667
2008-07-10,0.8299
2008-07-11,-0.5863
2008-07-14,0.3743
2008-07-15,0.904
2008-07-16,1.3437999999999999
2008-07-17,-0.4199
2008-07-18,1.3117
2008-07-21,-1.3825
2008-07-22,2.4588
2008-07-23,-0.5647
2008-07-24,3.3089
2008-07-25,0.6977
2008-07-28,-1.1652
2008-07-29,-1.3489
2008-07-30,0.0861
2008-07-31,-0.1291
2008-08-01,-0.8294
2008-08-04,0.8363
2008-08-05,1.0879
2008-08-06,0.5647
2008-08-07,-2.3204000000000002
2008-08-08,1.2691
2008-08-11,-0.6427
2008-08-12,1.2182
2008-08-13,-1.2035
2008-08-14,-0.3126
2008-08-15,1.5897000000000001
2008-08-18,0.3194
2008-08-19,0.2759
2008-08-20,-1.0476
2008-08-21,2.2885
2008-08-22,0.0627
2008-08-25,-2.0479
2008-08-26,0.2667
2008-08-27,0.4468
2008-08-28,0.519
2008-08-29,-1.5383
2008-09-02,1.1129
2008-09-03,0.5503
2008-09-04,-1.0841
2008-09-05,0.0
2008-09-08,1.9790999999999999
2008-09-09,0.2713
2008-09-10,-0.8221
2008-09-11,0.8708
2008-09-12,0.0312
2008-09-15,-0.0312
2008-09-16,0.5201
2008-09-17,-1.0658
2008-09-18,3.3992
2008-09-19,-3.9247
2008-09-22,1.0844
2008-09-23,-0.0104
2008-09-24,-0.2604
2008-09-25,1.3054999999999999
2008-09-26,1.6495
2008-09-29,-3.8844
2008-09-30,0.1055
2008-10-01,-0.4533
2008-10-02,-0.4871
2008-10-03,-0.1915
2008-10-06,-4.2857
2008-10-07,0.245
2008-10-08,-1.3
2008-10-09,-7.6776
2008-10-10,-0.0122
2008-10-13,1.6951
2008-10-14,-1.6669
2008-10-15,-7.3293
2008-10-16,4.2769
2008-10-17,-0.6323
2008-10-20,3.8687
2008-10-21,-2.7077
2008-10-22,-1.4607999999999999
2008-10-23,6.8754
2008-10-24,-2.9295999999999998
2008-10-27,-1.084
2008-10-28,5.7534
2008-10-29,0.0353
2008-10-30,1.0006
2008-10-31,2.8555
2008-11-03,-0.5099
2008-11-04,0.1367
2008-11-05,-1.2398
2008-11-06,-2.6143
2008-11-07,3.0511
2008-11-10,0.1033
2008-11-11,-2.3616
2008-11-12,-3.6633
2008-11-13,2.7544
2008-11-14,-1.6604999999999999
2008-11-17,-1.387
2008-11-18,-1.0274
2008-11-19,-2.2739
2008-11-20,-2.0106
2008-11-21,4.5425
2008-11-24,1.0739
2008-11-25,-2.1495
2008-11-26,3.7194000000000003
2008-11-28,-1.2876
2008-12-01,-3.4621
2008-12-02,2.3867
2008-12-03,3.5027
2008-12-04,-2.1806
2008-12-05,2.5703
2008-12-08,-1.1045
2008-12-09,-0.4083
2008-12-10,-1.6158000000000001
2008-12-11,0.1961
2008-12-12,-0.8807
2008-12-15,-0.9626
2008-12-16,2.8162000000000003
2008-12-17,-1.1756
2008-12-18,-0.3066
2008-12-19,-1.8944999999999999
2008-12-22,0.326
2008-12-23,-0.225
2008-12-24,1.6535
2008-12-26,-0.1602
2008-12-29,0.6418
2008-12-30,1.2509000000000001
2008-12-31,2.0591
2009-01-02,0.8901
2009-01-05,-2.0115
2009-01-06,-0.7923
2009-01-07,0.847
2009-01-08,0.084
2009-01-09,-0.1079
2009-01-12,-0.096
2009-01-13,1.778
2009-01-14,-1.204
2009-01-15,2.1744
2009-01-16,0.573
2009-01-20,-2.4183
2009-01-21,3.9438
2009-01-22,1.5245
2009-01-23,-2.9635
2009-01-26,0.6061
2009-01-27,-0.8805
2009-01-28,0.526
2009-01-29,-0.2907
2009-01-30,-0.2099
2009-02-02,0.4441
2009-02-03,1.2682
2009-02-04,-0.8387
2009-02-05,1.0775
2009-02-06,-0.7336
2009-02-09,-0.5081
2009-02-10,-1.3463
2009-02-11,0.6118
2009-02-12,1.6487
2009-02-13,0.0575
2009-02-17,-0.1725
2009-02-18,-0.2073
2009-02-19,-0.577
2009-02-20,-0.5456
2009-02-23,-1.4472
2009-02-24,1.054
2009-02-25,-1.8868
2009-02-26,-2.8189
2009-02-27,-1.3519999999999999
2009-03-02,-3.6008
2009-03-03,0.5558
2009-03-04,-1.1954
2009-03-05,-3.6295
2009-03-06,-2.2948
2009-03-09,-1.4506999999999999
2009-03-10,1.1636
2009-03-11,-1.2472
2009-03-12,1.4875
2009-03-13,3.6228
2009-03-16,-0.6539
2009-03-17,1.9879
2009-03-18,1.159
2009-03-19,0.0
2009-03-20,-0.7161
2009-03-23,3.252
2009-03-24,-1.3462
2009-03-25,0.9269
2009-03-26,1.5816
2009-03-27,0.4144
2009-03-30,-0.8003
2009-03-31,0.4916
2009-04-01,-1.0913
2009-04-02,1.6614
2009-04-03,-2.5823
2009-04-06,-0.7043
2009-04-07,-0.1548
2009-04-08,0.7362
2009-04-09,-1.1155
2009-04-13,-1.8542999999999998
2009-04-14,1.744
2009-04-15,0.5843
2009-04-16,2.0914
2009-04-17,1.2898
2009-04-20,-1.4107
2009-04-21,-1.2157
2009-04-22,-0.4487
2009-04-23,-7.4298
2009-04-24,-0.7389
2009-04-27,-0.5618
2009-04-28,0.2966
2009-04-29,0.4929
2009-04-30,0.3784
2009-05-01,0.8237
2009-05-04,-0.6092
2009-05-05,-0.2368
2009-05-06,-1.7037
2009-05-07,2.8697
2009-05-08,1.5329000000000002
2009-05-11,0.6257
2009-05-12,1.2976
2009-05-13,-2.5887000000000002
2009-05-14,-1.6712
2009-05-15,-1.3514
2009-05-18,1.2993000000000001
2009-05-19,-0.2231
2009-05-20,-0.1397
2009-05-21,-1.4132
2009-05-22,1.4192
2009-05-26,0.5318
2009-05-27,-0.4454
2009-05-28,-0.1678
2009-05-29,0.1261
2009-06-01,2.1541
2009-06-02,3.6696999999999997
2009-06-03,1.4529
2009-06-04,-2.9423
2009-06-05,-0.5097
2009-06-08,-1.173
2009-06-09,1.0641
2009-06-10,-0.9989
2009-06-11,0.8863
2009-06-12,0.0811
2009-06-15,-4.1323
2009-06-16,0.5635
2009-06-17,3.1937
2009-06-18,0.6923
2009-06-19,0.2292
2009-06-22,-1.9233
2009-06-23,-0.0274
2009-06-24,0.823
2009-06-25,1.8367
2009-06-26,-1.3226
2009-06-29,1.1914
2009-06-30,-0.388
2009-07-01,0.4164
2009-07-02,-3.13
2009-07-06,3.2726
2009-07-07,0.1203
2009-07-08,-0.1603
2009-07-09,-0.5752
2009-07-10,-2.1122
2009-07-13,0.1649
2009-07-14,0.5077
2009-07-15,0.4505
2009-07-16,1.0465
2009-07-17,-0.8628
2009-07-20,0.3128
2009-07-21,1.1251
2009-07-22,-2.319
2009-07-23,-1.8389
2009-07-24,-0.0419
2009-07-27,-0.6993
2009-07-28,1.4647999999999999
2009-07-29,2.4847
2009-07-30,0.0542
2009-07-31,-0.4061
2009-08-03,1.2233
2009-08-04,0.7117
2009-08-05,-1.0133
2009-08-06,-1.3335
2009-08-07,0.0819
2009-08-10,0.8594
2009-08-11,-0.0541
2009-08-12,0.0271
2009-08-13,-1.0552
2009-08-14,0.6563
2009-08-17,-0.2717
2009-08-18,-0.0817
2009-08-19,1.0496
2009-08-20,1.3085
2009-08-21,0.6125
2009-08-24,0.9132
2009-08-25,1.8885
2009-08-26,0.7079
2009-08-27,0.9586
2009-08-28,1.6711
2009-08-31,0.3362
2009-09-01,-0.1117
2009-09-02,0.1739
2009-09-03,-0.124
2009-09-04,-0.0993
2009-09-08,-1.6532
2009-09-09,2.136
2009-09-10,-0.0742
2009-09-11,-0.2972
2009-09-14,1.0185
2009-09-15,1.5124
2009-09-16,-1.5383
2009-09-17,-1.0333
2009-09-18,-0.3729
2009-09-21,-0.0749
2009-09-22,-0.8116
2009-09-23,-1.1078000000000001
2009-09-24,-0.5855
2009-09-25,-0.0512
2009-09-28,0.8839
2009-09-29,-0.4317
2009-09-30,0.2551
2009-10-01,-1.3739
2009-10-02,-0.1806
2009-10-05,-0.4264
2009-10-06,0.2725
2009-10-07,-0.1165
2009-10-08,1.1661
2009-10-09,-0.1793
2009-10-12,-0.5902
2009-10-13,0.2065
2009-10-14,-0.0644
2009-10-15,-0.1675
2009-10-16,-1.6396
2009-10-19,0.9975
2009-10-20,-1.5724
2009-10-21,-0.6337
2009-10-22,2.3784
2009-10-23,-0.1821
2009-10-26,-1.251
2009-10-27,0.1979
2009-10-28,-0.4873
2009-10-29,0.2647
2009-10-30,-0.9108
2009-11-02,1.079
2009-11-03,-0.1845
2009-11-04,1.6503999999999999
2009-11-05,1.2859
2009-11-06,0.5258
2009-11-09,1.8497
2009-11-10,1.0271
2009-11-11,0.2975
2009-11-12,-0.9147
2009-11-13,0.7485
2009-11-16,1.102
2009-11-17,0.2327
2009-11-18,0.1344
2009-11-19,-0.0732
2009-11-20,-1.4287
2009-11-23,0.3469
2009-11-24,1.2469000000000001
2009-11-25,-0.0122
2009-11-27,-0.1707
2009-11-30,0.4276
2009-12-01,1.0218
2009-12-02,0.5659
2009-12-03,-0.7783
2009-12-04,0.2051
2009-12-07,-0.2649
2009-12-08,-1.2316
2009-12-09,0.0
2009-12-10,1.6137000000000001
2009-12-11,-0.0842
2009-12-14,0.6863
2009-12-15,1.6742
2009-12-16,0.0353
2009-12-17,-1.0464
2009-12-18,-6.7372
2009-12-21,0.1911
2009-12-22,0.8011
2009-12-23,-0.5929
2009-12-24,0.3553
2009-12-28,-0.1391
2009-12-29,0.038
2009-12-30,0.3291
2009-12-31,-1.7159
2010-01-04,1.0013
2010-01-05,0.8516
2010-01-06,-0.4285
2010-01-07,1.4175
2010-01-08,0.4742
2010-01-11,0.9316
2010-01-12,-0.9845
2010-01-13,2.697
2010-01-14,1.1134
2010-01-15,-1.1131
2010-01-19,1.4645000000000001
2010-01-20,-1.7058
2010-01-21,-1.7112
2010-01-22,-1.7075
2010-01-25,0.856
2010-01-26,-0.0374
2010-01-27,0.5619
2010-01-28,-0.0497
2010-01-29,2.9689
2010-02-01,-0.7842
2010-02-02,1.6172
2010-02-03,-0.8017
2010-02-04,-2.2557
2010-02-05,-1.3699
2010-02-08,1.0511
2010-02-09,0.7429
2010-02-10,-0.4302
2010-02-11,0.6172
2010-02-12,0.5643
2010-02-16,1.22
2010-02-17,0.9039
2010-02-18,-0.2747
2010-02-19,-0.0599
2010-02-22,0.3356
2010-02-23,-0.5495
2010-02-24,-0.3243
2010-02-25,0.241
2010-02-26,0.7092
2010-03-01,0.7281
2010-03-02,0.0474
2010-03-03,-0.5093
2010-03-04,-0.2143
2010-03-05,1.0618
2010-03-08,-1.2395
2010-03-09,-0.5738
2010-03-10,0.0601
2010-03-11,-0.5647
2010-03-12,-0.9425
2010-03-15,1.4028
2010-03-16,0.0962
2010-03-17,0.7451
2010-03-18,0.501
2010-03-19,-0.5104
2010-03-22,1.0141
2010-03-23,0.4134
2010-03-24,-0.5763
2010-03-25,1.183
2010-03-26,0.2806
2010-03-29,0.7928
2010-03-30,0.1851
2010-03-31,0.0115
2010-04-01,-2.4937
2010-04-05,-0.3078
2010-04-06,0.3919
2010-04-07,-0.4614
2010-04-08,-0.0713
2010-04-09,1.3439999999999999
2010-04-12,-0.1526
2010-04-13,0.2468
2010-04-14,0.9966
2010-04-15,0.1277
2010-04-16,-0.5101
2010-04-19,0.1049
2010-04-20,1.6298
2010-04-21,-0.3551
2010-04-22,-1.8048
2010-04-23,0.6088
2010-04-26,-1.2451
2010-04-27,-0.2828
2010-04-28,2.3987
2010-04-29,1.2232
2010-04-30,-1.165
2010-05-03,0.1271
2010-05-04,-1.3273
2010-05-05,0.1287
2010-05-06,-1.6120999999999999
2010-05-07,-1.4842
2010-05-10,1.9043
2010-05-11,-0.6268
2010-05-12,0.2499
2010-05-13,-0.7005
2010-05-14,-1.1239
2010-05-17,0.6771
2010-05-18,-0.2642
2010-05-19,-0.0602
2010-05-20,-3.386
2010-05-21,-0.7608
2010-05-24,0.9174
2010-05-25,-0.4608
2010-05-26,0.2752
2010-05-27,1.7966
2010-05-28,-0.7599
2010-06-01,-1.3215
2010-06-02,1.8648
2010-06-03,-0.1229
2010-06-04,-2.854
2010-06-07,-0.7851
2010-06-08,-0.9445
2010-06-09,0.1546
2010-06-10,2.7145
2010-06-11,0.2881
2010-06-14,-0.3372
2010-06-15,1.1779
2010-06-16,0.5573
2010-06-17,0.0246
2010-06-18,-1.1206
2010-06-21,0.8966
2010-06-22,-0.4937
2010-06-23,-1.2652
2010-06-24,-0.9673
2010-06-25,-0.4186
2010-06-28,0.8917
2010-06-29,-1.553
2010-06-30,-0.5643
2010-07-01,-1.5994000000000002
2010-07-02,0.249
2010-07-06,0.863
2010-07-07,0.9334
2010-07-08,1.31
2010-07-09,0.2789
2010-07-12,-0.5183
2010-07-13,1.2327
2010-07-14,-0.4268
2010-07-15,-0.6304
2010-07-16,-1.5732
2010-07-19,-0.4898
2010-07-20,0.9197
2010-07-21,-2.2205
2010-07-22,1.7721
2010-07-23,1.7711999999999999
2010-07-26,-0.216
2010-07-27,0.471
2010-07-28,-0.5955
2010-07-29,-0.8286
2010-07-30,0.9383
2010-08-02,2.1648
2010-08-03,0.3989
2010-08-04,0.7449
2010-08-05,-0.2711
2010-08-06,-0.2842
2010-08-09,0.1239
2010-08-10,0.2599
2010-08-11,-1.9874
2010-08-12,0.3149
2010-08-13,0.339
2010-08-16,-0.6006
2010-08-17,1.6742
2010-08-18,0.0
2010-08-19,-1.919
2010-08-20,-0.5049
2010-08-23,-0.4948
2010-08-24,-2.3588
2010-08-25,0.6007
2010-08-26,-0.649
2010-08-27,1.8814
2010-08-30,-1.0259
2010-08-31,-0.4535
2010-09-01,1.4838
2010-09-02,0.8208
2010-09-03,-0.4071
2010-09-07,-0.7153
2010-09-08,-0.4374
2010-09-09,0.0646
2010-09-10,-0.1679
2010-09-13,-0.6985
2010-09-14,0.8858
2010-09-15,3.215
2010-09-16,0.7381
2010-09-17,-0.4098
2010-09-20,0.9102
2010-09-21,-0.556
2010-09-22,-0.4597
2010-09-23,-1.6977
2010-09-24,1.3841
2010-09-27,0.1503
2010-09-28,2.001
2010-09-29,-0.049
2010-09-30,-0.1104
2010-10-01,0.4053
2010-10-04,-0.3792
2010-10-05,2.1486
2010-10-06,-0.3005
2010-10-07,-0.6631
2010-10-08,0.7039
2010-10-11,0.699
2010-10-12,-0.0359
2010-10-13,0.0599
2010-10-14,0.0479
2010-10-15,0.8969
2010-10-18,0.9364
2010-10-19,-1.55
2010-10-20,1.0258
2010-10-21,0.732
2010-10-22,-2.5018000000000002
2010-10-25,0.5542
2010-10-26,0.4073
2010-10-27,-0.3937
2010-10-28,-0.2755
2010-10-29,-0.1562
2010-11-01,0.5053
2010-11-02,0.5746
2010-11-03,0.5356
2010-11-04,1.2075
2010-11-05,-0.5732
2010-11-08,-0.2941
2010-11-09,1.3923
2010-11-10,0.2909
2010-11-11,-0.3597
2010-11-12,-0.4658
2010-11-15,-0.468
2010-11-16,-0.7876
2010-11-17,-0.1777
2010-11-18,0.5223
2010-11-19,0.059
2010-11-22,0.6254
2010-11-23,-0.4926
2010-11-24,0.4478
2010-11-26,-0.2581
2010-11-29,0.0353
2010-11-30,-0.2234
2010-12-01,1.3082
2010-12-02,0.4304
2010-12-03,0.0
2010-12-06,-0.3243
2010-12-07,-0.0581
2010-12-08,-0.186
2010-12-09,-0.1281
2010-12-10,0.9448
2010-12-13,-0.5662
2010-12-14,4.0906
2010-12-15,1.9761
2010-12-16,3.7771
2010-12-17,0.9811
2010-12-20,-1.8387
2010-12-21,-0.447
2010-12-22,-0.2566
2010-12-23,0.0429
2010-12-27,-0.2036
2010-12-28,-0.0751
2010-12-29,-0.4083
2010-12-30,-0.1942
2010-12-31,-0.8106
2011-01-03,0.523
2011-01-04,-0.2927
2011-01-05,0.0109
2011-01-06,-0.0326
2011-01-07,-1.1309
2011-01-10,0.143
2011-01-11,-0.0549
2011-01-12,0.7473
2011-01-13,-0.0218
2011-01-14,-0.4473
2011-01-18,1.8521
2011-01-19,0.0861
2011-01-20,0.2903
2011-01-21,-0.1718
2011-01-24,-0.6778
2011-01-25,0.7366
2011-01-26,0.6129
2011-01-27,0.4275
2011-01-28,-0.9684
2011-01-31,1.3862
2011-02-01,-0.6253
2011-02-02,-0.5226
2011-02-03,-0.0214
2011-02-04,0.0751
2011-02-07,1.093
2011-02-08,-0.6254
2011-02-09,0.6293
2011-02-10,1.8656000000000001
2011-02-11,1.717
2011-02-14,0.3683
2011-02-15,-0.2956
2011-02-16,-0.0511
2011-02-17,0.358
2011-02-18,0.6013
2011-02-22,-1.7526000000000002
2011-02-23,-1.0105
2011-02-24,0.2708
2011-02-25,1.0389
2011-02-28,0.5141
2011-03-01,-1.4423
2011-03-02,-0.2491
2011-03-03,1.6856
2011-03-04,-0.5218
2011-03-07,-1.152
2011-03-08,0.8325
2011-03-09,0.258
2011-03-10,-1.5646
2011-03-11,0.1255
2011-03-14,-0.1775
2011-03-15,-0.4708
2011-03-16,-0.7148
2011-03-17,0.4447
2011-03-18,0.4111
2011-03-21,0.5039
2011-03-22,0.1149
2011-03-23,0.4173
2011-03-24,0.8416
2011-03-25,0.4018
2011-03-28,-0.5644
2011-03-29,0.5057
2011-03-30,1.1808
2011-03-31,0.8321
2011-04-01,1.5298
2011-04-04,-0.4064
2011-04-05,-0.3285
2011-04-06,0.739
2011-04-07,-0.1883
2011-04-08,-0.8044
2011-04-11,0.4806
2011-04-12,0.1395
2011-04-13,0.0597
2011-04-14,0.6762
2011-04-15,0.8001
2011-04-18,-0.4116
2011-04-19,0.5313
2011-04-20,0.8809
2011-04-21,1.3195000000000001
2011-04-25,-1.4172
2011-04-26,0.2428
2011-04-27,1.0174
2011-04-28,1.8129
2011-04-29,0.7456
2011-05-02,0.7775
2011-05-03,0.3253
2011-05-04,-1.538
2011-05-05,0.1411
2011-05-06,0.2067
2011-05-09,0.6752
2011-05-10,1.8536000000000001
2011-05-11,-0.4847
2011-05-12,0.6616
2011-05-13,0.0183
2011-05-16,-0.2008
2011-05-17,1.189
2011-05-18,2.0517
2011-05-19,-0.6997
2011-05-20,-0.446
2011-05-23,-1.1647
2011-05-24,0.0997
2011-05-25,0.1358
2011-05-26,0.0633
2011-05-27,0.2169
2011-05-31,0.8026
2011-06-01,-1.2077
2011-06-02,-0.3169
2011-06-03,-1.6261
2011-06-06,-0.3324
2011-06-07,0.3613
2011-06-08,0.1569
2011-06-09,1.8435000000000001
2011-06-10,-1.3666
2011-06-13,-0.0551
2011-06-14,1.4781
2011-06-15,-1.6104
2011-06-16,-0.0736
2011-06-17,0.0
2011-06-20,0.4325
2011-06-21,0.5498
2011-06-22,-0.5285
2011-06-23,-0.3298
2011-06-24,-1.1764999999999999
2011-06-27,0.6882
2011-06-28,1.7734999999999999
2011-06-29,-0.9258
2011-06-30,0.6413
2011-07-01,1.6658
2011-07-05,0.1164
2011-07-06,1.2699
2011-07-07,0.0706
2011-07-08,-0.4412
2011-07-11,-1.3561
2011-07-12,0.8806
2011-07-13,0.098
2011-07-14,0.1068
2011-07-15,-0.6222
2011-07-18,-0.322
2011-07-19,1.3819
2011-07-20,-0.6638
2011-07-21,0.597
2011-07-22,-11.6494
2011-07-25,0.8636
2011-07-26,-0.0597
2011-07-27,-1.315
2011-07-28,-1.2114
2011-07-29,0.8379
2011-08-01,-2.2598
2011-08-02,-2.5609
2011-08-03,0.415
2011-08-04,-3.3061
2011-08-05,-0.9096
2011-08-08,-4.8772
2011-08-09,5.1971
2011-08-10,-3.7246
2011-08-11,4.3967
2011-08-12,0.8577
2011-08-15,0.7087
2011-08-16,-1.6997
2011-08-17,-0.1872
2011-08-18,-3.3102
2011-08-19,-0.1826
2011-08-22,-0.5488
2011-08-23,3.2762000000000002
2011-08-24,0.4341
2011-08-25,-0.8534
2011-08-26,2.2356
2011-08-29,2.1102
2011-08-30,0.8245
2011-08-31,1.1682
2011-09-01,-0.4934
2011-09-02,-3.1016
2011-09-06,-0.098
2011-09-07,2.67
2011-09-08,-0.6793
2011-09-09,-4.2214
2011-09-12,-0.2566
2011-09-13,0.5593
2011-09-14,0.4339
2011-09-15,1.0966
2011-09-16,0.4054
2011-09-19,-1.4841
2011-09-20,1.5396999999999998
2011-09-21,-3.349
2011-09-22,-2.246
2011-09-23,-0.9237
2011-09-26,1.9578
2011-09-27,2.0688
2011-09-28,-1.0974
2011-09-29,0.6454
2011-09-30,-1.5187
2011-10-03,-3.2899
2011-10-04,1.2166
2011-10-05,-0.0934
2011-10-06,-0.6191
2011-10-07,-1.3517000000000001
2011-10-10,2.9787
2011-10-11,-0.8099
2011-10-12,1.1431
2011-10-13,0.2999
2011-10-14,-0.4599
2011-10-17,-2.6337
2011-10-18,1.6965
2011-10-19,1.2366
2011-10-20,-1.2676
2011-10-21,2.0821
2011-10-24,1.6385999999999998
2011-10-25,-1.1274
2011-10-26,-4.9031
2011-10-27,3.6211
2011-10-28,1.6084
2011-10-31,-2.1182
2011-11-01,-2.3386
2011-11-02,1.9419
2011-11-03,2.1853
2011-11-04,-0.1601
2011-11-07,0.9278
2011-11-08,1.3846
2011-11-09,-2.5859
2011-11-10,0.5516
2011-11-11,1.5886
2011-11-14,-1.0687
2011-11-15,0.0114
2011-11-16,-1.1939
2011-11-17,-0.9551
2011-11-18,-0.9527
2011-11-21,-1.1965
2011-11-22,-0.3918
2011-11-23,-1.7997999999999998
2011-11-25,1.1895
2011-11-28,1.5833
2011-11-29,-1.0863
2011-11-30,4.0826
2011-12-01,0.0688
2011-12-02,-1.7650000000000001
2011-12-05,0.9334
2011-12-06,-0.7167
2011-12-07,0.2678
2011-12-08,-2.3223
2011-12-09,1.8782999999999999
2011-12-12,-1.3069
2011-12-13,-0.1655
2011-12-14,0.2013
2011-12-15,2.482
2011-12-16,-0.6343
2011-12-19,-1.0214
2011-12-20,2.9314999999999998
2011-12-21,-4.2607
2011-12-22,0.2261
2011-12-23,1.0566
2011-12-27,0.5639
2011-12-28,-1.2967
2011-12-29,1.5268000000000002
2011-12-30,-0.3264
2012-01-03,1.0175
2012-01-04,-0.3358
2012-01-05,-0.1626
2012-01-06,-0.3025
2012-01-09,-0.2684
2012-01-10,0.3511
2012-01-11,0.0933
2012-01-12,0.2563
2012-01-13,-0.6973
2012-01-17,0.4915
2012-01-18,0.4775
2012-01-19,3.79
2012-01-20,0.7274
2012-01-23,0.0222
2012-01-24,2.0215
2012-01-25,1.8073000000000001
2012-01-26,-0.2887
2012-01-27,0.0858
2012-01-30,-1.2752
2012-01-31,0.4233
2012-02-01,1.3727
2012-02-02,-1.1622
2012-02-03,0.8414
2012-02-06,-0.2674
2012-02-07,-0.2038
2012-02-08,-0.3117
2012-02-09,-0.4744
2012-02-10,3.6399
2012-02-13,-0.3136
2012-02-14,0.2621
2012-02-15,-0.3765
2012-02-16,0.189
2012-02-17,0.0943
2012-02-21,-1.5493000000000001
2012-02-22,0.0
2012-02-23,-0.319
2012-02-24,0.3413
2012-02-27,-0.0319
2012-02-28,0.117
2012-02-29,-0.5629
2012-03-01,-0.1602
2012-03-02,-0.1819
2012-03-05,-0.2036
2012-03-06,-1.1921
2012-03-07,0.3261
2012-03-08,1.8418
2012-03-09,0.0745
2012-03-12,0.2445
2012-03-13,1.5058
2012-03-14,-0.6791
2012-03-15,1.1991
2012-03-16,1.1122
2012-03-19,-0.8635
2012-03-20,-0.7881
2012-03-21,0.2508
2012-03-22,0.3753
2012-03-23,0.2908
2012-03-26,2.5787
2012-03-27,-0.2625
2012-03-28,0.2126
2012-03-29,-0.0606
2012-03-30,-0.2224
2012-04-02,0.4356
2012-04-03,-0.5749
2012-04-04,-0.984
2012-04-05,0.4098
2012-04-09,-1.306
2012-04-10,-1.468
2012-04-11,0.6085
2012-04-12,0.7091
2012-04-13,-0.5592
2012-04-16,-0.1666
2012-04-17,2.2426
2012-04-18,-0.0204
2012-04-19,0.3061
2012-04-20,-0.234
2012-04-23,-0.2447
2012-04-24,0.1533
2012-04-25,-0.5205
2012-04-26,1.5287
2012-04-27,-0.0607
2012-04-30,0.2533
2012-05-01,0.6669
2012-05-02,0.261
2012-05-03,-0.1602
2012-05-04,-0.341
2012-05-07,0.483
2012-05-08,0.8512
2012-05-09,-0.288
2012-05-10,1.2746
2012-05-11,-0.5113
2012-05-14,-0.5634
2012-05-15,0.0596
2012-05-16,-1.5596
2012-05-17,-1.0695999999999999
2012-05-18,-1.2852000000000001
2012-05-21,2.3971999999999998
2012-05-22,-0.4137
2012-05-23,0.4154
2012-05-24,0.8981
2012-05-25,-0.09
2012-05-29,0.4104
2012-05-30,-2.1832
2012-05-31,-0.9478
2012-06-01,-1.6360000000000001
2012-06-04,-0.1464
2012-06-05,0.9952
2012-06-06,1.3173
2012-06-07,0.8907
2012-06-08,1.0756000000000001
2012-06-11,-1.1846
2012-06-12,0.0508
2012-06-13,0.9748
2012-06-14,-0.4928
2012-06-15,3.5068
2012-06-18,0.7616
2012-06-19,1.3275000000000001
2012-06-20,0.1721
2012-06-21,-0.8878
2012-06-22,0.5876
2012-06-25,-0.7948
2012-06-26,0.0579
2012-06-27,0.2026
2012-06-28,0.9146
2012-06-29,2.4995
2012-07-02,0.363
2012-07-03,0.0185
2012-07-05,-0.1576
2012-07-06,-0.9287
2012-07-09,0.3375
2012-07-10,-1.2706
2012-07-11,0.7286
2012-07-12,-0.7891
2012-07-13,1.9884
2012-07-16,-1.0584
2012-07-17,0.6099
2012-07-18,-0.5036
2012-07-19,0.9561
2012-07-20,-1.6651
2012-07-23,-1.646
2012-07-24,-1.2504
2012-07-25,0.6136
2012-07-26,-4.6854
2012-07-27,1.1477
2012-07-30,-1.3556
2012-07-31,-0.9976
2012-08-01,0.1954
2012-08-02,-1.1288
2012-08-03,1.152
2012-08-06,0.4002
2012-08-07,0.0511
2012-08-08,0.0409
2012-08-09,-0.2246
2012-08-10,0.8698
2012-08-13,-0.1623
2012-08-14,-0.376
2012-08-15,0.6528
2012-08-16,-0.3344
2012-08-17,0.0508
2012-08-20,-0.3963
2012-08-21,0.4081
2012-08-22,-1.0162
2012-08-23,-0.1129
2012-08-24,0.668
2012-08-27,-0.2552
2012-08-28,-0.0102
2012-08-29,0.2866
2012-08-30,-0.1939
2012-08-31,0.3375
2012-09-04,-0.0408
2012-09-05,1.397
2012-09-06,1.3274
2012-09-07,0.0397
2012-09-10,-1.3194
2012-09-11,0.2513
2012-09-12,1.2335
2012-09-13,0.9609
2012-09-14,0.3042
2012-09-17,0.8804
2012-09-18,0.5139
2012-09-19,0.0868
2012-09-20,0.6458
2012-09-21,0.3065
2012-09-24,0.7065
2012-09-25,-0.474
2012-09-26,-0.6763
2012-09-27,0.3261
2012-09-28,0.0382
2012-10-01,0.3153
2012-10-02,0.4096
2012-10-03,0.0949
2012-10-04,0.4549
2012-10-05,-0.368
2012-10-08,-0.2178
2012-10-09,-2.9135
2012-10-10,-0.088
2012-10-11,-0.225
2012-10-12,-0.9806
2012-10-15,0.2377
2012-10-16,0.9978
2012-10-17,0.3815
2012-10-18,-1.3837
2012-10-19,-1.2673
2012-10-22,-1.1332
2012-10-23,0.1116
2012-10-24,-2.4823
2012-10-25,0.7065
2012-10-26,-0.5055
2012-10-31,-0.2592
2012-11-01,1.1124
2012-11-02,-1.2235
2012-11-05,0.864
2012-11-06,0.8359
2012-11-07,-1.6989
2012-11-08,-1.2806
2012-11-09,-0.0949
2012-11-12,-0.0317
2012-11-13,0.0
2012-11-14,0.7286
2012-11-15,-0.3669
2012-11-16,0.7786
2012-11-19,1.5661
2012-11-20,-0.0411
2012-11-21,0.3085
2012-11-23,1.0252
2012-11-26,-0.3349
2012-11-27,-0.4175
2012-11-28,-0.184
2012-11-29,1.1473
2012-11-30,0.2734
2012-12-03,-0.8585
2012-12-04,0.0509
2012-12-05,-0.7739
2012-12-06,-0.0616
2012-12-07,0.0719
2012-12-10,0.3591
2012-12-11,0.3272
2012-12-12,-1.1719
2012-12-13,-0.5053
2012-12-14,-0.2798
2012-12-17,0.5924
2012-12-18,0.8679
2012-12-19,0.3073
2012-12-20,0.6433
2012-12-21,-0.3856
2012-12-24,-1.6398000000000001
2012-12-26,0.2071
2012-12-27,0.3823
2012-12-28,-1.1839
2012-12-31,1.8231000000000002
2013-01-02,4.1846
2013-01-03,-0.3732
2013-01-04,-0.5126
2013-01-07,0.9115
2013-01-08,1.2666
2013-01-09,-0.1842
2013-01-10,-0.1651
2013-01-11,0.3405
2013-01-14,-0.4363
2013-01-15,-0.6623
2013-01-16,-0.3137
2013-01-17,0.1377
2013-01-18,-0.0295
2013-01-22,0.0
2013-01-23,0.3839
2013-01-24,1.5003
2013-01-25,-0.0676
2013-01-28,-0.0967
2013-01-29,-0.6
2013-01-30,-0.477
2013-01-31,-0.1565
2013-02-01,-2.6648
2013-02-04,-0.765
2013-02-05,1.3186
2013-02-06,1.6718
2013-02-07,-0.4726
2013-02-08,0.1088
2013-02-11,-0.2569
2013-02-12,0.3864
2013-02-13,0.1283
2013-02-14,-0.4436
2013-02-15,-0.2079
2013-02-19,-0.4862
2013-02-20,-0.6979
2013-02-21,-0.5924
2013-02-22,-0.7474
2013-02-25,-0.2544
2013-02-26,-0.153
2013-02-27,0.9809
2013-02-28,0.0202
2013-03-01,-0.0506
2013-03-04,0.0709
2013-03-05,0.9507
2013-03-06,-0.4909
2013-03-07,0.2416
2013-03-08,1.1149
2013-03-11,0.2384
2013-03-12,0.2874
2013-03-13,0.0198
2013-03-14,0.7706
2013-03-15,-0.1176
2013-03-18,-0.4908
2013-03-19,-0.3946
2013-03-20,-0.1783
2013-03-21,-0.7341
2013-03-22,0.5597
2013-03-25,-0.318
2013-03-26,0.4885
2013-03-27,-0.7739
2013-03-28,0.7699
2013-04-01,-0.6152
2013-04-02,0.4293
2013-04-03,0.1292
2013-04-04,0.5461
2013-04-05,-1.1455
2013-04-08,0.2198
2013-04-09,1.4950999999999999
2013-04-10,0.9918
2013-04-11,0.1556
2013-04-12,0.0485
2013-04-15,-1.3295
2013-04-16,0.3934
2013-04-17,-1.3029
2013-04-18,-1.1017
2013-04-19,-0.1104
2013-04-22,-1.286
2013-04-23,0.916
2013-04-24,-0.0706
2013-04-25,0.2119
2013-04-26,-0.545
2013-04-29,0.4262
2013-04-30,0.3941
2013-05-01,0.1409
2013-05-02,1.4171
2013-05-03,0.654
2013-05-06,-0.3938
2013-05-07,0.8006
2013-05-08,1.0492
2013-05-09,0.4561
2013-05-10,1.0529
2013-05-13,0.3728
2013-05-14,1.6667
2013-05-15,0.2155
2013-05-16,-0.3085
2013-05-17,0.7126
2013-05-20,-0.4096
2013-05-21,-0.2431
2013-05-22,-1.3401
2013-05-23,-0.1235
2013-05-24,-0.0095
2013-05-28,0.7989
2013-05-29,-1.7456
2013-05-30,0.3169
2013-05-31,-1.3115
2013-06-03,0.7566
2013-06-04,0.2696
2013-06-05,-0.144
2013-06-06,1.0192
2013-06-07,0.3236
2013-06-10,0.2941
2013-06-11,-0.946
2013-06-12,0.382
2013-06-13,3.9958
2013-06-14,1.5827
2013-06-17,-0.3692
2013-06-18,1.0576
2013-06-19,-1.0912
2013-06-20,-1.4288
2013-06-21,1.0092
2013-06-24,-0.881
2013-06-25,-0.3482
2013-06-26,-0.331
2013-06-27,0.1476
2013-06-28,0.1198
2013-07-01,-0.4693
2013-07-02,-0.5454
2013-07-03,-0.2603
2013-07-05,1.0345
2013-07-08,0.6272
2013-07-09,-0.5867
2013-07-10,0.9129
2013-07-11,0.932
2013-07-12,0.6337
2013-07-15,0.7737
2013-07-16,-0.0268
2013-07-17,0.3036
2013-07-18,0.9971
2013-07-19,0.8213
2013-07-22,-0.4555
2013-07-23,-0.2376
2013-07-24,-0.7409
2013-07-25,0.6487
2013-07-26,1.0506
2013-07-29,-0.5766
2013-07-30,0.3954
2013-07-31,0.3063
2013-08-01,0.9337
2013-08-02,0.0865
2013-08-05,0.1037
2013-08-06,0.4573
2013-08-07,-0.1804
2013-08-08,0.5077
2013-08-09,0.488
2013-08-12,-0.5538
2013-08-13,-0.4798
2013-08-14,-0.6457
2013-08-15,-1.681
2013-08-16,-1.4541
2013-08-19,0.5455
2013-08-20,1.3075
2013-08-21,0.1493
2013-08-22,0.412
2013-08-23,-0.0262
2013-08-26,0.7772
2013-08-27,-1.9064
2013-08-28,0.8392
2013-08-29,1.3666
2013-08-30,-0.726
2013-09-03,-0.1828
2013-09-04,1.8053
2013-09-05,0.0428
2013-09-06,0.882
2013-09-09,0.6875
2013-09-10,0.4384
2013-09-11,0.2434
2013-09-12,-0.695
2013-09-13,0.0169
2013-09-16,0.6323
2013-09-17,-0.0754
2013-09-18,1.0647
2013-09-19,-0.3733
2013-09-20,-1.3739
2013-09-23,-0.6838
2013-09-24,-0.748
2013-09-25,-0.6509
2013-09-26,0.1897
2013-09-27,-0.413
2013-09-30,-0.4666
2013-10-01,0.9375
2013-10-02,0.2064
2013-10-03,-1.3646
2013-10-04,0.8092
2013-10-07,-1.1393
2013-10-08,-0.6111
2013-10-09,0.4656
2013-10-10,1.4514
2013-10-11,2.6286
2013-10-14,1.0161
2013-10-15,-1.5213
2013-10-16,1.6715
2013-10-17,2.1588
2013-10-18,1.3596
2013-10-21,1.2932000000000001
2013-10-22,0.674
2013-10-23,6.9628
2013-10-24,-0.9941
2013-10-25,0.0744
2013-10-28,0.4088
2013-10-29,0.3553
2013-10-30,0.6196
2013-10-31,-0.1466
2013-11-01,0.1175
2013-11-04,1.2319
2013-11-05,-0.6157
2013-11-06,0.3863
2013-11-07,-0.893
2013-11-08,0.8131
2013-11-11,-0.0581
2013-11-12,0.1309
2013-11-13,0.196
2013-11-14,0.3189
2013-11-15,0.4479
2013-11-18,-1.5318
2013-11-19,0.4382
2013-11-20,0.24
2013-11-21,0.8705
2013-11-22,0.5753
2013-11-25,-0.4004
2013-11-26,-0.5097
2013-11-27,0.4618
2013-11-29,-0.2442
2013-12-02,-0.1296
2013-12-03,-0.3893
2013-12-04,-0.6876
2013-12-05,-0.43
2013-12-06,0.6002
2013-12-09,0.2838
2013-12-10,-0.2104
2013-12-11,-1.8031000000000001
2013-12-12,-1.007
2013-12-13,-0.0748
2013-12-16,-0.2096
2013-12-17,-0.8626
2013-12-18,1.1349
2013-12-19,-1.2793
2013-12-20,0.144
2013-12-23,0.1286
2013-12-24,0.7331
2013-12-26,0.3376
2013-12-27,-0.3365
2013-12-30,0.2626
2013-12-31,0.2245
2014-01-02,-1.5753
2014-01-03,-0.531
2014-01-06,-1.3879000000000001
2014-01-07,1.2219
2014-01-08,1.4058
2014-01-09,1.5219
2014-01-10,-0.2523
2014-01-13,-0.5357
2014-01-14,1.2866
2014-01-15,0.4357
2014-01-16,0.4412
2014-01-17,-0.8652
2014-01-21,0.5991
2014-01-22,0.2206
2014-01-23,-0.2788
2014-01-24,-2.0965
2014-01-27,-2.4194
2014-01-28,0.6776
2014-01-29,-0.3365
2014-01-30,0.5449
2014-01-31,-1.0914
2014-02-03,-3.2178
2014-02-04,2.1448
2014-02-05,0.804
2014-02-06,-0.573
2014-02-07,2.0405
2014-02-10,1.6181
2014-02-11,2.6363
2014-02-12,0.0073
2014-02-13,0.9
2014-02-14,0.9428
2014-02-18,0.8621
2014-02-19,-0.8975
2014-02-20,0.8409
2014-02-21,0.9052
2014-02-24,0.6145
2014-02-25,-0.337
2014-02-26,0.7608
2014-02-27,1.1535
2014-02-28,-0.3663
2014-03-03,-1.6024
2014-03-04,1.2619
2014-03-05,0.3342
2014-03-06,-0.2845
2014-03-07,0.0
2014-03-10,1.1481
2014-03-11,0.2889
2014-03-12,0.4459
2014-03-13,-1.7141
2014-03-14,0.6948
2014-03-17,0.7245
2014-03-18,-0.0343
2014-03-19,-0.466
2014-03-20,0.9157
2014-03-21,-0.4981
2014-03-24,-2.153
2014-03-25,1.5417
2014-03-26,1.0007
2014-03-27,-0.7858
2014-03-28,0.2066
2014-03-31,1.7045
2014-04-01,0.8582
2014-04-02,-0.3149
2014-04-03,-0.4167
2014-04-04,-0.0675
2014-04-07,-2.5733
2014-04-08,-1.7955
2014-04-09,0.84
2014-04-10,-3.1922
2014-04-11,-0.7376
2014-04-14,1.0417
2014-04-15,0.31
2014-04-16,0.0934
2014-04-17,0.1652
2014-04-21,1.1757
2014-04-22,-0.0142
2014-04-23,-3.2032
2014-04-24,-0.1098
2014-04-25,0.0073
2014-04-28,0.1908
2014-04-29,0.1099
2014-04-30,0.4976
2014-05-01,0.5024
2014-05-02,1.2897
2014-05-05,0.372
2014-05-06,-0.2281
2014-05-07,0.8643
2014-05-08,1.1968
2014-05-09,0.8258
2014-05-12,2.1308
2014-05-13,0.2582
2014-05-14,-0.7863
2014-05-15,-0.2801
2014-05-16,1.7539
2014-05-19,0.2087
2014-05-20,-1.0347
2014-05-21,0.1154
2014-05-22,-0.8273
2014-05-23,0.2598
2014-05-27,0.3615
2014-05-28,-0.0951
2014-05-29,0.5986
2014-05-30,0.0135
2014-06-02,0.2231
2014-06-03,-1.5514999999999999
2014-06-04,0.9867
2014-06-05,-0.2036
2014-06-06,0.5711
2014-06-09,0.0879
2014-06-10,-4.7280999999999995
2014-06-11,-2.1765
2014-06-12,2.1742
2014-06-13,-2.5252
2014-06-16,0.3129
2014-06-17,-0.0798
2014-06-18,0.6244
2014-06-19,0.3463
2014-06-20,0.8988
2014-06-23,0.2565
2014-06-24,1.0306
2014-06-25,2.1387
2014-06-26,-0.4546
2014-06-27,-0.2007
2014-06-30,-0.8459
2014-07-01,1.9649
2014-07-02,0.2332
2014-07-03,-0.3147
2014-07-07,0.7069
2014-07-08,-0.5588
2014-07-09,-0.0685
2014-07-10,-0.048
2014-07-11,-0.0137
2014-07-14,0.8578
2014-07-15,-0.5579
2014-07-16,-0.7116
2014-07-17,-1.7849
2014-07-18,1.8342
2014-07-21,-0.973
2014-07-22,0.223
2014-07-23,1.3976
2014-07-24,0.768
2014-07-25,1.293
2014-07-28,2.8754
2014-07-29,-1.8808
2014-07-30,0.772
2014-07-31,-1.4398
2014-08-01,0.1675
2014-08-04,1.3647
2014-08-05,-0.6798
2014-08-06,-0.3721
2014-08-07,-1.3406
2014-08-08,0.48
2014-08-11,0.296
2014-08-12,0.1342
2014-08-13,1.6212
2014-08-14,-0.4417
2014-08-15,-0.788
2014-08-18,0.5807
2014-08-19,-0.5441
2014-08-20,-0.5871
2014-08-21,-0.2013
2014-08-22,-1.1432
2014-08-25,1.3878
2014-08-26,0.4026
2014-08-27,-0.6883
2014-08-28,-0.6796
2014-08-29,0.5691
2014-09-02,0.6198
2014-09-03,0.0402
2014-09-04,-0.0402
2014-09-05,0.5356
2014-09-08,-0.5261
2014-09-09,-0.3548
2014-09-10,0.2352
2014-09-11,0.4558
2014-09-12,-1.2945
2014-09-15,-0.6422
2014-09-16,0.2041
2014-09-17,-0.8827
2014-09-18,0.6165
2014-09-19,0.2383
2014-09-22,-0.0815
2014-09-23,-1.4207
2014-09-24,0.2551
2014-09-25,-0.9148
2014-09-26,-0.3193
2014-09-29,-0.1602
2014-09-30,-0.4603
2014-10-01,-0.3363
2014-10-02,1.7929
2014-10-03,1.0222
2014-10-06,2.0375
2014-10-07,-0.8845
2014-10-08,2.4135
2014-10-09,-1.7229
2014-10-10,0.6784
2014-10-13,-0.0867
2014-10-14,0.641
2014-10-15,-1.944
2014-10-16,-1.8946
2014-10-17,0.3454
2014-10-20,0.9981
2014-10-21,1.7039
2014-10-22,-0.831
2014-10-23,4.2235
2014-10-24,1.7766
2014-10-27,1.083
2014-10-28,0.9832
2014-10-29,-0.3433
2014-10-30,0.8204
2014-10-31,1.851
2014-11-03,-0.6709
2014-11-04,0.4605
2014-11-05,0.5867
2014-11-06,0.237
2014-11-07,-1.5699999999999998
2014-11-10,0.9176
2014-11-11,0.2441
2014-11-12,0.5722
2014-11-13,0.23
2014-11-14,-0.936
2014-11-17,0.4694
2014-11-18,1.5472000000000001
2014-11-19,-0.4123
2014-11-20,0.264
2014-11-21,-0.365
2014-11-24,0.6907
2014-11-25,-0.7158
2014-11-26,0.4326
2014-11-28,0.1077
2014-12-01,1.6074000000000002
2014-12-02,0.5587
2014-12-03,0.8246
2014-12-04,0.0406
2014-12-05,-0.058
2014-12-08,0.1798
2014-12-09,-1.4941
2014-12-10,-1.5461
2014-12-11,1.0032
2014-12-12,-0.9814
2014-12-15,-0.7642
2014-12-16,-0.2226
2014-12-17,1.8271
2014-12-18,1.6048
2014-12-19,-1.2123
2014-12-22,0.0059
2014-12-23,0.0177
2014-12-24,-0.2595
2014-12-26,-0.414
2014-12-29,0.1841
2014-12-30,-0.0296
2014-12-31,-1.2095
2015-01-02,0.5161
2015-01-05,-1.4867
2015-01-06,0.3455
2015-01-07,2.9476
2015-01-08,2.5991999999999997
2015-01-09,-0.6633
2015-01-12,0.2072
2015-01-13,-0.3275
2015-01-14,0.2882
2015-01-15,-0.6667
2015-01-16,0.7059
2015-01-20,0.9824
2015-01-21,0.3186
2015-01-22,1.4064999999999999
2015-01-23,-0.2184
2015-01-26,0.1403
2015-01-27,-0.6612
2015-01-28,-1.1959
2015-01-29,1.022
2015-01-30,-3.3401
2015-02-02,-0.5613
2015-02-03,1.4641
2015-02-04,0.0116
2015-02-05,0.7127
2015-02-06,-1.0414
2015-02-09,-1.7965
2015-02-10,2.5221
2015-02-11,0.2887
2015-02-12,0.6967
2015-02-13,0.2859
2015-02-17,-0.3934
2015-02-18,0.7613
2015-02-19,-0.267
2015-02-20,0.8374
2015-02-23,-0.548
2015-02-24,-0.8918
2015-02-25,-1.6392
2015-02-26,-0.3962
2015-02-27,-1.053
2015-03-02,-0.4966
2015-03-03,-0.6655
2015-03-04,0.2871
2015-03-05,1.5627
2015-03-06,-2.12
2015-03-09,0.462
2015-03-10,-1.2004
2015-03-11,-0.5501
2015-03-12,1.3615
2015-03-13,-0.6356
2015-03-16,1.8105
2015-03-17,-1.067
2015-03-18,0.8268
2015-03-19,1.4321
2015-03-20,0.4628
2015-03-23,-1.178
2015-03-24,-0.5842
2015-03-25,-1.0803
2015-03-26,0.006
2015-03-27,0.63
2015-03-30,0.9898
2015-03-31,-1.1927
2015-04-01,-1.2608
2015-04-02,1.6279
2015-04-06,-0.006
2015-04-07,0.792
2015-04-08,-0.1891
2015-04-09,0.9353
2015-04-10,-0.0176
2015-04-13,0.4693
2015-04-14,-0.6714
2015-04-15,-0.4644
2015-04-16,0.9035
2015-04-17,0.1112
2015-04-20,1.6953
2015-04-21,0.5116
2015-04-22,0.1373
2015-04-23,0.7882
2015-04-24,-0.4936
2015-04-27,-2.1439
2015-04-28,-0.8041
2015-04-29,-2.567
2015-04-30,0.428
2015-05-01,1.7889
2015-05-04,0.8139
2015-05-05,-1.638
2015-05-06,-0.5353
2015-05-07,0.1315
2015-05-08,1.69
2015-05-11,-0.7869
2015-05-12,-1.0594999999999999
2015-05-13,0.4487
2015-05-14,2.5073
2015-05-15,0.9063
2015-05-18,-0.2015
2015-05-19,0.2885
2015-05-20,-0.4545
2015-05-21,-0.3814
2015-05-22,-0.2494
2015-05-26,-0.8956
2015-05-27,0.9272
2015-05-28,-0.75
2015-05-29,-0.2226
2015-06-01,1.3328
2015-06-02,-0.2781
2015-06-03,-0.2847
2015-06-04,-0.641
2015-06-05,0.0411
2015-06-08,0.1348
2015-06-09,-1.5045
2015-06-10,1.4383
2015-06-11,0.457
2015-06-12,-0.5483
2015-06-15,-0.7272
2015-06-16,0.4785
2015-06-17,-0.047
2015-06-18,1.4529
2015-06-19,-0.3595
2015-06-22,0.9369
2015-06-23,-0.2825
2015-06-24,-0.5088
2015-06-25,0.4474
2015-06-26,0.3934
2015-06-29,-1.4982
2015-06-30,-0.1404
2015-07-01,1.2127
2015-07-02,-0.8508
2015-07-06,0.035
2015-07-07,0.7411
2015-07-08,-0.446
2015-07-09,-0.384
2015-07-10,1.9508999999999999
2015-07-13,2.0969
2015-07-14,0.6004
2015-07-15,-0.5801
2015-07-16,0.3703
2015-07-17,0.1064
2015-07-20,0.369
2015-07-21,-0.7075
2015-07-22,0.6565
2015-07-23,0.0279
2015-07-24,4.6251999999999995
2015-07-27,1.2730000000000001
2015-07-28,1.4779
2015-07-29,0.8292
2015-07-30,-0.7453
2015-07-31,1.8384
2015-08-03,-0.2339
2015-08-04,0.051
2015-08-05,1.9409999999999998
2015-08-06,-0.5647
2015-08-07,-0.201
2015-08-10,0.2568
2015-08-11,-0.0502
2015-08-12,-0.5377
2015-08-13,0.5609
2015-08-14,0.2563
2015-08-17,0.1604
2015-08-18,0.0801
2015-08-19,0.26
2015-08-20,-2.6131
2015-08-21,-1.9407
2015-08-24,-3.7963
2015-08-25,-0.0489
2015-08-26,2.8782
2015-08-27,3.7215
2015-08-28,0.4988
2015-08-31,-1.8636
2015-09-01,-3.22
2015-09-02,2.2981
2015-09-03,-0.7662
2015-09-04,-1.2921
2015-09-08,2.5382
2015-09-09,-1.7852000000000001
2015-09-10,1.0356
2015-09-11,0.8054
2015-09-14,-0.7055
2015-09-15,1.3114
2015-09-16,0.526
2015-09-17,1.185
2015-09-18,-1.1712
2015-09-21,0.7439
2015-09-22,-0.3717
2015-09-23,0.0562
2015-09-24,-0.378
2015-09-25,-0.9486
2015-09-28,-4.0482
2015-09-29,0.027
2015-09-30,0.4908
2015-10-01,2.0987
2015-10-02,1.5088
2015-10-05,-0.8442
2015-10-06,-2.2302
2015-10-07,-0.1977
2015-10-08,0.1071
2015-10-09,-0.1658
2015-10-12,1.2961
2015-10-13,-0.4917
2015-10-14,-0.6536
2015-10-15,3.1984
2015-10-16,1.1506
2015-10-19,0.3023
2015-10-20,-1.7317
2015-10-21,-1.4139
2015-10-22,-1.4079
2015-10-23,-3.9199
2015-10-26,-0.0502
2015-10-27,2.4257
2015-10-28,0.2613
2015-10-29,1.1023
2015-10-30,0.0859
2015-11-02,1.9909
2015-11-03,-1.1838
2015-11-04,-0.2982
2015-11-05,-0.8278
2015-11-06,0.1885
2015-11-09,-0.4569
2015-11-10,0.4428
2015-11-11,-1.1128
2015-11-12,-1.0655000000000001
2015-11-13,0.1758
2015-11-16,1.3494
2015-11-17,-0.6332
2015-11-18,0.8769
2015-11-19,-1.7548
2015-11-20,3.0062
2015-11-23,-0.0907
2015-11-24,-0.5447
2015-11-25,0.6229
2015-11-27,-0.016
2015-11-30,-0.2935
2015-12-01,1.1508
2015-12-02,-0.2434
2015-12-03,-2.785
2015-12-04,2.3628
2015-12-07,0.8103
2015-12-08,-0.6769
2015-12-09,-1.2352
2015-12-10,-0.7439
2015-12-11,-0.6517
2015-12-14,1.875
2015-12-15,0.7298
2015-12-16,1.9604
2015-12-17,-0.4075
2015-12-18,-1.7364000000000002
2015-12-21,-0.1762
2015-12-22,0.9306
2015-12-23,-0.4027
2015-12-24,1.0162
2015-12-28,-0.5899
2015-12-29,1.457
2015-12-30,-0.423
2015-12-31,-0.6555
2016-01-04,-2.9244
2016-01-05,0.4894
2016-01-06,-0.4221
2016-01-07,0.0815
2016-01-08,-2.1665
2016-01-11,-1.2321
2016-01-12,0.5338
2016-01-13,-1.5706
2016-01-14,0.4827
2016-01-15,-0.0113
2016-01-19,0.9947
2016-01-20,-0.9905
2016-01-21,1.2435
2016-01-22,2.3424
2016-01-25,0.5626
2016-01-26,-0.5106
2016-01-27,0.071
2016-01-28,-2.6897
2016-01-29,2.7529
2016-02-01,2.6245000000000003
2016-02-02,0.4307
2016-02-03,-1.98
2016-02-04,1.0694
2016-02-05,-2.2551
2016-02-08,-1.7823
2016-02-09,0.9964
2016-02-10,2.6014
2016-02-11,-2.5032
2016-02-12,1.2121
2016-02-16,2.0359
2016-02-17,0.3308
2016-02-18,-0.3882
2016-02-19,0.9502
2016-02-22,0.1904
2016-02-23,1.0767
2016-02-24,1.2532
2016-02-25,1.3718
2016-02-26,-0.4426
2016-02-29,-1.6965
2016-03-01,1.102
2016-03-02,-0.7609
2016-03-03,0.1295
2016-03-04,0.5433
2016-03-07,-0.1389
2016-03-08,-0.0309
2016-03-09,0.7784
2016-03-10,-0.0256
2016-03-11,-0.1944
2016-03-14,0.1948
2016-03-15,-0.573
2016-03-16,-0.0926
2016-03-17,-0.2369
2016-03-18,1.6108
2016-03-21,-0.3608
2016-03-22,0.9128
2016-03-23,0.4851
2016-03-24,-0.3269
2016-03-28,0.555
2016-03-29,1.5404
2016-03-30,0.252
2016-03-31,-0.1035
2016-04-01,0.9967
2016-04-04,1.1334
2016-04-05,-2.0144
2016-04-06,1.2719
2016-04-07,-1.032
2016-04-08,-0.0492
2016-04-11,-0.1526
2016-04-12,0.966
2016-04-13,0.6737
2016-04-14,-0.0679
2016-04-15,0.3397
2016-04-18,0.9236
2016-04-19,0.0431
2016-04-20,0.1676
2016-04-21,-1.0137
2016-04-22,0.1014
2016-04-25,-0.1448
2016-04-26,-0.6766
2016-04-27,2.2673
2016-04-28,2.0315
2016-04-29,-0.957
2016-05-02,1.2867
2016-05-03,-0.4235
2016-05-04,-0.0514
2016-05-05,0.7715
2016-05-06,0.4037
2016-05-09,0.6146
2016-05-10,1.4835
2016-05-11,-0.7332
2016-05-12,0.0502
2016-05-13,-0.3645
2016-05-16,1.491
2016-05-17,-1.2122
2016-05-18,-0.4927
2016-05-19,0.2017
2016-05-20,0.5307
2016-05-23,0.2002
2016-05-24,0.4996
2016-05-25,-0.5016
2016-05-26,-0.268
2016-05-27,-0.2641
2016-05-31,0.0183
2016-06-01,0.0411
2016-06-02,0.7302
2016-06-03,-0.0498
2016-06-06,0.4125
2016-06-07,0.5056
2016-06-08,1.06
2016-06-09,0.6711
2016-06-10,-0.5077
2016-06-13,-0.0133
2016-06-14,0.821
2016-06-15,-1.1576
2016-06-16,0.2227
2016-06-17,-0.0089
2016-06-20,1.2176
2016-06-21,0.1932
2016-06-22,0.1139
2016-06-23,0.9673
2016-06-24,-1.9637
2016-06-27,-0.4996
2016-06-28,1.151
2016-06-29,2.078
2016-06-30,1.2094
2016-07-01,-0.1743
2016-07-05,0.9372
2016-07-06,-0.0464
2016-07-07,0.4053
2016-07-08,0.5046
2016-07-11,-0.7657
2016-07-12,-0.6746
2016-07-13,-0.3354
2016-07-14,0.1619
2016-07-15,-1.1367
2016-07-18,-0.1464
2016-07-19,0.3967
2016-07-20,-0.1546
2016-07-21,-0.4302
2016-07-22,-0.6265
2016-07-25,-0.4522
2016-07-26,1.0963
2016-07-27,-3.3784
2016-07-28,0.2683
2016-07-29,-0.2319
2016-08-01,0.6347
2016-08-02,-1.1193
2016-08-03,-1.2577
2016-08-04,0.7233
2016-08-05,0.4968
2016-08-08,-0.4764
2016-08-09,0.4967
2016-08-10,0.0225
2016-08-11,0.2246
2016-08-12,-0.2734
2016-08-15,-0.1169
2016-08-16,-1.5569
2016-08-17,-0.2742
2016-08-18,-0.0321
2016-08-19,0.4447
2016-08-22,-0.5067
2016-08-23,-0.133
2016-08-24,-1.2312
2016-08-25,0.1488
2016-08-26,0.8127
2016-08-29,1.5202
2016-08-30,0.3358
2016-08-31,-0.1221
2016-09-01,0.2989
2016-09-02,-0.1309
2016-09-06,0.3752
2016-09-07,-1.0404
2016-09-08,-0.4323
2016-09-09,-2.3905
2016-09-12,0.8335
2016-09-13,-1.0728
2016-09-14,1.8260999999999998
2016-09-15,3.0981
2016-09-16,1.1716
2016-09-19,0.221
2016-09-20,0.5336
2016-09-21,0.2413
2016-09-22,1.2428
2016-09-23,-0.6224
2016-09-26,-0.8786
2016-09-27,0.3072
2016-09-28,-0.5643
2016-09-29,-1.5662
2016-09-30,0.2414
2016-10-03,-0.2274
2016-10-04,-0.9787
2016-10-05,-0.0993
2016-10-06,0.4021
2016-10-07,0.324
2016-10-10,2.0092
2016-10-11,-4.2603
2016-10-12,0.0276
2016-10-13,0.3856
2016-10-14,0.5214
2016-10-17,-0.3458
2016-10-18,1.9996
2016-10-19,-1.3204
2016-10-20,-0.0091
2016-10-21,-0.3679
2016-10-24,-0.2097
2016-10-25,-1.818
2016-10-26,0.0047
2016-10-27,-2.1819
2016-10-28,2.1164
2016-10-31,0.9175
2016-11-01,-0.8953
2016-11-02,0.298
2016-11-03,0.8125
2016-11-04,0.2579
2016-11-07,1.346
2016-11-08,1.6
2016-11-09,-2.3199
2016-11-10,0.6348
2016-11-11,-3.2223
2016-11-14,-4.441
2016-11-15,4.1370000000000005
2016-11-16,0.3723
2016-11-17,1.4226
2016-11-18,-0.1342
2016-11-21,-0.2457
2016-11-22,-2.974
2016-11-23,0.5747
2016-11-25,1.2429000000000001
2016-11-28,-0.7761
2016-11-29,2.3322
2016-11-30,-2.469
2016-12-01,-1.7526000000000002
2016-12-02,1.4986
2016-12-05,0.1191
2016-12-06,-0.6993
2016-12-07,1.1689
2016-12-08,1.1507
2016-12-09,1.4184999999999999
2016-12-12,1.4817
2016-12-13,0.232
2016-12-14,-1.1073
2016-12-15,1.2803
2016-12-16,0.145
2016-12-19,-0.3167
2016-12-20,0.0635
2016-12-21,-0.3674
2016-12-22,0.4644
2016-12-23,1.0966
2016-12-27,0.1883
2016-12-28,-0.4787
2016-12-29,0.7552
2016-12-30,0.2365
2017-01-03,1.2508
2017-01-04,-0.0396
2017-01-05,0.774
2017-01-06,0.2269
2017-01-09,0.2134
2017-01-10,1.0906
2017-01-11,0.8252
2017-01-12,0.2941
2017-01-13,-0.4675
2017-01-17,0.4868
2017-01-18,-0.221
2017-01-19,-1.1287
2017-01-20,-0.1811
2017-01-23,-0.0734
2017-01-24,-0.0778
2017-01-25,-0.2553
2017-01-26,-1.7179
2017-01-27,5.2436
2017-01-30,-0.6794
2017-01-31,0.2154
2017-02-01,-0.434
2017-02-02,0.5544
2017-02-03,0.1052
2017-02-06,-0.3826
2017-02-07,-0.1266
2017-02-08,0.4141
2017-02-09,0.9342
2017-02-10,0.1834
2017-02-13,0.1248
2017-02-14,0.0291
2017-02-15,0.6607
2017-02-16,-0.1899
2017-02-17,0.2564
2017-02-21,0.3424
2017-02-22,0.0576
2017-02-23,0.1479
2017-02-24,0.5908
2017-02-27,-0.3834
2017-02-28,0.4094
2017-03-01,0.9175
2017-03-02,-0.4323
2017-03-03,-0.2557
2017-03-06,0.5248
2017-03-07,-0.5626
2017-03-08,0.3826
2017-03-09,0.6487
2017-03-10,0.6204
2017-03-13,0.3443
2017-03-14,-0.5706
2017-03-15,0.61
2017-03-16,-0.4627
2017-03-17,0.5169
2017-03-20,-0.0678
2017-03-21,-0.4548
2017-03-22,0.012
2017-03-23,-0.3366
2017-03-24,0.4744
2017-03-27,0.3481
2017-03-28,-0.1196
2017-03-29,-0.3194
2017-03-30,-0.4566
2017-03-31,0.0
2017-04-03,0.8168
2017-04-04,-0.866
2017-04-05,0.1973
2017-04-06,0.0562
2017-04-07,0.1446
2017-04-10,0.1885
2017-04-11,0.052
2017-04-12,-0.356
2017-04-13,-0.1164
2017-04-17,0.9927
2017-04-18,-0.6805
2017-04-19,1.8071000000000002
2017-04-20,0.2716
2017-04-21,-0.6673
2017-04-24,19.4966
2017-04-25,0.3637
2017-04-26,0.0659
2017-04-27,0.7013
2017-04-28,0.6218
2017-05-01,-0.1821
2017-05-02,-0.0554
2017-05-03,-0.0522
2017-05-04,0.0033
2017-05-05,0.4729
2017-05-08,-0.6914
2017-05-09,0.0163
2017-05-10,-0.232
2017-05-11,0.8321
2017-05-12,-0.0292
2017-05-15,0.1007
2017-05-16,-0.5519
2017-05-17,-0.457
2017-05-18,0.4821
2017-05-19,0.3786
2017-05-22,-0.0943
2017-05-23,0.3515
2017-05-24,0.0324
2017-05-25,0.0486
2017-05-26,0.0356
2017-05-30,0.4308
2017-05-31,-0.8386
2017-06-01,1.8117999999999999
2017-06-02,0.115
2017-06-05,-0.0319
2017-06-06,-0.0638
2017-06-07,0.329
2017-06-08,-0.0669
2017-06-09,0.1179
2017-06-12,-0.245
2017-06-13,0.1882
2017-06-14,0.1815
2017-06-15,-0.2257
2017-06-16,-0.1179
2017-06-19,0.5198
2017-06-20,0.1237
2017-06-21,-0.1838
2017-06-22,0.3111
2017-06-23,0.0
2017-06-26,0.0443
2017-06-27,-0.0095
2017-06-28,-0.0127
2017-06-29,-0.367
2017-06-30,0.3874
2017-07-03,0.0886
2017-07-05,0.4109
2017-07-06,-0.2015
2017-07-07,0.429
2017-07-10,-0.1162
2017-07-11,-0.4119
2017-07-12,0.663
2017-07-13,-0.0815
2017-07-14,0.4614
2017-07-17,-0.1219
2017-07-18,0.1377
2017-07-19,0.2687
2017-07-20,0.377
2017-07-21,0.0994
2017-07-24,-0.0341
2017-07-25,-0.031
2017-07-26,-0.2515
2017-07-27,0.0654
2017-07-28,-0.3205
2017-07-31,0.0687
2017-08-01,-0.1061
2017-08-02,0.7088
2017-08-03,-0.9798
2017-08-04,-0.2474
2017-08-07,0.113
2017-08-08,-0.2383
2017-08-09,0.1414
2017-08-10,0.1569
2017-08-11,0.1943
2017-08-14,0.3534
2017-08-15,-0.0156
2017-08-16,-0.1652
2017-08-17,-0.3559
2017-08-18,-0.3008
2017-08-21,0.3834
2017-08-22,0.2567
2017-08-23,-0.4934
2017-08-24,-0.0471
2017-08-25,0.0848
2017-08-28,0.2321
2017-08-29,0.0
2017-08-30,-0.144
2017-08-31,0.5485
2017-09-01,-0.24
2017-09-05,0.4593
2017-09-06,-0.1711
2017-09-07,0.2929
2017-09-08,0.6244
2017-09-11,-0.0556
2017-09-12,-0.2471
2017-09-13,-0.8144
2017-09-14,0.0656
2017-09-15,-0.2933
2017-09-18,-0.0156
2017-09-19,-0.385
2017-09-20,0.0848
2017-09-21,-0.3736
2017-09-22,0.397
2017-09-25,-0.0408
2017-09-26,0.0942
2017-09-27,-0.0157
2017-09-28,0.1976
2017-09-29,0.3507
2017-10-02,0.1716
2017-10-03,-0.4267
2017-10-04,0.1189
2017-10-05,0.2812
2017-10-06,0.324
2017-10-09,-0.2422
2017-10-10,-0.386
2017-10-11,0.5
2017-10-12,0.2239
2017-10-13,0.3351
2017-10-16,-0.0309
2017-10-17,0.3898
2017-10-18,0.758
2017-10-19,0.0917
2017-10-20,0.8738
2017-10-23,-0.6118
2017-10-24,-0.0061
2017-10-25,-0.0274
2017-10-26,0.0152
2017-10-27,0.003
2017-10-30,-0.3718
2017-10-31,0.0612
2017-11-01,-0.0887
2017-11-02,2.6898999999999997
2017-11-03,-0.5096
2017-11-06,0.1587
2017-11-07,-0.2452
2017-11-08,0.1529
2017-11-09,0.3592
2017-11-10,-1.0111
2017-11-13,0.3586
2017-11-14,0.0781
2017-11-15,-0.324
2017-11-16,0.5989
2017-11-17,-0.2064
2017-11-20,-0.0809
2017-11-21,1.0111
2017-11-22,-0.4396
2017-11-24,0.2775
2017-11-27,-0.0536
2017-11-28,0.1488
2017-11-29,0.113
2017-11-30,-0.2583
2017-12-01,0.0357
2017-12-04,-1.0445
2017-12-05,-0.018
2017-12-06,-0.1053
2017-12-07,0.0572
2017-12-08,0.2198
2017-12-11,-0.2224
2017-12-12,0.009
2017-12-13,-0.0271
2017-12-14,0.0301
2017-12-15,0.7227
2017-12-18,-0.2063
2017-12-19,0.006
2017-12-20,-0.3804
2017-12-21,-0.3488
2017-12-22,0.2655
2017-12-26,0.3401
2017-12-27,-0.066
2017-12-28,-0.5853
