date,BNI UN Equity
2000-01-04,-8.2228
2000-01-05,1.1561
2000-01-06,11.4286
2000-01-07,2.3077
2000-01-08,
2000-01-09,
2000-01-10,0.2506
2000-01-11,2.0
2000-01-12,0.4902
2000-01-13,4.878
2000-01-14,-1.3953
2000-01-15,
2000-01-16,
2000-01-17,
2000-01-18,-3.3019
2000-01-19,-4.1463
2000-01-20,-2.2901
2000-01-21,2.8646000000000003
2000-01-22,
2000-01-23,
2000-01-24,-5.0633
2000-01-25,-2.4
2000-01-26,1.9125999999999999
2000-01-27,4.5576
2000-01-28,-1.2821
2000-01-29,
2000-01-30,
2000-01-31,0.0
2000-02-01,0.2597
2000-02-02,-3.6269
2000-02-03,-0.8065
2000-02-04,-1.084
2000-02-05,
2000-02-06,
2000-02-07,-2.1918
2000-02-08,1.4006
2000-02-09,0.0
2000-02-10,0.0
2000-02-11,-5.2486
2000-02-12,
2000-02-13,
2000-02-14,3.7901
2000-02-15,-0.5618
2000-02-16,2.2599
2000-02-17,0.8287
2000-02-18,-1.0959
2000-02-19,
2000-02-20,
2000-02-21,
2000-02-22,0.554
2000-02-23,-5.7851
2000-02-24,-5.5556
2000-02-25,-0.6192
2000-02-26,
2000-02-27,
2000-02-28,0.9346
2000-02-29,-2.7778
2000-03-01,5.3968
2000-03-02,-2.1084
2000-03-03,0.9231
2000-03-04,
2000-03-05,
2000-03-06,-1.8293
2000-03-07,-4.3478
2000-03-08,0.6494
2000-03-09,2.5548
2000-03-10,-0.3165
2000-03-11,
2000-03-12,
2000-03-13,-0.3175
2000-03-14,-0.9554
2000-03-15,5.1447
2000-03-16,5.8104
2000-03-17,2.8902
2000-03-18,
2000-03-19,
2000-03-20,-3.0899
2000-03-21,-0.5797
2000-03-22,-0.8746
2000-03-23,-1.1764999999999999
2000-03-24,4.1667
2000-03-25,
2000-03-26,
2000-03-27,1.4285999999999999
2000-03-28,-4.2254
2000-03-29,0.0
2000-03-30,0.0
2000-03-31,4.1176
2000-04-01,
2000-04-02,
2000-04-03,3.1073
2000-04-04,1.0959
2000-04-05,5.4201
2000-04-06,-1.5424
2000-04-07,-4.4386
2000-04-08,
2000-04-09,
2000-04-10,1.6393
2000-04-11,5.3763
2000-04-12,0.0
2000-04-13,-2.8061
2000-04-14,-3.9370000000000003
2000-04-15,
2000-04-16,
2000-04-17,0.2732
2000-04-18,4.3597
2000-04-19,0.7833
2000-04-20,-0.5181
2000-04-21,
2000-04-22,
2000-04-23,
2000-04-24,2.6042
2000-04-25,5.0761
2000-04-26,-6.0386
2000-04-27,-2.0566
2000-04-28,1.3123
2000-04-29,
2000-04-30,
2000-05-01,-1.8135
2000-05-02,-1.847
2000-05-03,0.0
2000-05-04,-2.4194
2000-05-05,4.9587
2000-05-06,
2000-05-07,
2000-05-08,4.4619
2000-05-09,1.005
2000-05-10,-3.9801
2000-05-11,-0.5181
2000-05-12,1.0417
2000-05-13,
2000-05-14,
2000-05-15,-2.3196
2000-05-16,5.0132
2000-05-17,0.5025
2000-05-18,0.5
2000-05-19,-0.4975
2000-05-20,
2000-05-21,
2000-05-22,0.0
2000-05-23,0.5
2000-05-24,2.4876
2000-05-25,-3.8834999999999997
2000-05-26,-1.5152
2000-05-27,
2000-05-28,
2000-05-29,
2000-05-30,0.7692
2000-05-31,-3.8167999999999997
2000-06-01,2.6455
2000-06-02,5.1546
2000-06-03,
2000-06-04,
2000-06-05,-2.6961
2000-06-06,0.5038
2000-06-07,-1.2530999999999999
2000-06-08,0.2538
2000-06-09,2.2785
2000-06-10,
2000-06-11,
2000-06-12,1.4653
2000-06-13,-1.4706000000000001
2000-06-14,-6.7164
2000-06-15,0.2667
2000-06-16,-4.7872
2000-06-17,
2000-06-18,
2000-06-19,0.5587
2000-06-20,-3.0556
2000-06-21,2.2923
2000-06-22,-1.1204
2000-06-23,0.2833
2000-06-24,
2000-06-25,
2000-06-26,0.565
2000-06-27,-0.5618
2000-06-28,6.7797
2000-06-29,1.5873
2000-06-30,-4.4271
2000-07-01,
2000-07-02,
2000-07-03,6.5395
2000-07-04,
2000-07-05,3.5806
2000-07-06,1.2346
2000-07-07,1.4634
2000-07-08,
2000-07-09,
2000-07-10,0.0
2000-07-11,-0.9615
2000-07-12,1.9417
2000-07-13,0.0
2000-07-14,2.6189999999999998
2000-07-15,
2000-07-16,
2000-07-17,-1.3921000000000001
2000-07-18,-2.8235
2000-07-19,-3.8741
2000-07-20,-0.2519
2000-07-21,4.0404
2000-07-22,
2000-07-23,
2000-07-24,1.2136
2000-07-25,-5.9952
2000-07-26,-8.4184
2000-07-27,5.8496
2000-07-28,2.3684
2000-07-29,
2000-07-30,
2000-07-31,0.5141
2000-08-01,-0.5115
2000-08-02,-0.2571
2000-08-03,0.0
2000-08-04,-1.2887
2000-08-05,
2000-08-06,
2000-08-07,0.7833
2000-08-08,2.0725
2000-08-09,-1.5228000000000002
2000-08-10,1.8041
2000-08-11,1.0127
2000-08-12,
2000-08-13,
2000-08-14,0.7519
2000-08-15,-0.995
2000-08-16,-1.7588
2000-08-17,1.023
2000-08-18,-2.5316
2000-08-19,
2000-08-20,
2000-08-21,0.0
2000-08-22,-1.2987
2000-08-23,-4.2105
2000-08-24,1.6484
2000-08-25,-0.5405
2000-08-26,
2000-08-27,
2000-08-28,-3.8043
2000-08-29,2.2599
2000-08-30,-1.6575
2000-08-31,0.5618
2000-09-01,1.1173
2000-09-02,
2000-09-03,
2000-09-04,
2000-09-05,-0.5525
2000-09-06,0.2778
2000-09-07,-1.1302
2000-09-08,-1.9718
2000-09-09,
2000-09-10,
2000-09-11,-1.1494
2000-09-12,0.0
2000-09-13,0.2907
2000-09-14,-1.7391
2000-09-15,1.4748999999999999
2000-09-16,
2000-09-17,
2000-09-18,1.1628
2000-09-19,-1.4368
2000-09-20,-1.7492999999999999
2000-09-21,-1.4837
2000-09-22,0.9036
2000-09-23,
2000-09-24,
2000-09-25,0.8955
2000-09-26,-1.4793
2000-09-27,1.5015
2000-09-28,2.6627
2000-09-29,-0.5764
2000-09-30,
2000-10-01,
2000-10-02,-1.1594
2000-10-03,0.8798
2000-10-04,1.7442
2000-10-05,3.1429
2000-10-06,-0.831
2000-10-07,
2000-10-08,
2000-10-09,-0.838
2000-10-10,2.2535
2000-10-11,-4.1322
2000-10-12,-1.1494
2000-10-13,0.5814
2000-10-14,
2000-10-15,
2000-10-16,2.8902
2000-10-17,0.5618
2000-10-18,-1.1173
2000-10-19,0.565
2000-10-20,0.5618
2000-10-21,
2000-10-22,
2000-10-23,-3.9106
2000-10-24,7.8488
2000-10-25,0.2695
2000-10-26,2.4194
2000-10-27,0.5249
2000-10-28,
2000-10-29,
2000-10-30,3.1332
2000-10-31,7.5949
2000-11-01,-0.2353
2000-11-02,0.4717
2000-11-03,-0.2347
2000-11-04,
2000-11-05,
2000-11-06,0.2353
2000-11-07,-0.7042
2000-11-08,-1.4184
2000-11-09,0.7194
2000-11-10,-0.9524
2000-11-11,
2000-11-12,
2000-11-13,-0.2404
2000-11-14,1.4458
2000-11-15,3.0879
2000-11-16,0.2304
2000-11-17,-4.5977
2000-11-18,
2000-11-19,
2000-11-20,0.9639
2000-11-21,0.2387
2000-11-22,0.0
2000-11-23,
2000-11-24,2.6189999999999998
2000-11-25,
2000-11-26,
2000-11-27,-2.5522
2000-11-28,-2.1429
2000-11-29,0.9732
2000-11-30,-2.4096
2000-12-01,-0.2469
2000-12-02,
2000-12-03,
2000-12-04,3.2178
2000-12-05,1.4388
2000-12-06,-1.8913
2000-12-07,0.241
2000-12-08,0.7019
2000-12-09,
2000-12-10,
2000-12-11,1.4388
2000-12-12,0.7092
2000-12-13,-2.3474
2000-12-14,-3.125
2000-12-15,-2.2333
2000-12-16,
2000-12-17,
2000-12-18,3.0457
2000-12-19,3.202
2000-12-20,-1.432
2000-12-21,2.9055999999999997
2000-12-22,4.9412
2000-12-23,
2000-12-24,
2000-12-25,
2000-12-26,0.4484
2000-12-27,4.0179
2000-12-28,-2.3605
2000-12-29,-0.4396
2000-12-30,
2000-12-31,
2001-01-01,
2001-01-02,1.1038000000000001
2001-01-03,0.655
2001-01-04,2.1692
2001-01-05,0.2123
2001-01-06,
2001-01-07,
2001-01-08,1.0593
2001-01-09,-0.4193
2001-01-10,-2.9474
2001-01-11,1.9523000000000001
2001-01-12,-3.4043
2001-01-13,
2001-01-14,
2001-01-15,
2001-01-16,3.0837
2001-01-17,-0.4274
2001-01-18,0.6438
2001-01-19,-1.7058
2001-01-20,
2001-01-21,
2001-01-22,-0.2169
2001-01-23,-2.1739
2001-01-24,1.3333
2001-01-25,0.0
2001-01-26,-1.3158
2001-01-27,
2001-01-28,
2001-01-29,1.0133
2001-01-30,1.6543
2001-01-31,5.9902999999999995
2001-02-01,0.7841
2001-02-02,-0.1621
2001-02-03,
2001-02-04,
2001-02-05,-1.9156
2001-02-06,0.1324
2001-02-07,-0.8264
2001-02-08,-0.6667
2001-02-09,0.5034
2001-02-10,
2001-02-11,
2001-02-12,0.4341
2001-02-13,1.1303
2001-02-14,-0.9862
2001-02-15,0.9628
2001-02-16,-0.8879
2001-02-17,
2001-02-18,
2001-02-19,
2001-02-20,-0.6304
2001-02-21,-0.8347
2001-02-22,1.1448
2001-02-23,-0.0666
2001-02-24,
2001-02-25,
2001-02-26,1.1992
2001-02-27,-0.4608
2001-02-28,-0.7606
2001-03-01,-1.4329
2001-03-02,1.2508
2001-03-03,
2001-03-04,
2001-03-05,0.1336
2001-03-06,-1.2671000000000001
2001-03-07,1.1145
2001-03-08,1.3026
2001-03-09,-0.6954
2001-03-10,
2001-03-11,
2001-03-12,-1.3004
2001-03-13,-3.7838000000000003
2001-03-14,-3.3006
2001-03-15,-0.1452
2001-03-16,-3.3818
2001-03-17,
2001-03-18,
2001-03-19,4.2153
2001-03-20,0.3973
2001-03-21,2.2302
2001-03-22,0.3167
2001-03-23,1.7187000000000001
2001-03-24,
2001-03-25,
2001-03-26,2.069
2001-03-27,2.6351
2001-03-28,0.7242
2001-03-29,-1.9607999999999999
2001-03-30,1.2667
2001-03-31,
2001-04-01,
2001-04-02,-0.2962
2001-04-03,-2.0139
2001-04-04,0.3706
2001-04-05,0.6042
2001-04-06,-2.5692
2001-04-07,
2001-04-08,
2001-04-09,-0.3425
2001-04-10,1.7182
2001-04-11,-1.4527
2001-04-12,0.4114
2001-04-13,
2001-04-14,
2001-04-15,
2001-04-16,-1.0925
2001-04-17,1.2081
2001-04-18,2.7626
2001-04-19,1.1616
2001-04-20,-0.4921
2001-04-21,
2001-04-22,
2001-04-23,-6.3633
2001-04-24,0.9507
2001-04-25,-0.0349
2001-04-26,3.8381
2001-04-27,0.4704
2001-04-28,
2001-04-29,
2001-04-30,-1.6722000000000001
2001-05-01,-1.7006999999999999
2001-05-02,-0.0346
2001-05-03,1.073
2001-05-04,1.9863
2001-05-05,
2001-05-06,
2001-05-07,0.2015
2001-05-08,0.7038
2001-05-09,2.4626
2001-05-10,3.3777
2001-05-11,-0.6283
2001-05-12,
2001-05-13,
2001-05-14,1.3595
2001-05-15,1.2165
2001-05-16,4.1602
2001-05-17,-1.1538
2001-05-18,0.1796
2001-05-19,
2001-05-20,
2001-05-21,-0.2091
2001-05-22,-1.7665
2001-05-23,-2.8040000000000003
2001-05-24,-2.8536
2001-05-25,-1.0652
2001-05-26,
2001-05-27,
2001-05-28,
2001-05-29,0.5873
2001-05-30,-0.8758
2001-05-31,1.6688
2001-06-01,-0.4184
2001-06-02,
2001-06-03,
2001-06-04,0.3555
2001-06-05,0.7407
2001-06-06,0.0
2001-06-07,0.5754
2001-06-08,-1.2125
2001-06-09,
2001-06-10,
2001-06-11,-1.5504
2001-06-12,-1.6404
2001-06-13,-1.1341
2001-06-14,-3.2051
2001-06-15,-1.1851
2001-06-16,
2001-06-17,
2001-06-18,1.3757
2001-06-19,0.1392
2001-06-20,-0.6254
2001-06-21,2.0979
2001-06-22,0.1027
2001-06-23,
2001-06-24,
2001-06-25,-0.9921
2001-06-26,0.2419
2001-06-27,1.0341
2001-06-28,0.3753
2001-06-29,2.5493
2001-06-30,
2001-07-01,
2001-07-02,-0.232
2001-07-03,-0.5648
2001-07-04,
2001-07-05,0.0668
2001-07-06,-2.0033
2001-07-07,
2001-07-08,
2001-07-09,-0.7155
2001-07-10,0.6863
2001-07-11,4.499
2001-07-12,1.1089
2001-07-13,0.4839
2001-07-14,
2001-07-15,
2001-07-16,-0.4815
2001-07-17,0.4516
2001-07-18,-0.5138
2001-07-19,0.3228
2001-07-20,-2.2523
2001-07-21,
2001-07-22,
2001-07-23,-2.6333
2001-07-24,-7.9108
2001-07-25,-2.533
2001-07-26,3.6158
2001-07-27,-0.9815
2001-07-28,
2001-07-29,
2001-07-30,-1.5786
2001-07-31,-0.2611
2001-08-01,0.2244
2001-08-02,1.5672000000000001
2001-08-03,-1.5430000000000001
2001-08-04,
2001-08-05,
2001-08-06,-0.597
2001-08-07,2.1021
2001-08-08,-1.7647
2001-08-09,0.9731
2001-08-10,-1.2973
2001-08-11,
2001-08-12,
2001-08-13,-0.4882
2001-08-14,0.6792
2001-08-15,-0.4123
2001-08-16,2.2958
2001-08-17,-0.6623
2001-08-18,
2001-08-19,
2001-08-20,-1.4444
2001-08-21,-2.0669
2001-08-22,1.7652
2001-08-23,0.4148
2001-08-24,1.0514000000000001
2001-08-25,
2001-08-26,
2001-08-27,-1.0033
2001-08-28,0.3754
2001-08-29,0.0748
2001-08-30,-1.1211
2001-08-31,2.4565
2001-09-01,
2001-09-02,
2001-09-03,
2001-09-04,2.6189999999999998
2001-09-05,0.3595
2001-09-06,-1.0745
2001-09-07,-1.4545
2001-09-08,
2001-09-09,
2001-09-10,-0.5904
2001-09-11,
2001-09-12,
2001-09-13,
2001-09-14,
2001-09-15,
2001-09-16,
2001-09-17,-6.2732
2001-09-18,0.0396
2001-09-19,-1.0689
2001-09-20,-6.1625
2001-09-21,6.6525
2001-09-22,
2001-09-23,
2001-09-24,-1.1196
2001-09-25,-2.4262
2001-09-26,1.2433
2001-09-27,2.7835
2001-09-28,6.5313
2001-09-29,
2001-09-30,
2001-10-01,-4.4486
2001-10-02,-0.2347
2001-10-03,3.0588
2001-10-04,-1.2557
2001-10-05,-0.1541
2001-10-06,
2001-10-07,
2001-10-08,0.4631
2001-10-09,-1.9593
2001-10-10,6.1912
2001-10-11,0.9225
2001-10-12,-1.6453
2001-10-13,
2001-10-14,
2001-10-15,0.5204
2001-10-16,0.7766
2001-10-17,-2.0917
2001-10-18,2.1364
2001-10-19,-2.3853
2001-10-20,
2001-10-21,
2001-10-22,0.5639
2001-10-23,0.9346
2001-10-24,-0.8148
2001-10-25,-1.6057000000000001
2001-10-26,2.4668
2001-10-27,
2001-10-28,
2001-10-29,-2.1481
2001-10-30,-0.1514
2001-10-31,1.8575
2001-11-01,0.4838
2001-11-02,2.1481
2001-11-03,
2001-11-04,
2001-11-05,1.0152
2001-11-06,0.5025
2001-11-07,1.0714
2001-11-08,-1.2014
2001-11-09,-0.0358
2001-11-10,
2001-11-11,
2001-11-12,-0.1789
2001-11-13,1.3262
2001-11-14,0.3537
2001-11-15,3.2429
2001-11-16,1.2974
2001-11-17,
2001-11-18,
2001-11-19,-0.2359
2001-11-20,-0.5405
2001-11-21,-1.4946
2001-11-22,
2001-11-23,1.1379
2001-11-24,
2001-11-25,
2001-11-26,-0.2387
2001-11-27,-0.0342
2001-11-28,-1.6752
2001-11-29,0.3129
2001-11-30,1.5945
2001-12-01,
2001-12-02,
2001-12-03,-2.5247
2001-12-04,0.07
2001-12-05,1.3991
2001-12-06,-0.3794
2001-12-07,1.2119
2001-12-08,
2001-12-09,
2001-12-10,-0.8895
2001-12-11,-2.357
2001-12-12,-0.6035
2001-12-13,0.3571
2001-12-14,0.3559
2001-12-15,
2001-12-16,
2001-12-17,0.7092
2001-12-18,0.4577
2001-12-19,-0.9113
2001-12-20,0.7782
2001-12-21,0.0351
2001-12-22,
2001-12-23,
2001-12-24,1.2281
2001-12-25,
2001-12-26,-0.5199
2001-12-27,0.8014
2001-12-28,0.1728
2001-12-29,
2001-12-30,
2001-12-31,-1.5528
2002-01-01,
2002-01-02,0.9464
2002-01-03,2.7431
2002-01-04,0.5407
2002-01-05,
2002-01-06,
2002-01-07,-0.2689
2002-01-08,-2.4267
2002-01-09,-2.418
2002-01-10,-1.5929
2002-01-11,-1.4748
2002-01-12,
2002-01-13,
2002-01-14,-1.2778
2002-01-15,0.5178
2002-01-16,-2.0971
2002-01-17,1.9165999999999999
2002-01-18,-0.7006
2002-01-19,
2002-01-20,
2002-01-21,
2002-01-22,1.5967
2002-01-23,1.4254
2002-01-24,-1.2612999999999999
2002-01-25,3.2847
2002-01-26,
2002-01-27,
2002-01-28,-0.53
2002-01-29,-2.2735
2002-01-30,0.8724
2002-01-31,1.7658
2002-02-01,0.7436
2002-02-02,
2002-02-03,
2002-02-04,-0.2109
2002-02-05,-0.317
2002-02-06,-1.4841
2002-02-07,-0.8967
2002-02-08,-0.4705
2002-02-09,
2002-02-10,
2002-02-11,1.0909
2002-02-12,-0.1439
2002-02-13,-0.8646
2002-02-14,0.0363
2002-02-15,-0.2906
2002-02-16,
2002-02-17,
2002-02-18,
2002-02-19,-0.6557
2002-02-20,-1.7235
2002-02-21,2.0149
2002-02-22,0.7681
2002-02-23,
2002-02-24,
2002-02-25,1.9238
2002-02-26,0.7835
2002-02-27,2.8269
2002-02-28,-0.2749
2002-03-01,1.8952
2002-03-02,
2002-03-03,
2002-03-04,5.5462
2002-03-05,-3.0439
2002-03-06,3.4369
2002-03-07,0.2236
2002-03-08,-3.2
2002-03-09,
2002-03-10,
2002-03-11,1.7189999999999999
2002-03-12,-1.885
2002-03-13,0.0331
2002-03-14,0.6954
2002-03-15,-0.3617
2002-03-16,
2002-03-17,
2002-03-18,-0.7261
2002-03-19,1.6622
2002-03-20,0.8829
2002-03-21,-2.0746
2002-03-22,-1.1586
2002-03-23,
2002-03-24,
2002-03-25,-1.0382
2002-03-26,1.2183
2002-03-27,1.1367
2002-03-28,-0.2314
2002-03-29,
2002-03-30,
2002-03-31,
2002-04-01,-2.0875
2002-04-02,-1.0152
2002-04-03,-1.1966
2002-04-04,0.7612
2002-04-05,-0.6525
2002-04-06,
2002-04-07,
2002-04-08,0.4148
2002-04-09,-0.5852
2002-04-10,1.4197
2002-04-11,-3.1069
2002-04-12,3.6997999999999998
2002-04-13,
2002-04-14,
2002-04-15,-2.3106
2002-04-16,2.5042999999999997
2002-04-17,-1.1537
2002-04-18,-0.7896
2002-04-19,0.0
2002-04-20,
2002-04-21,
2002-04-22,-2.4221
2002-04-23,-0.7801
2002-04-24,-1.6440000000000001
2002-04-25,0.8358
2002-04-26,0.1802
2002-04-27,
2002-04-28,
2002-04-29,-2.2302
2002-04-30,1.1405
2002-05-01,2.0735
2002-05-02,0.1426
2002-05-03,0.8541
2002-05-04,
2002-05-05,
2002-05-06,-1.4466999999999999
2002-05-07,0.2506
2002-05-08,2.0
2002-05-09,-2.2059
2002-05-10,0.2148
2002-05-11,
2002-05-12,
2002-05-13,1.4647999999999999
2002-05-14,2.0775
2002-05-15,-0.069
2002-05-16,-1.1046
2002-05-17,0.6632
2002-05-18,
2002-05-19,
2002-05-20,-1.3523
2002-05-21,-1.0545
2002-05-22,0.3908
2002-05-23,0.7785
2002-05-24,-1.6152
2002-05-25,
2002-05-26,
2002-05-27,
2002-05-28,1.3205
2002-05-29,-1.1272
2002-05-30,-1.0331
2002-05-31,1.8719000000000001
2002-06-01,
2002-06-02,
2002-06-03,-2.1555
2002-06-04,1.1195
2002-06-05,2.1786
2002-06-06,0.1748
2002-06-07,0.876
2002-06-08,
2002-06-09,
2002-06-10,0.8684
2002-06-11,-0.8953
2002-06-12,1.1118999999999999
2002-06-13,0.4467
2002-06-14,-1.5053
2002-06-15,
2002-06-16,
2002-06-17,0.9031
2002-06-18,0.6196
2002-06-19,1.9158
2002-06-20,0.47
2002-06-21,-1.4367
2002-06-22,
2002-06-23,
2002-06-24,1.3559
2002-06-25,-3.5117000000000003
2002-06-26,2.5997
2002-06-27,1.8580999999999999
2002-06-28,-0.4975
2002-06-29,
2002-06-30,
2002-07-01,1.6
2002-07-02,0.1312
2002-07-03,-0.8519
2002-07-04,
2002-07-05,0.5618
2002-07-06,
2002-07-07,
2002-07-08,-0.5915
2002-07-09,-1.2562
2002-07-10,-1.4061
2002-07-11,-0.8489
2002-07-12,-2.0548
2002-07-13,
2002-07-14,
2002-07-15,-1.3986
2002-07-16,-1.9504000000000001
2002-07-17,1.6275
2002-07-18,-0.427
2002-07-19,-1.0722
2002-07-20,
2002-07-21,
2002-07-22,-2.565
2002-07-23,-2.1135
2002-07-24,2.0455
2002-07-25,7.0527
2002-07-26,-0.8322
2002-07-27,
2002-07-28,
2002-07-29,1.014
2002-07-30,0.3115
2002-07-31,1.5183
2002-08-01,-1.6655
2002-08-02,-3.1455
2002-08-03,
2002-08-04,
2002-08-05,-3.1048999999999998
2002-08-06,2.3941
2002-08-07,2.7698
2002-08-08,3.2552
2002-08-09,-0.5085
2002-08-10,
2002-08-11,
2002-08-12,-0.8518
2002-08-13,-1.6151
2002-08-14,2.6895
2002-08-15,-1.3605
2002-08-16,-1.069
2002-08-17,
2002-08-18,
2002-08-19,1.7428
2002-08-20,-0.7194
2002-08-21,3.5197000000000003
2002-08-22,0.5333
2002-08-23,-3.4151
2002-08-24,
2002-08-25,
2002-08-26,0.8926
2002-08-27,0.2722
2002-08-28,-2.5789
2002-08-29,-1.3584
2002-08-30,1.5537
2002-08-31,
2002-09-01,
2002-09-02,
2002-09-03,-2.8512
2002-09-04,1.9685000000000001
2002-09-05,-5.5809
2002-09-06,1.8216
2002-09-07,
2002-09-08,
2002-09-09,0.5134
2002-09-10,1.0215
2002-09-11,0.0361
2002-09-12,-2.1661
2002-09-13,0.4428
2002-09-14,
2002-09-15,
2002-09-16,-0.6245
2002-09-17,-1.6636
2002-09-18,-0.4887
2002-09-19,-1.5867
2002-09-20,1.7274
2002-09-21,
2002-09-22,
2002-09-23,-2.2264
2002-09-24,-4.0911
2002-09-25,0.9256
2002-09-26,5.5821
2002-09-27,-5.5891
2002-09-28,
2002-09-29,
2002-09-30,-4.32
2002-10-01,5.9783
2002-10-02,-6.1933
2002-10-03,3.995
2002-10-04,-1.4153
2002-10-05,
2002-10-06,
2002-10-07,-0.9434
2002-10-08,2.2359999999999998
2002-10-09,-2.8352
2002-10-10,2.9596
2002-10-11,3.1984
2002-10-12,
2002-10-13,
2002-10-14,-1.8046
2002-10-15,5.7131
2002-10-16,-4.006
2002-10-17,2.1654
2002-10-18,0.501
2002-10-19,
2002-10-20,
2002-10-21,1.1887
2002-10-22,-1.2884
2002-10-23,1.7274
2002-10-24,-1.8113000000000001
2002-10-25,-0.4996
2002-10-26,
2002-10-27,
2002-10-28,-1.5064
2002-10-29,0.0
2002-10-30,1.3725
2002-10-31,-0.4642
2002-11-01,3.3424
2002-11-02,
2002-11-03,
2002-11-04,-0.0752
2002-11-05,-0.0753
2002-11-06,2.8249
2002-11-07,-1.2821
2002-11-08,-0.9647
2002-11-09,
2002-11-10,
2002-11-11,-2.0232
2002-11-12,0.6501
2002-11-13,-2.2796
2002-11-14,1.5552000000000001
2002-11-15,-0.4977
2002-11-16,
2002-11-17,
2002-11-18,-2.5779
2002-11-19,0.5134
2002-11-20,0.5894
2002-11-21,-0.1172
2002-11-22,-0.5475
2002-11-23,
2002-11-24,
2002-11-25,-1.2977
2002-11-26,-0.996
2002-11-27,2.2133
2002-11-28,
2002-11-29,-0.2756
2002-11-30,
2002-12-01,
2002-12-02,0.3158
2002-12-03,0.2755
2002-12-04,0.0
2002-12-05,0.0785
2002-12-06,1.9607999999999999
2002-12-07,
2002-12-08,
2002-12-09,-0.8077
2002-12-10,1.6673
2002-12-11,1.0345
2002-12-12,-1.1756
2002-12-13,-0.0384
2002-12-14,
2002-12-15,
2002-12-16,2.9175
2002-12-17,-1.6412
2002-12-18,-1.441
2002-12-19,0.0
2002-12-20,0.2693
2002-12-21,
2002-12-22,
2002-12-23,-1.1512
2002-12-24,0.1941
2002-12-25,
2002-12-26,0.9299
2002-12-27,-1.19
2002-12-28,
2002-12-29,
2002-12-30,1.049
2002-12-31,0.0
2003-01-01,
2003-01-02,3.4218
2003-01-03,-0.7063
2003-01-04,
2003-01-05,
2003-01-06,2.2463
2003-01-07,-3.0026
2003-01-08,-0.2643
2003-01-09,1.7410999999999999
2003-01-10,-0.6696
2003-01-11,
2003-01-12,
2003-01-13,0.0
2003-01-14,0.2622
2003-01-15,-1.3820999999999999
2003-01-16,1.1364
2003-01-17,-0.1124
2003-01-18,
2003-01-19,
2003-01-20,
2003-01-21,-1.3873
2003-01-22,-2.2814
2003-01-23,1.4008
2003-01-24,-3.6837999999999997
2003-01-25,
2003-01-26,
2003-01-27,-0.239
2003-01-28,-0.0799
2003-01-29,0.7194
2003-01-30,-0.0397
2003-01-31,3.0965
2003-02-01,
2003-02-02,
2003-02-03,-0.2695
2003-02-04,-0.1544
2003-02-05,-0.0387
2003-02-06,0.3095
2003-02-07,-1.0413000000000001
2003-02-08,
2003-02-09,
2003-02-10,0.5456
2003-02-11,-1.4341
2003-02-12,-1.1797
2003-02-13,-0.5969
2003-02-14,0.8807
2003-02-15,
2003-02-16,
2003-02-17,
2003-02-18,2.1032
2003-02-19,-1.8655
2003-02-20,-0.9505
2003-02-21,1.5594000000000001
2003-02-22,
2003-02-23,
2003-02-24,-2.5591
2003-02-25,0.5657
2003-02-26,-0.3616
2003-02-27,0.0806
2003-02-28,0.7252
2003-03-01,
2003-03-02,
2003-03-03,-0.48
2003-03-04,-1.9293
2003-03-05,-0.2459
2003-03-06,-0.7395
2003-03-07,2.6076
2003-03-08,
2003-03-09,
2003-03-10,-3.0401
2003-03-11,-0.9615
2003-03-12,-0.2955
2003-03-13,2.4979
2003-03-14,-0.1652
2003-03-15,
2003-03-16,
2003-03-17,1.5308000000000002
2003-03-18,1.5077
2003-03-19,0.2007
2003-03-20,0.3606
2003-03-21,5.7485
2003-03-22,
2003-03-23,
2003-03-24,-2.9823
2003-03-25,0.0389
2003-03-26,0.1945
2003-03-27,-0.5435
2003-03-28,-0.8197
2003-03-29,
2003-03-30,
2003-03-31,-2.0071
2003-04-01,0.3614
2003-04-02,1.4006
2003-04-03,-1.9337
2003-04-04,1.4487
2003-04-05,
2003-04-06,
2003-04-07,2.1023
2003-04-08,-0.777
2003-04-09,-0.0783
2003-04-10,0.0784
2003-04-11,1.0572
2003-04-12,
2003-04-13,
2003-04-14,1.9372
2003-04-15,2.2425
2003-04-16,-0.855
2003-04-17,1.5373
2003-04-18,
2003-04-19,
2003-04-20,
2003-04-21,0.6647
2003-04-22,0.8437
2003-04-23,0.8367
2003-04-24,1.5512000000000001
2003-04-25,-0.9236
2003-04-26,
2003-04-27,
2003-04-28,0.7888
2003-04-29,-0.0711
2003-04-30,0.2492
2003-05-01,0.0355
2003-05-02,-0.6035
2003-05-03,
2003-05-04,
2003-05-05,-0.8929
2003-05-06,1.2973
2003-05-07,-0.7471
2003-05-08,0.0
2003-05-09,1.3978
2003-05-10,
2003-05-11,
2003-05-12,0.8837
2003-05-13,0.4205
2003-05-14,-0.0698
2003-05-15,-0.6285
2003-05-16,0.5622
2003-05-17,
2003-05-18,
2003-05-19,-2.5856
2003-05-20,1.1478
2003-05-21,-0.1418
2003-05-22,0.3196
2003-05-23,0.0354
2003-05-24,
2003-05-25,
2003-05-26,
2003-05-27,0.8493
2003-05-28,1.0526
2003-05-29,0.1042
2003-05-30,2.3587
2003-05-31,
2003-06-01,
2003-06-02,0.9827
2003-06-03,0.5034
2003-06-04,-0.5008
2003-06-05,-0.0671
2003-06-06,-1.3096
2003-06-07,
2003-06-08,
2003-06-09,-1.1958
2003-06-10,0.6224
2003-06-11,1.3746
2003-06-12,1.1864
2003-06-13,-0.67
2003-06-14,
2003-06-15,
2003-06-16,0.6745
2003-06-17,-0.8375
2003-06-18,-0.8446
2003-06-19,-0.7155
2003-06-20,-0.2402
2003-06-21,
2003-06-22,
2003-06-23,-1.2384
2003-06-24,-0.3135
2003-06-25,-2.0964
2003-06-26,1.8915
2003-06-27,-0.4904
2003-06-28,
2003-06-29,
2003-06-30,0.1056
2003-07-01,1.5471
2003-07-02,0.4155
2003-07-03,-1.6552
2003-07-04,
2003-07-05,
2003-07-06,
2003-07-07,1.9635
2003-07-08,0.6878
2003-07-09,-1.8101
2003-07-10,-1.2522
2003-07-11,0.7749
2003-07-12,
2003-07-13,
2003-07-14,0.9088
2003-07-15,-0.3117
2003-07-16,-0.278
2003-07-17,-1.2544
2003-07-18,1.3409
2003-07-19,
2003-07-20,
2003-07-21,-1.149
2003-07-22,-0.1057
2003-07-23,-1.7983
2003-07-24,0.1436
2003-07-25,0.1793
2003-07-26,
2003-07-27,
2003-07-28,-0.5011
2003-07-29,-1.7986
2003-07-30,-0.4762
2003-07-31,1.4354
2003-08-01,-0.1451
2003-08-02,
2003-08-03,
2003-08-04,0.8721
2003-08-05,-2.3055
2003-08-06,0.8112
2003-08-07,-0.1097
2003-08-08,0.3662
2003-08-09,
2003-08-10,
2003-08-11,-0.8756
2003-08-12,0.1104
2003-08-13,-0.5147
2003-08-14,1.4043
2003-08-15,-0.2551
2003-08-16,
2003-08-17,
2003-08-18,-0.0365
2003-08-19,0.2558
2003-08-20,-0.6198
2003-08-21,0.1467
2003-08-22,-1.978
2003-08-23,
2003-08-24,
2003-08-25,0.1868
2003-08-26,2.1261
2003-08-27,0.9861
2003-08-28,1.6275
2003-08-29,0.8897
2003-08-30,
2003-08-31,
2003-09-01,
2003-09-02,1.552
2003-09-03,1.702
2003-09-04,-0.9221
2003-09-05,-0.7928
2003-09-06,
2003-09-07,
2003-09-08,0.9382
2003-09-09,-1.2111
2003-09-10,0.0
2003-09-11,1.1909
2003-09-12,-0.6231
2003-09-13,
2003-09-14,
2003-09-15,-1.2191
2003-09-16,1.4104
2003-09-17,-0.2782
2003-09-18,2.6848
2003-09-19,-0.1698
2003-09-20,
2003-09-21,
2003-09-22,-2.585
2003-09-23,1.9203999999999999
2003-09-24,-0.6509
2003-09-25,-0.1034
2003-09-26,-0.932
2003-09-27,
2003-09-28,
2003-09-29,1.324
2003-09-30,-0.7221
2003-10-01,1.4548
2003-10-02,-0.1366
2003-10-03,0.8547
2003-10-04,
2003-10-05,
2003-10-06,0.0678
2003-10-07,-0.5759
2003-10-08,-0.1704
2003-10-09,0.6826
2003-10-10,-0.5085
2003-10-11,
2003-10-12,
2003-10-13,0.7836
2003-10-14,0.4395
2003-10-15,-0.6732
2003-10-16,1.5249000000000001
2003-10-17,-0.8011
2003-10-18,
2003-10-19,
2003-10-20,0.0336
2003-10-21,-3.2963
2003-10-22,-0.8
2003-10-23,-1.1571
2003-10-24,-0.0355
2003-10-25,
2003-10-26,
2003-10-27,-0.8517
2003-10-28,2.0401
2003-10-29,0.3858
2003-10-30,1.1181
2003-10-31,0.0
2003-11-01,
2003-11-02,
2003-11-03,-0.4147
2003-11-04,-0.9715
2003-11-05,-0.6657
2003-11-06,2.575
2003-11-07,0.4127
2003-11-08,
2003-11-09,
2003-11-10,-0.3082
2003-11-11,0.3779
2003-11-12,0.9582
2003-11-13,0.0
2003-11-14,1.0847
2003-11-15,
2003-11-16,
2003-11-17,-0.7713
2003-11-18,-1.149
2003-11-19,0.6496
2003-11-20,-0.8832
2003-11-21,0.4455
2003-11-22,
2003-11-23,
2003-11-24,0.2729
2003-11-25,0.9527
2003-11-26,0.4382
2003-11-27,
2003-11-28,-0.1007
2003-11-29,
2003-11-30,
2003-12-01,1.4108
2003-12-02,-0.6293
2003-12-03,0.6
2003-12-04,0.9278
2003-12-05,-0.197
2003-12-06,
2003-12-07,
2003-12-08,-0.0329
2003-12-09,1.5137
2003-12-10,0.9076
2003-12-11,1.4203000000000001
2003-12-12,0.8593
2003-12-13,
2003-12-14,
2003-12-15,-0.5996
2003-12-16,1.2063
2003-12-17,1.1606
2003-12-18,-0.155
2003-12-19,-0.5901
2003-12-20,
2003-12-21,
2003-12-22,0.656
2003-12-23,-1.0242
2003-12-24,-0.3136
2003-12-25,
2003-12-26,0.1887
2003-12-27,
2003-12-28,
2003-12-29,1.8524
2003-12-30,-0.5857
2003-12-31,0.3101
2004-01-01,
2004-01-02,-1.0819
2004-01-03,
2004-01-04,
2004-01-05,1.7187000000000001
2004-01-06,0.2151
2004-01-07,-1.6554
2004-01-08,-0.2494
2004-01-09,0.0313
2004-01-10,
2004-01-11,
2004-01-12,-0.3749
2004-01-13,-0.0627
2004-01-14,0.3138
2004-01-15,-1.0009
2004-01-16,0.158
2004-01-17,
2004-01-18,
2004-01-19,
2004-01-20,0.3785
2004-01-21,2.8913
2004-01-22,0.7941
2004-01-23,-0.7879
2004-01-24,
2004-01-25,
2004-01-26,0.0916
2004-01-27,1.007
2004-01-28,-3.9577
2004-01-29,1.2268
2004-01-30,-0.1554
2004-01-31,
2004-02-01,
2004-02-02,-0.1245
2004-02-03,0.9037
2004-02-04,-1.7603
2004-02-05,-0.0314
2004-02-06,3.1447
2004-02-07,
2004-02-08,
2004-02-09,-0.9451
2004-02-10,1.385
2004-02-11,1.184
2004-02-12,-1.2601
2004-02-13,-1.5497
2004-02-14,
2004-02-15,
2004-02-16,
2004-02-17,-0.0617
2004-02-18,-0.4324
2004-02-19,-0.1241
2004-02-20,-0.1553
2004-02-21,
2004-02-22,
2004-02-23,-1.1509
2004-02-24,-0.1888
2004-02-25,0.1261
2004-02-26,0.063
2004-02-27,1.2587
2004-02-28,
2004-02-29,
2004-03-01,-0.808
2004-03-02,-1.3471
2004-03-03,-1.6513
2004-03-04,-0.0323
2004-03-05,0.969
2004-03-06,
2004-03-07,
2004-03-08,-0.2559
2004-03-09,-2.5337
2004-03-10,-0.5952
2004-03-11,1.5968
2004-03-12,1.9319
2004-03-13,
2004-03-14,
2004-03-15,-1.7025000000000001
2004-03-16,0.5882
2004-03-17,0.6173
2004-03-18,-0.0969
2004-03-19,-0.8727
2004-03-20,
2004-03-21,
2004-03-22,-1.076
2004-03-23,0.3626
2004-03-24,0.6568
2004-03-25,1.3703
2004-03-26,1.1265
2004-03-27,
2004-03-28,
2004-03-29,0.1273
2004-03-30,-0.3179
2004-03-31,0.4464
2004-04-01,0.0952
2004-04-02,1.0783
2004-04-03,
2004-04-04,
2004-04-05,-0.2196
2004-04-06,1.5723
2004-04-07,0.1548
2004-04-08,-0.4328
2004-04-09,
2004-04-10,
2004-04-11,
2004-04-12,-0.7141
2004-04-13,-0.8755
2004-04-14,1.3249
2004-04-15,-0.467
2004-04-16,1.7829000000000002
2004-04-17,
2004-04-18,
2004-04-19,-0.338
2004-04-20,-0.4934
2004-04-21,0.2169
2004-04-22,2.5356
2004-04-23,-0.3317
2004-04-24,
2004-04-25,
2004-04-26,-0.7262
2004-04-27,-1.2191
2004-04-28,0.3394
2004-04-29,0.4305
2004-04-30,0.1225
2004-05-01,
2004-05-02,
2004-05-03,1.0398
2004-05-04,0.0605
2004-05-05,0.242
2004-05-06,-0.0905
2004-05-07,-1.1477
2004-05-08,
2004-05-09,
2004-05-10,-2.5359
2004-05-11,1.4734
2004-05-12,0.3398
2004-05-13,1.7241
2004-05-14,-0.2119
2004-05-15,
2004-05-16,
2004-05-17,-0.8796
2004-05-18,-0.7344
2004-05-19,-0.3083
2004-05-20,-1.3605
2004-05-21,1.0345
2004-05-22,
2004-05-23,
2004-05-24,0.6516
2004-05-25,0.709
2004-05-26,-0.2449
2004-05-27,1.5649
2004-05-28,-0.4834
2004-05-29,
2004-05-30,
2004-05-31,
2004-06-01,-1.0322
2004-06-02,2.6687
2004-06-03,-1.8524
2004-06-04,2.4962
2004-06-05,
2004-06-06,
2004-06-07,2.1681
2004-06-08,0.6686
2004-06-09,-0.8121
2004-06-10,-0.3216
2004-06-11,
2004-06-12,
2004-06-13,
2004-06-14,-0.6454
2004-06-15,-0.0886
2004-06-16,1.3298
2004-06-17,-0.8457
2004-06-18,0.3824
2004-06-19,
2004-06-20,
2004-06-21,0.4688
2004-06-22,-0.2916
2004-06-23,2.5446
2004-06-24,-0.4564
2004-06-25,-0.8883
2004-06-26,
2004-06-27,
2004-06-28,0.6649
2004-06-29,0.5457
2004-06-30,0.1714
2004-07-01,-0.4277
2004-07-02,-2.3196
2004-07-03,
2004-07-04,
2004-07-05,
2004-07-06,0.645
2004-07-07,0.8447
2004-07-08,-3.1485
2004-07-09,3.9964
2004-07-10,
2004-07-11,
2004-07-12,0.9464
2004-07-13,-0.2273
2004-07-14,1.0535
2004-07-15,-1.1553
2004-07-16,-1.3683
2004-07-17,
2004-07-18,
2004-07-19,-0.4913
2004-07-20,0.7552
2004-07-21,-0.5477
2004-07-22,0.029
2004-07-23,-1.0432
2004-07-24,
2004-07-25,
2004-07-26,1.552
2004-07-27,-0.5479
2004-07-28,2.8124000000000002
2004-07-29,0.0846
2004-07-30,-0.0282
2004-07-31,
2004-08-01,
2004-08-02,-0.6764
2004-08-03,0.6243
2004-08-04,0.846
2004-08-05,-1.0067
2004-08-06,-3.5876
2004-08-07,
2004-08-08,
2004-08-09,0.2051
2004-08-10,2.4854
2004-08-11,0.913
2004-08-12,-1.4702
2004-08-13,0.0574
2004-08-14,
2004-08-15,
2004-08-16,1.1471
2004-08-17,-0.6238
2004-08-18,0.0
2004-08-19,-1.4836
2004-08-20,1.2743
2004-08-21,
2004-08-22,
2004-08-23,-0.2002
2004-08-24,0.7736
2004-08-25,1.1089
2004-08-26,0.0562
2004-08-27,0.0843
2004-08-28,
2004-08-29,
2004-08-30,0.2527
2004-08-31,0.2801
2004-09-01,-0.1955
2004-09-02,1.9870999999999999
2004-09-03,-0.1372
2004-09-04,
2004-09-05,
2004-09-06,
2004-09-07,0.5496
2004-09-08,1.6945000000000001
2004-09-09,-1.3229
2004-09-10,0.9302
2004-09-11,
2004-09-12,
2004-09-13,-0.4337
2004-09-14,0.7895
2004-09-15,-0.7563
2004-09-16,0.9526
2004-09-17,1.3481
2004-09-18,
2004-09-19,
2004-09-20,-1.7026
2004-09-21,1.3532
2004-09-22,-0.3204
2004-09-23,-0.375
2004-09-24,2.0167
2004-09-25,
2004-09-26,
2004-09-27,-1.4497
2004-09-28,2.1664
2004-09-29,1.0995
2004-09-30,-0.8027
2004-10-01,0.9136
2004-10-02,
2004-10-03,
2004-10-04,0.388
2004-10-05,-0.4123
2004-10-06,2.1992
2004-10-07,-0.8608
2004-10-08,2.2217000000000002
2004-10-09,
2004-10-10,
2004-10-11,0.4996
2004-10-12,-0.4226
2004-10-13,-1.6475
2004-10-14,0.203
2004-10-15,0.6079
2004-10-16,
2004-10-17,
2004-10-18,0.4028
2004-10-19,-0.9529
2004-10-20,1.3165
2004-10-21,2.3738
2004-10-22,0.2197
2004-10-23,
2004-10-24,
2004-10-25,-0.4384
2004-10-26,0.318
2004-10-27,1.2436
2004-10-28,-0.2408
2004-10-29,0.9416
2004-10-30,
2004-10-31,
2004-11-01,-0.3348
2004-11-02,0.432
2004-11-03,1.4337
2004-11-04,3.6513999999999998
2004-11-05,-0.2273
2004-11-06,
2004-11-07,
2004-11-08,0.0683
2004-11-09,0.387
2004-11-10,-0.7256
2004-11-11,0.7309
2004-11-12,0.907
2004-11-13,
2004-11-14,
2004-11-15,0.6966
2004-11-16,-0.3347
2004-11-17,0.0896
2004-11-18,-0.5817
2004-11-19,-0.1125
2004-11-20,
2004-11-21,
2004-11-22,1.2841
2004-11-23,0.089
2004-11-24,-0.1333
2004-11-25,
2004-11-26,0.1113
2004-11-27,
2004-11-28,
2004-11-29,-0.2223
2004-11-30,0.3342
2004-12-01,2.2869
2004-12-02,-1.0202
2004-12-03,1.7544
2004-12-04,
2004-12-05,
2004-12-06,-0.3664
2004-12-07,-1.3411
2004-12-08,1.2059
2004-12-09,-0.4983
2004-12-10,-0.2185
2004-12-11,
2004-12-12,
2004-12-13,1.2484
2004-12-14,0.3028
2004-12-15,0.3666
2004-12-16,-0.3008
2004-12-17,-0.6466
2004-12-18,
2004-12-19,
2004-12-20,0.0217
2004-12-21,5.5519
2004-12-22,-3.1847
2004-12-23,-0.7852
2004-12-24,
2004-12-25,
2004-12-26,
2004-12-27,-0.3636
2004-12-28,0.365
2004-12-29,1.4545
2004-12-30,-0.1265
2004-12-31,-0.1267
2005-01-01,
2005-01-02,
2005-01-03,-1.5007000000000001
2005-01-04,-3.1545
2005-01-05,-0.6647
2005-01-06,1.0484
2005-01-07,-0.4194
2005-01-08,
2005-01-09,
2005-01-10,1.8178
2005-01-11,0.5225
2005-01-12,0.065
2005-01-13,-1.6234
2005-01-14,1.4521
2005-01-15,
2005-01-16,
2005-01-17,
2005-01-18,1.8216999999999999
2005-01-19,-0.7029
2005-01-20,-1.3085
2005-01-21,0.0217
2005-01-22,
2005-01-23,
2005-01-24,-2.977
2005-01-25,4.5689
2005-01-26,0.771
2005-01-27,1.0627
2005-01-28,-0.8623
2005-01-29,
2005-01-30,
2005-01-31,2.2062
2005-02-01,-0.083
2005-02-02,-0.457
2005-02-03,-1.106
2005-02-04,0.2532
2005-02-05,
2005-02-06,
2005-02-07,-0.7998
2005-02-08,-0.4244
2005-02-09,-0.277
2005-02-10,-0.0855
2005-02-11,1.0907
2005-02-12,
2005-02-13,
2005-02-14,0.0423
2005-02-15,0.8881
2005-02-16,-0.0629
2005-02-17,0.5453
2005-02-18,2.67
2005-02-19,
2005-02-20,
2005-02-21,
2005-02-22,-2.2552
2005-02-23,2.1409
2005-02-24,1.7298
2005-02-25,1.4403000000000001
2005-02-26,
2005-02-27,
2005-02-28,-0.8677
2005-03-01,2.3473
2005-03-02,-0.6414
2005-03-03,1.3302
2005-03-04,1.5636999999999999
2005-03-05,
2005-03-06,
2005-03-07,0.6653
2005-03-08,1.6427
2005-03-09,-1.5419
2005-03-10,-0.2839
2005-03-11,0.9301
2005-03-12,
2005-03-13,
2005-03-14,0.3385
2005-03-15,0.2812
2005-03-16,-0.8785
2005-03-17,2.8663
2005-03-18,0.8249
2005-03-19,
2005-03-20,
2005-03-21,0.0182
2005-03-22,0.3454
2005-03-23,0.5072
2005-03-24,0.3785
2005-03-25,
2005-03-26,
2005-03-27,
2005-03-28,-1.3108
2005-03-29,-3.6208
2005-03-30,1.3780999999999999
2005-03-31,0.4283
2005-04-01,-1.2053
2005-04-02,
2005-04-03,
2005-04-04,1.0698
2005-04-05,-0.2786
2005-04-06,-0.0186
2005-04-07,0.1676
2005-04-08,-3.0309
2005-04-09,
2005-04-10,
2005-04-11,1.0547
2005-04-12,0.2277
2005-04-13,-2.7073
2005-04-14,-6.0518
2005-04-15,-2.1955
2005-04-16,
2005-04-17,
2005-04-18,0.2965
2005-04-19,1.9426
2005-04-20,-1.5949
2005-04-21,4.2728
2005-04-22,-1.2111
2005-04-23,
2005-04-24,
2005-04-25,1.1443
2005-04-26,-2.1212
2005-04-27,-1.8163
2005-04-28,0.021
2005-04-29,1.4082
2005-04-30,
2005-05-01,
2005-05-02,1.8237999999999999
2005-05-03,-0.2239
2005-05-04,3.2028
2005-05-05,1.186
2005-05-06,0.4493
2005-05-07,
2005-05-08,
2005-05-09,0.0389
2005-05-10,-3.2659000000000002
2005-05-11,1.3465
2005-05-12,-3.0736
2005-05-13,-1.3707
2005-05-14,
2005-05-15,
2005-05-16,1.7424
2005-05-17,1.1417
2005-05-18,2.1971
2005-05-19,-0.5917
2005-05-20,0.3968
2005-05-21,
2005-05-22,
2005-05-23,0.2569
2005-05-24,-1.2419
2005-05-25,-0.8782
2005-05-26,0.3021
2005-05-27,-0.3212
2005-05-28,
2005-05-29,
2005-05-30,
2005-05-31,-0.4632
2005-06-01,1.5581
2005-06-02,0.9165
2005-06-03,-0.8687
2005-06-04,
2005-06-05,
2005-06-06,-0.717
2005-06-07,-1.1234
2005-06-08,-2.5766
2005-06-09,0.3135
2005-06-10,0.1042
2005-06-11,
2005-06-12,
2005-06-13,1.2695
2005-06-14,0.3905
2005-06-15,0.7369
2005-06-16,1.3412
2005-06-17,1.5039
2005-06-18,
2005-06-19,
2005-06-20,-0.4346
2005-06-21,-0.9921
2005-06-22,-1.5431
2005-06-23,-3.2567
2005-06-24,-1.7883
2005-06-25,
2005-06-26,
2005-06-27,-0.2785
2005-06-28,3.1149
2005-06-29,0.0208
2005-06-30,-1.9371
2005-07-01,1.9329
2005-07-02,
2005-07-03,
2005-07-04,
2005-07-05,-0.5001
2005-07-06,0.7539
2005-07-07,-0.1039
2005-07-08,2.6425
2005-07-09,
2005-07-10,
2005-07-11,0.5473
2005-07-12,-2.1371
2005-07-13,-0.6386
2005-07-14,1.5135999999999998
2005-07-15,-0.6536
2005-07-16,
2005-07-17,
2005-07-18,0.884
2005-07-19,0.4076
2005-07-20,3.4301
2005-07-21,1.7661
2005-07-22,0.5399
2005-07-23,
2005-07-24,
2005-07-25,-2.1864
2005-07-26,0.5294
2005-07-27,2.165
2005-07-28,3.2264
2005-07-29,0.3329
2005-07-30,
2005-07-31,
2005-08-01,2.0829
2005-08-02,0.2167
2005-08-03,0.5586
2005-08-04,-0.7346
2005-08-05,-1.8412
2005-08-06,
2005-08-07,
2005-08-08,0.0368
2005-08-09,1.3971
2005-08-10,0.7977
2005-08-11,-0.6835
2005-08-12,-0.0362
2005-08-13,
2005-08-14,
2005-08-15,0.5616
2005-08-16,-1.6033
2005-08-17,-0.3295
2005-08-18,-0.7715
2005-08-19,0.4813
2005-08-20,
2005-08-21,
2005-08-22,0.5711
2005-08-23,-1.7952
2005-08-24,-0.3731
2005-08-25,1.3855
2005-08-26,0.277
2005-08-27,
2005-08-28,
2005-08-29,-0.6998
2005-08-30,-2.5037000000000003
2005-08-31,0.856
2005-09-01,-0.3961
2005-09-02,1.0036
2005-09-03,
2005-09-04,
2005-09-05,
2005-09-06,2.1747
2005-09-07,0.3303
2005-09-08,0.8961
2005-09-09,-0.0546
2005-09-10,
2005-09-11,
2005-09-12,0.8919
2005-09-13,-1.8582
2005-09-14,0.2757
2005-09-15,0.275
2005-09-16,1.8647
2005-09-17,
2005-09-18,
2005-09-19,0.4128
2005-09-20,1.4298
2005-09-21,1.304
2005-09-22,-0.3827
2005-09-23,1.0651
2005-09-24,
2005-09-25,
2005-09-26,-1.745
2005-09-27,0.3341
2005-09-28,2.2608
2005-09-29,1.1997
2005-09-30,1.2701
2005-10-01,
2005-10-02,
2005-10-03,-0.5017
2005-10-04,-0.5378
2005-10-05,-1.9769999999999999
2005-10-06,0.4827
2005-10-07,1.0636
2005-10-08,
2005-10-09,
2005-10-10,-0.679
2005-10-11,-0.1196
2005-10-12,-0.7016
2005-10-13,-2.0507
2005-10-14,1.038
2005-10-15,
2005-10-16,
2005-10-17,0.0697
2005-10-18,-2.2272
2005-10-19,3.5770999999999997
2005-10-20,0.4296
2005-10-21,-0.9581
2005-10-22,
2005-10-23,
2005-10-24,1.9174
2005-10-25,3.1864
2005-10-26,-0.5913
2005-10-27,-1.8506
2005-10-28,1.6667
2005-10-29,
2005-10-30,
2005-10-31,2.7654
2005-11-01,1.8692
2005-11-02,2.1987
2005-11-03,1.9966
2005-11-04,-1.7147000000000001
2005-11-05,
2005-11-06,
2005-11-07,0.4477
2005-11-08,0.0307
2005-11-09,0.0154
2005-11-10,0.1075
2005-11-11,-1.3045
2005-11-12,
2005-11-13,
2005-11-14,-0.7308
2005-11-15,0.141
2005-11-16,0.1095
2005-11-17,3.0781
2005-11-18,1.0459
2005-11-19,
2005-11-20,
2005-11-21,-0.48
2005-11-22,-0.0151
2005-11-23,-1.5678999999999998
2005-11-24,
2005-11-25,0.2451
2005-11-26,
2005-11-27,
2005-11-28,-0.3056
2005-11-29,0.2299
2005-11-30,1.1927
2005-12-01,1.0728
2005-12-02,-0.3588
2005-12-03,
2005-12-04,
2005-12-05,-0.8102
2005-12-06,1.6034000000000002
2005-12-07,-1.9801
2005-12-08,0.1823
2005-12-09,1.8856000000000002
2005-12-10,
2005-12-11,
2005-12-12,-1.5224
2005-12-13,0.2577
2005-12-14,0.8768
2005-12-15,0.7343
2005-12-16,0.1041
2005-12-17,
2005-12-18,
2005-12-19,-1.0106
2005-12-20,1.2761
2005-12-21,2.2977
2005-12-22,2.1591
2005-12-23,0.156
2005-12-24,
2005-12-25,
2005-12-26,
2005-12-27,-0.4249
2005-12-28,0.6685
2005-12-29,0.2684
2005-12-30,-0.2114
2005-12-31,
2006-01-01,
2006-01-02,
2006-01-03,-0.7343
2006-01-04,0.2987
2006-01-05,-0.0567
2006-01-06,-2.0009
2006-01-07,
2006-01-08,
2006-01-09,0.7674
2006-01-10,-0.4024
2006-01-11,0.2741
2006-01-12,-1.3669
2006-01-13,-0.0292
2006-01-14,
2006-01-15,
2006-01-16,
2006-01-17,-0.1459
2006-01-18,0.5845
2006-01-19,4.4603
2006-01-20,-2.0584
2006-01-21,
2006-01-22,
2006-01-23,1.7183000000000002
2006-01-24,4.4254999999999995
2006-01-25,1.1764999999999999
2006-01-26,1.5196
2006-01-27,0.4035
2006-01-28,
2006-01-29,
2006-01-30,2.9297
2006-01-31,0.9068
2006-02-01,-1.7099
2006-02-02,-2.146
2006-02-03,2.1931
2006-02-04,
2006-02-05,
2006-02-06,1.0794
2006-02-07,-2.7513
2006-02-08,0.7234
2006-02-09,0.6028
2006-02-10,1.4151
2006-02-11,
2006-02-12,
2006-02-13,-1.0685
2006-02-14,3.5197000000000003
2006-02-15,0.8592
2006-02-16,-1.5091
2006-02-17,-0.7167
2006-02-18,
2006-02-19,
2006-02-20,
2006-02-21,0.112
2006-02-22,0.7583
2006-02-23,-2.0851
2006-02-24,-0.4914
2006-02-25,
2006-02-26,
2006-02-27,2.0894
2006-02-28,-2.456
2006-03-01,1.5387
2006-03-02,-1.5404
2006-03-03,1.0303
2006-03-04,
2006-03-05,
2006-03-06,-1.6115
2006-03-07,-1.6763
2006-03-08,-1.2233
2006-03-09,0.2108
2006-03-10,0.8568
2006-03-11,
2006-03-12,
2006-03-13,0.4052
2006-03-14,-0.4166
2006-03-15,6.2745
2006-03-16,-0.7749
2006-03-17,0.1488
2006-03-18,
2006-03-19,
2006-03-20,-0.1238
2006-03-21,-1.5367
2006-03-22,2.0768
2006-03-23,-1.3194
2006-03-24,0.3999
2006-03-25,
2006-03-26,
2006-03-27,1.7175
2006-03-28,-0.8075
2006-03-29,1.4802
2006-03-30,1.021
2006-03-31,0.2647
2006-04-01,
2006-04-02,
2006-04-03,2.6041
2006-04-04,1.1696
2006-04-05,-0.4162
2006-04-06,-1.4047
2006-04-07,-1.7426
2006-04-08,
2006-04-09,
2006-04-10,-0.1198
2006-04-11,-0.9718
2006-04-12,0.5937
2006-04-13,0.4336
2006-04-14,
2006-04-15,
2006-04-16,
2006-04-17,0.1199
2006-04-18,3.3777
2006-04-19,-0.6141
2006-04-20,-0.7461
2006-04-21,1.4799
2006-04-22,
2006-04-23,
2006-04-24,0.5093
2006-04-25,-6.1608
2006-04-26,1.0185
2006-04-27,-4.8347999999999995
2006-04-28,1.5190000000000001
2006-04-29,
2006-04-30,
2006-05-01,0.2138
2006-05-02,0.2509
2006-05-03,0.5006
2006-05-04,3.5366999999999997
2006-05-05,0.0601
2006-05-06,
2006-05-07,
2006-05-08,-0.4928
2006-05-09,1.4617
2006-05-10,-0.3096
2006-05-11,-1.9348
2006-05-12,-3.1178
2006-05-13,
2006-05-14,
2006-05-15,0.1257
2006-05-16,-1.0044
2006-05-17,-3.4496
2006-05-18,-4.8732
2006-05-19,1.9056
2006-05-20,
2006-05-21,
2006-05-22,1.4092
2006-05-23,0.294
2006-05-24,-0.7461
2006-05-25,2.6174
2006-05-26,1.295
2006-05-27,
2006-05-28,
2006-05-29,
2006-05-30,-3.1508
2006-05-31,3.2133
2006-06-01,0.4909
2006-06-02,1.0027
2006-06-03,
2006-06-04,
2006-06-05,-3.7292
2006-06-06,1.4807000000000001
2006-06-07,-3.0615
2006-06-08,-0.121
2006-06-09,-2.4825
2006-06-10,
2006-06-11,
2006-06-12,-1.425
2006-06-13,0.6175
2006-06-14,2.2597
2006-06-15,6.0156
2006-06-16,-0.6047
2006-06-17,
2006-06-18,
2006-06-19,-1.8123
2006-06-20,-0.8042
2006-06-21,2.8575
2006-06-22,0.0129
2006-06-23,-0.2326
2006-06-24,
2006-06-25,
2006-06-26,0.2979
2006-06-27,-2.0013
2006-06-28,1.8577
2006-06-29,2.3024
2006-06-30,0.2023
2006-07-01,
2006-07-02,
2006-07-03,0.0883
2006-07-04,
2006-07-05,-0.8069
2006-07-06,-2.9487
2006-07-07,-0.8512
2006-07-08,
2006-07-09,
2006-07-10,0.0132
2006-07-11,1.3867
2006-07-12,-2.9569
2006-07-13,-2.443
2006-07-14,0.5779
2006-07-15,
2006-07-16,
2006-07-17,-1.6963
2006-07-18,0.821
2006-07-19,3.1884
2006-07-20,-5.618
2006-07-21,-2.1684
2006-07-22,
2006-07-23,
2006-07-24,1.1155
2006-07-25,-3.3095
2006-07-26,-2.3707
2006-07-27,0.1973
2006-07-28,4.332
2006-07-29,
2006-07-30,
2006-07-31,0.0436
2006-08-01,-2.1332
2006-08-02,1.3197
2006-08-03,2.8099
2006-08-04,-1.7224
2006-08-05,
2006-08-06,
2006-08-07,-2.0568
2006-08-08,0.6507
2006-08-09,-3.3647
2006-08-10,-0.3345
2006-08-11,-1.0831
2006-08-12,
2006-08-13,
2006-08-14,-1.1104
2006-08-15,2.4641
2006-08-16,5.0076
2006-08-17,-0.1594
2006-08-18,-0.6243
2006-08-19,
2006-08-20,
2006-08-21,-3.477
2006-08-22,0.9384
2006-08-23,-1.1996
2006-08-24,-1.0472
2006-08-25,1.319
2006-08-26,
2006-08-27,
2006-08-28,-0.5904
2006-08-29,-0.5177
2006-08-30,-0.4898
2006-08-31,2.9842
2006-09-01,0.5377
2006-09-02,
2006-09-03,
2006-09-04,
2006-09-05,-0.0891
2006-09-06,-1.5465
2006-09-07,-0.1812
2006-09-08,0.1367
2006-09-09,
2006-09-10,
2006-09-11,-0.091
2006-09-12,2.9907
2006-09-13,4.0094
2006-09-14,-0.4393
2006-09-15,-0.6121
2006-09-16,
2006-09-17,
2006-09-18,1.9049
2006-09-19,-1.3914
2006-09-20,0.3706
2006-09-21,-2.5845000000000002
2006-09-22,0.1749
2006-09-23,
2006-09-24,
2006-09-25,0.6985
2006-09-26,2.9335
2006-09-27,2.4007
2006-09-28,0.1234
2006-09-29,0.5614
2006-09-30,
2006-10-01,
2006-10-02,-0.7761
2006-10-03,1.8526
2006-10-04,1.5629
2006-10-05,2.1889
2006-10-06,-1.5968
2006-10-07,
2006-10-08,
2006-10-09,-0.1847
2006-10-10,1.5596
2006-10-11,-0.3904
2006-10-12,0.9407
2006-10-13,1.4885
2006-10-14,
2006-10-15,
2006-10-16,2.2574
2006-10-17,-1.1349
2006-10-18,-0.0505
2006-10-19,-0.0126
2006-10-20,0.4797
2006-10-21,
2006-10-22,
2006-10-23,-0.7538
2006-10-24,0.443
2006-10-25,0.6805
2006-10-26,-0.5007
2006-10-27,-1.887
2006-10-28,
2006-10-29,
2006-10-30,-0.5514
2006-10-31,-0.0387
2006-11-01,-1.5478
2006-11-02,0.2751
2006-11-03,-0.3005
2006-11-04,
2006-11-05,
2006-11-06,1.5987
2006-11-07,0.761
2006-11-08,1.1393
2006-11-09,-2.1390000000000002
2006-11-10,-0.1681
2006-11-11,
2006-11-12,
2006-11-13,-0.285
2006-11-14,-2.2866
2006-11-15,0.1861
2006-11-16,1.9642
2006-11-17,-0.4816
2006-11-18,
2006-11-19,
2006-11-20,0.2485
2006-11-21,0.5479
2006-11-22,-0.3503
2006-11-23,
2006-11-24,-0.4557
2006-11-25,
2006-11-26,
2006-11-27,-1.0464
2006-11-28,-1.4541
2006-11-29,0.0671
2006-11-30,0.7507
2006-12-01,-0.3193
2006-12-02,
2006-12-03,
2006-12-04,3.1233
2006-12-05,1.7473
2006-12-06,-3.2311
2006-12-07,0.1709
2006-12-08,-0.0919
2006-12-09,
2006-12-10,
2006-12-11,0.1845
2006-12-12,-0.763
2006-12-13,-1.4051
2006-12-14,2.0436
2006-12-15,-0.9223
2006-12-16,
2006-12-17,
2006-12-18,-0.8777
2006-12-19,-0.6574
2006-12-20,-1.8500999999999999
2006-12-21,0.7567
2006-12-22,-0.7511
2006-12-23,
2006-12-24,
2006-12-25,
2006-12-26,0.5091
2006-12-27,1.3005
2006-12-28,0.2162
2006-12-29,-0.472
2006-12-30,
2006-12-31,
2007-01-01,
2007-01-02,
2007-01-03,-0.0135
2007-01-04,-1.2331
2007-01-05,-0.7271
2007-01-06,
2007-01-07,
2007-01-08,1.0918
2007-01-09,0.1777
2007-01-10,-0.2729
2007-01-11,0.2737
2007-01-12,0.9279
2007-01-13,
2007-01-14,
2007-01-15,
2007-01-16,3.9751
2007-01-17,-0.9363
2007-01-18,1.8509
2007-01-19,0.4382
2007-01-20,
2007-01-21,
2007-01-22,-1.0266
2007-01-23,3.8506
2007-01-24,-1.0112
2007-01-25,-1.2738
2007-01-26,-0.792
2007-01-27,
2007-01-28,
2007-01-29,0.1931
2007-01-30,0.3727
2007-01-31,2.8937
2007-02-01,1.3813
2007-02-02,-0.0614
2007-02-03,
2007-02-04,
2007-02-05,-0.7738
2007-02-06,-0.5941
2007-02-07,-0.5105
2007-02-08,-0.5757
2007-02-09,-0.3902
2007-02-10,
2007-02-11,
2007-02-12,0.0253
2007-02-13,1.8319999999999999
2007-02-14,3.7841
2007-02-15,-0.8607
2007-02-16,-0.3859
2007-02-17,
2007-02-18,
2007-02-19,
2007-02-20,0.5689
2007-02-21,1.9379
2007-02-22,0.2716
2007-02-23,-1.1894
2007-02-24,
2007-02-25,
2007-02-26,-2.6338
2007-02-27,-3.4394
2007-02-28,0.3803
2007-03-01,-0.6566
2007-03-02,-1.4491
2007-03-03,
2007-03-04,
2007-03-05,-0.8513
2007-03-06,0.1561
2007-03-07,1.0911
2007-03-08,1.3876
2007-03-09,0.5085
2007-03-10,
2007-03-11,
2007-03-12,0.7842
2007-03-13,-2.2214
2007-03-14,0.2054
2007-03-15,0.3971
2007-03-16,1.8372000000000002
2007-03-17,
2007-03-18,
2007-03-19,-0.0251
2007-03-20,0.3383
2007-03-21,0.5495
2007-03-22,-0.149
2007-03-23,2.7989
2007-03-24,
2007-03-25,
2007-03-26,-1.0286
2007-03-27,-1.8216999999999999
2007-03-28,-1.0585
2007-03-29,0.7174
2007-03-30,0.5124
2007-03-31,
2007-04-01,
2007-04-02,0.5471
2007-04-03,1.4097
2007-04-04,-0.3902
2007-04-05,1.2609
2007-04-06,
2007-04-07,
2007-04-08,
2007-04-09,6.4797
2007-04-10,-0.1022
2007-04-11,-0.3864
2007-04-12,4.769
2007-04-13,-1.2414
2007-04-14,
2007-04-15,
2007-04-16,3.0433
2007-04-17,-1.8941
2007-04-18,0.1309
2007-04-19,2.1024
2007-04-20,0.3627
2007-04-21,
2007-04-22,
2007-04-23,-1.5627
2007-04-24,-2.1922
2007-04-25,-1.1041
2007-04-26,-1.9203000000000001
2007-04-27,1.1611
2007-04-28,
2007-04-29,
2007-04-30,-1.4966
2007-05-01,-1.1081
2007-05-02,1.571
2007-05-03,1.7854999999999999
2007-05-04,1.0503
2007-05-05,
2007-05-06,
2007-05-07,-0.6303
2007-05-08,1.7692
2007-05-09,-0.2187
2007-05-10,-2.2682
2007-05-11,0.8633
2007-05-12,
2007-05-13,
2007-05-14,-0.8782
2007-05-15,1.6037
2007-05-16,1.468
2007-05-17,3.0784
2007-05-18,-0.3377
2007-05-19,
2007-05-20,
2007-05-21,-0.9424
2007-05-22,-1.55
2007-05-23,-0.0434
2007-05-24,-1.2275
2007-05-25,0.5499
2007-05-26,
2007-05-27,
2007-05-28,
2007-05-29,0.1859
2007-05-30,0.3275
2007-05-31,1.3384
2007-06-01,0.9664
2007-06-02,
2007-06-03,
2007-06-04,-0.6168
2007-06-05,-0.5886
2007-06-06,-2.5942
2007-06-07,-3.0611
2007-06-08,1.4977
2007-06-09,
2007-06-10,
2007-06-11,-0.3717
2007-06-12,-2.1593999999999998
2007-06-13,2.4382
2007-06-14,0.5527
2007-06-15,-0.8862
2007-06-16,
2007-06-17,
2007-06-18,-1.1998
2007-06-19,-0.0458
2007-06-20,-1.5702
2007-06-21,1.6301999999999999
2007-06-22,-1.2947
2007-06-23,
2007-06-24,
2007-06-25,-0.1161
2007-06-26,-1.4062000000000001
2007-06-27,1.438
2007-06-28,-1.1387
2007-06-29,0.0705
2007-06-30,
2007-07-01,
2007-07-02,1.6209
2007-07-03,-0.0462
2007-07-04,
2007-07-05,-0.2775
2007-07-06,0.5334
2007-07-07,
2007-07-08,
2007-07-09,-0.2191
2007-07-10,-2.231
2007-07-11,3.0149
2007-07-12,1.1936
2007-07-13,0.5784
2007-07-14,
2007-07-15,
2007-07-16,0.9923
2007-07-17,1.1612
2007-07-18,1.6998
2007-07-19,-0.1411
2007-07-20,-1.7933
2007-07-21,
2007-07-22,
2007-07-23,0.5533
2007-07-24,-2.8836
2007-07-25,-1.7566000000000002
2007-07-26,-2.9877000000000002
2007-07-27,-1.6171
2007-07-28,
2007-07-29,
2007-07-30,0.4109
2007-07-31,-1.1314
2007-08-01,0.6087
2007-08-02,-0.5082
2007-08-03,-3.7946999999999997
2007-08-04,
2007-08-05,
2007-08-06,1.9975
2007-08-07,0.7065
2007-08-08,1.6615
2007-08-09,-1.937
2007-08-10,-0.5185
2007-08-11,
2007-08-12,
2007-08-13,1.5636999999999999
2007-08-14,-2.2605
2007-08-15,-1.6127
2007-08-16,-1.0546
2007-08-17,2.1703
2007-08-18,
2007-08-19,
2007-08-20,2.539
2007-08-21,-2.1451000000000002
2007-08-22,1.2151
2007-08-23,-1.0149
2007-08-24,0.7127
2007-08-25,
2007-08-26,
2007-08-27,-0.2731
2007-08-28,-2.0789
2007-08-29,0.6102
2007-08-30,-1.1751
2007-08-31,3.7591
2007-09-01,
2007-09-02,
2007-09-03,
2007-09-04,2.1565
2007-09-05,-0.8565
2007-09-06,0.7787
2007-09-07,-1.8664
2007-09-08,
2007-09-09,
2007-09-10,-0.9263
2007-09-11,0.9225
2007-09-12,0.7905
2007-09-13,1.5441
2007-09-14,-0.9776
2007-09-15,
2007-09-16,
2007-09-17,-3.181
2007-09-18,4.6828
2007-09-19,-2.1044
2007-09-20,-0.5773
2007-09-21,0.5807
2007-09-22,
2007-09-23,
2007-09-24,-0.6387
2007-09-25,0.8283
2007-09-26,0.2207
2007-09-27,0.0489
2007-09-28,-0.7459
2007-09-29,
2007-09-30,
2007-10-01,1.9096
2007-10-02,0.2055
2007-10-03,-1.8941
2007-10-04,0.8239
2007-10-05,5.8422
2007-10-06,
2007-10-07,
2007-10-08,-0.968
2007-10-09,0.6516
2007-10-10,-1.0867
2007-10-11,-1.9635
2007-10-12,-0.3815
2007-10-13,
2007-10-14,
2007-10-15,-0.6702
2007-10-16,-1.1446
2007-10-17,0.4997
2007-10-18,1.9525000000000001
2007-10-19,-1.8913
2007-10-20,
2007-10-21,
2007-10-22,0.6305
2007-10-23,4.2651
2007-10-24,-0.4044
2007-10-25,-1.3807
2007-10-26,0.7647
2007-10-27,
2007-10-28,
2007-10-29,0.4203
2007-10-30,-0.6627
2007-10-31,2.0014
2007-11-01,-1.813
2007-11-02,1.3439
2007-11-03,
2007-11-04,
2007-11-05,-1.4068
2007-11-06,2.0351
2007-11-07,-2.1206
2007-11-08,0.9017
2007-11-09,-1.7409
2007-11-10,
2007-11-11,
2007-11-12,-0.6969
2007-11-13,1.6891
2007-11-14,1.3101
2007-11-15,-1.016
2007-11-16,0.105
2007-11-17,
2007-11-18,
2007-11-19,-2.2256
2007-11-20,0.2384
2007-11-21,-3.1269
2007-11-22,
2007-11-23,1.1905000000000001
2007-11-24,
2007-11-25,
2007-11-26,-2.0376
2007-11-27,2.1295
2007-11-28,1.4668
2007-11-29,-0.7168
2007-11-30,0.5054
2007-12-01,
2007-12-02,
2007-12-03,-1.0297
2007-12-04,0.2662
2007-12-05,2.1477
2007-12-06,2.6931000000000003
2007-12-07,0.115
2007-12-08,
2007-12-09,
2007-12-10,0.0689
2007-12-11,-2.9154
2007-12-12,-0.1068
2007-12-13,0.1307
2007-12-14,-0.4035
2007-12-15,
2007-12-16,
2007-12-17,0.2025
2007-12-18,-0.4637
2007-12-19,-2.3056
2007-12-20,0.3179
2007-12-21,1.9746000000000001
2007-12-22,
2007-12-23,
2007-12-24,1.1236
2007-12-25,
2007-12-26,-0.3191
2007-12-27,-1.2214
2007-12-28,0.0
2007-12-29,
2007-12-30,
2007-12-31,-0.084
2008-01-01,
2008-01-02,-0.3604
2008-01-03,-1.2902
2008-01-04,-3.9335
2008-01-05,
2008-01-06,
2008-01-07,0.5977
2008-01-08,-2.2374
2008-01-09,0.6594
2008-01-10,2.8388
2008-01-11,-2.4356999999999998
2008-01-12,
2008-01-13,
2008-01-14,0.7553
2008-01-15,-1.7662
2008-01-16,1.3194
2008-01-17,-2.6299
2008-01-18,0.8653
2008-01-19,
2008-01-20,
2008-01-21,
2008-01-22,-0.546
2008-01-23,4.2478
2008-01-24,2.9337999999999997
2008-01-25,-0.3654
2008-01-26,
2008-01-27,
2008-01-28,1.6381000000000001
2008-01-29,1.8162
2008-01-30,-0.4253
2008-01-31,2.6456
2008-02-01,2.0573
2008-02-02,
2008-02-03,
2008-02-04,-1.1665
2008-02-05,-1.5813000000000001
2008-02-06,0.6054
2008-02-07,0.4976
2008-02-08,1.3703
2008-02-09,
2008-02-10,
2008-02-11,1.6812
2008-02-12,0.1564
2008-02-13,0.5243
2008-02-14,-1.1429
2008-02-15,0.0224
2008-02-16,
2008-02-17,
2008-02-18,
2008-02-19,-1.5373999999999999
2008-02-20,1.721
2008-02-21,-1.2772999999999999
2008-02-22,0.0794
2008-02-23,
2008-02-24,
2008-02-25,1.0433
2008-02-26,2.2782999999999998
2008-02-27,-1.7118
2008-02-28,-0.5806
2008-02-29,-1.4262000000000001
2008-03-01,
2008-03-02,
2008-03-03,0.1139
2008-03-04,0.4324
2008-03-05,1.6089
2008-03-06,-2.3194
2008-03-07,0.8447
2008-03-08,
2008-03-09,
2008-03-10,-0.8521
2008-03-11,4.1251
2008-03-12,-0.044
2008-03-13,1.112
2008-03-14,-1.1324
2008-03-15,
2008-03-16,
2008-03-17,0.4295
2008-03-18,4.1562
2008-03-19,-4.5062
2008-03-20,1.0033
2008-03-21,
2008-03-22,
2008-03-23,
2008-03-24,1.7793
2008-03-25,2.2523
2008-03-26,-1.3006
2008-03-27,-1.8277999999999999
2008-03-28,-0.4222
2008-03-29,
2008-03-30,
2008-03-31,0.25
2008-04-01,2.7651
2008-04-02,-0.5592
2008-04-03,1.6872
2008-04-04,0.1148
2008-04-05,
2008-04-06,
2008-04-07,-0.4169
2008-04-08,-0.0733
2008-04-09,-2.5558
2008-04-10,0.344
2008-04-11,-0.1714
2008-04-12,
2008-04-13,
2008-04-14,0.7619
2008-04-15,0.7774
2008-04-16,4.9350000000000005
2008-04-17,-1.4199
2008-04-18,1.9205
2008-04-19,
2008-04-20,
2008-04-21,0.1203
2008-04-22,-0.8609
2008-04-23,-1.4844
2008-04-24,2.0193
2008-04-25,0.221
2008-04-26,
2008-04-27,
2008-04-28,1.3734
2008-04-29,1.5823
2008-04-30,-0.1655
2008-05-01,2.6134
2008-05-02,-0.9408
2008-05-03,
2008-05-04,
2008-05-05,-0.0767
2008-05-06,1.1521
2008-05-07,-2.7809
2008-05-08,1.318
2008-05-09,-0.2987
2008-05-10,
2008-05-11,
2008-05-12,1.643
2008-05-13,0.5895
2008-05-14,1.3139
2008-05-15,0.6998
2008-05-16,0.5837
2008-05-17,
2008-05-18,
2008-05-19,0.608
2008-05-20,-0.6684
2008-05-21,-0.3503
2008-05-22,-0.333
2008-05-23,-1.4942
2008-05-24,
2008-05-25,
2008-05-26,
2008-05-27,2.1952
2008-05-28,0.6361
2008-05-29,2.4826
2008-05-30,1.0548
2008-05-31,
2008-06-01,
2008-06-02,-0.7253
2008-06-03,-1.1762
2008-06-04,0.2164
2008-06-05,3.0679
2008-06-06,-3.352
2008-06-07,
2008-06-08,
2008-06-09,3.3424
2008-06-10,-2.2175
2008-06-11,-6.9828
2008-06-12,0.5493
2008-06-13,0.3259
2008-06-14,
2008-06-15,
2008-06-16,0.5159
2008-06-17,-2.8607
2008-06-18,0.949
2008-06-19,2.297
2008-06-20,-2.3970000000000002
2008-06-21,
2008-06-22,
2008-06-23,-1.8928
2008-06-24,-1.4346
2008-06-25,0.8432
2008-06-26,-2.5284
2008-06-27,-0.531
2008-06-28,
2008-06-29,
2008-06-30,2.5564999999999998
2008-07-01,-2.2725
2008-07-02,-5.2243
2008-07-03,1.4159
2008-07-04,
2008-07-05,
2008-07-06,
2008-07-07,0.8526
2008-07-08,4.1107
2008-07-09,-3.0146
2008-07-10,0.5338
2008-07-11,-0.635
2008-07-12,
2008-07-13,
2008-07-14,-0.8172
2008-07-15,-2.5034
2008-07-16,3.7486
2008-07-17,-0.2193
2008-07-18,-1.0256
2008-07-19,
2008-07-20,
2008-07-21,0.0423
2008-07-22,3.1391999999999998
2008-07-23,2.4288
2008-07-24,-1.1806
2008-07-25,-0.729
2008-07-26,
2008-07-27,
2008-07-28,-1.3361
2008-07-29,4.5586
2008-07-30,4.3004999999999995
2008-07-31,-1.2986
2008-08-01,-2.276
2008-08-02,
2008-08-03,
2008-08-04,-1.9752
2008-08-05,3.0877
2008-08-06,-1.1184
2008-08-07,-1.3769
2008-08-08,1.1468
2008-08-09,
2008-08-10,
2008-08-11,-1.4689999999999999
2008-08-12,-3.8423
2008-08-13,2.0187
2008-08-14,0.7956
2008-08-15,0.0506
2008-08-16,
2008-08-17,
2008-08-18,-0.6372
2008-08-19,-0.2239
2008-08-20,0.6733
2008-08-21,2.5233
2008-08-22,2.2734
2008-08-23,
2008-08-24,
2008-08-25,-0.7925
2008-08-26,0.7696
2008-08-27,1.3728
2008-08-28,1.4496
2008-08-29,0.9588
2008-08-30,
2008-08-31,
2008-09-01,
2008-09-02,-1.9926
2008-09-03,-1.2730000000000001
2008-09-04,-3.6663
2008-09-05,-0.2397
2008-09-06,
2008-09-07,
2008-09-08,3.0039
2008-09-09,-5.8651
2008-09-10,3.0894
2008-09-11,4.9578
2008-09-12,-2.4241
2008-09-13,
2008-09-14,
2008-09-15,-3.3975
2008-09-16,0.6302
2008-09-17,-2.798
2008-09-18,2.9097
2008-09-19,1.6965
2008-09-20,
2008-09-21,
2008-09-22,-3.3661
2008-09-23,-0.8426
2008-09-24,-0.9119
2008-09-25,2.1439
2008-09-26,0.686
2008-09-27,
2008-09-28,
2008-09-29,-7.4232
2008-09-30,1.5268000000000002
2008-10-01,-3.1808
2008-10-02,-7.2522
2008-10-03,0.3494
2008-10-04,
2008-10-05,
2008-10-06,2.0291
2008-10-07,-5.0718
2008-10-08,0.9545
2008-10-09,-1.8296000000000001
2008-10-10,0.2627
2008-10-11,
2008-10-12,
2008-10-13,5.4017
2008-10-14,-3.1246
2008-10-15,-7.2572
2008-10-16,6.0071
2008-10-17,-0.4598
2008-10-18,
2008-10-19,
2008-10-20,4.4569
2008-10-21,0.6095
2008-10-22,-3.9439
2008-10-23,0.8904
2008-10-24,-1.9367
2008-10-25,
2008-10-26,
2008-10-27,-1.6625
2008-10-28,6.076
2008-10-29,1.9173
2008-10-30,1.8107
2008-10-31,2.8525
2008-11-01,
2008-11-02,
2008-11-03,-1.819
2008-11-04,4.7575
2008-11-05,-5.5786
2008-11-06,-7.3766
2008-11-07,1.423
2008-11-08,
2008-11-09,
2008-11-10,0.7508
2008-11-11,1.698
2008-11-12,-1.9219
2008-11-13,1.1145
2008-11-14,-3.5489
2008-11-15,
2008-11-16,
2008-11-17,-2.4614
2008-11-18,-0.1802
2008-11-19,-4.9013
2008-11-20,-2.3735
2008-11-21,1.8199
2008-11-22,
2008-11-23,
2008-11-24,0.2456
2008-11-25,2.9264
2008-11-26,0.357
2008-11-27,
2008-11-28,0.9487
2008-11-29,
2008-11-30,
2008-12-01,-6.6049
2008-12-02,3.3124000000000002
2008-12-03,2.1374
2008-12-04,-1.6423999999999999
2008-12-05,0.5656
2008-12-06,
2008-12-07,
2008-12-08,2.504
2008-12-09,-1.7635999999999998
2008-12-10,1.4495
2008-12-11,-1.4758
2008-12-12,-4.5339
2008-12-13,
2008-12-14,
2008-12-15,0.2101
2008-12-16,5.4243
2008-12-17,1.4056
2008-12-18,-2.4454000000000002
2008-12-19,-1.2601
2008-12-20,
2008-12-21,
2008-12-22,1.1811
2008-12-23,-1.7174
2008-12-24,0.0137
2008-12-25,
2008-12-26,1.5971
2008-12-27,
2008-12-28,
2008-12-29,-1.9616
2008-12-30,2.1379
2008-12-31,1.5833
2009-01-01,
2009-01-02,3.6191
2009-01-03,
2009-01-04,
2009-01-05,0.8286
2009-01-06,2.7434
2009-01-07,-4.7619
2009-01-08,-1.4212
2009-01-09,-2.2543
2009-01-10,
2009-01-11,
2009-01-12,-5.9399
2009-01-13,-4.6899999999999995
2009-01-14,-4.3673
2009-01-15,-0.8915
2009-01-16,0.4576
2009-01-17,
2009-01-18,
2009-01-19,
2009-01-20,-3.7857
2009-01-21,7.0857
2009-01-22,-1.7076
2009-01-23,-1.7838
2009-01-24,
2009-01-25,
2009-01-26,-0.0158
2009-01-27,6.8552
2009-01-28,1.7886
2009-01-29,-2.0622
2009-01-30,-1.7645
2009-01-31,
2009-02-01,
2009-02-02,-1.2377
2009-02-03,4.1265
2009-02-04,0.1761
2009-02-05,1.978
2009-02-06,4.7989
2009-02-07,
2009-02-08,
2009-02-09,0.4387
2009-02-10,-5.0369
2009-02-11,-1.3368
2009-02-12,-3.0449
2009-02-13,-0.7663
2009-02-14,
2009-02-15,
2009-02-16,
2009-02-17,-4.6941
2009-02-18,1.2393
2009-02-19,-3.0603
2009-02-20,0.1133
2009-02-21,
2009-02-22,
2009-02-23,-4.4955
2009-02-24,5.8923
2009-02-25,-3.07
2009-02-26,-1.1712
2009-02-27,-1.9029
2009-02-28,
2009-03-01,
2009-03-02,-6.6531
2009-03-03,-0.1641
2009-03-04,3.7977
2009-03-05,-6.3676
2009-03-06,0.4321
2009-03-07,
2009-03-08,
2009-03-09,-3.4792
2009-03-10,7.168
2009-03-11,-0.9477
2009-03-12,2.9807
2009-03-13,-1.0005
2009-03-14,
2009-03-15,
2009-03-16,3.068
2009-03-17,1.4183
2009-03-18,-1.4675
2009-03-19,-0.5958
2009-03-20,-2.9438
2009-03-21,
2009-03-22,
2009-03-23,8.627
2009-03-24,-0.2174
2009-03-25,-2.3961
2009-03-26,8.738199999999999
2009-03-27,-2.1629
2009-03-28,
2009-03-29,
2009-03-30,-1.5491000000000001
2009-03-31,-1.4096
2009-04-01,1.7456
2009-04-02,7.2386
2009-04-03,1.3561
2009-04-04,
2009-04-05,
2009-04-06,-3.7282
2009-04-07,-1.7957999999999998
2009-04-08,1.5901
2009-04-09,3.553
2009-04-10,
2009-04-11,
2009-04-12,
2009-04-13,0.3174
2009-04-14,0.1205
2009-04-15,-0.1956
2009-04-16,0.4071
2009-04-17,2.3727
2009-04-18,
2009-04-19,
2009-04-20,-4.7235
2009-04-21,2.9561
2009-04-22,-0.658
2009-04-23,2.1376
2009-04-24,-1.0464
2009-04-25,
2009-04-26,
2009-04-27,-3.2321
2009-04-28,-0.3232
2009-04-29,4.1538
2009-04-30,0.0445
2009-05-01,0.8595
2009-05-02,
2009-05-03,
2009-05-04,6.2298
2009-05-05,-1.0788
2009-05-06,1.9295
2009-05-07,-1.8793
2009-05-08,1.7196
2009-05-09,
2009-05-10,
2009-05-11,-3.3947
2009-05-12,-1.1381000000000001
2009-05-13,-4.6194
2009-05-14,-1.1617
2009-05-15,2.4882
2009-05-16,
2009-05-17,
2009-05-18,2.5766999999999998
2009-05-19,-0.8131
2009-05-20,1.8592
2009-05-21,-2.9894
2009-05-22,0.9926
2009-05-23,
2009-05-24,
2009-05-25,
2009-05-26,3.858
2009-05-27,-3.3192
2009-05-28,1.0373
2009-05-29,4.7426
2009-05-30,
2009-05-31,
2009-06-01,5.1215
2009-06-02,1.1687
2009-06-03,-2.1677
2009-06-04,2.1892
2009-06-05,-0.0519
2009-06-06,
2009-06-07,
2009-06-08,0.4027
2009-06-09,-0.7413
2009-06-10,-1.271
2009-06-11,-0.2256
2009-06-12,2.8997
2009-06-13,
2009-06-14,
2009-06-15,-5.3128
2009-06-16,0.0956
2009-06-17,-0.9274
2009-06-18,0.7296
2009-06-19,1.7904
2009-06-20,
2009-06-21,
2009-06-22,-3.4372
2009-06-23,0.6118
2009-06-24,0.8568
2009-06-25,3.3297
2009-06-26,0.3448
2009-06-27,
2009-06-28,
2009-06-29,-1.4668999999999999
2009-06-30,-1.3679999999999999
2009-07-01,-0.6663
2009-07-02,-2.6146000000000003
2009-07-03,
2009-07-04,
2009-07-05,
2009-07-06,0.3374
2009-07-07,-4.5811
2009-07-08,-0.0294
2009-07-09,0.4406
2009-07-10,0.8335
2009-07-11,
2009-07-12,
2009-07-13,1.7835999999999999
2009-07-14,2.2653
2009-07-15,2.5773
2009-07-16,1.2495
2009-07-17,0.3353
2009-07-18,
2009-07-19,
2009-07-20,2.8209
2009-07-21,-0.182
2009-07-22,0.013
2009-07-23,3.1519
2009-07-24,-0.3914
2009-07-25,
2009-07-26,
2009-07-27,-0.7352
2009-07-28,-0.8173
2009-07-29,0.7467
2009-07-30,1.0224
2009-07-31,-0.5819
2009-08-01,
2009-08-02,
2009-08-03,2.8121
2009-08-04,0.5198
2009-08-05,-0.4186
2009-08-06,0.0
2009-08-07,3.5114
2009-08-08,
2009-08-09,
2009-08-10,-0.9317
2009-08-11,-0.7716
2009-08-12,0.4739
2009-08-13,0.9191
2009-08-14,-0.9826
2009-08-15,
2009-08-16,
2009-08-17,-2.7835
2009-08-18,1.2449
2009-08-19,0.6148
2009-08-20,1.3931
2009-08-21,2.1695
2009-08-22,
2009-08-23,
2009-08-24,-0.3893
2009-08-25,-0.7106
2009-08-26,-1.324
2009-08-27,0.6769
2009-08-28,0.8885
2009-08-29,
2009-08-30,
2009-08-31,-1.202
2009-09-01,-1.5899999999999999
2009-09-02,-1.175
2009-09-03,2.2294
2009-09-04,2.0475
2009-09-05,
2009-09-06,
2009-09-07,
2009-09-08,-0.4155
2009-09-09,0.2276
2009-09-10,1.0996
2009-09-11,0.1182
2009-09-12,
2009-09-13,
2009-09-14,0.2362
2009-09-15,-0.483
2009-09-16,-0.438
2009-09-17,-0.8917
2009-09-18,0.6598
2009-09-19,
2009-09-20,
2009-09-21,-1.2752
2009-09-22,0.8812
2009-09-23,-0.9453
2009-09-24,-0.9664
2009-09-25,-1.7199
2009-09-26,
2009-09-27,
2009-09-28,1.2039
2009-09-29,-0.7481
2009-09-30,-1.3592
2009-10-01,-2.0418
2009-10-02,0.8312
2009-10-03,
2009-10-04,
2009-10-05,0.6468
2009-10-06,0.5922
2009-10-07,-0.2756
2009-10-08,2.1982
2009-10-09,1.0079
2009-10-10,
2009-10-11,
2009-10-12,-0.2069
2009-10-13,0.5609
2009-10-14,4.8866
2009-10-15,-0.2659
2009-10-16,0.1391
2009-10-17,
2009-10-18,
2009-10-19,0.0116
2009-10-20,-0.9259
2009-10-21,-0.9579
2009-10-22,-0.1887
2009-10-23,-6.4996
2009-10-24,
2009-10-25,
2009-10-26,-0.316
2009-10-27,-2.8528000000000002
2009-10-28,-1.5531000000000001
2009-10-29,1.6572
2009-10-30,-1.7736
2009-10-31,
2009-11-01,
2009-11-02,0.9958
2009-11-03,27.5141
2009-11-04,0.1031
2009-11-05,-0.1236
2009-11-06,0.2578
2009-11-07,
2009-11-08,
2009-11-09,0.3805
2009-11-10,-0.0102
2009-11-11,0.0615
2009-11-12,0.3482
2009-11-13,-0.0204
2009-11-14,
2009-11-15,
2009-11-16,0.0817
2009-11-17,0.0
2009-11-18,0.0
2009-11-19,0.0306
2009-11-20,0.0204
2009-11-21,
2009-11-22,
2009-11-23,0.1631
2009-11-24,0.0407
2009-11-25,0.0102
2009-11-26,
2009-11-27,-0.0509
2009-11-28,
2009-11-29,
2009-11-30,0.0407
2009-12-01,0.1628
2009-12-02,0.0711
2009-12-03,0.071
2009-12-04,0.0609
2009-12-05,
2009-12-06,
2009-12-07,0.0912
2009-12-08,0.0405
2009-12-09,0.162
2009-12-10,0.1314
2009-12-11,-0.1013
2009-12-12,
2009-12-13,
2009-12-14,-0.0406
2009-12-15,-0.0406
2009-12-16,-0.0305
2009-12-17,-0.0711
2009-12-18,-0.0813
2009-12-19,
2009-12-20,
2009-12-21,0.0814
2009-12-22,-0.1423
2009-12-23,0.0407
2009-12-24,0.1017
2009-12-25,
2009-12-26,
2009-12-27,
2009-12-28,0.2134
2009-12-29,-0.1623
2009-12-30,0.2844
2009-12-31,-0.1114
2010-01-01,
2010-01-02,
2010-01-03,
2010-01-04,0.1825
2010-01-05,0.0101
2010-01-06,0.0911
2010-01-07,-0.1011
2010-01-08,0.1518
2010-01-09,
2010-01-10,
2010-01-11,0.1314
2010-01-12,-0.0908
2010-01-13,0.0808
2010-01-14,0.1413
2010-01-15,-0.1008
2010-01-16,
2010-01-17,
2010-01-18,
2010-01-19,0.0303
2010-01-20,0.0908
2010-01-21,0.0202
2010-01-22,-0.1411
2010-01-23,
2010-01-24,
2010-01-25,0.1816
2010-01-26,0.0101
2010-01-27,0.2014
2010-01-28,0.0402
2010-01-29,0.1909
2010-01-30,
2010-01-31,
2010-02-01,0.1103
2010-02-02,-0.0501
2010-02-03,0.02
2010-02-04,-0.3807
2010-02-05,0.2917
2010-02-06,
2010-02-07,
2010-02-08,0.0201
2010-02-09,0.1704
2010-02-10,0.05
2010-02-11,0.2701
2010-02-12,-0.02
