date,BMC UW Equity
2000-01-04,-9.6112
2000-01-05,-35.6331
2000-01-06,-9.71
2000-01-07,-3.6313
2000-01-08,
2000-01-09,
2000-01-10,6.6667
2000-01-11,4.212
2000-01-12,-0.5215
2000-01-13,2.7523
2000-01-14,1.4031
2000-01-15,
2000-01-16,
2000-01-17,
2000-01-18,2.7673
2000-01-19,-5.2632
2000-01-20,-1.938
2000-01-21,-6.1924
2000-01-22,
2000-01-23,
2000-01-24,0.1404
2000-01-25,-1.9635
2000-01-26,-9.8712
2000-01-27,-1.1111
2000-01-28,-3.8523
2000-01-29,
2000-01-30,
2000-01-31,1.1686
2000-02-01,4.6205
2000-02-02,-1.2618
2000-02-03,0.1597
2000-02-04,7.9745
2000-02-05,
2000-02-06,
2000-02-07,-3.1019
2000-02-08,8.2317
2000-02-09,-5.6338
2000-02-10,5.8209
2000-02-11,-2.9619
2000-02-12,
2000-02-13,
2000-02-14,-3.343
2000-02-15,1.0526
2000-02-16,-0.1488
2000-02-17,2.9806
2000-02-18,-3.6179
2000-02-19,
2000-02-20,
2000-02-21,
2000-02-22,0.9009
2000-02-23,-2.0833
2000-02-24,-2.7356
2000-02-25,-2.5
2000-02-26,
2000-02-27,
2000-02-28,8.9744
2000-02-29,8.2353
2000-03-01,8.6957
2000-03-02,-5.875
2000-03-03,1.992
2000-03-04,
2000-03-05,
2000-03-06,1.5625
2000-03-07,-3.9744
2000-03-08,5.2069
2000-03-09,4.4416
2000-03-10,0.9721
2000-03-11,
2000-03-12,
2000-03-13,0.2407
2000-03-14,-7.2029
2000-03-15,1.9405000000000001
2000-03-16,7.6142
2000-03-17,3.8914999999999997
2000-03-18,
2000-03-19,
2000-03-20,-6.4699
2000-03-21,5.9466
2000-03-22,1.7182
2000-03-23,-2.5901
2000-03-24,-2.3121
2000-03-25,
2000-03-26,
2000-03-27,4.142
2000-03-28,-5.1136
2000-03-29,-1.7964
2000-03-30,-6.2195
2000-03-31,2.7308
2000-04-01,
2000-04-02,
2000-04-03,-4.8101
2000-04-04,-6.383
2000-04-05,9.0909
2000-04-06,3.776
2000-04-07,-1.1292
2000-04-08,
2000-04-09,
2000-04-10,-3.1726
2000-04-11,-3.8007999999999997
2000-04-12,-7.6294
2000-04-13,-6.4897
2000-04-14,-1.5773000000000001
2000-04-15,
2000-04-16,
2000-04-17,11.6987
2000-04-18,-1.1478
2000-04-19,-5.5152
2000-04-20,3.533
2000-04-21,
2000-04-22,
2000-04-23,
2000-04-24,-9.9407
2000-04-25,7.5783000000000005
2000-04-26,9.0352
2000-04-27,2.1067
2000-04-28,3.0261
2000-04-29,
2000-04-30,
2000-05-01,0.1335
2000-05-02,-1.6
2000-05-03,0.0
2000-05-04,-2.5745
2000-05-05,-1.5299
2000-05-06,
2000-05-07,
2000-05-08,-3.1073
2000-05-09,-2.9154999999999998
2000-05-10,-2.1021
2000-05-11,4.4479
2000-05-12,0.8811
2000-05-13,
2000-05-14,
2000-05-15,4.9491
2000-05-16,-2.0804
2000-05-17,-0.8499
2000-05-18,1.4285999999999999
2000-05-19,-4.2254
2000-05-20,
2000-05-21,
2000-05-22,1.0294
2000-05-23,0.7278
2000-05-24,2.7457000000000003
2000-05-25,-6.6104
2000-05-26,1.3554
2000-05-27,
2000-05-28,
2000-05-29,
2000-05-30,5.052
2000-05-31,-0.4243
2000-06-01,0.9943
2000-06-02,5.7665
2000-06-03,
2000-06-04,
2000-06-05,0.5319
2000-06-06,-2.9101
2000-06-07,3.406
2000-06-08,-5.9289
2000-06-09,-0.8403
2000-06-10,
2000-06-11,
2000-06-12,-7.3446
2000-06-13,1.9817
2000-06-14,-1.6442
2000-06-15,-3.3435
2000-06-16,-2.3585
2000-06-17,
2000-06-18,
2000-06-19,-1.6103
2000-06-20,4.5827
2000-06-21,-4.8513
2000-06-22,-0.1645
2000-06-23,-5.4366
2000-06-24,
2000-06-25,
2000-06-26,-0.5226
2000-06-27,4.3783
2000-06-28,4.5302
2000-06-29,-8.8283
2000-06-30,2.7729
2000-07-01,
2000-07-02,
2000-07-03,-2.6981
2000-07-04,
2000-07-05,-39.9648
2000-07-06,-1.173
2000-07-07,10.089
2000-07-08,
2000-07-09,
2000-07-10,-7.5472
2000-07-11,-6.1224
2000-07-12,-0.3106
2000-07-13,-0.3115
2000-07-14,0.3125
2000-07-15,
2000-07-16,
2000-07-17,2.4922
2000-07-18,-3.3435
2000-07-19,-4.4025
2000-07-20,0.3289
2000-07-21,-1.6393
2000-07-22,
2000-07-23,
2000-07-24,-4.0
2000-07-25,2.7778
2000-07-26,-8.4459
2000-07-27,4.797
2000-07-28,-1.7606000000000002
2000-07-29,
2000-07-30,
2000-07-31,8.2437
2000-08-01,1.9868000000000001
2000-08-02,-4.5455
2000-08-03,1.3605
2000-08-04,0.0
2000-08-05,
2000-08-06,
2000-08-07,4.3624
2000-08-08,-0.3215
2000-08-09,0.3226
2000-08-10,0.3215
2000-08-11,-5.1282
2000-08-12,
2000-08-13,
2000-08-14,-3.7161999999999997
2000-08-15,7.3684
2000-08-16,7.5163
2000-08-17,10.9422
2000-08-18,9.589
2000-08-19,
2000-08-20,
2000-08-21,-1.75
2000-08-22,-2.2901
2000-08-23,1.0417
2000-08-24,1.8041
2000-08-25,4.3038
2000-08-26,
2000-08-27,
2000-08-28,10.4369
2000-08-29,-9.011
2000-08-30,-3.6231999999999998
2000-08-31,8.2707
2000-09-01,5.5556
2000-09-02,
2000-09-03,
2000-09-04,
2000-09-05,-8.5526
2000-09-06,-3.5971
2000-09-07,0.4975
2000-09-08,-3.9604
2000-09-09,
2000-09-10,
2000-09-11,-3.6082
2000-09-12,-1.0695000000000001
2000-09-13,-2.973
2000-09-14,-2.2284
2000-09-15,-10.2564
2000-09-16,
2000-09-17,
2000-09-18,-2.8571
2000-09-19,4.902
2000-09-20,0.6231
2000-09-21,0.3096
2000-09-22,0.3086
2000-09-23,
2000-09-24,
2000-09-25,-3.6923
2000-09-26,2.2364
2000-09-27,-4.6875
2000-09-28,4.5902
2000-09-29,-4.0752
2000-09-30,
2000-10-01,
2000-10-02,-5.5556
2000-10-03,-2.4221
2000-10-04,-6.383
2000-10-05,6.4394
2000-10-06,0.3559
2000-10-07,
2000-10-08,
2000-10-09,-3.9007
2000-10-10,-4.797
2000-10-11,-1.1628
2000-10-12,-2.7451
2000-10-13,3.2258
2000-10-14,
2000-10-15,
2000-10-16,2.3438
2000-10-17,-5.3435
2000-10-18,0.8065
2000-10-19,4.8
2000-10-20,7.2519
2000-10-21,
2000-10-22,
2000-10-23,1.4235
2000-10-24,3.5088
2000-10-25,-4.4068
2000-10-26,2.8369
2000-10-27,-0.6897
2000-10-28,
2000-10-29,
2000-10-30,3.8194
2000-10-31,8.6957
2000-11-01,1.9231
2000-11-02,5.0566
2000-11-03,-1.1494
2000-11-04,
2000-11-05,
2000-11-06,0.2907
2000-11-07,3.7681
2000-11-08,-4.4693
2000-11-09,-1.7544
2000-11-10,-4.4643
2000-11-11,
2000-11-12,
2000-11-13,-3.1153
2000-11-14,5.4662
2000-11-15,2.439
2000-11-16,-5.3571
2000-11-17,0.6289
2000-11-18,
2000-11-19,
2000-11-20,-0.3125
2000-11-21,-2.1944
2000-11-22,-3.8462
2000-11-23,
2000-11-24,3.0
2000-11-25,
2000-11-26,
2000-11-27,1.9417
2000-11-28,-5.873
2000-11-29,-2.8668
2000-11-30,-3.8194
2000-12-01,3.9711
2000-12-02,
2000-12-03,
2000-12-04,-0.6944
2000-12-05,6.2937
2000-12-06,-4.6053
2000-12-07,-1.7241
2000-12-08,0.7018
2000-12-09,
2000-12-10,
2000-12-11,5.9233
2000-12-12,-3.6184
2000-12-13,0.0
2000-12-14,-6.4846
2000-12-15,-3.6496
2000-12-16,
2000-12-17,
2000-12-18,-0.3788
2000-12-19,-4.5626999999999995
2000-12-20,-9.9602
2000-12-21,-1.3274
2000-12-22,0.8969
2000-12-23,
2000-12-24,
2000-12-25,
2000-12-26,-3.1111
2000-12-27,2.7523
2000-12-28,3.125
2000-12-29,-3.0303
2000-12-30,
2000-12-31,
2001-01-01,
2001-01-02,-2.6786
2001-01-03,14.6789
2001-01-04,42.8
2001-01-05,-2.2409
2001-01-06,
2001-01-07,
2001-01-08,-2.5788
2001-01-09,8.2353
2001-01-10,8.4239
2001-01-11,7.5188
2001-01-12,-1.3986
2001-01-13,
2001-01-14,
2001-01-15,
2001-01-16,1.182
2001-01-17,-4.2056000000000004
2001-01-18,18.2927
2001-01-19,5.9794
2001-01-20,
2001-01-21,
2001-01-22,-1.9455
2001-01-23,-3.373
2001-01-24,-0.616
2001-01-25,-1.0331
2001-01-26,-2.5052
2001-01-27,
2001-01-28,
2001-01-29,5.3533
2001-01-30,-0.2033
2001-01-31,-5.2953
2001-02-01,6.8817
2001-02-02,-8.8531
2001-02-03,
2001-02-04,
2001-02-05,1.766
2001-02-06,0.4338
2001-02-07,2.3758
2001-02-08,6.5401
2001-02-09,-2.9703
2001-02-10,
2001-02-11,
2001-02-12,4.898
2001-02-13,-1.1673
2001-02-14,-1.9685000000000001
2001-02-15,-0.4016
2001-02-16,-2.8226
2001-02-17,
2001-02-18,
2001-02-19,
2001-02-20,2.6971
2001-02-21,-2.6263
2001-02-22,5.1867
2001-02-23,-7.1006
2001-02-24,
2001-02-25,
2001-02-26,7.8556
2001-02-27,-1.3780000000000001
2001-02-28,-3.7923999999999998
2001-03-01,-1.2448
2001-03-02,-5.6723
2001-03-03,
2001-03-04,
2001-03-05,-3.3407999999999998
2001-03-06,6.9124
2001-03-07,-0.6466
2001-03-08,-9.1106
2001-03-09,-10.2625
2001-03-10,
2001-03-11,
2001-03-12,-10.6383
2001-03-13,
2001-03-14,
2001-03-15,
2001-03-16,
2001-03-17,
2001-03-18,
2001-03-19,
2001-03-20,
2001-03-21,
2001-03-22,
2001-03-23,
2001-03-24,
2001-03-25,
2001-03-26,
2001-03-27,
2001-03-28,
2001-03-29,
2001-03-30,
2001-03-31,
2001-04-01,
2001-04-02,
2001-04-03,
2001-04-04,
2001-04-05,
2001-04-06,
2001-04-07,
2001-04-08,
2001-04-09,
2001-04-10,
2001-04-11,
2001-04-12,
2001-04-13,
2001-04-14,
2001-04-15,
2001-04-16,
2001-04-17,
2001-04-18,
2001-04-19,
2001-04-20,
2001-04-21,
2001-04-22,
2001-04-23,
2001-04-24,
2001-04-25,
2001-04-26,
2001-04-27,
2001-04-28,
2001-04-29,
2001-04-30,
2001-05-01,
2001-05-02,
2001-05-03,
2001-05-04,
2001-05-05,
2001-05-06,
2001-05-07,
2001-05-08,
2001-05-09,
2001-05-10,
2001-05-11,
2001-05-12,
2001-05-13,
2001-05-14,
2001-05-15,
2001-05-16,
2001-05-17,
2001-05-18,
2001-05-19,
2001-05-20,
2001-05-21,
2001-05-22,
2001-05-23,
2001-05-24,
2001-05-25,
2001-05-26,
2001-05-27,
2001-05-28,
2001-05-29,
2001-05-30,
2001-05-31,
2001-06-01,
2001-06-02,
2001-06-03,
2001-06-04,
2001-06-05,
2001-06-06,
2001-06-07,
2001-06-08,
2001-06-09,
2001-06-10,
2001-06-11,
2001-06-12,
2001-06-13,
2001-06-14,
2001-06-15,
2001-06-16,
2001-06-17,
2001-06-18,
2001-06-19,
2001-06-20,
2001-06-21,
2001-06-22,
2001-06-23,
2001-06-24,
2001-06-25,
2001-06-26,
2001-06-27,
2001-06-28,
2001-06-29,
2001-06-30,
2001-07-01,
2001-07-02,
2001-07-03,
2001-07-04,
2001-07-05,
2001-07-06,
2001-07-07,
2001-07-08,
2001-07-09,
2001-07-10,
2001-07-11,
2001-07-12,
2001-07-13,
2001-07-14,
2001-07-15,
2001-07-16,
2001-07-17,
2001-07-18,
2001-07-19,
2001-07-20,
2001-07-21,
2001-07-22,
2001-07-23,
2001-07-24,
2001-07-25,
2001-07-26,
2001-07-27,
2001-07-28,
2001-07-29,
2001-07-30,
2001-07-31,
2001-08-01,
2001-08-02,
2001-08-03,
2001-08-04,
2001-08-05,
2001-08-06,
2001-08-07,
2001-08-08,
2001-08-09,
2001-08-10,
2001-08-11,
2001-08-12,
2001-08-13,
2001-08-14,
2001-08-15,
2001-08-16,
2001-08-17,
2001-08-18,
2001-08-19,
2001-08-20,
2001-08-21,
2001-08-22,
2001-08-23,
2001-08-24,
2001-08-25,
2001-08-26,
2001-08-27,
2001-08-28,
2001-08-29,
2001-08-30,
2001-08-31,
2001-09-01,
2001-09-02,
2001-09-03,
2001-09-04,
2001-09-05,
2001-09-06,
2001-09-07,
2001-09-08,
2001-09-09,
2001-09-10,
2001-09-11,
2001-09-12,
2001-09-13,
2001-09-14,
2001-09-15,
2001-09-16,
2001-09-17,
2001-09-18,
2001-09-19,
2001-09-20,
2001-09-21,
2001-09-22,
2001-09-23,
2001-09-24,
2001-09-25,
2001-09-26,
2001-09-27,
2001-09-28,
2001-09-29,
2001-09-30,
2001-10-01,
2001-10-02,
2001-10-03,
2001-10-04,
2001-10-05,
2001-10-06,
2001-10-07,
2001-10-08,
2001-10-09,
2001-10-10,
2001-10-11,
2001-10-12,
2001-10-13,
2001-10-14,
2001-10-15,
2001-10-16,
2001-10-17,
2001-10-18,
2001-10-19,
2001-10-20,
2001-10-21,
2001-10-22,
2001-10-23,
2001-10-24,
2001-10-25,
2001-10-26,
2001-10-27,
2001-10-28,
2001-10-29,
2001-10-30,
2001-10-31,
2001-11-01,
2001-11-02,
2001-11-03,
2001-11-04,
2001-11-05,
2001-11-06,
2001-11-07,
2001-11-08,
2001-11-09,
2001-11-10,
2001-11-11,
2001-11-12,
2001-11-13,
2001-11-14,
2001-11-15,
2001-11-16,
2001-11-17,
2001-11-18,
2001-11-19,
2001-11-20,
2001-11-21,
2001-11-22,
2001-11-23,
2001-11-24,
2001-11-25,
2001-11-26,
2001-11-27,
2001-11-28,
2001-11-29,
2001-11-30,
2001-12-01,
2001-12-02,
2001-12-03,
2001-12-04,
2001-12-05,
2001-12-06,
2001-12-07,
2001-12-08,
2001-12-09,
2001-12-10,
2001-12-11,
2001-12-12,
2001-12-13,
2001-12-14,
2001-12-15,
2001-12-16,
2001-12-17,
2001-12-18,
2001-12-19,
2001-12-20,
2001-12-21,
2001-12-22,
2001-12-23,
2001-12-24,
2001-12-25,
2001-12-26,
2001-12-27,
2001-12-28,
2001-12-29,
2001-12-30,
2001-12-31,
2002-01-01,
2002-01-02,
2002-01-03,
2002-01-04,
2002-01-05,
2002-01-06,
2002-01-07,
2002-01-08,
2002-01-09,
2002-01-10,
2002-01-11,
2002-01-12,
2002-01-13,
2002-01-14,
2002-01-15,
2002-01-16,
2002-01-17,
2002-01-18,
2002-01-19,
2002-01-20,
2002-01-21,
2002-01-22,
2002-01-23,
2002-01-24,
2002-01-25,
2002-01-26,
2002-01-27,
2002-01-28,
2002-01-29,
2002-01-30,
2002-01-31,
2002-02-01,
2002-02-02,
2002-02-03,
2002-02-04,
2002-02-05,
2002-02-06,
2002-02-07,
2002-02-08,
2002-02-09,
2002-02-10,
2002-02-11,
2002-02-12,
2002-02-13,
2002-02-14,
2002-02-15,
2002-02-16,
2002-02-17,
2002-02-18,
2002-02-19,
2002-02-20,
2002-02-21,
2002-02-22,
2002-02-23,
2002-02-24,
2002-02-25,
2002-02-26,
2002-02-27,
2002-02-28,
2002-03-01,
2002-03-02,
2002-03-03,
2002-03-04,
2002-03-05,
2002-03-06,
2002-03-07,
2002-03-08,
2002-03-09,
2002-03-10,
2002-03-11,
2002-03-12,
2002-03-13,
2002-03-14,
2002-03-15,
2002-03-16,
2002-03-17,
2002-03-18,
2002-03-19,
2002-03-20,
2002-03-21,
2002-03-22,
2002-03-23,
2002-03-24,
2002-03-25,
2002-03-26,
2002-03-27,
2002-03-28,
2002-03-29,
2002-03-30,
2002-03-31,
2002-04-01,
2002-04-02,
2002-04-03,
2002-04-04,
2002-04-05,
2002-04-06,
2002-04-07,
2002-04-08,
2002-04-09,
2002-04-10,
2002-04-11,
2002-04-12,
2002-04-13,
2002-04-14,
2002-04-15,
2002-04-16,
2002-04-17,
2002-04-18,
2002-04-19,
2002-04-20,
2002-04-21,
2002-04-22,
2002-04-23,
2002-04-24,
2002-04-25,
2002-04-26,
2002-04-27,
2002-04-28,
2002-04-29,
2002-04-30,
2002-05-01,
2002-05-02,
2002-05-03,
2002-05-04,
2002-05-05,
2002-05-06,
2002-05-07,
2002-05-08,
2002-05-09,
2002-05-10,
2002-05-11,
2002-05-12,
2002-05-13,
2002-05-14,
2002-05-15,
2002-05-16,
2002-05-17,
2002-05-18,
2002-05-19,
2002-05-20,
2002-05-21,
2002-05-22,
2002-05-23,
2002-05-24,
2002-05-25,
2002-05-26,
2002-05-27,
2002-05-28,
2002-05-29,
2002-05-30,
2002-05-31,
2002-06-01,
2002-06-02,
2002-06-03,
2002-06-04,
2002-06-05,
2002-06-06,
2002-06-07,
2002-06-08,
2002-06-09,
2002-06-10,
2002-06-11,
2002-06-12,
2002-06-13,
2002-06-14,
2002-06-15,
2002-06-16,
2002-06-17,
2002-06-18,
2002-06-19,
2002-06-20,
2002-06-21,
2002-06-22,
2002-06-23,
2002-06-24,
2002-06-25,
2002-06-26,
2002-06-27,
2002-06-28,
2002-06-29,
2002-06-30,
2002-07-01,
2002-07-02,
2002-07-03,
2002-07-04,
2002-07-05,
2002-07-06,
2002-07-07,
2002-07-08,
2002-07-09,
2002-07-10,
2002-07-11,
2002-07-12,
2002-07-13,
2002-07-14,
2002-07-15,
2002-07-16,
2002-07-17,
2002-07-18,
2002-07-19,
2002-07-20,
2002-07-21,
2002-07-22,
2002-07-23,
2002-07-24,
2002-07-25,
2002-07-26,
2002-07-27,
2002-07-28,
2002-07-29,
2002-07-30,
2002-07-31,
2002-08-01,
2002-08-02,
2002-08-03,
2002-08-04,
2002-08-05,
2002-08-06,
2002-08-07,
2002-08-08,
2002-08-09,
2002-08-10,
2002-08-11,
2002-08-12,
2002-08-13,
2002-08-14,
2002-08-15,
2002-08-16,
2002-08-17,
2002-08-18,
2002-08-19,
2002-08-20,
2002-08-21,
2002-08-22,
2002-08-23,
2002-08-24,
2002-08-25,
2002-08-26,
2002-08-27,
2002-08-28,
2002-08-29,
2002-08-30,
2002-08-31,
2002-09-01,
2002-09-02,
2002-09-03,
2002-09-04,
2002-09-05,
2002-09-06,
2002-09-07,
2002-09-08,
2002-09-09,
2002-09-10,
2002-09-11,
2002-09-12,
2002-09-13,
2002-09-14,
2002-09-15,
2002-09-16,
2002-09-17,
2002-09-18,
2002-09-19,
2002-09-20,
2002-09-21,
2002-09-22,
2002-09-23,
2002-09-24,
2002-09-25,
2002-09-26,
2002-09-27,
2002-09-28,
2002-09-29,
2002-09-30,
2002-10-01,
2002-10-02,
2002-10-03,
2002-10-04,
2002-10-05,
2002-10-06,
2002-10-07,
2002-10-08,
2002-10-09,
2002-10-10,
2002-10-11,
2002-10-12,
2002-10-13,
2002-10-14,
2002-10-15,
2002-10-16,
2002-10-17,
2002-10-18,
2002-10-19,
2002-10-20,
2002-10-21,
2002-10-22,
2002-10-23,
2002-10-24,
2002-10-25,
2002-10-26,
2002-10-27,
2002-10-28,
2002-10-29,
2002-10-30,
2002-10-31,
2002-11-01,
2002-11-02,
2002-11-03,
2002-11-04,
2002-11-05,
2002-11-06,
2002-11-07,
2002-11-08,
2002-11-09,
2002-11-10,
2002-11-11,
2002-11-12,
2002-11-13,
2002-11-14,
2002-11-15,
2002-11-16,
2002-11-17,
2002-11-18,
2002-11-19,
2002-11-20,
2002-11-21,
2002-11-22,
2002-11-23,
2002-11-24,
2002-11-25,
2002-11-26,
2002-11-27,
2002-11-28,
2002-11-29,
2002-11-30,
2002-12-01,
2002-12-02,
2002-12-03,
2002-12-04,
2002-12-05,
2002-12-06,
2002-12-07,
2002-12-08,
2002-12-09,
2002-12-10,
2002-12-11,
2002-12-12,
2002-12-13,
2002-12-14,
2002-12-15,
2002-12-16,
2002-12-17,
2002-12-18,
2002-12-19,
2002-12-20,
2002-12-21,
2002-12-22,
2002-12-23,
2002-12-24,
2002-12-25,
2002-12-26,
2002-12-27,
2002-12-28,
2002-12-29,
2002-12-30,
2002-12-31,
2003-01-01,
2003-01-02,
2003-01-03,
2003-01-04,
2003-01-05,
2003-01-06,
2003-01-07,
2003-01-08,
2003-01-09,
2003-01-10,
2003-01-11,
2003-01-12,
2003-01-13,
2003-01-14,
2003-01-15,
2003-01-16,
2003-01-17,
2003-01-18,
2003-01-19,
2003-01-20,
2003-01-21,
2003-01-22,
2003-01-23,
2003-01-24,
2003-01-25,
2003-01-26,
2003-01-27,
2003-01-28,
2003-01-29,
2003-01-30,
2003-01-31,
2003-02-01,
2003-02-02,
2003-02-03,
2003-02-04,
2003-02-05,
2003-02-06,
2003-02-07,
2003-02-08,
2003-02-09,
2003-02-10,
2003-02-11,
2003-02-12,
2003-02-13,
2003-02-14,
2003-02-15,
2003-02-16,
2003-02-17,
2003-02-18,
2003-02-19,
2003-02-20,
2003-02-21,
2003-02-22,
2003-02-23,
2003-02-24,
2003-02-25,
2003-02-26,
2003-02-27,
2003-02-28,
2003-03-01,
2003-03-02,
2003-03-03,
2003-03-04,
2003-03-05,
2003-03-06,
2003-03-07,
2003-03-08,
2003-03-09,
2003-03-10,
2003-03-11,
2003-03-12,
2003-03-13,
2003-03-14,
2003-03-15,
2003-03-16,
2003-03-17,
2003-03-18,
2003-03-19,
2003-03-20,
2003-03-21,
2003-03-22,
2003-03-23,
2003-03-24,
2003-03-25,
2003-03-26,
2003-03-27,
2003-03-28,
2003-03-29,
2003-03-30,
2003-03-31,
2003-04-01,
2003-04-02,
2003-04-03,
2003-04-04,
2003-04-05,
2003-04-06,
2003-04-07,
2003-04-08,
2003-04-09,
2003-04-10,
2003-04-11,
2003-04-12,
2003-04-13,
2003-04-14,
2003-04-15,
2003-04-16,
2003-04-17,
2003-04-18,
2003-04-19,
2003-04-20,
2003-04-21,
2003-04-22,
2003-04-23,
2003-04-24,
2003-04-25,
2003-04-26,
2003-04-27,
2003-04-28,
2003-04-29,
2003-04-30,
2003-05-01,
2003-05-02,
2003-05-03,
2003-05-04,
2003-05-05,
2003-05-06,
2003-05-07,
2003-05-08,
2003-05-09,
2003-05-10,
2003-05-11,
2003-05-12,
2003-05-13,
2003-05-14,
2003-05-15,
2003-05-16,
2003-05-17,
2003-05-18,
2003-05-19,
2003-05-20,
2003-05-21,
2003-05-22,
2003-05-23,
2003-05-24,
2003-05-25,
2003-05-26,
2003-05-27,
2003-05-28,
2003-05-29,
2003-05-30,
2003-05-31,
2003-06-01,
2003-06-02,
2003-06-03,
2003-06-04,
2003-06-05,
2003-06-06,
2003-06-07,
2003-06-08,
2003-06-09,
2003-06-10,
2003-06-11,
2003-06-12,
2003-06-13,
2003-06-14,
2003-06-15,
2003-06-16,
2003-06-17,
2003-06-18,
2003-06-19,
2003-06-20,
2003-06-21,
2003-06-22,
2003-06-23,
2003-06-24,
2003-06-25,
2003-06-26,
2003-06-27,
2003-06-28,
2003-06-29,
2003-06-30,
2003-07-01,
2003-07-02,
2003-07-03,
2003-07-04,
2003-07-05,
2003-07-06,
2003-07-07,
2003-07-08,
2003-07-09,
2003-07-10,
2003-07-11,
2003-07-12,
2003-07-13,
2003-07-14,
2003-07-15,
2003-07-16,
2003-07-17,
2003-07-18,
2003-07-19,
2003-07-20,
2003-07-21,
2003-07-22,
2003-07-23,
2003-07-24,
2003-07-25,
2003-07-26,
2003-07-27,
2003-07-28,
2003-07-29,
2003-07-30,
2003-07-31,
2003-08-01,
2003-08-02,
2003-08-03,
2003-08-04,
2003-08-05,
2003-08-06,
2003-08-07,
2003-08-08,
2003-08-09,
2003-08-10,
2003-08-11,
2003-08-12,
2003-08-13,
2003-08-14,
2003-08-15,
2003-08-16,
2003-08-17,
2003-08-18,
2003-08-19,
2003-08-20,
2003-08-21,
2003-08-22,
2003-08-23,
2003-08-24,
2003-08-25,
2003-08-26,
2003-08-27,
2003-08-28,
2003-08-29,
2003-08-30,
2003-08-31,
2003-09-01,
2003-09-02,
2003-09-03,
2003-09-04,
2003-09-05,
2003-09-06,
2003-09-07,
2003-09-08,
2003-09-09,
2003-09-10,
2003-09-11,
2003-09-12,
2003-09-13,
2003-09-14,
2003-09-15,
2003-09-16,
2003-09-17,
2003-09-18,
2003-09-19,
2003-09-20,
2003-09-21,
2003-09-22,
2003-09-23,
2003-09-24,
2003-09-25,
2003-09-26,
2003-09-27,
2003-09-28,
2003-09-29,
2003-09-30,
2003-10-01,
2003-10-02,
2003-10-03,
2003-10-04,
2003-10-05,
2003-10-06,
2003-10-07,
2003-10-08,
2003-10-09,
2003-10-10,
2003-10-11,
2003-10-12,
2003-10-13,
2003-10-14,
2003-10-15,
2003-10-16,
2003-10-17,
2003-10-18,
2003-10-19,
2003-10-20,
2003-10-21,
2003-10-22,
2003-10-23,
2003-10-24,
2003-10-25,
2003-10-26,
2003-10-27,
2003-10-28,
2003-10-29,
2003-10-30,
2003-10-31,
2003-11-01,
2003-11-02,
2003-11-03,
2003-11-04,
2003-11-05,
2003-11-06,
2003-11-07,
2003-11-08,
2003-11-09,
2003-11-10,
2003-11-11,
2003-11-12,
2003-11-13,
2003-11-14,
2003-11-15,
2003-11-16,
2003-11-17,
2003-11-18,
2003-11-19,
2003-11-20,
2003-11-21,
2003-11-22,
2003-11-23,
2003-11-24,
2003-11-25,
2003-11-26,
2003-11-27,
2003-11-28,
2003-11-29,
2003-11-30,
2003-12-01,
2003-12-02,
2003-12-03,
2003-12-04,
2003-12-05,
2003-12-06,
2003-12-07,
2003-12-08,
2003-12-09,
2003-12-10,
2003-12-11,
2003-12-12,
2003-12-13,
2003-12-14,
2003-12-15,
2003-12-16,
2003-12-17,
2003-12-18,
2003-12-19,
2003-12-20,
2003-12-21,
2003-12-22,
2003-12-23,
2003-12-24,
2003-12-25,
2003-12-26,
2003-12-27,
2003-12-28,
2003-12-29,
2003-12-30,
2003-12-31,
2004-01-01,
2004-01-02,
2004-01-03,
2004-01-04,
2004-01-05,
2004-01-06,
2004-01-07,
2004-01-08,
2004-01-09,
2004-01-10,
2004-01-11,
2004-01-12,
2004-01-13,
2004-01-14,
2004-01-15,
2004-01-16,
2004-01-17,
2004-01-18,
2004-01-19,
2004-01-20,
2004-01-21,
2004-01-22,
2004-01-23,
2004-01-24,
2004-01-25,
2004-01-26,
2004-01-27,
2004-01-28,
2004-01-29,
2004-01-30,
2004-01-31,
2004-02-01,
2004-02-02,
2004-02-03,
2004-02-04,
2004-02-05,
2004-02-06,
2004-02-07,
2004-02-08,
2004-02-09,
2004-02-10,
2004-02-11,
2004-02-12,
2004-02-13,
2004-02-14,
2004-02-15,
2004-02-16,
2004-02-17,
2004-02-18,
2004-02-19,
2004-02-20,
2004-02-21,
2004-02-22,
2004-02-23,
2004-02-24,
2004-02-25,
2004-02-26,
2004-02-27,
2004-02-28,
2004-02-29,
2004-03-01,
2004-03-02,
2004-03-03,
2004-03-04,
2004-03-05,
2004-03-06,
2004-03-07,
2004-03-08,
2004-03-09,
2004-03-10,
2004-03-11,
2004-03-12,
2004-03-13,
2004-03-14,
2004-03-15,
2004-03-16,
2004-03-17,
2004-03-18,
2004-03-19,
2004-03-20,
2004-03-21,
2004-03-22,
2004-03-23,
2004-03-24,
2004-03-25,
2004-03-26,
2004-03-27,
2004-03-28,
2004-03-29,
2004-03-30,
2004-03-31,
2004-04-01,
2004-04-02,
2004-04-03,
2004-04-04,
2004-04-05,
2004-04-06,
2004-04-07,
2004-04-08,
2004-04-09,
2004-04-10,
2004-04-11,
2004-04-12,
2004-04-13,
2004-04-14,
2004-04-15,
2004-04-16,
2004-04-17,
2004-04-18,
2004-04-19,
2004-04-20,
2004-04-21,
2004-04-22,
2004-04-23,
2004-04-24,
2004-04-25,
2004-04-26,
2004-04-27,
2004-04-28,
2004-04-29,
2004-04-30,
2004-05-01,
2004-05-02,
2004-05-03,
2004-05-04,
2004-05-05,
2004-05-06,
2004-05-07,
2004-05-08,
2004-05-09,
2004-05-10,
2004-05-11,
2004-05-12,
2004-05-13,
2004-05-14,
2004-05-15,
2004-05-16,
2004-05-17,
2004-05-18,
2004-05-19,
2004-05-20,
2004-05-21,
2004-05-22,
2004-05-23,
2004-05-24,
2004-05-25,
2004-05-26,
2004-05-27,
2004-05-28,
2004-05-29,
2004-05-30,
2004-05-31,
2004-06-01,
2004-06-02,
2004-06-03,
2004-06-04,
2004-06-05,
2004-06-06,
2004-06-07,
2004-06-08,
2004-06-09,
2004-06-10,
2004-06-11,
2004-06-12,
2004-06-13,
2004-06-14,
2004-06-15,
2004-06-16,
2004-06-17,
2004-06-18,
2004-06-19,
2004-06-20,
2004-06-21,
2004-06-22,
2004-06-23,
2004-06-24,
2004-06-25,
2004-06-26,
2004-06-27,
2004-06-28,
2004-06-29,
2004-06-30,
2004-07-01,
2004-07-02,
2004-07-03,
2004-07-04,
2004-07-05,
2004-07-06,
2004-07-07,
2004-07-08,
2004-07-09,
2004-07-10,
2004-07-11,
2004-07-12,
2004-07-13,
2004-07-14,
2004-07-15,
2004-07-16,
2004-07-17,
2004-07-18,
2004-07-19,
2004-07-20,
2004-07-21,
2004-07-22,
2004-07-23,
2004-07-24,
2004-07-25,
2004-07-26,
2004-07-27,
2004-07-28,
2004-07-29,
2004-07-30,
2004-07-31,
2004-08-01,
2004-08-02,
2004-08-03,
2004-08-04,
2004-08-05,
2004-08-06,
2004-08-07,
2004-08-08,
2004-08-09,
2004-08-10,
2004-08-11,
2004-08-12,
2004-08-13,
2004-08-14,
2004-08-15,
2004-08-16,
2004-08-17,
2004-08-18,
2004-08-19,
2004-08-20,
2004-08-21,
2004-08-22,
2004-08-23,
2004-08-24,
2004-08-25,
2004-08-26,
2004-08-27,
2004-08-28,
2004-08-29,
2004-08-30,
2004-08-31,
2004-09-01,
2004-09-02,
2004-09-03,
2004-09-04,
2004-09-05,
2004-09-06,
2004-09-07,
2004-09-08,
2004-09-09,
2004-09-10,
2004-09-11,
2004-09-12,
2004-09-13,
2004-09-14,
2004-09-15,
2004-09-16,
2004-09-17,
2004-09-18,
2004-09-19,
2004-09-20,
2004-09-21,
2004-09-22,
2004-09-23,
2004-09-24,
2004-09-25,
2004-09-26,
2004-09-27,
2004-09-28,
2004-09-29,
2004-09-30,
2004-10-01,
2004-10-02,
2004-10-03,
2004-10-04,
2004-10-05,
2004-10-06,
2004-10-07,
2004-10-08,
2004-10-09,
2004-10-10,
2004-10-11,
2004-10-12,
2004-10-13,
2004-10-14,
2004-10-15,
2004-10-16,
2004-10-17,
2004-10-18,
2004-10-19,
2004-10-20,
2004-10-21,
2004-10-22,
2004-10-23,
2004-10-24,
2004-10-25,
2004-10-26,
2004-10-27,
2004-10-28,
2004-10-29,
2004-10-30,
2004-10-31,
2004-11-01,
2004-11-02,
2004-11-03,
2004-11-04,
2004-11-05,
2004-11-06,
2004-11-07,
2004-11-08,
2004-11-09,
2004-11-10,
2004-11-11,
2004-11-12,
2004-11-13,
2004-11-14,
2004-11-15,
2004-11-16,
2004-11-17,
2004-11-18,
2004-11-19,
2004-11-20,
2004-11-21,
2004-11-22,
2004-11-23,
2004-11-24,
2004-11-25,
2004-11-26,
2004-11-27,
2004-11-28,
2004-11-29,
2004-11-30,
2004-12-01,
2004-12-02,
2004-12-03,
2004-12-04,
2004-12-05,
2004-12-06,
2004-12-07,
2004-12-08,
2004-12-09,
2004-12-10,
2004-12-11,
2004-12-12,
2004-12-13,
2004-12-14,
2004-12-15,
2004-12-16,
2004-12-17,
2004-12-18,
2004-12-19,
2004-12-20,
2004-12-21,
2004-12-22,
2004-12-23,
2004-12-24,
2004-12-25,
2004-12-26,
2004-12-27,
2004-12-28,
2004-12-29,
2004-12-30,
2004-12-31,
2005-01-01,
2005-01-02,
2005-01-03,
2005-01-04,
2005-01-05,
2005-01-06,
2005-01-07,
2005-01-08,
2005-01-09,
2005-01-10,
2005-01-11,
2005-01-12,
2005-01-13,
2005-01-14,
2005-01-15,
2005-01-16,
2005-01-17,
2005-01-18,
2005-01-19,
2005-01-20,
2005-01-21,
2005-01-22,
2005-01-23,
2005-01-24,
2005-01-25,
2005-01-26,
2005-01-27,
2005-01-28,
2005-01-29,
2005-01-30,
2005-01-31,
2005-02-01,
2005-02-02,
2005-02-03,
2005-02-04,
2005-02-05,
2005-02-06,
2005-02-07,
2005-02-08,
2005-02-09,
2005-02-10,
2005-02-11,
2005-02-12,
2005-02-13,
2005-02-14,
2005-02-15,
2005-02-16,
2005-02-17,
2005-02-18,
2005-02-19,
2005-02-20,
2005-02-21,
2005-02-22,
2005-02-23,
2005-02-24,
2005-02-25,
2005-02-26,
2005-02-27,
2005-02-28,
2005-03-01,
2005-03-02,
2005-03-03,
2005-03-04,
2005-03-05,
2005-03-06,
2005-03-07,
2005-03-08,
2005-03-09,
2005-03-10,
2005-03-11,
2005-03-12,
2005-03-13,
2005-03-14,
2005-03-15,
2005-03-16,
2005-03-17,
2005-03-18,
2005-03-19,
2005-03-20,
2005-03-21,
2005-03-22,
2005-03-23,
2005-03-24,
2005-03-25,
2005-03-26,
2005-03-27,
2005-03-28,
2005-03-29,
2005-03-30,
2005-03-31,
2005-04-01,
2005-04-02,
2005-04-03,
2005-04-04,
2005-04-05,
2005-04-06,
2005-04-07,
2005-04-08,
2005-04-09,
2005-04-10,
2005-04-11,
2005-04-12,
2005-04-13,
2005-04-14,
2005-04-15,
2005-04-16,
2005-04-17,
2005-04-18,
2005-04-19,
2005-04-20,
2005-04-21,
2005-04-22,
2005-04-23,
2005-04-24,
2005-04-25,
2005-04-26,
2005-04-27,
2005-04-28,
2005-04-29,
2005-04-30,
2005-05-01,
2005-05-02,
2005-05-03,
2005-05-04,
2005-05-05,
2005-05-06,
2005-05-07,
2005-05-08,
2005-05-09,
2005-05-10,
2005-05-11,
2005-05-12,
2005-05-13,
2005-05-14,
2005-05-15,
2005-05-16,
2005-05-17,
2005-05-18,
2005-05-19,
2005-05-20,
2005-05-21,
2005-05-22,
2005-05-23,
2005-05-24,
2005-05-25,
2005-05-26,
2005-05-27,
2005-05-28,
2005-05-29,
2005-05-30,
2005-05-31,
2005-06-01,
2005-06-02,
2005-06-03,
2005-06-04,
2005-06-05,
2005-06-06,
2005-06-07,
2005-06-08,
2005-06-09,
2005-06-10,
2005-06-11,
2005-06-12,
2005-06-13,
2005-06-14,
2005-06-15,
2005-06-16,
2005-06-17,
2005-06-18,
2005-06-19,
2005-06-20,
2005-06-21,
2005-06-22,
2005-06-23,
2005-06-24,
2005-06-25,
2005-06-26,
2005-06-27,
2005-06-28,
2005-06-29,
2005-06-30,
2005-07-01,
2005-07-02,
2005-07-03,
2005-07-04,
2005-07-05,
2005-07-06,
2005-07-07,
2005-07-08,
2005-07-09,
2005-07-10,
2005-07-11,
2005-07-12,
2005-07-13,
2005-07-14,
2005-07-15,
2005-07-16,
2005-07-17,
2005-07-18,
2005-07-19,
2005-07-20,
2005-07-21,
2005-07-22,
2005-07-23,
2005-07-24,
2005-07-25,
2005-07-26,
2005-07-27,
2005-07-28,
2005-07-29,
2005-07-30,
2005-07-31,
2005-08-01,
2005-08-02,
2005-08-03,
2005-08-04,
2005-08-05,
2005-08-06,
2005-08-07,
2005-08-08,
2005-08-09,
2005-08-10,
2005-08-11,
2005-08-12,
2005-08-13,
2005-08-14,
2005-08-15,
2005-08-16,
2005-08-17,
2005-08-18,
2005-08-19,
2005-08-20,
2005-08-21,
2005-08-22,
2005-08-23,
2005-08-24,
2005-08-25,
2005-08-26,
2005-08-27,
2005-08-28,
2005-08-29,
2005-08-30,
2005-08-31,
2005-09-01,
2005-09-02,
2005-09-03,
2005-09-04,
2005-09-05,
2005-09-06,
2005-09-07,
2005-09-08,
2005-09-09,
2005-09-10,
2005-09-11,
2005-09-12,
2005-09-13,
2005-09-14,
2005-09-15,
2005-09-16,
2005-09-17,
2005-09-18,
2005-09-19,
2005-09-20,
2005-09-21,
2005-09-22,
2005-09-23,
2005-09-24,
2005-09-25,
2005-09-26,
2005-09-27,
2005-09-28,
2005-09-29,
2005-09-30,
2005-10-01,
2005-10-02,
2005-10-03,
2005-10-04,
2005-10-05,
2005-10-06,
2005-10-07,
2005-10-08,
2005-10-09,
2005-10-10,
2005-10-11,
2005-10-12,
2005-10-13,
2005-10-14,
2005-10-15,
2005-10-16,
2005-10-17,
2005-10-18,
2005-10-19,
2005-10-20,
2005-10-21,
2005-10-22,
2005-10-23,
2005-10-24,
2005-10-25,
2005-10-26,
2005-10-27,
2005-10-28,
2005-10-29,
2005-10-30,
2005-10-31,
2005-11-01,
2005-11-02,
2005-11-03,
2005-11-04,
2005-11-05,
2005-11-06,
2005-11-07,
2005-11-08,
2005-11-09,
2005-11-10,
2005-11-11,
2005-11-12,
2005-11-13,
2005-11-14,
2005-11-15,
2005-11-16,
2005-11-17,
2005-11-18,
2005-11-19,
2005-11-20,
2005-11-21,
2005-11-22,
2005-11-23,
2005-11-24,
2005-11-25,
2005-11-26,
2005-11-27,
2005-11-28,
2005-11-29,
2005-11-30,
2005-12-01,
2005-12-02,
2005-12-03,
2005-12-04,
2005-12-05,
2005-12-06,
2005-12-07,
2005-12-08,
2005-12-09,
2005-12-10,
2005-12-11,
2005-12-12,
2005-12-13,
2005-12-14,
2005-12-15,
2005-12-16,
2005-12-17,
2005-12-18,
2005-12-19,
2005-12-20,
2005-12-21,
2005-12-22,
2005-12-23,
2005-12-24,
2005-12-25,
2005-12-26,
2005-12-27,
2005-12-28,
2005-12-29,
2005-12-30,
2005-12-31,
2006-01-01,
2006-01-02,
2006-01-03,
2006-01-04,
2006-01-05,
2006-01-06,
2006-01-07,
2006-01-08,
2006-01-09,
2006-01-10,
2006-01-11,
2006-01-12,
2006-01-13,
2006-01-14,
2006-01-15,
2006-01-16,
2006-01-17,
2006-01-18,
2006-01-19,
2006-01-20,
2006-01-21,
2006-01-22,
2006-01-23,
2006-01-24,
2006-01-25,
2006-01-26,
2006-01-27,
2006-01-28,
2006-01-29,
2006-01-30,
2006-01-31,
2006-02-01,
2006-02-02,
2006-02-03,
2006-02-04,
2006-02-05,
2006-02-06,
2006-02-07,
2006-02-08,
2006-02-09,
2006-02-10,
2006-02-11,
2006-02-12,
2006-02-13,
2006-02-14,
2006-02-15,
2006-02-16,
2006-02-17,
2006-02-18,
2006-02-19,
2006-02-20,
2006-02-21,
2006-02-22,
2006-02-23,
2006-02-24,
2006-02-25,
2006-02-26,
2006-02-27,
2006-02-28,
2006-03-01,
2006-03-02,
2006-03-03,
2006-03-04,
2006-03-05,
2006-03-06,
2006-03-07,
2006-03-08,
2006-03-09,
2006-03-10,
2006-03-11,
2006-03-12,
2006-03-13,
2006-03-14,
2006-03-15,
2006-03-16,
2006-03-17,
2006-03-18,
2006-03-19,
2006-03-20,
2006-03-21,
2006-03-22,
2006-03-23,
2006-03-24,
2006-03-25,
2006-03-26,
2006-03-27,
2006-03-28,
2006-03-29,
2006-03-30,
2006-03-31,
2006-04-01,
2006-04-02,
2006-04-03,
2006-04-04,
2006-04-05,
2006-04-06,
2006-04-07,
2006-04-08,
2006-04-09,
2006-04-10,
2006-04-11,
2006-04-12,
2006-04-13,
2006-04-14,
2006-04-15,
2006-04-16,
2006-04-17,
2006-04-18,
2006-04-19,
2006-04-20,
2006-04-21,
2006-04-22,
2006-04-23,
2006-04-24,
2006-04-25,
2006-04-26,
2006-04-27,
2006-04-28,
2006-04-29,
2006-04-30,
2006-05-01,
2006-05-02,
2006-05-03,
2006-05-04,
2006-05-05,
2006-05-06,
2006-05-07,
2006-05-08,
2006-05-09,
2006-05-10,
2006-05-11,
2006-05-12,
2006-05-13,
2006-05-14,
2006-05-15,
2006-05-16,
2006-05-17,
2006-05-18,
2006-05-19,
2006-05-20,
2006-05-21,
2006-05-22,
2006-05-23,
2006-05-24,
2006-05-25,
2006-05-26,
2006-05-27,
2006-05-28,
2006-05-29,
2006-05-30,
2006-05-31,
2006-06-01,
2006-06-02,
2006-06-03,
2006-06-04,
2006-06-05,
2006-06-06,
2006-06-07,
2006-06-08,
2006-06-09,
2006-06-10,
2006-06-11,
2006-06-12,
2006-06-13,
2006-06-14,
2006-06-15,
2006-06-16,
2006-06-17,
2006-06-18,
2006-06-19,
2006-06-20,
2006-06-21,
2006-06-22,
2006-06-23,
2006-06-24,
2006-06-25,
2006-06-26,
2006-06-27,
2006-06-28,
2006-06-29,
2006-06-30,
2006-07-01,
2006-07-02,
2006-07-03,
2006-07-04,
2006-07-05,
2006-07-06,
2006-07-07,
2006-07-08,
2006-07-09,
2006-07-10,
2006-07-11,
2006-07-12,
2006-07-13,
2006-07-14,
2006-07-15,
2006-07-16,
2006-07-17,
2006-07-18,
2006-07-19,
2006-07-20,
2006-07-21,
2006-07-22,
2006-07-23,
2006-07-24,
2006-07-25,
2006-07-26,
2006-07-27,
2006-07-28,
2006-07-29,
2006-07-30,
2006-07-31,
2006-08-01,
2006-08-02,
2006-08-03,
2006-08-04,
2006-08-05,
2006-08-06,
2006-08-07,
2006-08-08,
2006-08-09,
2006-08-10,
2006-08-11,
2006-08-12,
2006-08-13,
2006-08-14,
2006-08-15,
2006-08-16,
2006-08-17,
2006-08-18,
2006-08-19,
2006-08-20,
2006-08-21,
2006-08-22,
2006-08-23,
2006-08-24,
2006-08-25,
2006-08-26,
2006-08-27,
2006-08-28,
2006-08-29,
2006-08-30,
2006-08-31,
2006-09-01,
2006-09-02,
2006-09-03,
2006-09-04,
2006-09-05,
2006-09-06,
2006-09-07,
2006-09-08,
2006-09-09,
2006-09-10,
2006-09-11,
2006-09-12,
2006-09-13,
2006-09-14,
2006-09-15,
2006-09-16,
2006-09-17,
2006-09-18,
2006-09-19,
2006-09-20,
2006-09-21,
2006-09-22,
2006-09-23,
2006-09-24,
2006-09-25,
2006-09-26,
2006-09-27,
2006-09-28,
2006-09-29,
2006-09-30,
2006-10-01,
2006-10-02,
2006-10-03,
2006-10-04,
2006-10-05,
2006-10-06,
2006-10-07,
2006-10-08,
2006-10-09,
2006-10-10,
2006-10-11,
2006-10-12,
2006-10-13,
2006-10-14,
2006-10-15,
2006-10-16,
2006-10-17,
2006-10-18,
2006-10-19,
2006-10-20,
2006-10-21,
2006-10-22,
2006-10-23,
2006-10-24,
2006-10-25,
2006-10-26,
2006-10-27,
2006-10-28,
2006-10-29,
2006-10-30,
2006-10-31,
2006-11-01,
2006-11-02,
2006-11-03,
2006-11-04,
2006-11-05,
2006-11-06,
2006-11-07,
2006-11-08,
2006-11-09,
2006-11-10,
2006-11-11,
2006-11-12,
2006-11-13,
2006-11-14,
2006-11-15,
2006-11-16,
2006-11-17,
2006-11-18,
2006-11-19,
2006-11-20,
2006-11-21,
2006-11-22,
2006-11-23,
2006-11-24,
2006-11-25,
2006-11-26,
2006-11-27,
2006-11-28,
2006-11-29,
2006-11-30,
2006-12-01,
2006-12-02,
2006-12-03,
2006-12-04,
2006-12-05,
2006-12-06,
2006-12-07,
2006-12-08,
2006-12-09,
2006-12-10,
2006-12-11,
2006-12-12,
2006-12-13,
2006-12-14,
2006-12-15,
2006-12-16,
2006-12-17,
2006-12-18,
2006-12-19,
2006-12-20,
2006-12-21,
2006-12-22,
2006-12-23,
2006-12-24,
2006-12-25,
2006-12-26,
2006-12-27,
2006-12-28,
2006-12-29,
2006-12-30,
2006-12-31,
2007-01-01,
2007-01-02,
2007-01-03,
2007-01-04,
2007-01-05,
2007-01-06,
2007-01-07,
2007-01-08,
2007-01-09,
2007-01-10,
2007-01-11,
2007-01-12,
2007-01-13,
2007-01-14,
2007-01-15,
2007-01-16,
2007-01-17,
2007-01-18,
2007-01-19,
2007-01-20,
2007-01-21,
2007-01-22,
2007-01-23,
2007-01-24,
2007-01-25,
2007-01-26,
2007-01-27,
2007-01-28,
2007-01-29,
2007-01-30,
2007-01-31,
2007-02-01,
2007-02-02,
2007-02-03,
2007-02-04,
2007-02-05,
2007-02-06,
2007-02-07,
2007-02-08,
2007-02-09,
2007-02-10,
2007-02-11,
2007-02-12,
2007-02-13,
2007-02-14,
2007-02-15,
2007-02-16,
2007-02-17,
2007-02-18,
2007-02-19,
2007-02-20,
2007-02-21,
2007-02-22,
2007-02-23,
2007-02-24,
2007-02-25,
2007-02-26,
2007-02-27,
2007-02-28,
2007-03-01,
2007-03-02,
2007-03-03,
2007-03-04,
2007-03-05,
2007-03-06,
2007-03-07,
2007-03-08,
2007-03-09,
2007-03-10,
2007-03-11,
2007-03-12,
2007-03-13,
2007-03-14,
2007-03-15,
2007-03-16,
2007-03-17,
2007-03-18,
2007-03-19,
2007-03-20,
2007-03-21,
2007-03-22,
2007-03-23,
2007-03-24,
2007-03-25,
2007-03-26,
2007-03-27,
2007-03-28,
2007-03-29,
2007-03-30,
2007-03-31,
2007-04-01,
2007-04-02,
2007-04-03,
2007-04-04,
2007-04-05,
2007-04-06,
2007-04-07,
2007-04-08,
2007-04-09,
2007-04-10,
2007-04-11,
2007-04-12,
2007-04-13,
2007-04-14,
2007-04-15,
2007-04-16,
2007-04-17,
2007-04-18,
2007-04-19,
2007-04-20,
2007-04-21,
2007-04-22,
2007-04-23,
2007-04-24,
2007-04-25,
2007-04-26,
2007-04-27,
2007-04-28,
2007-04-29,
2007-04-30,
2007-05-01,
2007-05-02,
2007-05-03,
2007-05-04,
2007-05-05,
2007-05-06,
2007-05-07,
2007-05-08,
2007-05-09,
2007-05-10,
2007-05-11,
2007-05-12,
2007-05-13,
2007-05-14,
2007-05-15,
2007-05-16,
2007-05-17,
2007-05-18,
2007-05-19,
2007-05-20,
2007-05-21,
2007-05-22,
2007-05-23,
2007-05-24,
2007-05-25,
2007-05-26,
2007-05-27,
2007-05-28,
2007-05-29,
2007-05-30,
2007-05-31,
2007-06-01,
2007-06-02,
2007-06-03,
2007-06-04,
2007-06-05,
2007-06-06,
2007-06-07,
2007-06-08,
2007-06-09,
2007-06-10,
2007-06-11,
2007-06-12,
2007-06-13,
2007-06-14,
2007-06-15,
2007-06-16,
2007-06-17,
2007-06-18,
2007-06-19,
2007-06-20,
2007-06-21,
2007-06-22,
2007-06-23,
2007-06-24,
2007-06-25,
2007-06-26,
2007-06-27,
2007-06-28,
2007-06-29,
2007-06-30,
2007-07-01,
2007-07-02,
2007-07-03,
2007-07-04,
2007-07-05,
2007-07-06,
2007-07-07,
2007-07-08,
2007-07-09,
2007-07-10,
2007-07-11,
2007-07-12,
2007-07-13,
2007-07-14,
2007-07-15,
2007-07-16,
2007-07-17,
2007-07-18,
2007-07-19,
2007-07-20,
2007-07-21,
2007-07-22,
2007-07-23,
2007-07-24,
2007-07-25,
2007-07-26,
2007-07-27,
2007-07-28,
2007-07-29,
2007-07-30,
2007-07-31,
2007-08-01,
2007-08-02,
2007-08-03,
2007-08-04,
2007-08-05,
2007-08-06,
2007-08-07,
2007-08-08,
2007-08-09,
2007-08-10,
2007-08-11,
2007-08-12,
2007-08-13,
2007-08-14,
2007-08-15,
2007-08-16,
2007-08-17,
2007-08-18,
2007-08-19,
2007-08-20,
2007-08-21,
2007-08-22,
2007-08-23,
2007-08-24,
2007-08-25,
2007-08-26,
2007-08-27,
2007-08-28,
2007-08-29,
2007-08-30,
2007-08-31,
2007-09-01,
2007-09-02,
2007-09-03,
2007-09-04,
2007-09-05,
2007-09-06,
2007-09-07,
2007-09-08,
2007-09-09,
2007-09-10,
2007-09-11,
2007-09-12,
2007-09-13,
2007-09-14,
2007-09-15,
2007-09-16,
2007-09-17,
2007-09-18,
2007-09-19,
2007-09-20,
2007-09-21,
2007-09-22,
2007-09-23,
2007-09-24,
2007-09-25,
2007-09-26,
2007-09-27,
2007-09-28,
2007-09-29,
2007-09-30,
2007-10-01,
2007-10-02,
2007-10-03,
2007-10-04,
2007-10-05,
2007-10-06,
2007-10-07,
2007-10-08,
2007-10-09,
2007-10-10,
2007-10-11,
2007-10-12,
2007-10-13,
2007-10-14,
2007-10-15,
2007-10-16,
2007-10-17,
2007-10-18,
2007-10-19,
2007-10-20,
2007-10-21,
2007-10-22,
2007-10-23,
2007-10-24,
2007-10-25,
2007-10-26,
2007-10-27,
2007-10-28,
2007-10-29,
2007-10-30,
2007-10-31,
2007-11-01,
2007-11-02,
2007-11-03,
2007-11-04,
2007-11-05,
2007-11-06,
2007-11-07,
2007-11-08,
2007-11-09,
2007-11-10,
2007-11-11,
2007-11-12,
2007-11-13,
2007-11-14,
2007-11-15,
2007-11-16,
2007-11-17,
2007-11-18,
2007-11-19,
2007-11-20,
2007-11-21,
2007-11-22,
2007-11-23,
2007-11-24,
2007-11-25,
2007-11-26,
2007-11-27,
2007-11-28,
2007-11-29,
2007-11-30,
2007-12-01,
2007-12-02,
2007-12-03,
2007-12-04,
2007-12-05,
2007-12-06,
2007-12-07,
2007-12-08,
2007-12-09,
2007-12-10,
2007-12-11,
2007-12-12,
2007-12-13,
2007-12-14,
2007-12-15,
2007-12-16,
2007-12-17,
2007-12-18,
2007-12-19,
2007-12-20,
2007-12-21,
2007-12-22,
2007-12-23,
2007-12-24,
2007-12-25,
2007-12-26,
2007-12-27,
2007-12-28,
2007-12-29,
2007-12-30,
2007-12-31,
2008-01-01,
2008-01-02,
2008-01-03,
2008-01-04,
2008-01-05,
2008-01-06,
2008-01-07,
2008-01-08,
2008-01-09,
2008-01-10,
2008-01-11,
2008-01-12,
2008-01-13,
2008-01-14,
2008-01-15,
2008-01-16,
2008-01-17,
2008-01-18,
2008-01-19,
2008-01-20,
2008-01-21,
2008-01-22,
2008-01-23,
2008-01-24,
2008-01-25,
2008-01-26,
2008-01-27,
2008-01-28,
2008-01-29,
2008-01-30,
2008-01-31,
2008-02-01,
2008-02-02,
2008-02-03,
2008-02-04,
2008-02-05,
2008-02-06,
2008-02-07,
2008-02-08,
2008-02-09,
2008-02-10,
2008-02-11,
2008-02-12,
2008-02-13,
2008-02-14,
2008-02-15,
2008-02-16,
2008-02-17,
2008-02-18,
2008-02-19,
2008-02-20,
2008-02-21,
2008-02-22,
2008-02-23,
2008-02-24,
2008-02-25,
2008-02-26,
2008-02-27,
2008-02-28,
2008-02-29,
2008-03-01,
2008-03-02,
2008-03-03,
2008-03-04,
2008-03-05,
2008-03-06,
2008-03-07,
2008-03-08,
2008-03-09,
2008-03-10,
2008-03-11,
2008-03-12,
2008-03-13,
2008-03-14,
2008-03-15,
2008-03-16,
2008-03-17,
2008-03-18,
2008-03-19,
2008-03-20,
2008-03-21,
2008-03-22,
2008-03-23,
2008-03-24,
2008-03-25,
2008-03-26,
2008-03-27,
2008-03-28,
2008-03-29,
2008-03-30,
2008-03-31,
2008-04-01,
2008-04-02,
2008-04-03,
2008-04-04,
2008-04-05,
2008-04-06,
2008-04-07,
2008-04-08,
2008-04-09,
2008-04-10,
2008-04-11,
2008-04-12,
2008-04-13,
2008-04-14,
2008-04-15,
2008-04-16,
2008-04-17,
2008-04-18,
2008-04-19,
2008-04-20,
2008-04-21,
2008-04-22,
2008-04-23,
2008-04-24,
2008-04-25,
2008-04-26,
2008-04-27,
2008-04-28,
2008-04-29,
2008-04-30,
2008-05-01,
2008-05-02,
2008-05-03,
2008-05-04,
2008-05-05,
2008-05-06,
2008-05-07,
2008-05-08,
2008-05-09,
2008-05-10,
2008-05-11,
2008-05-12,
2008-05-13,
2008-05-14,
2008-05-15,
2008-05-16,
2008-05-17,
2008-05-18,
2008-05-19,
2008-05-20,
2008-05-21,
2008-05-22,
2008-05-23,
2008-05-24,
2008-05-25,
2008-05-26,
2008-05-27,
2008-05-28,
2008-05-29,
2008-05-30,
2008-05-31,
2008-06-01,
2008-06-02,
2008-06-03,
2008-06-04,
2008-06-05,
2008-06-06,
2008-06-07,
2008-06-08,
2008-06-09,
2008-06-10,
2008-06-11,
2008-06-12,
2008-06-13,
2008-06-14,
2008-06-15,
2008-06-16,
2008-06-17,
2008-06-18,
2008-06-19,
2008-06-20,
2008-06-21,
2008-06-22,
2008-06-23,
2008-06-24,
2008-06-25,
2008-06-26,
2008-06-27,
2008-06-28,
2008-06-29,
2008-06-30,
2008-07-01,
2008-07-02,
2008-07-03,
2008-07-04,
2008-07-05,
2008-07-06,
2008-07-07,
2008-07-08,
2008-07-09,
2008-07-10,
2008-07-11,
2008-07-12,
2008-07-13,
2008-07-14,
2008-07-15,
2008-07-16,
2008-07-17,
2008-07-18,
2008-07-19,
2008-07-20,
2008-07-21,
2008-07-22,
2008-07-23,
2008-07-24,
2008-07-25,
2008-07-26,
2008-07-27,
2008-07-28,
2008-07-29,
2008-07-30,
2008-07-31,
2008-08-01,
2008-08-02,
2008-08-03,
2008-08-04,
2008-08-05,
2008-08-06,
2008-08-07,
2008-08-08,
2008-08-09,
2008-08-10,
2008-08-11,
2008-08-12,
2008-08-13,
2008-08-14,
2008-08-15,
2008-08-16,
2008-08-17,
2008-08-18,
2008-08-19,
2008-08-20,
2008-08-21,
2008-08-22,
2008-08-23,
2008-08-24,
2008-08-25,
2008-08-26,
2008-08-27,
2008-08-28,
2008-08-29,
2008-08-30,
2008-08-31,
2008-09-01,
2008-09-02,
2008-09-03,
2008-09-04,
2008-09-05,
2008-09-06,
2008-09-07,
2008-09-08,
2008-09-09,
2008-09-10,
2008-09-11,
2008-09-12,
2008-09-13,
2008-09-14,
2008-09-15,
2008-09-16,
2008-09-17,
2008-09-18,
2008-09-19,
2008-09-20,
2008-09-21,
2008-09-22,
2008-09-23,
2008-09-24,
2008-09-25,
2008-09-26,
2008-09-27,
2008-09-28,
2008-09-29,
2008-09-30,
2008-10-01,
2008-10-02,
2008-10-03,
2008-10-04,
2008-10-05,
2008-10-06,
2008-10-07,
2008-10-08,
2008-10-09,
2008-10-10,
2008-10-11,
2008-10-12,
2008-10-13,
2008-10-14,
2008-10-15,
2008-10-16,
2008-10-17,
2008-10-18,
2008-10-19,
2008-10-20,
2008-10-21,
2008-10-22,
2008-10-23,
2008-10-24,
2008-10-25,
2008-10-26,
2008-10-27,
2008-10-28,
2008-10-29,
2008-10-30,
2008-10-31,
2008-11-01,
2008-11-02,
2008-11-03,
2008-11-04,
2008-11-05,
2008-11-06,
2008-11-07,
2008-11-08,
2008-11-09,
2008-11-10,
2008-11-11,
2008-11-12,
2008-11-13,
2008-11-14,
2008-11-15,
2008-11-16,
2008-11-17,
2008-11-18,
2008-11-19,
2008-11-20,
2008-11-21,
2008-11-22,
2008-11-23,
2008-11-24,
2008-11-25,
2008-11-26,
2008-11-27,
2008-11-28,
2008-11-29,
2008-11-30,
2008-12-01,
2008-12-02,
2008-12-03,
2008-12-04,
2008-12-05,
2008-12-06,
2008-12-07,
2008-12-08,
2008-12-09,
2008-12-10,
2008-12-11,
2008-12-12,
2008-12-13,
2008-12-14,
2008-12-15,
2008-12-16,
2008-12-17,
2008-12-18,
2008-12-19,
2008-12-20,
2008-12-21,
2008-12-22,
2008-12-23,
2008-12-24,
2008-12-25,
2008-12-26,
2008-12-27,
2008-12-28,
2008-12-29,
2008-12-30,
2008-12-31,
2009-01-01,
2009-01-02,
2009-01-03,
2009-01-04,
2009-01-05,
2009-01-06,
2009-01-07,
2009-01-08,
2009-01-09,
2009-01-10,
2009-01-11,
2009-01-12,
2009-01-13,
2009-01-14,
2009-01-15,
2009-01-16,
2009-01-17,
2009-01-18,
2009-01-19,
2009-01-20,
2009-01-21,
2009-01-22,
2009-01-23,
2009-01-24,
2009-01-25,
2009-01-26,
2009-01-27,
2009-01-28,
2009-01-29,
2009-01-30,
2009-01-31,
2009-02-01,
2009-02-02,
2009-02-03,
2009-02-04,
2009-02-05,
2009-02-06,
2009-02-07,
2009-02-08,
2009-02-09,
2009-02-10,
2009-02-11,
2009-02-12,
2009-02-13,
2009-02-14,
2009-02-15,
2009-02-16,
2009-02-17,
2009-02-18,
2009-02-19,
2009-02-20,
2009-02-21,
2009-02-22,
2009-02-23,
2009-02-24,
2009-02-25,
2009-02-26,
2009-02-27,
2009-02-28,
2009-03-01,
2009-03-02,
2009-03-03,
2009-03-04,
2009-03-05,
2009-03-06,
2009-03-07,
2009-03-08,
2009-03-09,
2009-03-10,
2009-03-11,
2009-03-12,
2009-03-13,
2009-03-14,
2009-03-15,
2009-03-16,
2009-03-17,
2009-03-18,
2009-03-19,
2009-03-20,
2009-03-21,
2009-03-22,
2009-03-23,
2009-03-24,
2009-03-25,
2009-03-26,
2009-03-27,
2009-03-28,
2009-03-29,
2009-03-30,
2009-03-31,
2009-04-01,
2009-04-02,
2009-04-03,
2009-04-04,
2009-04-05,
2009-04-06,
2009-04-07,
2009-04-08,
2009-04-09,
2009-04-10,
2009-04-11,
2009-04-12,
2009-04-13,
2009-04-14,
2009-04-15,
2009-04-16,
2009-04-17,
2009-04-18,
2009-04-19,
2009-04-20,
2009-04-21,
2009-04-22,
2009-04-23,
2009-04-24,
2009-04-25,
2009-04-26,
2009-04-27,
2009-04-28,
2009-04-29,
2009-04-30,
2009-05-01,
2009-05-02,
2009-05-03,
2009-05-04,
2009-05-05,
2009-05-06,
2009-05-07,
2009-05-08,
2009-05-09,
2009-05-10,
2009-05-11,
2009-05-12,
2009-05-13,
2009-05-14,
2009-05-15,
2009-05-16,
2009-05-17,
2009-05-18,
2009-05-19,
2009-05-20,
2009-05-21,
2009-05-22,
2009-05-23,
2009-05-24,
2009-05-25,
2009-05-26,
2009-05-27,
2009-05-28,
2009-05-29,
2009-05-30,
2009-05-31,
2009-06-01,
2009-06-02,
2009-06-03,
2009-06-04,
2009-06-05,
2009-06-06,
2009-06-07,
2009-06-08,
2009-06-09,
2009-06-10,
2009-06-11,
2009-06-12,
2009-06-13,
2009-06-14,
2009-06-15,
2009-06-16,
2009-06-17,
2009-06-18,
2009-06-19,
2009-06-20,
2009-06-21,
2009-06-22,
2009-06-23,
2009-06-24,
2009-06-25,
2009-06-26,
2009-06-27,
2009-06-28,
2009-06-29,
2009-06-30,
2009-07-01,
2009-07-02,
2009-07-03,
2009-07-04,
2009-07-05,
2009-07-06,
2009-07-07,
2009-07-08,
2009-07-09,
2009-07-10,
2009-07-11,
2009-07-12,
2009-07-13,
2009-07-14,
2009-07-15,
2009-07-16,
2009-07-17,
2009-07-18,
2009-07-19,
2009-07-20,
2009-07-21,
2009-07-22,
2009-07-23,
2009-07-24,
2009-07-25,
2009-07-26,
2009-07-27,
2009-07-28,
2009-07-29,
2009-07-30,
2009-07-31,
2009-08-01,
2009-08-02,
2009-08-03,
2009-08-04,
2009-08-05,
2009-08-06,
2009-08-07,
2009-08-08,
2009-08-09,
2009-08-10,
2009-08-11,
2009-08-12,
2009-08-13,
2009-08-14,
2009-08-15,
2009-08-16,
2009-08-17,
2009-08-18,
2009-08-19,
2009-08-20,
2009-08-21,
2009-08-22,
2009-08-23,
2009-08-24,
2009-08-25,
2009-08-26,
2009-08-27,
2009-08-28,
2009-08-29,
2009-08-30,
2009-08-31,
2009-09-01,
2009-09-02,
2009-09-03,
2009-09-04,
2009-09-05,
2009-09-06,
2009-09-07,
2009-09-08,
2009-09-09,
2009-09-10,
2009-09-11,
2009-09-12,
2009-09-13,
2009-09-14,
2009-09-15,
2009-09-16,
2009-09-17,
2009-09-18,
2009-09-19,
2009-09-20,
2009-09-21,
2009-09-22,
2009-09-23,
2009-09-24,
2009-09-25,
2009-09-26,
2009-09-27,
2009-09-28,
2009-09-29,
2009-09-30,
2009-10-01,
2009-10-02,
2009-10-03,
2009-10-04,
2009-10-05,
2009-10-06,
2009-10-07,
2009-10-08,
2009-10-09,
2009-10-10,
2009-10-11,
2009-10-12,
2009-10-13,
2009-10-14,
2009-10-15,
2009-10-16,
2009-10-17,
2009-10-18,
2009-10-19,
2009-10-20,
2009-10-21,
2009-10-22,
2009-10-23,
2009-10-24,
2009-10-25,
2009-10-26,77.2381
2009-10-27,-0.2955
2009-10-28,-1.8593
2009-10-29,2.1966
2009-10-30,-0.1612
2009-10-31,
2009-11-01,
2009-11-02,-0.4575
2009-11-03,0.027
2009-11-04,-0.5405
2009-11-05,1.6033
2009-11-06,-0.4279
2009-11-07,
2009-11-08,
2009-11-09,2.0951
2009-11-10,0.2894
2009-11-11,-0.1312
2009-11-12,0.7092
2009-11-13,2.0605
2009-11-14,
2009-11-15,
2009-11-16,0.46
2009-11-17,0.3561
2009-11-18,-1.09
2009-11-19,-0.8713
2009-11-20,-0.0776
2009-11-21,
2009-11-22,
2009-11-23,1.9405000000000001
2009-11-24,-0.4061
2009-11-25,-0.0765
2009-11-26,
2009-11-27,-1.8363
2009-11-28,
2009-11-29,
2009-11-30,0.6235
2009-12-01,1.1103
2009-12-02,-0.6129
2009-12-03,-1.7986
2009-12-04,0.9681
2009-12-05,
2009-12-06,
2009-12-07,0.1296
2009-12-08,-1.2422
2009-12-09,0.0
2009-12-10,-0.1834
2009-12-11,-0.1313
2009-12-12,
2009-12-13,
2009-12-14,1.0778
2009-12-15,1.0663
2009-12-16,-1.0551
2009-12-17,-0.7802
2009-12-18,-1.5203
2009-12-19,
2009-12-20,
2009-12-21,3.2739
2009-12-22,0.6701
2009-12-23,1.4337
2009-12-24,2.4735
2009-12-25,
2009-12-26,
2009-12-27,
2009-12-28,-0.7635
2009-12-29,0.0496
2009-12-30,0.4713
2009-12-31,-0.9877
2010-01-01,
2010-01-02,
2010-01-03,
2010-01-04,0.798
2010-01-05,0.1237
2010-01-06,-0.766
2010-01-07,-0.4482
2010-01-08,0.9505
2010-01-09,
2010-01-10,
2010-01-11,-0.7185
2010-01-12,-1.4475
2010-01-13,1.4434
2010-01-14,0.1498
2010-01-15,-1.7198
2010-01-16,
2010-01-17,
2010-01-18,
2010-01-19,0.4819
2010-01-20,-1.8173
2010-01-21,-1.8766
2010-01-22,-3.17
2010-01-23,
2010-01-24,
2010-01-25,0.5682
2010-01-26,0.9954
2010-01-27,-0.7991
2010-01-28,1.3963
2010-01-29,2.3305
2010-01-30,
2010-01-31,
2010-02-01,-0.5694
2010-02-02,-0.8589
2010-02-03,-1.0239
2010-02-04,-4.1114
2010-02-05,0.7192
2010-02-06,
2010-02-07,
2010-02-08,-1.3183
2010-02-09,1.0854
2010-02-10,-0.2203
2010-02-11,0.6071
2010-02-12,-0.9874
2010-02-13,
2010-02-14,
2010-02-15,
2010-02-16,1.1357
2010-02-17,0.493
2010-02-18,0.2726
2010-02-19,0.3534
2010-02-20,
2010-02-21,
2010-02-22,-1.2189
2010-02-23,0.2468
2010-02-24,1.4223
2010-02-25,-1.4293
2010-02-26,0.7934
2010-02-27,
2010-02-28,
2010-03-01,0.4072
2010-03-02,-0.1081
2010-03-03,-0.0812
2010-03-04,-0.0271
2010-03-05,2.1673999999999998
2010-03-06,
2010-03-07,
2010-03-08,2.0684
2010-03-09,-0.2078
2010-03-10,1.1455
2010-03-11,-0.2317
2010-03-12,0.6966
2010-03-13,
2010-03-14,
2010-03-15,-0.4612
2010-03-16,1.287
2010-03-17,0.0762
2010-03-18,-0.4063
2010-03-19,0.3315
2010-03-20,
2010-03-21,
2010-03-22,-1.169
2010-03-23,0.3857
2010-03-24,-0.5123
2010-03-25,-1.1586
2010-03-26,-0.1042
2010-03-27,
2010-03-28,
2010-03-29,-0.9648
2010-03-30,0.3686
2010-03-31,-0.3148
2010-04-01,-0.4211
2010-04-02,
2010-04-03,
2010-04-04,
2010-04-05,2.0349
2010-04-06,-0.2072
2010-04-07,-1.0641
2010-04-08,3.6726
2010-04-09,0.3289
2010-04-10,
2010-04-11,
2010-04-12,-0.8071
2010-04-13,-0.2034
2010-04-14,2.0127
2010-04-15,0.0999
2010-04-16,-0.025
2010-04-17,
2010-04-18,
2010-04-19,-0.2246
2010-04-20,2.8264
2010-04-21,0.073
2010-04-22,-0.1945
2010-04-23,-0.7063
2010-04-24,
2010-04-25,
2010-04-26,-0.2698
2010-04-27,-2.1397
2010-04-28,-0.4021
2010-04-29,1.0093
2010-04-30,-1.6737
2010-05-01,
2010-05-02,
2010-05-03,-0.0508
2010-05-04,-2.847
2010-05-05,-0.3663
2010-05-06,-3.23
2010-05-07,-4.4233
2010-05-08,
2010-05-09,
2010-05-10,4.7984
2010-05-11,0.2167
2010-05-12,3.7037
2010-05-13,0.391
2010-05-14,-1.8956
2010-05-15,
2010-05-16,
2010-05-17,0.7411
2010-05-18,-1.2349
2010-05-19,-0.3192
2010-05-20,-3.8698
2010-05-21,0.5552
2010-05-22,
2010-05-23,
2010-05-24,-0.4417
2010-05-25,-1.4698
2010-05-26,1.6042999999999998
2010-05-27,3.1025
2010-05-28,-0.5642
2010-05-29,
2010-05-30,
2010-05-31,
2010-06-01,-1.6212
2010-06-02,2.2247
2010-06-03,2.1762
2010-06-04,-4.3124
2010-06-05,
2010-06-06,
2010-06-07,-3.0778
2010-06-08,0.964
2010-06-09,0.5897
2010-06-10,2.8476
2010-06-11,0.1357
2010-06-12,
2010-06-13,
2010-06-14,-0.5693
2010-06-15,2.3446
2010-06-16,-0.3463
2010-06-17,0.3475
2010-06-18,0.4529
2010-06-19,
2010-06-20,
2010-06-21,-0.4773
2010-06-22,-1.8918
2010-06-23,0.5703
2010-06-24,-1.3503
2010-06-25,0.3285
2010-06-26,
2010-06-27,
2010-06-28,-1.1733
2010-06-29,-3.1198
2010-06-30,-1.3109
2010-07-01,1.0396
2010-07-02,-0.6573
2010-07-03,
2010-07-04,
2010-07-05,
2010-07-06,0.2877
2010-07-07,4.1882
2010-07-08,-0.1652
2010-07-09,0.5516
2010-07-10,
2010-07-11,
2010-07-12,0.0549
2010-07-13,2.0011
2010-07-14,0.7794
2010-07-15,0.2133
2010-07-16,-2.9271000000000003
2010-07-17,
2010-07-18,
2010-07-19,1.1239
2010-07-20,0.4337
2010-07-21,-1.6463999999999999
2010-07-22,3.4029
2010-07-23,1.3004
2010-07-24,
2010-07-25,
2010-07-26,1.2051
2010-07-27,-0.3624
2010-07-28,-1.5069
2010-07-29,-6.0406
2010-07-30,-0.1123
2010-07-31,
2010-08-01,
2010-08-02,2.3609
2010-08-03,-2.1966
2010-08-04,0.9545
2010-08-05,-1.1402
2010-08-06,0.5345
2010-08-07,
2010-08-08,
2010-08-09,0.6435
2010-08-10,0.1668
2010-08-11,-2.2759
2010-08-12,-0.6816
2010-08-13,-0.2574
2010-08-14,
2010-08-15,
2010-08-16,0.5734
2010-08-17,3.0787
2010-08-18,-0.083
2010-08-19,4.0133
2010-08-20,0.2395
2010-08-21,
2010-08-22,
2010-08-23,-0.0796
2010-08-24,-2.1785
2010-08-25,-0.0815
2010-08-26,-0.5164
2010-08-27,2.3497
2010-08-28,
2010-08-29,
2010-08-30,-2.5894
2010-08-31,-1.1784
2010-09-01,3.3833
2010-09-02,1.8509
2010-09-03,0.9745
2010-09-04,
2010-09-05,
2010-09-06,
2010-09-07,-0.0522
2010-09-08,0.9395
2010-09-09,0.2844
2010-09-10,0.3351
2010-09-11,
2010-09-12,
2010-09-13,1.6958
2010-09-14,-0.6316
2010-09-15,-0.4704
2010-09-16,-0.1405
2010-09-17,0.8442
2010-09-18,
2010-09-19,
2010-09-20,1.0147
2010-09-21,-0.5525
2010-09-22,0.1768
2010-09-23,-0.3529
2010-09-24,2.8586
2010-09-25,
2010-09-26,
2010-09-27,0.0984
2010-09-28,1.1057
2010-09-29,-0.243
2010-09-30,-1.3886
2010-10-01,1.2352
2010-10-02,
2010-10-03,
2010-10-04,-1.7082000000000002
2010-10-05,-0.2234
2010-10-06,-1.3436
2010-10-07,6.7339
2010-10-08,-0.2836
2010-10-09,
2010-10-10,
2010-10-11,0.6398
2010-10-12,0.2826
2010-10-13,2.5358
2010-10-14,1.0763
2010-10-15,1.2234
2010-10-16,
2010-10-17,
2010-10-18,-1.4772
2010-10-19,-1.0223
2010-10-20,0.5967
2010-10-21,-1.5058
2010-10-22,2.5017
2010-10-23,
2010-10-24,
2010-10-25,-0.113
2010-10-26,-0.0452
2010-10-27,-0.5885
2010-10-28,0.1138
2010-10-29,3.3887
2010-10-30,
2010-10-31,
2010-11-01,-0.242
2010-11-02,0.5292
2010-11-03,-0.658
2010-11-04,2.3405
2010-11-05,-0.3883
2010-11-06,
2010-11-07,
2010-11-08,0.3682
2010-11-09,-0.7121
2010-11-10,0.0
2010-11-11,-0.652
2010-11-12,-1.5533000000000001
2010-11-13,
2010-11-14,
2010-11-15,-0.8667
2010-11-16,-1.7709000000000001
2010-11-17,0.1826
2010-11-18,1.9134
2010-11-19,0.6035
2010-11-20,
2010-11-21,
2010-11-22,0.6443
2010-11-23,-2.3841
2010-11-24,1.5377999999999998
2010-11-25,
2010-11-26,-1.0022
2010-11-27,
2010-11-28,
2010-11-29,-0.2025
2010-11-30,0.0902
2010-12-01,2.545
2010-12-02,0.5052
2010-12-03,0.3497
2010-12-04,
2010-12-05,
2010-12-06,-0.4138
2010-12-07,0.503
2010-12-08,1.8058999999999998
2010-12-09,0.4488
2010-12-10,-0.2128
2010-12-11,
2010-12-12,
2010-12-13,-0.4051
2010-12-14,1.8626
2010-12-15,0.6095
2010-12-16,1.8592
2010-12-17,-1.0254
2010-12-18,
2010-12-19,
2010-12-20,-0.3937
2010-12-21,0.2912
2010-12-22,-0.8504
2010-12-23,0.0
2010-12-24,
2010-12-25,
2010-12-26,
2010-12-27,-0.2092
2010-12-28,-0.6289
2010-12-29,-0.3376
2010-12-30,0.6562
2010-12-31,-0.8623
2011-01-01,
2011-01-02,
2011-01-03,1.1031
2011-01-04,-0.6504
2011-01-05,0.2746
2011-01-06,0.1264
2011-01-07,-0.3576
2011-01-08,
2011-01-09,
2011-01-10,-0.1478
2011-01-11,0.148
2011-01-12,0.4855
2011-01-13,0.2311
2011-01-14,0.545
2011-01-15,
2011-01-16,
2011-01-17,
2011-01-18,0.6462
2011-01-19,1.4499
2011-01-20,-1.4496
2011-01-21,-1.2637
2011-01-22,
2011-01-23,
2011-01-24,1.2799
2011-01-25,-0.145
2011-01-26,0.4979
2011-01-27,-0.2064
2011-01-28,-2.8134
2011-01-29,
2011-01-30,
2011-01-31,1.5326
2011-02-01,1.4046
2011-02-02,-0.3515
2011-02-03,1.2448
2011-02-04,-0.3074
2011-02-05,
2011-02-06,
2011-02-07,0.3905
2011-02-08,-0.0205
2011-02-09,-0.4301
2011-02-10,1.8305
2011-02-11,1.3331
2011-02-12,
2011-02-13,
2011-02-14,1.3953
2011-02-15,-0.8453
2011-02-16,0.0793
2011-02-17,0.6339
2011-02-18,0.3543
2011-02-19,
2011-02-20,
2011-02-21,
2011-02-22,-3.8643
2011-02-23,-1.9792
2011-02-24,0.6661
2011-02-25,1.1787
2011-02-26,
2011-02-27,
2011-02-28,1.1649
2011-03-01,-1.5152
2011-03-02,-0.1436
2011-03-03,3.2457
2011-03-04,-0.0398
2011-03-05,
2011-03-06,
2011-03-07,-1.6322
2011-03-08,1.295
2011-03-09,0.1398
2011-03-10,-2.7329
2011-03-11,1.3331
2011-03-12,
2011-03-13,
2011-03-14,-0.9512
2011-03-15,-1.4508
2011-03-16,-2.4673
2011-03-17,0.4996
2011-03-18,1.2374
2011-03-19,
2011-03-20,
2011-03-21,2.0685000000000002
2011-03-22,-0.6346
2011-03-23,0.4738
2011-03-24,1.4558
2011-03-25,-0.2425
2011-03-26,
2011-03-27,
2011-03-28,-0.9319
2011-03-29,0.9202
2011-03-30,0.77
2011-03-31,0.0201
2011-04-01,1.9501
2011-04-02,
2011-04-03,
2011-04-04,0.3352
2011-04-05,0.059
2011-04-06,0.0196
2011-04-07,-0.0393
2011-04-08,0.0196
2011-04-09,
2011-04-10,
2011-04-11,-0.3732
2011-04-12,-1.0844
2011-04-13,1.1360999999999999
2011-04-14,-0.1774
2011-04-15,0.4146
2011-04-16,
2011-04-17,
2011-04-18,-3.2442
2011-04-19,-0.4674
2011-04-20,0.9596
2011-04-21,0.4449
2011-04-22,
2011-04-23,
2011-04-24,
2011-04-25,-0.3221
2011-04-26,1.2119
2011-04-27,0.0599
2011-04-28,-0.1994
2011-04-29,0.3797
2011-04-30,
2011-05-01,
2011-05-02,-0.5773
2011-05-03,-0.6408
2011-05-04,-1.0681
2011-05-05,4.4408
2011-05-06,-0.4876
2011-05-07,
2011-05-08,
2011-05-09,1.6463999999999999
2011-05-10,3.4709
2011-05-11,-0.9504
2011-05-12,2.9163
2011-05-13,-0.4205
2011-05-14,
2011-05-15,
2011-05-16,-2.0745
2011-05-17,1.1999
2011-05-18,1.0374
2011-05-19,0.7884
2011-05-20,-0.4184
2011-05-21,
2011-05-22,
2011-05-23,-1.0413000000000001
2011-05-24,-0.443
2011-05-25,0.1298
2011-05-26,1.0
2011-05-27,1.1918
2011-05-28,
2011-05-29,
2011-05-30,
2011-05-31,1.1596
2011-06-01,-2.0061
2011-06-02,-0.0731
2011-06-03,-2.0669
2011-06-04,
2011-06-05,
2011-06-06,-0.5603
2011-06-07,-0.5259
2011-06-08,-1.1707
2011-06-09,0.4203
2011-06-10,-0.3995
2011-06-11,
2011-06-12,
2011-06-13,0.0955
2011-06-14,1.3359
2011-06-15,-2.1657
2011-06-16,-0.9432
2011-06-17,0.3887
2011-06-18,
2011-06-19,
2011-06-20,0.8227
2011-06-21,1.9295
2011-06-22,-0.7158
2011-06-23,0.664
2011-06-24,-2.6762
2011-06-25,
2011-06-26,
2011-06-27,1.8203
2011-06-28,1.6736
2011-06-29,1.0662
2011-06-30,1.2401
2011-07-01,2.011
2011-07-02,
2011-07-03,
2011-07-04,
2011-07-05,-0.6272
2011-07-06,-0.2525
2011-07-07,2.1515
2011-07-08,-0.5841
2011-07-09,
2011-07-10,
2011-07-11,-1.7447
2011-07-12,-1.9931
2011-07-13,-0.3328
2011-07-14,-2.3929
2011-07-15,0.057
2011-07-16,
2011-07-17,
2011-07-18,-1.7664
2011-07-19,3.8283
2011-07-20,-2.7747
2011-07-21,-0.2203
2011-07-22,0.5471
2011-07-23,
2011-07-24,
2011-07-25,-2.5391
2011-07-26,-0.0588
2011-07-27,-4.1748
2011-07-28,-8.7543
2011-07-29,-3.1159
2011-07-30,
2011-07-31,
2011-08-01,-1.0412
2011-08-02,-2.1043
2011-08-03,3.4392
2011-08-04,-5.4722
2011-08-05,-1.8808
2011-08-06,
2011-08-07,
2011-08-08,-5.178
2011-08-09,6.2484
2011-08-10,-5.0902
2011-08-11,6.1963
2011-08-12,0.2452
2011-08-13,
2011-08-14,
2011-08-15,0.1712
2011-08-16,-1.3184
2011-08-17,-1.806
2011-08-18,-4.0564
2011-08-19,-1.5756000000000001
2011-08-20,
2011-08-21,
2011-08-22,0.2935
2011-08-23,4.15
2011-08-24,0.3831
2011-08-25,-2.4936
2011-08-26,3.262
2011-08-27,
2011-08-28,
2011-08-29,3.0326
2011-08-30,-0.7113
2011-08-31,0.3211
2011-09-01,-2.1546
2011-09-02,-2.0511
2011-09-03,
2011-09-04,
2011-09-05,
2011-09-06,-2.3124000000000002
2011-09-07,4.9448
2011-09-08,-1.2530999999999999
2011-09-09,-2.3858
2011-09-10,
2011-09-11,
2011-09-12,1.222
2011-09-13,3.0568
2011-09-14,3.0658
2011-09-15,1.3785
2011-09-16,0.9065
2011-09-17,
2011-09-18,
2011-09-19,-1.0638
2011-09-20,-1.2903
2011-09-21,-1.0893
2011-09-22,-5.2863
2011-09-23,0.3876
2011-09-24,
2011-09-25,
2011-09-26,1.4929000000000001
2011-09-27,1.4456
2011-09-28,-1.375
2011-09-29,1.1407
2011-09-30,-3.3584
2011-10-01,
2011-10-02,
2011-10-03,-2.2044
2011-10-04,2.2806
2011-10-05,3.7335000000000003
2011-10-06,2.0745
2011-10-07,-9.4515
2011-10-08,
2011-10-09,
2011-10-10,-1.2169
2011-10-11,-1.4509
2011-10-12,1.6944
2011-10-13,5.6815
2011-10-14,0.8012
2011-10-15,
2011-10-16,
2011-10-17,-1.359
2011-10-18,0.4419
2011-10-19,-2.5362
2011-10-20,0.1593
2011-10-21,2.2004
2011-10-22,
2011-10-23,
2011-10-24,3.3982
2011-10-25,-1.0537
2011-10-26,-2.0791
2011-10-27,-12.2734
2011-10-28,3.9256
2011-10-29,
2011-10-30,
2011-10-31,-1.278
2011-11-01,-1.2083
2011-11-02,1.6016
2011-11-03,2.7515
2011-11-04,0.3347
2011-11-05,
2011-11-06,
2011-11-07,0.9174
2011-11-08,1.5702
2011-11-09,-3.1733000000000002
2011-11-10,1.5406
2011-11-11,3.3379
2011-11-12,
2011-11-13,
2011-11-14,0.0267
2011-11-15,-0.4804
2011-11-16,-1.4481
2011-11-17,-1.3333
2011-11-18,-2.0408
2011-11-19,
2011-11-20,
2011-11-21,-1.2387
2011-11-22,-1.0547
2011-11-23,-3.6013
2011-11-24,
2011-11-25,-0.538
2011-11-26,
2011-11-27,
2011-11-28,3.0048
2011-11-29,0.0292
2011-11-30,3.9953
2011-12-01,-1.0376
2011-12-02,-2.3236
2011-12-03,
2011-12-04,
2011-12-05,1.1894
2011-12-06,0.9748
2011-12-07,-0.6246
2011-12-08,-2.2857
2011-12-09,1.462
2011-12-10,
2011-12-11,
2011-12-12,-2.4207
2011-12-13,-0.3839
2011-12-14,-1.1859
2011-12-15,0.6901
2011-12-16,-1.1621
2011-12-17,
2011-12-18,
2011-12-19,-0.7235
2011-12-20,4.5855
2011-12-21,-4.1812
2011-12-22,-0.0303
2011-12-23,0.3637
2011-12-24,
2011-12-25,
2011-12-26,
2011-12-27,-0.3322
2011-12-28,-2.1212
2011-12-29,0.9598
2011-12-30,0.5213
2011-12-31,
2012-01-01,
2012-01-02,
2012-01-03,1.2508
2012-01-04,-2.0789
2012-01-05,0.8923
2012-01-06,-2.3788
2012-01-07,
2012-01-08,
2012-01-09,-1.0934
2012-01-10,-0.0316
2012-01-11,0.6635
2012-01-12,2.6993
2012-01-13,-0.5196
2012-01-14,
2012-01-15,
2012-01-16,
2012-01-17,1.0138
2012-01-18,0.7603
2012-01-19,0.7848
2012-01-20,1.8568
2012-01-21,
2012-01-22,
2012-01-23,-0.2058
2012-01-24,2.1509
2012-01-25,1.6729
2012-01-26,0.9645
2012-01-27,-0.281
2012-01-28,
2012-01-29,
2012-01-30,0.0282
2012-01-31,2.0845
2012-02-01,-0.9658
2012-02-02,6.5756
2012-02-03,-0.6275
2012-02-04,
2012-02-05,
2012-02-06,0.0
2012-02-07,0.2631
2012-02-08,1.863
2012-02-09,1.829
2012-02-10,-0.7083
2012-02-11,
2012-02-12,
2012-02-13,-0.7643
2012-02-14,0.3851
2012-02-15,-0.179
2012-02-16,2.2547
2012-02-17,-1.6036000000000001
2012-02-18,
2012-02-19,
2012-02-20,
2012-02-21,-0.6875
2012-02-22,0.1795
2012-02-23,-0.1536
2012-02-24,0.3589
2012-02-25,
2012-02-26,
2012-02-27,-0.9962
2012-02-28,-1.032
2012-02-29,-2.3983
2012-03-01,1.3622
2012-03-02,-2.2398
2012-03-03,
2012-03-04,
2012-03-05,-0.593
2012-03-06,-0.5694
2012-03-07,0.7636
2012-03-08,1.2991
2012-03-09,1.0954
2012-03-10,
2012-03-11,
2012-03-12,-0.3436
2012-03-13,2.3866
2012-03-14,-0.9842
2012-03-15,0.1046
2012-03-16,0.8623
2012-03-17,
2012-03-18,
2012-03-19,0.285
2012-03-20,-0.5425
2012-03-21,0.6494
2012-03-22,1.3418999999999999
2012-03-23,-0.2037
2012-03-24,
2012-03-25,
2012-03-26,2.5262000000000002
2012-03-27,-0.5724
2012-03-28,0.0
2012-03-29,0.776
2012-03-30,-0.2484
2012-03-31,
2012-04-01,
2012-04-02,1.3695
2012-04-03,0.1719
2012-04-04,-2.1334
2012-04-05,0.1253
2012-04-06,
2012-04-07,
2012-04-08,
2012-04-09,-2.1522
2012-04-10,-2.4297
2012-04-11,0.4456
2012-04-12,2.2704
2012-04-13,0.0
2012-04-14,
2012-04-15,
2012-04-16,0.3062
2012-04-17,2.493
2012-04-18,0.5212
2012-04-19,0.2963
2012-04-20,0.8616
2012-04-21,
2012-04-22,
2012-04-23,1.5621
2012-04-24,-2.7397
2012-04-25,1.0378
2012-04-26,0.8315
2012-04-27,-0.4123
2012-04-28,
2012-04-29,
2012-04-30,0.4871
2012-05-01,0.4363
2012-05-02,0.5068
2012-05-03,-0.5042
2012-05-04,-3.1612
2012-05-05,
2012-05-06,
2012-05-07,-0.1744
2012-05-08,-0.4993
2012-05-09,-0.3763
2012-05-10,1.4354
2012-05-11,0.2979
2012-05-12,
2012-05-13,
2012-05-14,8.7129
2012-05-15,1.3434
2012-05-16,-2.7185
2012-05-17,-2.1247
2012-05-18,-1.6753
2012-05-19,
2012-05-20,
2012-05-21,3.0958
2012-05-22,-0.5354
2012-05-23,1.5446
2012-05-24,-0.968
2012-05-25,1.6756
2012-05-26,
2012-05-27,
2012-05-28,
2012-05-29,0.3891
2012-05-30,-1.9607999999999999
2012-05-31,-1.5814
2012-06-01,-1.0161
2012-06-02,
2012-06-03,
2012-06-04,-0.4297
2012-06-05,1.2467
2012-06-06,3.5046
2012-06-07,0.0
2012-06-08,-0.0229
2012-06-09,
2012-06-10,
2012-06-11,-2.8146
2012-06-12,1.8366
2012-06-13,0.4393
2012-06-14,-1.0129
2012-06-15,1.7673999999999999
2012-06-16,
2012-06-17,
2012-06-18,0.5713
2012-06-19,-0.409
2012-06-20,0.2966
2012-06-21,-3.7307
2012-06-22,1.3705
2012-06-23,
2012-06-24,
2012-06-25,-2.6107
2012-06-26,-0.6223
2012-06-27,0.4576
2012-06-28,-0.4316
2012-06-29,2.7691
2012-06-30,
2012-07-01,
2012-07-02,-0.2343
2012-07-03,-0.6811
2012-07-04,
2012-07-05,-0.2601
2012-07-06,-3.5799
2012-07-07,
2012-07-08,
2012-07-09,-1.2048
2012-07-10,-1.3439999999999999
2012-07-11,-0.4793
2012-07-12,-0.9632
2012-07-13,1.1774
2012-07-14,
2012-07-15,
2012-07-16,-0.5312
2012-07-17,0.4832
2012-07-18,2.7588
2012-07-19,0.5665
2012-07-20,-1.0042
2012-07-21,
2012-07-22,
2012-07-23,-2.7709
2012-07-24,-1.3995
2012-07-25,0.9806
2012-07-26,2.0189
2012-07-27,-0.4008
2012-07-28,
2012-07-29,
2012-07-30,-0.6036
2012-07-31,0.2024
2012-08-01,-5.2778
2012-08-02,0.7998
2012-08-03,3.4911
2012-08-04,
2012-08-05,
2012-08-06,3.0923
2012-08-07,1.0412
2012-08-08,0.4171
2012-08-09,0.171
2012-08-10,0.6098
2012-08-11,
2012-08-12,
2012-08-13,-0.5576
2012-08-14,0.0731
2012-08-15,0.8526
2012-08-16,2.4154999999999998
2012-08-17,0.6132
2012-08-18,
2012-08-19,
2012-08-20,-0.9845
2012-08-21,0.0947
2012-08-22,-0.2602
2012-08-23,-0.3083
2012-08-24,0.2379
2012-08-25,
2012-08-26,
2012-08-27,-1.4238
2012-08-28,0.337
2012-08-29,0.1679
2012-08-30,-1.5808
2012-08-31,0.7544
2012-09-01,
2012-09-02,
2012-09-03,
2012-09-04,1.4493
2012-09-05,0.4286
2012-09-06,3.1057
2012-09-07,-0.3679
2012-09-08,
2012-09-09,
2012-09-10,-1.454
2012-09-11,0.1405
2012-09-12,-0.2105
2012-09-13,0.6796
2012-09-14,0.3026
2012-09-15,
2012-09-16,
2012-09-17,-0.2321
2012-09-18,0.2326
2012-09-19,-0.3481
2012-09-20,-0.2562
2012-09-21,-0.2802
2012-09-22,
2012-09-23,
2012-09-24,-0.0702
2012-09-25,-1.9447
2012-09-26,-1.2425
2012-09-27,0.8468
2012-09-28,-0.4559
2012-09-29,
2012-09-30,
2012-10-01,3.2658
2012-10-02,1.4821
2012-10-03,-0.299
2012-10-04,0.0923
2012-10-05,-0.1152
2012-10-06,
2012-10-07,
2012-10-08,-0.1384
2012-10-09,-1.9177
2012-10-10,-1.1543
2012-10-11,1.1201
2012-10-12,0.2828
2012-10-13,
2012-10-14,
2012-10-15,-2.4677
2012-10-16,1.3012000000000001
2012-10-17,-2.1408
2012-10-18,-0.0972
2012-10-19,-1.8491
2012-10-20,
2012-10-21,
2012-10-22,1.6857
2012-10-23,1.1702
2012-10-24,-0.2892
2012-10-25,0.2175
2012-10-26,-1.1816
2012-10-27,
2012-10-28,
2012-10-29,
2012-10-30,
2012-10-31,-0.6833
2012-11-01,0.688
2012-11-02,0.1464
2012-11-03,
2012-11-04,
2012-11-05,0.0487
2012-11-06,1.1934
2012-11-07,-1.1312
2012-11-08,-2.6776999999999997
2012-11-09,0.6503
2012-11-10,
2012-11-11,
2012-11-12,-0.2485
2012-11-13,-0.9716
2012-11-14,-1.283
2012-11-15,-0.6371
2012-11-16,-0.6668
2012-11-17,
2012-11-18,
2012-11-19,2.2721
2012-11-20,-0.1262
2012-11-21,0.3033
2012-11-22,
2012-11-23,1.2852999999999999
2012-11-24,
2012-11-25,
2012-11-26,0.1742
2012-11-27,0.8942
2012-11-28,0.8124
2012-11-29,-0.1709
2012-11-30,0.1957
2012-12-01,
2012-12-02,
2012-12-03,-1.0254
2012-12-04,-0.296
2012-12-05,-0.5443
2012-12-06,1.3184
2012-12-07,0.1964
2012-12-08,
2012-12-09,
2012-12-10,1.4947
2012-12-11,0.2656
2012-12-12,-1.7337
2012-12-13,-2.2543
2012-12-14,0.727
2012-12-15,
2012-12-16,
2012-12-17,2.215
2012-12-18,1.5096
2012-12-19,0.5277
2012-12-20,0.0716
2012-12-21,-2.9328
2012-12-22,
2012-12-23,
2012-12-24,0.393
2012-12-25,
2012-12-26,-1.1745
2012-12-27,-1.2627
2012-12-28,-0.8024
2012-12-29,
2012-12-30,
2012-12-31,0.2528
2013-01-01,
2013-01-02,3.6056
2013-01-03,-0.8031
2013-01-04,0.4171
2013-01-05,
2013-01-06,
2013-01-07,-1.246
2013-01-08,1.2865
2013-01-09,2.1006
2013-01-10,1.0287
2013-01-11,1.0656
2013-01-12,
2013-01-13,
2013-01-14,-0.0937
2013-01-15,0.0235
2013-01-16,-0.0703
2013-01-17,0.3285
2013-01-18,2.4556
2013-01-19,
2013-01-20,
2013-01-21,
2013-01-22,-1.0272
2013-01-23,1.2685
2013-01-24,0.3188
2013-01-25,1.0216
2013-01-26,
2013-01-27,
2013-01-28,-0.0449
2013-01-29,-6.2275
2013-01-30,-0.5754
2013-01-31,0.1929
2013-02-01,1.4922
2013-02-02,
2013-02-03,
2013-02-04,-1.4465
2013-02-05,1.2993000000000001
2013-02-06,-0.5938
2013-02-07,0.2389
2013-02-08,-0.2145
2013-02-09,
2013-02-10,
2013-02-11,-1.0989
2013-02-12,-0.3623
2013-02-13,-0.3879
2013-02-14,0.9005
2013-02-15,-0.2171
2013-02-16,
2013-02-17,
2013-02-18,
2013-02-19,0.556
2013-02-20,-1.1779
2013-02-21,-1.5811
2013-02-22,0.1977
2013-02-23,
2013-02-24,
2013-02-25,-1.0853
2013-02-26,-0.1746
2013-02-27,0.0749
2013-02-28,0.025
2013-03-01,0.8984
2013-03-02,
2013-03-03,
2013-03-04,0.9152
2013-03-05,3.7255000000000003
2013-03-06,-0.2363
2013-03-07,0.2605
2013-03-08,1.3702
2013-03-09,
2013-03-10,
2013-03-11,1.1419
2013-03-12,0.7373
2013-03-13,-0.1372
2013-03-14,1.443
2013-03-15,-0.3838
2013-03-16,
2013-03-17,
2013-03-18,-0.3173
2013-03-19,-0.6821
2013-03-20,0.7097
2013-03-21,3.3871
2013-03-22,0.5717
2013-03-23,
2013-03-24,
2013-03-25,-0.0875
2013-03-26,0.1751
2013-03-27,-0.1092
2013-03-28,1.312
2013-03-29,
2013-03-30,
2013-03-31,
2013-04-01,-0.6691
2013-04-02,0.0869
2013-04-03,-1.3461
2013-04-04,-0.6602
2013-04-05,-0.0665
2013-04-06,
2013-04-07,
2013-04-08,-1.4631
2013-04-09,-0.2475
2013-04-10,0.9247
2013-04-11,0.6034
2013-04-12,-0.1999
2013-04-13,
2013-04-14,
2013-04-15,-1.3577
2013-04-16,1.2635
2013-04-17,-1.8717000000000001
2013-04-18,-0.7039
2013-04-19,0.2973
2013-04-20,
2013-04-21,
2013-04-22,0.0456
2013-04-23,0.5697
2013-04-24,1.7448000000000001
2013-04-25,1.7595
2013-04-26,-0.197
2013-04-27,
2013-04-28,
2013-04-29,-0.3728
2013-04-30,0.1101
2013-05-01,-0.1979
2013-05-02,-0.3305
2013-05-03,0.3979
2013-05-04,
2013-05-05,
2013-05-06,0.0
2013-05-07,-0.1541
2013-05-08,-0.0221
2013-05-09,0.0221
2013-05-10,0.0441
2013-05-11,
2013-05-12,
2013-05-13,0.1984
2013-05-14,-0.132
2013-05-15,-0.0881
2013-05-16,0.0441
2013-05-17,0.2424
2013-05-18,
2013-05-19,
2013-05-20,-0.3297
2013-05-21,-0.0662
2013-05-22,-0.1324
2013-05-23,0.0
2013-05-24,0.663
2013-05-25,
2013-05-26,
2013-05-27,
2013-05-28,-0.3074
2013-05-29,-0.2643
2013-05-30,0.1104
2013-05-31,-0.0993
2013-06-01,
2013-06-02,
2013-06-03,-0.011
2013-06-04,0.0
2013-06-05,-0.1987
2013-06-06,0.1106
2013-06-07,0.221
2013-06-08,
2013-06-09,
2013-06-10,-0.3308
2013-06-11,0.0
2013-06-12,-0.177
2013-06-13,-0.0665
2013-06-14,0.0444
2013-06-15,
2013-06-16,
2013-06-17,0.0665
2013-06-18,0.1329
2013-06-19,-0.177
2013-06-20,-1.1525
2013-06-21,0.583
2013-06-22,
2013-06-23,
2013-06-24,-0.2452
2013-06-25,0.2905
2013-06-26,0.2005
2013-06-27,0.1779
2013-06-28,0.1998
2013-06-29,
2013-06-30,
2013-07-01,0.0443
2013-07-02,0.1993
2013-07-03,-0.1105
2013-07-04,
2013-07-05,0.3097
2013-07-06,
2013-07-07,
2013-07-08,0.0221
2013-07-09,0.2426
2013-07-10,0.5719
2013-07-11,0.1969
2013-07-12,0.1091
2013-07-13,
2013-07-14,
2013-07-15,-0.3707
2013-07-16,-0.1094
2013-07-17,0.1315
2013-07-18,0.0
2013-07-19,0.0656
2013-07-20,
2013-07-21,
2013-07-22,0.0656
2013-07-23,-0.2185
2013-07-24,-0.219
2013-07-25,0.7243
2013-07-26,0.0
2013-07-27,
2013-07-28,
2013-07-29,0.1307
2013-07-30,0.1523
2013-07-31,-0.1086
2013-08-01,0.2175
2013-08-02,-0.1519
2013-08-03,
2013-08-04,
2013-08-05,-0.0217
2013-08-06,-0.0217
2013-08-07,0.1087
2013-08-08,-0.0652
2013-08-09,0.0
2013-08-10,
2013-08-11,
2013-08-12,0.0435
2013-08-13,0.0435
2013-08-14,-0.0434
2013-08-15,-0.0652
2013-08-16,-0.0435
2013-08-17,
2013-08-18,
2013-08-19,-0.087
2013-08-20,0.0435
2013-08-21,0.0218
2013-08-22,0.0653
2013-08-23,0.0217
2013-08-24,
2013-08-25,
2013-08-26,-0.0217
2013-08-27,-0.2392
2013-08-28,0.218
2013-08-29,0.0
2013-08-30,0.0435
2013-08-31,
2013-09-01,
2013-09-02,
2013-09-03,0.2826
2013-09-04,-0.1517
2013-09-05,0.0217
2013-09-06,0.4558
2013-09-07,
2013-09-08,
2013-09-09,0.0
2013-09-10,0.0432
