ticker,1086832D US Equity
field,DAY_TO_DAY_TOT_RETURN_GROSS_DVDS
date,
2000-01-03,-3.1915
2000-01-04,-1.6484
2000-01-05,1.9553
2000-01-06,2.1918
2000-01-07,-0.8043
2000-01-10,-2.1622
2000-01-11,0.0
2000-01-12,-1.3812
2000-01-13,1.4006
2000-01-14,0.2762
2000-01-18,4.4077
2000-01-19,-0.7916
2000-01-20,1.0638
2000-01-21,3.1579
2000-01-24,-4.0816
2000-01-25,-2.1277
2000-01-26,1.6303999999999998
2000-01-27,-1.0695000000000001
2000-01-28,-2.1622
2000-01-31,1.9337
2000-02-01,0.271
2000-02-02,4.5946
2000-02-03,-2.0672
2000-02-04,-0.5277
2000-02-07,-0.7958
2000-02-08,3.4759
2000-02-09,-1.8277
2000-02-10,1.8617
2000-02-11,2.3499
2000-02-14,1.7856999999999998
2000-02-15,1.2530999999999999
2000-02-16,2.2277
2000-02-17,2.4213
2000-02-18,-2.1277
2000-02-22,-1.9324
2000-02-23,-2.9557
2000-02-24,-1.5228000000000002
2000-02-25,0.7732
2000-02-28,1.5345
2000-02-29,-0.5038
2000-03-01,1.0127
2000-03-02,4.01
2000-03-03,1.4458
2000-03-06,-2.8504
2000-03-07,8.313
2000-03-08,0.6772
2000-03-09,-0.6726
2000-03-10,1.1287
2000-03-13,-0.4464
2000-03-14,-1.7936999999999999
2000-03-15,0.2283
2000-03-16,3.4169
2000-03-17,-2.2026
2000-03-20,0.0
2000-03-21,0.9009
2000-03-22,-1.1161
2000-03-23,-1.5800999999999998
2000-03-24,0.0
2000-03-27,-2.0642
2000-03-28,0.4684
2000-03-29,0.0
2000-03-30,2.5641
2000-03-31,-0.4545
2000-04-03,1.1416
2000-04-04,-4.2889
2000-04-05,-2.1226
2000-04-06,0.241
2000-04-07,0.9615
2000-04-10,-1.9048
2000-04-11,-0.7282
2000-04-12,3.1785
2000-04-13,2.1327
2000-04-14,-2.5522
2000-04-17,-0.7143
2000-04-18,3.5971
2000-04-19,3.9352
2000-04-20,-0.2227
2000-04-24,6.0268
2000-04-25,-1.0526
2000-04-26,1.0638
2000-04-27,0.4211
2000-04-28,1.8868
2000-05-01,2.8807
2000-05-02,1.8
2000-05-03,-2.5540000000000003
2000-05-04,1.6129
2000-05-05,1.3889
2000-05-08,-1.7612999999999999
2000-05-09,-0.4016
2000-05-10,0.8065
2000-05-11,2.6
2000-05-12,0.0
2000-05-15,1.3645
2000-05-16,1.9231
2000-05-17,-1.5093999999999999
2000-05-18,-0.3831
2000-05-19,-0.7692
2000-05-22,0.1938
2000-05-23,0.9671
2000-05-24,-2.1073
2000-05-25,-0.9785
2000-05-26,-1.1858
2000-05-30,1.2
2000-05-31,2.1739
2000-06-01,1.5474
2000-06-02,-4.0
2000-06-05,-1.7856999999999998
2000-06-06,2.8283
2000-06-07,-1.3752
2000-06-08,0.7968
2000-06-09,-0.3953
2000-06-12,2.5794
2000-06-13,-0.5803
2000-06-14,-0.7782
2000-06-15,-3.7255000000000003
2000-06-16,6.3136
2000-06-19,-4.5977
2000-06-20,-0.6024
2000-06-21,2.6263
2000-06-22,-3.1496
2000-06-23,2.0325
2000-06-26,-2.5896
2000-06-27,-1.0225
2000-06-28,0.2841
2000-06-29,-1.5194
2000-06-30,-1.4644
2000-07-03,1.2739
2000-07-05,-4.4025
2000-07-06,1.9737
2000-07-07,-0.8602
2000-07-10,0.2169
2000-07-11,5.8442
2000-07-12,-2.863
2000-07-13,-1.4737
2000-07-14,-0.641
2000-07-17,0.2151
2000-07-18,-0.4292
2000-07-19,0.2155
2000-07-20,-3.0108
2000-07-21,-3.1042
2000-07-24,-4.3478
2000-07-25,-2.8708
2000-07-26,-3.9409
2000-07-27,1.2821
2000-07-28,-3.2911
2000-07-31,2.0942
2000-08-01,2.3077
2000-08-02,2.005
2000-08-03,0.86
2000-08-04,0.8526
2000-08-07,-0.6039
2000-08-08,1.8226
2000-08-09,1.2048
2000-08-10,0.2381
2000-08-11,0.4751
2000-08-14,0.4728
2000-08-15,0.2353
2000-08-16,0.939
2000-08-17,1.1628
2000-08-18,-3.6782
2000-08-21,1.6705999999999999
2000-08-22,0.4695
2000-08-23,7.5935
2000-08-24,-1.9544000000000001
2000-08-25,-1.2182
2000-08-28,1.3453
2000-08-29,0.0
2000-08-30,0.6637
2000-08-31,-4.3956
2000-09-01,0.4598
2000-09-05,1.8307
2000-09-06,0.4494
2000-09-07,-0.2237
2000-09-08,1.3453
2000-09-11,4.2035
2000-09-12,-2.5478
2000-09-13,0.2179
2000-09-14,-7.1739
2000-09-15,4.918
2000-09-18,-1.7856999999999998
2000-09-19,-4.3182
2000-09-20,-1.4252
2000-09-21,-2.4096
2000-09-22,-1.4815
2000-09-25,0.7519
2000-09-26,7.4627
2000-09-27,-0.9259
2000-09-28,0.0
2000-09-29,0.7009
2000-10-02,0.9281
2000-10-03,-0.6897
2000-10-04,0.0
2000-10-05,-0.463
2000-10-06,-3.0233
2000-10-09,5.2758
2000-10-10,1.8223
2000-10-11,1.3423
2000-10-12,-0.4415
2000-10-13,0.0
2000-10-16,2.439
2000-10-17,-0.2165
2000-10-18,-0.2169
2000-10-19,1.087
2000-10-20,0.8602
2000-10-23,0.0
2000-10-24,-1.919
2000-10-25,-2.1739
2000-10-26,1.7778
2000-10-27,-0.4367
2000-10-30,2.6316
2000-10-31,2.3504
2000-11-01,0.6263
2000-11-02,-1.2448
2000-11-03,0.8403
2000-11-06,1.6667
2000-11-07,-1.2295
2000-11-08,-0.6224
2000-11-09,-1.0526
2000-11-10,0.4255
2000-11-13,-2.3305
2000-11-14,3.0369
2000-11-15,2.3158
2000-11-16,-2.2634
2000-11-17,0.0
2000-11-20,-1.0526
2000-11-21,0.4255
2000-11-22,0.6356
2000-11-24,0.6316
2000-11-27,0.0
2000-11-28,-2.3013
2000-11-29,-2.1413
2000-11-30,-2.8446
2000-12-01,0.2252
2000-12-04,1.3483
2000-12-05,-1.1086
2000-12-06,2.6906
2000-12-07,1.31
2000-12-08,1.5086
2000-12-11,1.2739
2000-12-12,2.7254
2000-12-13,0.4082
2000-12-14,-3.0488
2000-12-15,1.8868
2000-12-18,2.4691
2000-12-19,0.6024
2000-12-20,-2.5948
2000-12-21,1.8443
2000-12-22,0.4024
2000-12-26,7.4148
2000-12-27,-0.7463
2000-12-28,1.8797000000000001
2000-12-29,-0.5535
2001-01-02,-2.7829
2001-01-03,-2.8626
2001-01-04,-5.1081
2001-01-05,-0.207
2001-01-08,-0.4149
2001-01-09,0.0
2001-01-10,0.4167
2001-01-11,0.0
2001-01-12,1.0373
2001-01-16,-1.6427
2001-01-17,-1.6701000000000001
2001-01-18,-0.2123
2001-01-19,0.0
2001-01-22,1.0638
2001-01-23,-0.2105
2001-01-24,1.2658
2001-01-25,4.1667
2001-01-26,1.0
2001-01-29,0.1188
2001-01-30,-0.2848
2001-01-31,1.5551
2001-02-01,0.0
2001-02-02,2.0938
2001-02-05,5.9076
2001-02-06,-1.5607
2001-02-07,0.2055
2001-02-08,-1.4168
2001-02-09,5.1198
2001-02-12,-0.057
2001-02-13,1.2824
2001-02-14,-2.0822
2001-02-15,-0.8046
2001-02-16,-1.3035999999999999
2001-02-20,1.8784999999999998
2001-02-21,-1.4405000000000001
2001-02-22,-0.8185
2001-02-23,0.1474
2001-02-26,2.472
2001-02-27,-0.5457
2001-02-28,-4.0139
2001-03-01,-0.0301
2001-03-02,2.2269
2001-03-05,1.1186
2001-03-06,1.8340999999999998
2001-03-07,2.2298
2001-03-08,0.5034
2001-03-09,0.5008
2001-03-12,-2.9347
2001-03-13,-0.7416
2001-03-14,-4.5402000000000005
2001-03-15,-3.2812
2001-03-16,-1.1827
2001-03-19,2.0472
2001-03-20,0.3086
2001-03-21,-0.0615
2001-03-22,-5.4187
2001-03-23,0.9115
2001-03-26,0.7742
2001-03-27,-0.064
2001-03-28,-0.7047
2001-03-29,3.3871
2001-03-30,1.1856
2001-04-02,-1.6651
2001-04-03,-1.3484
2001-04-04,1.3986
2001-04-05,3.1348
2001-04-06,-1.155
2001-04-09,2.2755
2001-04-10,0.2405
2001-04-11,-2.3395
2001-04-12,1.3514
2001-04-16,3.1515
2001-04-17,2.9671
2001-04-18,1.4551
2001-04-19,1.2092
2001-04-20,1.3893
2001-04-23,1.7539
2001-04-24,0.0808
2001-04-25,1.0226
2001-04-26,1.3852
2001-04-27,0.6043
2001-04-30,-0.7051
2001-05-01,0.5786
2001-05-02,-6.0146
2001-05-03,1.2799
2001-05-04,3.9011
2001-05-07,-2.1682
2001-05-08,2.973
2001-05-09,4.9141
2001-05-10,-1.0829
2001-05-11,0.3055
2001-05-14,1.4721
2001-05-15,0.2751
2001-05-16,0.9479
2001-05-17,2.4215
2001-05-18,2.5332
2001-05-21,-0.9412
2001-05-22,-0.7363
2001-05-23,-2.7997
2001-05-24,1.2309
2001-05-25,0.4864
2001-05-29,-0.8228
2001-05-30,-2.5378
2001-05-31,-2.3535
2001-06-01,1.1026
2001-06-04,3.2209
2001-06-05,1.0074
2001-06-06,-3.2595
2001-06-07,-1.3075
2001-06-08,-1.3758
2001-06-11,-1.1883
2001-06-12,1.9868999999999999
2001-06-13,-2.9736000000000002
2001-06-14,-2.1136
2001-06-15,0.1889
2001-06-18,-0.7004
2001-06-19,-0.4612
2001-06-20,-1.5263
2001-06-21,-3.1276
2001-06-22,2.3429
2001-06-25,0.5583
2001-06-26,-0.3609
2001-06-27,-3.5943
2001-06-28,-1.3873
2001-06-29,7.3564
2001-07-02,-4.2861
2001-07-03,-1.5117
2001-07-05,3.9965
2001-07-06,-2.3949
2001-07-09,1.0842
2001-07-10,-1.1572
2001-07-11,-1.8275000000000001
2001-07-12,0.0873
2001-07-13,-0.4359
2001-07-16,-2.5102
2001-07-17,-1.1078000000000001
2001-07-18,-1.1505
2001-07-19,1.8989
2001-07-20,2.2242
2001-07-23,-0.5293
2001-07-24,-2.9264
2001-07-25,2.4665
2001-07-26,1.8425
2001-07-27,1.78
2001-07-30,-1.0608
2001-07-31,0.2028
2001-08-01,1.2146
2001-08-02,1.2857
2001-08-03,-0.8745
2001-08-06,0.0285
2001-08-07,0.7681
2001-08-08,-1.5528
2001-08-09,0.9532
2001-08-10,0.0
2001-08-13,1.917
2001-08-14,-0.1684
2001-08-15,1.1249
2001-08-16,-0.723
2001-08-17,-1.4006
2001-08-20,-0.5966
2001-08-21,0.2001
2001-08-22,1.911
2001-08-23,0.2239
2001-08-24,2.0944
2001-08-27,1.0667
2001-08-28,0.1353
2001-08-29,1.8378
2001-08-30,0.5308
2001-08-31,-0.132
2001-09-04,0.8723
2001-09-05,-0.1572
2001-09-06,0.9974
2001-09-07,-1.1175
2001-09-10,-0.5519
2001-09-17,-2.352
2001-09-18,-2.9229000000000003
2001-09-19,-4.6556999999999995
2001-09-20,-2.4561
2001-09-21,1.9184999999999999
2001-09-24,-1.8529
2001-09-25,2.7869
2001-09-26,-1.1662
2001-09-27,1.7404
2001-09-28,3.2183
2001-10-01,-0.5337
2001-10-02,2.9370000000000003
2001-10-03,-0.2195
2001-10-04,1.4847000000000001
2001-10-05,-0.1897
2001-10-08,0.2172
2001-10-09,1.1376
2001-10-10,2.4638
2001-10-11,0.4705
2001-10-12,-0.1301
2001-10-15,-2.1881
2001-10-16,0.9587
2001-10-17,-1.2662
2001-10-18,-3.0457
2001-10-19,1.9289
2001-10-22,-1.0543
2001-10-23,1.1749
2001-10-24,-1.1342
2001-10-25,2.3491
2001-10-26,2.7756
2001-10-29,0.805
2001-10-30,-3.0139
2001-10-31,-0.5843
2001-11-01,1.0419
2001-11-02,-1.1898
2001-11-05,1.1239
2001-11-06,0.2382
2001-11-07,1.9799
2001-11-08,-2.0063
2001-11-09,1.4624
2001-11-12,-0.4193
2001-11-13,1.8947
2001-11-14,-4.1839
2001-11-15,-5.4447
2001-11-16,2.9076
2001-11-19,-0.1662
2001-11-20,3.4129
2001-11-21,-2.2002
2001-11-23,1.5089000000000001
2001-11-26,-0.973
2001-11-27,-0.6823
2001-11-28,-1.1542
2001-11-29,1.1954
2001-11-30,0.4396
2001-12-03,0.0274
2001-12-04,3.4181
2001-12-05,1.0841
2001-12-06,-2.4588
2001-12-07,2.1453
2001-12-10,-2.5465999999999998
2001-12-11,-1.6972
2001-12-12,-0.6577
2001-12-13,-0.1103
2001-12-14,0.5523
2001-12-17,-2.2521
2001-12-18,1.1239
2001-12-19,1.9727999999999999
2001-12-20,-0.545
2001-12-21,0.5479
2001-12-24,0.436
2001-12-26,0.3798
2001-12-27,0.2162
2001-12-28,1.6721
2001-12-31,-0.9549
2002-01-02,0.3214
2002-01-03,0.3203
2002-01-04,-0.3193
2002-01-07,2.1089
2002-01-08,-0.5752
2002-01-09,0.0263
2002-01-10,-0.9464
2002-01-11,-0.9023
2002-01-14,-1.714
2002-01-15,1.2534
2002-01-16,-0.3767
2002-01-17,-0.4322
2002-01-18,-0.1628
2002-01-22,0.0
2002-01-23,0.5435
2002-01-24,2.4324
2002-01-25,-0.1847
2002-01-28,-0.608
2002-01-29,-1.1968
2002-01-30,0.6729
2002-01-31,3.1016
2002-02-01,-0.0259
2002-02-04,-1.6082999999999998
2002-02-05,0.4482
2002-02-06,0.3937
2002-02-07,0.1316
2002-02-08,-0.184
2002-02-11,0.316
2002-02-12,-0.1312
2002-02-13,-0.1314
2002-02-14,0.7368
2002-02-15,1.698
2002-02-19,-0.822
2002-02-20,-0.0259
2002-02-21,-0.4922
2002-02-22,0.9373
2002-02-25,1.7023000000000001
2002-02-26,0.1522
2002-02-27,-0.3292
2002-02-28,-2.1341
2002-03-01,1.2201
2002-03-04,1.5389
2002-03-05,-0.8335
2002-03-06,3.566
2002-03-07,0.6394
2002-03-08,-1.6862
2002-03-11,1.8394
2002-03-12,0.659
2002-03-13,1.4791
2002-03-14,-0.9558
2002-03-15,0.5066
2002-03-18,-0.5521
2002-03-19,1.1103
2002-03-20,-2.1246
2002-03-21,-0.5366
2002-03-22,-2.4277
2002-03-25,-0.3016
2002-03-26,0.8823
2002-03-27,1.2993999999999999
2002-03-28,-1.3074
2002-04-01,1.0247
2002-04-02,-0.3216
2002-04-03,-2.6061
2002-04-04,-0.4842
2002-04-05,-0.1793
2002-04-08,1.5649
2002-04-09,-1.4398
2002-04-10,-0.0513
2002-04-11,-1.2821
2002-04-12,-4.026
2002-04-15,1.3532
2002-04-16,-1.2283
2002-04-17,3.7578
2002-04-18,0.1303
2002-04-19,0.0
2002-04-22,-1.5352999999999999
2002-04-23,-2.2463
2002-04-24,-1.7032
2002-04-25,0.8526
2002-04-26,-2.2362
2002-04-29,-1.2831000000000001
2002-04-30,-2.8539
2002-05-01,2.5015
2002-05-02,-0.6527
2002-05-03,0.3999
2002-05-06,-0.8819
2002-05-07,0.5454
2002-05-08,1.5701
2002-05-09,1.5001
2002-05-10,-0.9481
2002-05-13,2.3367
2002-05-14,-0.9629
2002-05-15,-3.0
2002-05-16,0.6586
2002-05-17,-0.256
2002-05-20,0.8842
2002-05-21,0.3675
2002-05-22,0.5634
2002-05-23,0.0
2002-05-24,-1.1204
2002-05-28,0.0
2002-05-29,-0.7932
2002-05-30,0.0286
2002-05-31,1.513
2002-06-03,-2.1372
2002-06-04,-0.1437
2002-06-05,0.2014
2002-06-06,-1.0052
2002-06-07,1.5375999999999999
2002-06-10,-0.2571
2002-06-11,-1.1172
2002-06-12,1.7671000000000001
2002-06-13,-0.0854
2002-06-14,0.5698
2002-06-17,3.0878
2002-06-18,0.4397
2002-06-19,-0.383
2002-06-20,0.0
2002-06-21,-0.9063
2002-06-24,0.3326
2002-06-25,-0.5249
2002-06-26,-0.8609
2002-06-27,-2.1569
2002-06-28,2.004
2002-07-01,-1.712
2002-07-02,-1.4278
2002-07-03,0.8111
2002-07-05,2.0977
2002-07-08,-0.8725
2002-07-09,-0.6246
2002-07-10,-2.1429
2002-07-11,-0.4088
2002-07-12,0.4984
2002-07-15,0.3792
2002-07-16,1.1625
2002-07-17,2.3556
2002-07-18,-0.9262
2002-07-19,-4.221
2002-07-22,-5.8858
2002-07-23,-2.1999
2002-07-24,5.3342
2002-07-25,0.183
2002-07-26,2.4056
2002-07-29,4.1332
2002-07-30,-1.5133999999999999
2002-07-31,3.0444
2002-08-01,-4.2487
2002-08-02,-1.146
2002-08-05,-1.7539
2002-08-06,4.6596
2002-08-07,1.1564
2002-08-08,2.8209999999999997
2002-08-09,0.6719
2002-08-12,-0.3337
2002-08-13,-0.1116
2002-08-14,3.2961
2002-08-15,0.676
2002-08-16,-2.1219
2002-08-19,-0.1372
2002-08-20,-2.3633
2002-08-21,2.1109
2002-08-22,3.0871
2002-08-23,-2.0321
2002-08-26,0.4913
2002-08-27,-0.4889
2002-08-28,-1.8559
2002-08-29,-2.3915
2002-08-30,1.0826
2002-09-03,-3.2413
2002-09-04,-1.8643
2002-09-05,-0.0594
2002-09-06,0.6831
2002-09-09,-0.2065
2002-09-10,2.3352
2002-09-11,-0.0578
2002-09-12,-3.815
2002-09-13,0.03
2002-09-16,-1.4719
2002-09-17,-1.2195
2002-09-18,0.2469
2002-09-19,-2.8632999999999997
2002-09-20,-1.458
2002-09-23,0.2895
2002-09-24,-2.5978
2002-09-25,1.1854
2002-09-26,2.0827
2002-09-27,-1.6576
2002-09-30,-2.2366
2002-10-01,0.5968
2002-10-02,-1.1206
2002-10-03,-0.3333
2002-10-04,-0.7358
2002-10-07,-3.8747
2002-10-08,-2.769
2002-10-09,-1.5501
2002-10-10,3.5152
2002-10-11,2.9006
2002-10-14,1.4094
2002-10-15,3.4915
2002-10-16,-1.1137
2002-10-17,5.2004
2002-10-18,0.4723
2002-10-21,0.9088
2002-10-22,-2.8261
2002-10-23,1.3742
2002-10-24,-3.9092000000000002
2002-10-25,-2.1654
2002-10-28,0.0335
2002-10-29,-3.1512000000000002
2002-10-30,5.019
2002-10-31,-1.1865999999999999
2002-11-01,0.1001
2002-11-04,-1.3662
2002-11-05,0.1689
2002-11-06,2.0573
2002-11-07,-1.7993999999999999
2002-11-08,-1.5948
2002-11-11,-1.6897
2002-11-12,-1.0172
2002-11-13,-2.6931000000000003
2002-11-14,3.8237
2002-11-15,0.6664
2002-11-18,-0.3136
2002-11-19,-0.8738
2002-11-20,3.4908
2002-11-21,-0.2385
2002-11-22,0.4781
2002-11-25,-0.4079
2002-11-26,0.1706
2002-11-27,1.9761
2002-11-29,-1.1026
2002-12-02,-0.6757
2002-12-03,2.551
2002-12-04,0.3648
2002-12-05,3.4038
2002-12-06,3.4835
2002-12-09,-1.1427
2002-12-10,1.2184
2002-12-11,-0.8333
2002-12-12,2.1164
2002-12-13,-0.8839
2002-12-16,1.845
2002-12-17,1.1473
2002-12-18,-0.7463
2002-12-19,-0.3609
2002-12-20,-0.3924
2002-12-23,1.1212
2002-12-24,-0.869
2002-12-26,0.0907
2002-12-27,0.6342
2002-12-30,-0.09
2002-12-31,-0.3304
2003-01-02,2.2303
2003-01-03,-0.4422
2003-01-06,2.4282
2003-01-07,-2.2839
2003-01-08,-1.3018
2003-01-09,1.8885
2003-01-10,-1.2651
2003-01-13,0.0298
2003-01-14,-0.9532
2003-01-15,-0.9624
2003-01-16,0.2733
2003-01-17,-1.5748
2003-01-21,-2.4
2003-01-22,-0.6936
2003-01-23,0.6349
2003-01-24,-1.5142
2003-01-27,-3.4593
2003-01-28,-0.4977
2003-01-29,2.0674
2003-01-30,1.3068
2003-01-31,0.9997
2003-02-03,2.1391999999999998
2003-02-04,3.9387
2003-02-05,0.782
2003-02-06,0.6915
2003-02-07,-0.2389
2003-02-10,0.1197
2003-02-11,1.1958
2003-02-12,-1.0044
2003-02-13,-0.3283
2003-02-14,0.8982
2003-02-18,0.9792
2003-02-19,-0.1763
2003-02-20,-0.8831
2003-02-21,2.8809
2003-02-24,0.5485
2003-02-25,0.201
2003-02-26,1.0888
2003-02-27,-0.7937
2003-02-28,1.1143
2003-03-03,1.4693
2003-03-04,0.4734
2003-03-05,1.0809
2003-03-06,-0.3839
2003-03-07,0.7157
2003-03-10,1.0385
2003-03-11,-0.9738
2003-03-12,-1.2565
2003-03-13,0.1107
2003-03-14,0.0553
2003-03-17,2.4579
2003-03-18,0.1887
2003-03-19,1.1568
2003-03-20,0.9574
2003-03-21,-1.1064
2003-03-24,-1.4651
2003-03-25,-2.0816
2003-03-26,-0.5798
2003-03-27,0.8886
2003-03-28,0.8533
2003-03-31,-0.191
2003-04-01,1.7227000000000001
2003-04-02,0.672
2003-04-03,-1.5487
2003-04-04,1.8986
2003-04-07,-1.5438
2003-04-08,-3.3252
2003-04-09,0.8949
2003-04-10,1.5521
2003-04-11,0.1365
2003-04-14,1.8806
2003-04-15,-1.8192
2003-04-16,1.3624
2003-04-17,2.1237
2003-04-21,0.2895
2003-04-22,-0.5249
2003-04-23,-2.7441
2003-04-24,3.0928
2003-04-25,-2.1842
2003-04-28,0.8609
2003-04-29,-2.6407
2003-04-30,1.9452
2003-05-01,0.0
2003-05-02,1.1825
2003-05-05,0.8765
2003-05-06,-0.5793
2003-05-07,0.3708
2003-05-08,-0.3984
2003-05-09,-0.5067
2003-05-12,0.3752
2003-05-13,0.0
2003-05-14,1.6021
2003-05-15,-0.7622
2003-05-16,1.1653
2003-05-19,-1.7539
2003-05-20,-0.0266
2003-05-21,-0.3998
2003-05-22,-1.6591
2003-05-23,0.1361
2003-05-27,1.3587
2003-05-28,-1.5817999999999999
2003-05-29,-0.4086
2003-05-30,0.7659
2003-06-02,-0.3257
2003-06-03,0.0817
2003-06-04,0.0
2003-06-05,0.381
2003-06-06,-0.0542
2003-06-09,-0.3255
2003-06-10,2.1769
2003-06-11,3.1691
2003-06-12,-1.4971999999999999
2003-06-13,-0.76
2003-06-16,2.0333
2003-06-17,-1.4234
2003-06-18,-0.1838
2003-06-19,-0.9732
2003-06-20,-0.1328
2003-06-23,0.5319
2003-06-24,-0.582
2003-06-25,-0.5322
2003-06-26,-0.428
2003-06-27,0.3493
2003-06-30,1.0442
2003-07-01,-0.3445
2003-07-02,0.2393
2003-07-03,0.5836
2003-07-07,-0.4219
2003-07-08,1.3506
2003-07-09,0.8884
2003-07-10,-1.9684
2003-07-11,0.2642
2003-07-14,0.9223
2003-07-15,-0.4961
2003-07-16,-1.0758
2003-07-17,1.0875
2003-07-18,0.2362
2003-07-21,-0.5497
2003-07-22,0.079
2003-07-23,0.0
2003-07-24,-1.4992
2003-07-25,-0.0801
2003-07-28,-0.2405
2003-07-29,-0.7769
2003-07-30,0.324
2003-07-31,-0.4306
2003-08-01,-0.2162
2003-08-04,-1.3272
2003-08-05,0.0
2003-08-06,0.4941
2003-08-07,4.2079
2003-08-08,1.7155
2003-08-11,0.2335
2003-08-12,1.4497
2003-08-13,1.1738
2003-08-14,1.0845
2003-08-15,1.1727
2003-08-18,-0.9864
2003-08-19,-0.2491
2003-08-20,-0.4744
2003-08-21,1.0537
2003-08-22,-1.5641
2003-08-25,0.3783
2003-08-26,-0.3769
2003-08-27,0.0
2003-08-28,0.9079
2003-08-29,1.5495999999999999
2003-09-02,0.9353
2003-09-03,-2.2921
2003-09-04,-0.3993
2003-09-05,2.0546
2003-09-08,0.8839
2003-09-09,-1.2412
2003-09-10,-1.2321
2003-09-11,0.3743
2003-09-12,0.0994
2003-09-15,0.0248
2003-09-16,-0.8193
2003-09-17,-1.6771
2003-09-18,0.0764
2003-09-19,0.5088
2003-09-22,-0.6834
2003-09-23,1.1978
2003-09-24,0.7555
2003-09-25,-1.8995
2003-09-26,0.1274
2003-09-29,1.4758
2003-09-30,0.8526
2003-10-01,1.268
2003-10-02,0.712
2003-10-03,1.9015
2003-10-06,0.1675
2003-10-07,-0.406
2003-10-08,0.048
2003-10-09,0.024
2003-10-10,1.1503
2003-10-13,0.4501
2003-10-14,0.1179
2003-10-15,-1.2014
2003-10-16,0.2623
2003-10-17,-0.8323
2003-10-20,-0.024
2003-10-21,-1.6071
2003-10-22,-0.2438
2003-10-23,3.2014
2003-10-24,-1.7286000000000001
2003-10-27,0.1687
2003-10-28,0.7698
2003-10-29,0.8833
2003-10-30,2.1532999999999998
2003-10-31,1.3667
2003-11-03,0.2971
2003-11-04,0.7063
2003-11-05,1.1764999999999999
2003-11-06,-0.1901
2003-11-07,0.2705
2003-11-10,-0.2023
2003-11-11,-0.6758
2003-11-12,1.9052
2003-11-13,0.4897
2003-11-14,1.041
2003-11-17,-1.3591
2003-11-18,-0.1556
2003-11-19,1.0238
2003-11-20,1.4761
2003-11-21,0.4776
2003-11-24,0.5834
2003-11-25,2.4275
2003-11-26,0.755
2003-11-28,-0.0624
2003-12-01,2.0621
2003-12-02,0.0408
2003-12-03,-1.3464
2003-12-04,2.5641
2003-12-05,-0.8065
2003-12-08,0.061
2003-12-09,-0.5078
2003-12-10,-1.4087
2003-12-11,-0.1864
2003-12-12,1.3071
2003-12-15,-0.2867
2003-12-16,0.6572
2003-12-17,2.1016
2003-12-18,4.3165
2003-12-19,-0.4789
2003-12-22,-1.2705
2003-12-23,-1.8132000000000001
2003-12-24,1.6084
2003-12-26,0.3909
2003-12-29,1.5573000000000001
2003-12-30,-0.345
2003-12-31,-1.6157
2004-01-02,-0.7038
2004-01-05,3.1305
2004-01-06,0.0382
2004-01-07,0.7061
2004-01-08,-1.0802
2004-01-09,-0.5364
2004-01-12,1.7527
2004-01-13,3.71
2004-01-14,0.4015
2004-01-15,-0.5635
2004-01-16,0.2742
2004-01-20,2.8077
2004-01-21,0.5675
2004-01-22,-1.1285
2004-01-23,2.3364
2004-01-26,0.1743
2004-01-27,-0.6611
2004-01-28,-0.4904
2004-01-29,-1.3024
2004-01-30,-1.1234
2004-02-02,0.7033
2004-02-03,0.5372
2004-02-04,0.0356
2004-02-05,-0.0356
2004-02-06,0.1514
2004-02-09,0.8937
2004-02-10,1.3463
2004-02-11,3.0764
2004-02-12,-0.5766
2004-02-13,-0.3923
2004-02-17,1.5411000000000001
2004-02-18,-1.0793
2004-02-19,-0.716
2004-02-20,-0.1202
2004-02-23,0.1375
2004-02-24,0.1888
2004-02-25,1.3023
2004-02-26,1.4885
2004-02-27,2.5
2004-03-01,1.4634
2004-03-02,-1.8429
2004-03-03,0.0816
2004-03-04,0.5383
2004-03-05,2.3528000000000002
2004-03-08,0.1585
2004-03-09,-1.8677000000000001
2004-03-10,-1.9355
2004-03-11,-1.7269999999999999
2004-03-12,0.7197
2004-03-15,-0.5317
2004-03-16,-0.9856
2004-03-17,1.7378
2004-03-18,1.393
2004-03-19,-0.3108
2004-03-22,-1.4438
2004-03-23,1.5314999999999999
2004-03-24,-1.0166
2004-03-25,-0.6957
2004-03-26,0.9008
2004-03-29,1.835
2004-03-30,-0.1623
2004-03-31,1.4309
2004-04-01,-4.5527
2004-04-02,-1.0077
2004-04-05,1.035
2004-04-06,0.9572
2004-04-07,1.0479
2004-04-08,1.0864
2004-04-12,3.0451
2004-04-13,0.2845
2004-04-14,-2.1273
2004-04-15,1.5777999999999999
2004-04-16,-0.8242
2004-04-19,0.3516
2004-04-20,1.3378
2004-04-21,-1.9802
2004-04-22,3.0944
2004-04-23,-1.1975
2004-04-26,0.7398
2004-04-27,1.0781
2004-04-28,0.8348
2004-04-29,-2.8055
2004-04-30,-0.7886
2004-05-03,1.2719
2004-05-04,-0.6907
2004-05-05,1.0907
2004-05-06,-1.8216999999999999
2004-05-07,-2.9755000000000003
2004-05-10,-3.512
2004-05-11,2.5803000000000003
2004-05-12,2.1156
2004-05-13,0.9299
2004-05-14,-0.3717
2004-05-17,0.0487
2004-05-18,-2.6431
2004-05-19,-0.4664
2004-05-20,-0.5355
2004-05-21,-1.4805
2004-05-24,3.569
2004-05-25,1.0552
2004-05-26,-0.7179
2004-05-27,-0.871
2004-05-28,2.006
2004-06-01,1.8853
2004-06-02,-1.5473
2004-06-03,-2.1225
2004-06-04,-0.4966
2004-06-07,2.2126
2004-06-08,-2.1484
2004-06-09,1.4304999999999999
2004-06-10,-0.8363
2004-06-14,-1.0418
2004-06-15,3.0247
2004-06-16,0.5028
2004-06-17,0.5487
2004-06-18,0.2568
2004-06-21,-0.3842
2004-06-22,1.0929
2004-06-23,1.4149
2004-06-24,-1.3952
2004-06-25,-0.0795
2004-06-28,-2.1321
2004-06-29,1.4632
2004-06-30,1.9388
2004-07-01,0.3772
2004-07-02,0.1096
2004-07-06,0.3911
2004-07-07,4.8457
2004-07-08,-0.9214
2004-07-09,0.03
2004-07-12,-0.9597
2004-07-13,0.0606
2004-07-14,1.9821
2004-07-15,-0.2077
2004-07-16,4.1332
2004-07-19,-1.4849
2004-07-20,-0.3768
2004-07-21,-3.7387
2004-07-22,-1.7984
2004-07-23,-0.1385
2004-07-26,0.262
2004-07-27,1.2757
2004-07-28,1.4418
2004-07-29,1.4811
2004-07-30,0.5013
2004-08-02,-0.088
2004-08-03,0.044
2004-08-04,-4.388
2004-08-05,-5.9555
2004-08-06,-0.2285
2004-08-09,2.5316
2004-08-10,-2.1645
2004-08-11,-3.2776
2004-08-12,-0.0508
2004-08-13,1.5087000000000002
2004-08-16,1.7034
2004-08-17,-2.8407
2004-08-18,2.1295
2004-08-19,2.1182
2004-08-20,-0.4537
2004-08-23,-0.4721
2004-08-24,-0.6706
2004-08-25,-0.8727
2004-08-26,0.5648
2004-08-27,1.4205
2004-08-30,-0.57
2004-08-31,0.7371
2004-09-01,0.9106
2004-09-02,0.1289
2004-09-03,-0.5472
2004-09-07,0.6958
2004-09-08,-0.6428
2004-09-09,3.1053
2004-09-10,-0.9882
2004-09-13,2.82
2004-09-14,1.849
2004-09-15,-1.1044
2004-09-16,0.8261
2004-09-17,1.5324
2004-09-20,0.7173
2004-09-21,4.5104
2004-09-22,-0.3123
2004-09-23,0.8402
2004-09-24,1.6240999999999999
2004-09-27,-0.9728
2004-09-28,2.7365
2004-09-29,-0.8605
2004-09-30,1.9289
2004-10-01,0.6894
2004-10-04,-0.3893
2004-10-05,1.3612
2004-10-06,2.4598
2004-10-07,-1.2069
2004-10-08,-1.5106000000000002
2004-10-11,-0.9603
2004-10-12,-0.1616
2004-10-13,-2.4818
2004-10-14,1.7566000000000002
2004-10-15,-1.2913000000000001
2004-10-18,-1.9278
2004-10-19,-0.1404
2004-10-20,2.1372
2004-10-21,1.7759
2004-10-22,1.9478
2004-10-25,-0.3317
2004-10-26,1.5043
2004-10-27,-1.6131
2004-10-28,-3.1192
2004-10-29,2.3115
2004-11-01,-1.2238
2004-11-02,-0.2723
2004-11-03,2.4846
2004-11-04,0.0533
2004-11-05,1.3979
2004-11-08,-2.4685
2004-11-09,-0.2433
2004-11-10,1.2873
2004-11-11,-0.4147
2004-11-12,2.5793
2004-11-15,-1.1262
2004-11-16,-0.2914
2004-11-17,3.0154
2004-11-18,1.1476
2004-11-19,0.1657
2004-11-22,2.0364
2004-11-23,0.7609
2004-11-24,0.9408
2004-11-26,1.5697999999999999
2004-11-29,-0.4709
2004-11-30,0.1577
2004-12-01,-2.9554
2004-12-02,-2.2341
2004-12-03,1.6341
2004-12-06,0.4271
2004-12-07,-3.0894
2004-12-08,1.9876
2004-12-09,0.7593
2004-12-10,-0.0126
2004-12-13,2.1103
2004-12-14,-0.6643
2004-12-15,4.5077
2004-12-16,-1.896
2004-12-17,-0.3744
2004-12-20,0.6183
2004-12-21,-0.1325
2004-12-22,-1.2428
2004-12-23,0.452
2004-12-27,-2.323
2004-12-28,1.0459
2004-12-29,1.146
2004-12-30,-0.9137
2004-12-31,0.4672
2005-01-03,-5.0055
2005-01-04,0.1675
2005-01-05,-1.4148
2005-01-06,3.2616
2005-01-07,-2.1857
2005-01-10,1.0592
2005-01-11,0.8819
2005-01-12,1.305
2005-01-13,1.5633
2005-01-14,0.8866
2005-01-18,1.4036
2005-01-19,0.9629
2005-01-20,-0.9537
2005-01-21,-0.0963
2005-01-24,0.0964
2005-01-25,0.7463
2005-01-26,1.9355
2005-01-27,1.4534
2005-01-28,-1.0282
2005-01-31,2.1244
2005-02-01,3.0861
2005-02-02,0.9535
2005-02-03,2.3064
2005-02-04,-0.4294
2005-02-07,-1.6926999999999999
2005-02-08,1.8754
2005-02-09,-0.7668
2005-02-10,3.0692
2005-02-11,0.5385
2005-02-14,0.2626
2005-02-15,-0.3247
2005-02-16,1.5029
2005-02-17,-0.8283
2005-02-18,1.0127
2005-02-22,-1.2610000000000001
2005-02-23,0.649
2005-02-24,1.092
2005-02-25,1.3683
2005-02-28,0.5785
2005-03-01,-1.9677
2005-03-02,1.1837
2005-03-03,3.5605
2005-03-04,2.2986
2005-03-07,-1.0275
2005-03-08,2.1151
2005-03-09,-3.2684
2005-03-10,-2.102
2005-03-11,0.3311
2005-03-14,-0.05
2005-03-15,-1.1406
2005-03-16,0.7995
2005-03-17,2.4798999999999998
2005-03-18,0.5878
2005-03-21,-0.6428
2005-03-22,-1.3724
2005-03-23,1.1728
2005-03-24,-0.1867
2005-03-28,-0.5315
2005-03-29,-2.2957
2005-03-30,1.7723
2005-03-31,3.0152
2005-04-01,3.893
2005-04-04,-0.9298
2005-04-05,-1.3984
2005-04-06,4.0643
2005-04-07,-2.0031
2005-04-08,-2.1094
2005-04-11,0.7056
2005-04-12,-2.3007
2005-04-13,-2.2774
2005-04-14,-0.0793
2005-04-15,-4.1782
2005-04-18,1.8125
2005-04-19,2.0041
2005-04-20,-2.4434
2005-04-21,3.1077
2005-04-22,0.1983
2005-04-25,2.5628
2005-04-26,-2.1708
2005-04-27,-2.6330999999999998
2005-04-28,-0.1722
2005-04-29,0.7102
2005-05-02,1.1183
2005-05-03,-3.9554
2005-05-04,1.8672
2005-05-05,1.9245999999999999
2005-05-06,1.4787
2005-05-09,1.7199
2005-05-10,-1.2049
2005-05-11,0.4033
2005-05-12,-4.9569
2005-05-13,-1.1338
2005-05-16,-1.5742
2005-05-17,1.7583
2005-05-18,-0.177
2005-05-19,2.805
2005-05-20,0.8723
2005-05-23,-0.3218
2005-05-24,1.8864
2005-05-25,0.4653
2005-05-26,0.5519
2005-05-27,1.7544
2005-05-31,-1.204
2005-06-01,3.0516
2005-06-02,-0.4068
2005-06-03,0.9119
2005-06-06,0.4236
2005-06-07,-2.3153
2005-06-08,-0.0768
2005-06-09,4.648
2005-06-10,-0.5139
2005-06-13,1.4851
2005-06-14,1.8906
2005-06-15,0.455
2005-06-16,0.3374
2005-06-17,2.7082
2005-06-20,0.6549
2005-06-21,-2.808
2005-06-22,0.7751
2005-06-23,-0.472
2005-06-24,0.7201
2005-06-27,1.3253
2005-06-28,-2.2459
2005-06-29,0.6162
2005-06-30,-0.5424
2005-07-01,3.6858
2005-07-05,2.7318
2005-07-06,-2.0894
2005-07-07,1.9651999999999998
2005-07-08,-0.488
2005-07-11,0.532
2005-07-12,0.9178
2005-07-13,-0.68
2005-07-14,-2.8048
2005-07-15,1.0185
2005-07-18,-0.8738
2005-07-19,0.9408
2005-07-20,1.3099
2005-07-21,-1.9726
2005-07-22,4.2783
2005-07-25,0.0
2005-07-26,0.0081
2005-07-27,-0.0243
2005-07-28,1.9301
2005-07-29,0.0318
2005-08-01,1.885
2005-08-02,1.655
2005-08-03,-1.3054999999999999
2005-08-04,0.1556
2005-08-05,0.0311
2005-08-08,0.6388
2005-08-09,-0.6812
2005-08-10,2.4474
2005-08-11,-0.0304
2005-08-12,0.0304
2005-08-15,-0.3348
2005-08-16,-1.4198
2005-08-17,-5.1727
2005-08-18,-0.2123
2005-08-19,2.2586
2005-08-22,0.5282
2005-08-23,-0.6846
2005-08-24,2.3565
2005-08-25,-0.2036
2005-08-26,-0.6748
2005-08-29,2.6228
2005-08-30,5.8507
2005-08-31,5.7455
2005-09-01,7.3453
2005-09-02,-3.5751
2005-09-06,2.8837
2005-09-07,-0.2196
2005-09-08,-0.3495
2005-09-09,3.4684
2005-09-12,-4.4821
2005-09-13,-1.2093
2005-09-14,0.306
2005-09-15,-1.1804999999999999
2005-09-16,-1.302
2005-09-19,3.672
2005-09-20,-1.9415
2005-09-21,4.4816
2005-09-22,0.5378
2005-09-23,-2.5471
2005-09-26,0.0392
2005-09-27,1.3717
2005-09-28,1.0954
2005-09-29,0.2422
2005-09-30,-0.5595
2005-10-03,1.0614
2005-10-04,-2.8344
2005-10-05,-5.0007
2005-10-06,-1.4393
2005-10-07,4.1446
2005-10-10,-2.2569
2005-10-11,3.7573
2005-10-12,-3.1736
2005-10-13,-3.6448
2005-10-14,2.0183
2005-10-17,1.5495
2005-10-18,-5.109
2005-10-19,1.2347
2005-10-20,-6.4388
2005-10-21,2.395
2005-10-24,5.1962
2005-10-25,2.4205
2005-10-26,-0.9068
2005-10-27,-2.4958
2005-10-28,2.4886
2005-10-31,3.3717
2005-11-01,0.1477
2005-11-02,2.3053
2005-11-03,0.8647
2005-11-04,-5.3773
2005-11-07,-0.6863
2005-11-08,2.1622
2005-11-09,0.3256
2005-11-10,-4.2596
2005-11-11,3.6582
2005-11-14,1.6215000000000002
2005-11-15,-0.8045
2005-11-16,2.6088
2005-11-17,0.3557
2005-11-18,-0.3019
2005-11-21,3.16
2005-11-22,1.6720000000000002
2005-11-23,-0.3766
2005-11-25,1.3609
2005-11-28,-3.6549
2005-11-29,0.0516
2005-11-30,-0.4385
2005-12-01,4.5207
2005-12-02,2.6397
2005-12-05,1.1229
2005-12-06,-1.0746
2005-12-07,0.9656
2005-12-08,-0.012
2005-12-09,-2.451
2005-12-12,2.2797
2005-12-13,-0.3235
2005-12-14,0.7694
2005-12-15,-2.5531
2005-12-16,-2.8526
2005-12-19,-1.2349999999999999
2005-12-20,0.6125
2005-12-21,2.3082
2005-12-22,0.3347
2005-12-23,-1.1243
2005-12-27,-2.9364
2005-12-28,2.24
2005-12-29,-1.5613000000000001
2005-12-30,0.2558
2006-01-03,6.0602
2006-01-04,1.3713
2006-01-05,-1.7325
2006-01-06,3.2726
2006-01-09,0.421
2006-01-10,1.572
2006-01-11,-0.6191
2006-01-12,-0.1615
2006-01-13,2.0682
2006-01-17,0.815
2006-01-18,-1.4035
2006-01-19,2.0954
2006-01-20,0.0558
2006-01-23,-0.5797
2006-01-24,-0.6616
2006-01-25,-0.7676
2006-01-26,1.8769
2006-01-27,2.1103
2006-01-30,5.205
2006-01-31,-1.0498
2006-02-01,-2.6681
2006-02-02,-5.4069
2006-02-03,-2.8294
2006-02-06,0.0822
2006-02-07,-5.4904
2006-02-08,0.0249
2006-02-09,-4.9639
2006-02-10,-5.1447
2006-02-13,1.5733000000000001
2006-02-14,-1.6576
2006-02-15,0.9809
2006-02-16,5.8011
2006-02-17,-0.2974
2006-02-21,0.4669
2006-02-22,-3.1629
2006-02-23,1.6131
2006-02-24,2.2829
2006-02-27,-2.0139
2006-02-28,-2.9978
2006-03-01,2.8475
2006-03-02,2.4144
2006-03-03,-0.2178
2006-03-06,-3.4027
2006-03-07,0.1196
2006-03-08,1.9517
2006-03-09,-1.1851
2006-03-10,0.7248
2006-03-13,2.5121
2006-03-14,1.3529
2006-03-15,0.1259
2006-03-16,2.3393
2006-03-17,-2.163
2006-03-20,-5.326
2006-03-21,1.0747
2006-03-22,-0.8532
2006-03-23,2.8068
2006-03-24,1.4166
2006-03-27,-0.1651
2006-03-28,-0.6614
2006-03-29,1.959
2006-03-30,-0.2135
2006-03-31,-2.3786
2006-04-03,-1.1216
2006-04-04,2.4772
2006-04-05,2.3028
2006-04-06,-0.1865
2006-04-07,-1.1089
2006-04-10,1.5749
2006-04-11,-2.4932
2006-04-12,2.9767
2006-04-13,0.0618
2006-04-17,3.1975
2006-04-18,2.6319
2006-04-19,1.1423
2006-04-20,-2.2704
2006-04-21,2.7594
2006-04-24,-1.2852999999999999
2006-04-25,-2.5343
2006-04-26,-3.1489
2006-04-27,-0.8374
2006-04-28,0.6458
2006-05-01,2.2952
2006-05-02,0.8082
2006-05-03,-1.8547
2006-05-04,-3.0115
2006-05-05,-0.4903
2006-05-08,-0.7477
2006-05-09,-1.4428
2006-05-10,0.8939
2006-05-11,-2.7093
2006-05-12,-2.9431000000000003
2006-05-15,-2.7603999999999997
2006-05-16,-0.1818
2006-05-17,-4.343
2006-05-18,-2.4019
2006-05-19,-0.105
2006-05-22,-0.5558
2006-05-23,1.2387
2006-05-24,-1.5816
2006-05-25,3.5324
2006-05-26,0.4247
2006-05-30,-2.3476
2006-05-31,2.419
2006-06-01,2.0703
2006-06-02,1.3284
2006-06-05,-3.7356
2006-06-06,-1.2886
2006-06-07,-2.0917
2006-06-08,1.1212
2006-06-09,-1.2586
2006-06-12,-3.4294000000000002
2006-06-13,-1.8856000000000002
2006-06-14,1.9218
2006-06-15,1.5556
2006-06-16,-0.9748
2006-06-19,-4.9062
2006-06-20,-0.4272
2006-06-21,3.0198
2006-06-22,1.0091
2006-06-23,-0.6185
2006-06-26,2.0265
2006-06-27,1.3919000000000001
2006-06-28,0.6633
2006-06-29,5.3172
2006-06-30,0.8148
2006-07-03,-0.5773
2006-07-05,0.2032
2006-07-06,-0.1449
2006-07-07,-0.8124
2006-07-10,0.0
2006-07-11,2.2232
2006-07-12,-2.2893
2006-07-13,-2.0062
2006-07-14,1.4196
2006-07-17,-3.0499
2006-07-18,0.6079
2006-07-19,-0.2417
2006-07-20,-1.8018999999999998
2006-07-21,-3.0995
2006-07-24,4.4558
2006-07-25,1.1274
2006-07-26,4.1428
2006-07-27,-1.4032
2006-07-28,0.2347
2006-07-31,1.7856999999999998
2006-08-01,0.0144
2006-08-02,2.243
2006-08-03,4.2469
2006-08-04,0.3507
2006-08-07,4.9231
2006-08-08,1.2341
2006-08-09,0.6095
2006-08-10,-2.2845
2006-08-11,1.2787
2006-08-14,-3.0098
2006-08-15,2.6824
2006-08-16,-0.2945
2006-08-17,-2.3375
2006-08-18,1.3019
2006-08-21,1.4021
2006-08-22,0.3457
2006-08-23,-3.9041
2006-08-24,2.3367
2006-08-25,0.2984
2006-08-28,-1.8626
2006-08-29,-1.2785
2006-08-30,-2.51
2006-08-31,-1.5201
2006-09-01,0.9595
2006-09-05,-1.9008
2006-09-06,-5.5883
2006-09-07,0.7139
2006-09-08,-3.2782
2006-09-11,-2.4885
2006-09-12,-1.2995
2006-09-13,1.9987
2006-09-14,-2.9859999999999998
2006-09-15,-0.9458
2006-09-18,2.6056
2006-09-19,-3.2019
2006-09-20,-3.2589
2006-09-21,0.3706
2006-09-22,-1.5941999999999998
2006-09-25,1.296
2006-09-26,4.8822
2006-09-27,1.3804
2006-09-28,-1.6623999999999999
2006-09-29,0.1288
2006-10-02,-0.5467
2006-10-03,-4.8828
2006-10-04,2.8047
2006-10-05,1.8188
2006-10-06,0.9419
2006-10-09,-1.3996
2006-10-10,1.2563
2006-10-11,1.853
2006-10-12,2.6894
2006-10-13,1.1863
2006-10-16,1.1876
2006-10-17,-0.9931
2006-10-18,-0.228
2006-10-19,0.8835
2006-10-20,-0.8757
2006-10-23,-0.3656
2006-10-24,2.706
2006-10-25,0.8336
2006-10-26,-0.9743
2006-10-27,-1.0137
2006-10-30,-1.7469999999999999
2006-10-31,1.3642
2006-11-01,-1.4819
2006-11-02,-0.9823
2006-11-03,4.1079
2006-11-06,-0.4914
2006-11-07,-2.5834
2006-11-08,2.1431
2006-11-09,0.1208
2006-11-10,-1.4172
2006-11-13,-0.1835
2006-11-14,-0.8733
2006-11-15,2.0402
2006-11-16,-3.4686
2006-11-17,1.5534
2006-11-20,-0.7417
2006-11-21,1.4944
2006-11-22,-2.5
2006-11-24,0.4877
2006-11-27,-0.4696
2006-11-28,1.7144
2006-11-29,4.7163
2006-11-30,0.6497
2006-12-01,1.2031
2006-12-04,-2.2035
2006-12-05,-0.3409
2006-12-06,1.7849
2006-12-07,-0.9645
2006-12-08,-1.2395
2006-12-11,-0.6275
2006-12-12,-0.1203
2006-12-13,1.5806
2006-12-14,0.5631
2006-12-15,0.5894
2006-12-18,-5.1421
2006-12-19,2.1931
2006-12-20,-1.6623999999999999
2006-12-21,-2.505
2006-12-22,-1.1822
2006-12-26,0.0319
2006-12-27,0.3827
2006-12-28,-0.6354
2006-12-29,-0.3038
2007-01-03,-3.8005
2007-01-04,-0.7835
2007-01-05,0.2688
2007-01-08,-0.1676
2007-01-09,-1.8798
2007-01-10,-2.2922000000000002
2007-01-11,1.2255
2007-01-12,3.4763
2007-01-16,-1.7884
2007-01-17,1.0892
2007-01-18,-0.7239
2007-01-19,2.2215
2007-01-22,-0.4313
2007-01-23,2.4657999999999998
2007-01-24,0.6829
2007-01-25,-2.4709
2007-01-26,0.9107
2007-01-29,0.6728
2007-01-30,2.7221
2007-01-31,0.1745
2007-02-01,1.6316000000000002
2007-02-02,-0.4676
2007-02-05,-3.0849
2007-02-06,-0.1939
2007-02-07,0.4695
2007-02-08,0.2265
2007-02-09,-0.8071
2007-02-12,-2.3922
2007-02-13,1.8338999999999999
2007-02-14,0.6385
2007-02-15,-0.8947
2007-02-16,1.4117
2007-02-20,0.955
2007-02-21,2.7577
2007-02-22,2.0128
2007-02-23,1.3307
2007-02-26,0.0302
2007-02-27,-3.3952
2007-02-28,0.656
2007-03-01,0.5431
2007-03-02,-1.42
2007-03-05,-0.7202
2007-03-06,0.5993
2007-03-07,2.4612
2007-03-08,-0.4896
2007-03-09,0.5074
2007-03-12,1.1626
2007-03-13,0.1361
2007-03-14,1.495
2007-03-15,-0.9522
2007-03-16,-1.0065
2007-03-19,1.8665
2007-03-20,2.0259
2007-03-21,1.3141
2007-03-22,1.3258
2007-03-23,1.2089
2007-03-26,-0.6043
2007-03-27,0.2686
2007-03-28,-1.2690000000000001
2007-03-29,0.4142
2007-03-30,0.1849
2007-04-02,1.5190000000000001
2007-04-03,-0.6293
2007-04-04,3.0397
2007-04-05,1.2974999999999999
2007-04-09,-0.1079
2007-04-10,-0.027
2007-04-11,-0.162
2007-04-12,1.6768
2007-04-13,-0.5852
2007-04-16,-1.4447999999999999
2007-04-17,-0.733
2007-04-18,0.3555
2007-04-19,-1.2945
2007-04-20,-0.069
2007-04-23,0.967
2007-04-24,-0.4652
2007-04-25,2.9966
2007-04-26,2.9760999999999997
2007-04-27,-0.4795
2007-04-30,-1.6408
2007-05-01,0.3045
2007-05-02,2.5606999999999998
2007-05-03,-1.583
2007-05-04,-0.4577
2007-05-07,-0.4532
2007-05-08,-0.2914
2007-05-09,-0.5181
2007-05-10,-2.3368
2007-05-11,1.7911000000000001
2007-05-14,-1.1014
2007-05-15,-0.5297
2007-05-16,0.3004
2007-05-17,1.021
2007-05-18,2.439
2007-05-21,1.6838
2007-05-22,1.0479
2007-05-23,0.3329
2007-05-24,-2.1309
2007-05-25,2.073
2007-05-29,-0.7536
2007-05-30,2.2651
2007-05-31,0.3146
2007-06-01,1.7564
2007-06-04,3.7727
2007-06-05,-0.9505
2007-06-06,-3.8023
2007-06-07,-1.5586
2007-06-08,0.8486
2007-06-11,1.3062
2007-06-12,-1.2398
2007-06-13,2.5734
2007-06-14,2.4722
2007-06-15,1.4212
2007-06-18,1.0834
2007-06-19,-0.5475
2007-06-20,-3.6078
2007-06-21,1.7864
2007-06-22,-0.0119
2007-06-25,-0.7642
2007-06-26,-3.3449999999999998
2007-06-27,-1.3071
2007-06-28,-0.0757
2007-06-29,0.5807
2007-07-02,1.6064
2007-07-03,0.1976
2007-07-05,-0.2712
2007-07-06,1.4586000000000001
2007-07-09,0.4386
2007-07-10,0.7399
2007-07-11,-0.7706
2007-07-12,1.5532
2007-07-13,0.4302
2007-07-16,-2.0583
2007-07-17,-4.0695
2007-07-18,1.1143
2007-07-19,-2.5423
2007-07-20,-2.0303
2007-07-23,-0.9313
2007-07-24,-6.0373
2007-07-25,0.8032
2007-07-26,-4.1795
2007-07-27,-3.9971
2007-07-30,2.6288
2007-07-31,-1.2141
2007-08-01,-2.1733000000000002
2007-08-02,2.5126
2007-08-03,-5.6344
2007-08-06,0.974
2007-08-07,1.6383
2007-08-08,0.527
2007-08-09,-1.9735
2007-08-10,6.0868
2007-08-13,-1.0378
2007-08-14,0.1498
2007-08-15,-2.543
2007-08-16,-1.4428
2007-08-17,3.3172
2007-08-20,0.3919
2007-08-21,-0.6456
2007-08-22,5.7126
2007-08-23,-0.386
2007-08-24,2.124
2007-08-27,-0.9837
2007-08-28,-2.8952999999999998
2007-08-29,4.2093
2007-08-30,1.3324
2007-08-31,1.2318
2007-09-04,2.0645
2007-09-05,0.9377
2007-09-06,0.3716
2007-09-07,-2.023
2007-09-10,-1.4845
2007-09-11,0.1507
2007-09-12,-0.7386
2007-09-13,2.2737
2007-09-14,1.024
2007-09-17,-1.2537
2007-09-18,2.7823
2007-09-19,-2.1813
2007-09-20,0.5776
2007-09-21,2.7915
2007-09-24,-0.1169
2007-09-25,-2.3026
2007-09-26,-2.3036
2007-09-27,-4.048
2007-09-28,0.5398
2007-10-01,1.4552
2007-10-02,-0.9609
2007-10-03,-0.5343
2007-10-04,1.2157
2007-10-05,1.9553
2007-10-08,2.5068
2007-10-09,2.5658
2007-10-10,1.2638
2007-10-11,-1.3124
2007-10-12,0.8214
2007-10-15,1.3837
2007-10-16,-1.4031
2007-10-17,-2.031
2007-10-18,-0.9375
2007-10-19,-5.2253
2007-10-22,0.2672
2007-10-23,0.3928
2007-10-24,1.2016
2007-10-25,0.856
2007-10-26,3.217
2007-10-29,-0.9549
2007-10-30,-3.9904
2007-10-31,2.6499
2007-11-01,-4.3614
2007-11-02,1.4491
2007-11-05,2.5557
2007-11-06,2.7823
2007-11-07,-3.8805
2007-11-08,-0.7908
2007-11-09,-1.6641
2007-11-12,-3.4983
2007-11-13,6.5429
2007-11-14,-1.6874
2007-11-15,-3.3202
2007-11-16,4.0308
2007-11-19,-2.6297
2007-11-20,-1.767
2007-11-21,-3.3489
2007-11-23,2.4815
2007-11-26,-3.263
2007-11-27,-2.3199
2007-11-28,1.7812999999999999
2007-11-29,2.6250999999999998
2007-11-30,0.374
2007-12-03,-1.3115
2007-12-04,-2.6276
2007-12-05,-0.7754
2007-12-06,0.6721
2007-12-07,1.2265
2007-12-10,-0.7975
2007-12-11,-1.5306
2007-12-12,1.2561
2007-12-13,2.8842
2007-12-14,2.1854
2007-12-17,0.3687
2007-12-18,1.396
2007-12-19,0.9855
2007-12-20,0.3301
2007-12-21,2.2171
2007-12-24,0.084
2007-12-26,1.1605
2007-12-27,-1.5204
2007-12-28,0.5614
2007-12-31,1.1026
2008-01-02,0.0552
2008-01-03,-4.4978
2008-01-04,-1.7046999999999999
2008-01-07,-3.204
2008-01-08,0.1974
2008-01-09,-3.0156
2008-01-10,-0.1563
2008-01-11,-5.0704
2008-01-14,1.4837
2008-01-15,-4.1098
2008-01-16,-1.3891
2008-01-17,-1.2025000000000001
2008-01-18,3.7733
2008-01-22,-3.0496
2008-01-23,-1.6073
2008-01-24,4.6724
2008-01-25,1.1411
2008-01-28,1.4601
2008-01-29,3.8266999999999998
2008-01-30,-2.0633
2008-01-31,0.0322
2008-02-01,2.2347
2008-02-04,-0.2988
2008-02-05,-5.4259
2008-02-06,-1.6428
2008-02-07,2.0613
2008-02-08,4.1562
2008-02-11,0.9295
2008-02-12,-1.6196000000000002
2008-02-13,1.1298
2008-02-14,-1.6757
2008-02-15,-0.4869
2008-02-19,2.9848
2008-02-20,2.5816
2008-02-21,-1.4513
2008-02-22,-0.376
2008-02-25,2.0758
2008-02-26,3.1274
2008-02-27,-2.0167
2008-02-28,-4.025
2008-02-29,-2.9706
2008-03-03,0.9332
2008-03-04,-1.5247000000000002
2008-03-05,0.593
2008-03-06,-6.337
2008-03-07,-1.9231
2008-03-10,-1.0517
2008-03-11,3.5669
2008-03-12,-7.3404
2008-03-13,1.9148
2008-03-14,-3.7208
2008-03-17,-6.409
2008-03-18,6.1733
2008-03-19,3.6003
2008-03-20,3.4752
2008-03-24,3.3045999999999998
2008-03-25,-4.5028
2008-03-26,-2.3484
2008-03-27,-5.0895
2008-03-28,2.6517
2008-03-31,0.4018
2008-04-01,4.3644
2008-04-02,0.8583
2008-04-03,-3.1324
2008-04-04,-2.3178
2008-04-07,1.0333
2008-04-08,-0.8712
2008-04-09,2.4455
2008-04-10,-1.3428
2008-04-11,-2.741
2008-04-14,1.7687
2008-04-15,-0.5921
2008-04-16,5.5524000000000004
2008-04-17,1.4743
2008-04-18,-0.1794
2008-04-21,-1.7429999999999999
2008-04-22,-2.7067
2008-04-23,-1.7105000000000001
2008-04-24,-2.3523
2008-04-25,-0.3721
2008-04-28,-3.5581
2008-04-29,-2.4664
2008-04-30,-3.0094
2008-05-01,2.9735
2008-05-02,-3.1387
2008-05-05,1.3178
2008-05-06,-4.1151
2008-05-07,-0.0889
2008-05-08,-1.3668
2008-05-09,-0.7269
2008-05-12,4.9657
2008-05-13,-2.5725
2008-05-14,1.1188
2008-05-15,0.0
2008-05-16,-1.4605000000000001
2008-05-19,1.5495
2008-05-20,1.5701
2008-05-21,-2.6127000000000002
2008-05-22,2.4592
2008-05-23,-2.5747
2008-05-27,-1.4334
2008-05-28,3.4992
2008-05-29,-3.1394
2008-05-30,0.7933
2008-06-02,6.6787
2008-06-03,2.5084
2008-06-04,-9.0685
2008-06-05,-0.2488
2008-06-06,-5.4863
2008-06-09,-0.7436
2008-06-10,-3.7699
2008-06-11,0.9041
2008-06-12,-0.0996
2008-06-13,1.146
2008-06-16,-4.3103
2008-06-17,4.0669
2008-06-18,-3.9821999999999997
2008-06-19,2.3957
2008-06-20,-2.3145
2008-06-23,3.5540000000000003
2008-06-24,-3.7055
2008-06-25,3.2283
2008-06-26,-5.0788
2008-06-27,-1.2124
2008-06-30,8.5646
2008-07-01,0.0246
2008-07-02,0.4914
2008-07-03,-2.9584
2008-07-07,1.6377000000000002
2008-07-08,-1.7353
2008-07-09,-8.1483
2008-07-10,-1.2085
2008-07-11,-3.5585
2008-07-14,-4.0357
2008-07-15,1.6221
2008-07-16,1.8622999999999998
2008-07-17,6.4423
2008-07-18,0.0545
2008-07-21,4.5504
2008-07-22,-0.2346
2008-07-23,-6.1129
2008-07-24,-3.7006
2008-07-25,0.1734
2008-07-28,6.1148
2008-07-29,0.9785
2008-07-30,14.4818
2008-07-31,-4.5145
2008-08-01,-0.3447
2008-08-04,-1.6555
2008-08-05,5.2513
2008-08-06,3.3182
2008-08-07,-1.5712000000000002
2008-08-08,7.234
2008-08-11,0.5952
2008-08-12,-1.6437
2008-08-13,0.8913
2008-08-14,-4.2403
2008-08-15,2.8137
2008-08-18,-8.9278
2008-08-19,2.3891999999999998
2008-08-20,1.0344
2008-08-21,-3.9524
2008-08-22,-1.3634
2008-08-25,-0.8294
2008-08-26,2.2808
2008-08-27,4.8811
2008-08-28,-0.2835
2008-08-29,5.141
2008-09-02,-7.6611
2008-09-03,4.6364
2008-09-04,-2.9618
2008-09-05,0.3124
2008-09-08,4.3364
2008-09-09,-5.8783
2008-09-10,3.4643
2008-09-11,12.3792
2008-09-12,0.3987
2008-09-15,-20.209
2008-09-16,2.2525
2008-09-17,1.1527
2008-09-18,3.9504
2008-09-19,1.486
2008-09-22,-6.6251
2008-09-23,-0.5398
2008-09-24,0.0775
2008-09-25,4.9329
2008-09-26,-1.1076
2008-09-29,-11.9214
2008-09-30,0.5369
2008-10-01,-2.3890000000000002
2008-10-02,-9.8474
2008-10-03,-2.4273
2008-10-06,-9.1326
2008-10-07,-5.4395
2008-10-08,0.2286
2008-10-09,-5.8913
2008-10-10,2.2617
2008-10-13,21.6825
2008-10-14,0.6816
2008-10-15,-13.7975
2008-10-16,-5.3478
2008-10-17,-0.6322
2008-10-20,12.6044
2008-10-21,0.6356
2008-10-22,-10.0702
2008-10-23,1.6777
2008-10-24,-7.1757
2008-10-27,-0.3307
2008-10-28,12.8577
2008-10-29,0.5145
2008-10-30,7.8245000000000005
2008-10-31,3.4249
2008-11-03,-3.0492
2008-11-04,4.464
2008-11-05,-0.9712
2008-11-06,-0.8173
2008-11-07,5.7257
2008-11-10,4.3136
2008-11-11,-4.8898
2008-11-12,0.1269
2008-11-13,14.1363
2008-11-14,5.4429
2008-11-17,-3.7925
2008-11-18,4.1062
2008-11-19,-12.7005
2008-11-20,-14.4277
2008-11-21,19.2186
2008-11-24,6.1411
2008-11-25,1.363
2008-11-26,7.2173
2008-11-28,1.7149
2008-12-01,-11.4243
2008-12-02,-0.5682
2008-12-03,0.8286
2008-12-04,-4.5622
2008-12-05,6.6508
2008-12-08,7.2105
2008-12-09,-2.4669
2008-12-10,0.7987
2008-12-11,-2.113
2008-12-12,-2.9951
2008-12-15,-3.338
2008-12-16,11.6835
2008-12-17,5.7459
2008-12-18,-2.924
2008-12-19,6.1747
2008-12-22,-0.8511
2008-12-23,-1.8598
2008-12-24,2.3081
2008-12-26,0.9974
2008-12-29,-0.0941
2008-12-30,1.318
2008-12-31,0.9524
2009-01-02,0.9664
2009-01-05,2.6436
2009-01-06,-1.9982
2009-01-07,-4.1912
2009-01-08,2.4592
2009-01-09,-2.7233
2009-01-12,-2.1827
2009-01-13,2.3041
2009-01-14,-5.1683
2009-01-15,-0.25
2009-01-16,6.0401
2009-01-20,-6.9251000000000005
2009-01-21,3.9868
2009-01-22,-3.5164999999999997
2009-01-23,6.0238
2009-01-26,5.2757
2009-01-27,0.7256
2009-01-28,6.281
2009-01-29,-2.5842
2009-01-30,0.7175
2009-02-02,-6.6926
2009-02-03,3.4012000000000002
2009-02-04,0.4923
2009-02-05,-7.7711
2009-02-06,-3.1615
2009-02-09,1.1301
2009-02-10,-7.7477
2009-02-11,0.646
2009-02-12,1.8187
2009-02-13,-2.9945
2009-02-17,-2.9786
2009-02-18,-3.4608
2009-02-19,-1.5032999999999999
2009-02-20,-2.8471
2009-02-23,-2.0242
2009-02-24,6.3521
2009-02-25,1.6526999999999998
2009-02-26,-1.0839
2009-02-27,-3.5467
2009-03-02,-10.6129
2009-03-03,-0.1003
2009-03-04,1.7409
2009-03-05,-5.9559
2009-03-06,-4.5836
2009-03-09,-0.1467
2009-03-10,5.8759
2009-03-11,-1.7343
2009-03-12,2.7533
2009-03-13,-4.2254
2009-03-16,0.8608
2009-03-17,0.0356
2009-03-18,-1.2798
2009-03-19,3.0248
2009-03-20,-6.0818
2009-03-23,7.3316
2009-03-24,-5.3745
2009-03-25,1.5756999999999999
2009-03-26,4.0765
2009-03-27,-5.5806000000000004
2009-03-30,-2.6799
2009-03-31,-0.1132
2009-04-01,0.0
2009-04-02,6.3444
2009-04-03,1.3494
2009-04-06,-0.946
2009-04-07,-0.283
2009-04-08,0.0355
2009-04-09,2.9433
2009-04-13,-1.8946
2009-04-14,-2.5281000000000002
2009-04-15,0.036
2009-04-16,1.9806
2009-04-17,-0.6003
2009-04-20,-5.5773
2009-04-21,3.386
2009-04-22,-2.0378
2009-04-23,2.6746
2009-04-24,0.9768
2009-04-27,-4.0129
2009-04-28,0.5226
2009-04-29,0.0743
2009-04-30,-1.6327
2009-05-01,6.7899
2009-05-04,5.5811
2009-05-05,1.0037
2009-05-06,4.1404
2009-05-07,-3.5941
2009-05-08,4.8317
2009-05-11,-4.3865
2009-05-12,-1.5957
2009-05-13,-0.4054
2009-05-14,-0.1357
2009-05-15,-4.3139
2009-05-18,0.781
2009-05-19,1.1623999999999999
2009-05-20,0.6964
2009-05-21,-5.1521
2009-05-22,-0.1823
2009-05-26,-0.767
2009-05-27,4.2694
2009-05-28,3.1062
2009-05-29,4.1767
2009-06-01,0.3286
2009-06-02,-0.7534
2009-06-03,-7.4917
2009-06-04,2.6757
2009-06-05,-2.0848
2009-06-08,-0.7452
2009-06-09,0.0358
2009-06-10,-1.2509000000000001
2009-06-11,-2.0992
2009-06-12,-2.2921
2009-06-15,-1.0216
2009-06-16,-1.5673
2009-06-17,-3.1068
2009-06-18,0.2004
2009-06-19,-2.16
2009-06-22,-4.0883
2009-06-23,0.682
2009-06-24,-3.0906
2009-06-25,4.1503
2009-06-26,-2.2232
2009-06-29,-0.0858
2009-06-30,-0.3864
2009-07-01,1.3793
2009-07-02,-1.3605
2009-07-06,-4.1379
2009-07-07,-1.7086000000000001
2009-07-08,-0.366
2009-07-09,2.3875
2009-07-10,-0.9417
2009-07-13,1.177
2009-07-14,1.3423
2009-07-15,2.5166
2009-07-16,0.5168
2009-07-17,0.2571
2009-07-20,0.6838
2009-07-21,0.8913
2009-07-22,-1.4304000000000001
2009-07-23,4.3534
2009-07-24,0.3681
2009-07-27,3.26
2009-07-28,-2.1705
2009-07-29,-1.8959000000000001
2009-07-30,1.6859
2009-07-31,-0.1617
2009-08-03,3.6452
2009-08-04,1.3286
2009-08-05,1.8126
2009-08-06,-3.0303
2009-08-07,3.0469
2009-08-10,0.4601
2009-08-11,-1.6794
2009-08-12,-0.0388
2009-08-13,1.5922
2009-08-14,-1.0321
2009-08-17,-4.017
2009-08-18,1.4085
2009-08-19,0.3175
2009-08-20,2.6503
2009-08-21,0.3854
2009-08-24,0.2687
2009-08-25,0.9571
2009-08-26,5.0057
2009-08-27,0.2167
2009-08-28,-1.2252
2009-08-31,-1.8606
2009-09-01,-4.684
2009-09-02,-1.4041000000000001
2009-09-03,2.2152
2009-09-04,1.9737
2009-09-08,0.9108
2009-09-09,-1.6924000000000001
2009-09-10,3.2517
2009-09-11,1.8896
2009-09-14,0.9091
2009-09-15,-1.1532
2009-09-16,2.078
2009-09-17,2.6071
2009-09-18,-1.0094
2009-09-21,-2.2855
2009-09-22,0.5038
2009-09-23,-2.3272
2009-09-24,-2.1628
2009-09-25,3.9715
2009-09-28,1.3333
2009-09-29,-0.569
2009-09-30,1.7525
2009-10-01,-3.2689
2009-10-02,-1.4172
2009-10-05,3.4648
2009-10-06,-0.6413
2009-10-07,2.1513
2009-10-08,2.3868
2009-10-09,0.3085
2009-10-12,1.9139
2009-10-13,0.6372
2009-10-14,-0.7331
2009-10-15,10.1041
2009-10-16,-0.5793
2009-10-19,0.3373
2009-10-20,0.6112
2009-10-21,0.1519
2009-10-22,2.3051
2009-10-23,-1.8085
2009-10-26,-1.3285
2009-10-27,-1.7748
2009-10-28,-2.7414
2009-10-29,2.3382
2009-10-30,-3.5994
2009-11-02,0.3247
2009-11-03,1.7151999999999998
2009-11-04,-2.3863
2009-11-05,2.412
2009-11-06,-9.2616
2009-11-09,-2.0915
2009-11-10,-0.3621
2009-11-11,0.9084
2009-11-12,-1.9806
2009-11-13,-1.9838
2009-11-16,-0.937
2009-11-17,-0.5675
2009-11-18,0.0
2009-11-19,-2.8158
2009-11-20,1.5270000000000001
2009-11-23,-1.0027
2009-11-24,-0.1948
2009-11-25,1.4052
2009-11-27,-2.117
2009-11-30,-0.9044
2009-12-01,1.9048
2009-12-02,-0.2336
2009-12-03,-0.3513
2009-12-04,1.4884
2009-12-07,-0.1544
2009-12-08,0.1546
2009-12-09,-0.7333
2009-12-10,1.7496
2009-12-11,-0.1528
2009-12-14,0.0
2009-12-15,-1.7604
2009-12-16,-0.4675
2009-12-17,-1.0568
2009-12-18,0.9494
2009-12-21,1.4107
2009-12-22,-0.2318
2009-12-23,-1.1619
2009-12-24,1.2147000000000001
2009-12-28,-1.1614
2009-12-29,-0.2742
2009-12-30,2.1995
2009-12-31,0.3075
2010-01-04,6.0153
2010-01-05,1.8432
2010-01-06,1.8808
2010-01-07,1.0798
2010-01-08,-0.5513
2010-01-11,-1.6979
2010-01-12,-3.5953
2010-01-13,-1.0969
2010-01-14,0.7024
2010-01-15,0.4038
2010-01-19,1.2066
2010-01-20,-0.0723
2010-01-21,-2.6391999999999998
2010-01-22,-2.8593
2010-01-25,-0.344
2010-01-26,0.959
2010-01-27,-1.6337000000000002
2010-01-28,-0.9656
2010-01-29,-2.1451000000000002
2010-02-01,6.1778
2010-02-02,2.4775
2010-02-03,-2.967
2010-02-04,-3.0955
2010-02-05,-0.1169
2010-02-08,-1.7161
2010-02-09,2.5397
2010-02-10,0.0774
2010-02-11,0.8894
2010-02-12,-0.0767
2010-02-16,4.0509
2010-02-17,-0.8157
2010-02-18,0.7103
2010-02-19,0.297
2010-02-22,0.4071
2010-02-23,-3.5754
2010-02-24,1.4526
2010-02-25,-0.6405
2010-02-26,0.0
2010-03-01,0.493
2010-03-02,3.6226000000000003
2010-03-03,2.6948
2010-03-04,0.9574
2010-03-05,2.5991999999999997
2010-03-08,-2.191
2010-03-09,1.0851
2010-03-10,3.6357
2010-03-11,0.3007
2010-03-12,-0.9993
2010-03-15,0.1346
2010-03-16,1.7137
2010-03-17,1.3545
2010-03-18,-1.206
2010-03-19,-1.7156
2010-03-22,0.5707
2010-03-23,0.6008
2010-03-24,0.1659
2010-03-25,-4.1736
2010-03-26,-1.1407
2010-03-29,0.5245
2010-03-30,0.9739
2010-03-31,2.3424
2010-04-01,3.5342000000000002
2010-04-05,2.8283
2010-04-06,-0.6007
2010-04-07,-3.3079
2010-04-08,-1.0855
2010-04-09,1.9287999999999998
2010-04-12,-1.5333999999999999
2010-04-13,0.5302
2010-04-14,0.5933
2010-04-15,0.0
2010-04-16,-4.0957
2010-04-19,1.2641
2010-04-20,3.0364
2010-04-21,-1.0151
2010-04-22,0.2646
2010-04-23,3.0353
2010-04-26,0.0
2010-04-27,-3.17
2010-04-28,1.422
2010-04-29,2.4454000000000002
2010-04-30,4.3285
2010-05-03,0.3051
2010-05-04,-1.9769
2010-05-05,-1.7065000000000001
2010-05-06,-3.851
2010-05-07,-4.432
2010-05-10,6.8705
2010-05-11,-1.9929000000000001
2010-05-12,3.3454
2010-05-13,0.8886
2010-05-14,-2.7996
2010-05-17,-1.1974
2010-05-18,-1.6458
2010-05-19,-2.075
2010-05-20,-5.0581
2010-05-21,2.0878
2010-05-24,-0.952
2010-05-25,-0.0356
2010-05-26,-0.0356
2010-05-27,6.4482
2010-05-28,-0.0335
2010-06-01,-5.0218
2010-06-02,3.7363
2010-06-03,3.7717
2010-06-04,-4.5842
2010-06-07,-0.8922
2010-06-08,-0.277
2010-06-09,-1.1111
2010-06-10,6.7416
2010-06-11,1.0197
2010-06-14,1.9538
2010-06-15,2.9703
2010-06-16,6.2965
2010-06-17,-0.0875
2010-06-18,2.2488
2010-06-21,-0.0857
2010-06-22,-1.2579
2010-06-23,0.2316
2010-06-24,-0.26
2010-06-25,4.9522
2010-06-28,0.0
2010-06-29,-3.532
2010-06-30,-0.5435
2010-07-01,-4.9468
2010-07-02,-1.5129000000000001
2010-07-06,-0.768
2010-07-07,3.6842
2010-07-08,1.0451
2010-07-09,0.0591
2010-07-12,-0.9155
2010-07-13,1.073
2010-07-14,-2.5361000000000002
2010-07-15,0.5144
2010-07-16,-1.2944
2010-07-19,-0.7014
2010-07-20,2.5491
2010-07-21,-1.0782
2010-07-22,1.5743
2010-07-23,0.2683
2010-07-26,2.7645999999999997
2010-07-27,-1.0414
2010-07-28,-0.9646
2010-07-29,1.2102
2010-07-30,4.0245
2010-08-02,0.3084
2010-08-03,1.3415
2010-08-04,3.4473
2010-08-05,0.8264
2010-08-06,-0.7932
2010-08-09,0.7996
2010-08-10,-0.4495
2010-08-11,-5.6308
2010-08-12,-1.2102
2010-08-13,1.7094
2010-08-16,0.112
2010-08-17,0.4777
2010-08-18,-0.1119
2010-08-19,-0.252
2010-08-20,-1.7401
2010-08-23,-0.457
2010-08-24,-2.3816
2010-08-25,-0.1764
2010-08-26,-0.6184
2010-08-27,1.9259
2010-08-30,-1.1337
2010-08-31,-0.9703
2010-09-01,1.1876
2010-09-02,1.4965
2010-09-03,3.9318
2010-09-07,-0.8901
2010-09-08,2.0488
2010-09-09,-0.8801
2010-09-10,0.0
2010-09-13,1.0266
2010-09-14,0.2746
2010-09-15,-1.9173
2010-09-16,-1.5638
2010-09-17,-2.8369
2010-09-20,1.8394
2010-09-21,-0.5161
2010-09-22,-1.7290999999999999
2010-09-23,-1.173
2010-09-24,2.819
2010-09-27,-1.3276
2010-09-28,2.6031
2010-09-29,3.3637
2010-09-30,0.6619
2010-10-01,0.2466
2010-10-04,-0.9565
2010-10-05,4.553
2010-10-06,-0.0528
2010-10-07,0.977
2010-10-08,2.5888999999999998
2010-10-11,-0.4333
2010-10-12,-0.1536
2010-10-13,2.1282
2010-10-14,-0.2009
2010-10-15,0.2013
2010-10-18,1.4060000000000001
2010-10-19,-1.9312
2010-10-20,0.6059
2010-10-21,-1.2798
2010-10-22,-0.3559
2010-10-25,0.8163
2010-10-26,-0.6832
2010-10-27,1.121
2010-10-28,0.0756
2010-10-29,-5.6647
2010-11-01,-1.0675
2010-11-02,0.1888
2010-11-03,1.3463
2010-11-04,2.0987999999999998
2010-11-05,-0.5464
2010-11-08,0.6803
2010-11-09,-0.7017
2010-11-10,1.4132
2010-11-11,0.3871
2010-11-12,-0.9512
2010-11-15,-0.2336
2010-11-16,-0.7574
2010-11-17,1.3158
2010-11-18,1.7403
2010-11-19,-0.6382
2010-11-22,1.3361
2010-11-23,0.2789
2010-11-24,1.9722
2010-11-26,-0.3223
2010-11-29,-0.1493
2010-11-30,0.0
2010-12-01,1.42
2010-12-02,1.2036
2010-12-03,-3.932
2010-12-06,0.4295
2010-12-07,0.2264
2010-12-08,-1.7067999999999999
2010-12-09,0.4852
2010-12-10,1.7534999999999998
2010-12-13,-0.8492
2010-12-14,-0.9068
2010-12-15,-1.8556
2010-12-16,1.554
2010-12-17,-1.5812
2010-12-20,1.6066
2010-12-21,1.9893
2010-12-22,0.05
2010-12-23,-0.3749
2010-12-27,-0.276
2010-12-28,0.5786
2010-12-29,0.075
2010-12-30,1.4496
2010-12-31,-0.6898
2011-01-03,2.5304
2011-01-04,-0.7017
2011-01-05,-0.9016
2011-01-06,0.1967
2011-01-07,-1.7669000000000001
2011-01-10,-3.1476
2011-01-11,-0.3869
2011-01-12,2.434
2011-01-13,1.542
2011-01-14,0.1245
2011-01-18,4.003
2011-01-19,-0.6455
2011-01-20,-2.358
2011-01-21,0.8871
2011-01-24,1.0503
2011-01-25,1.6679
2011-01-26,0.6895
2011-01-27,0.4486
2011-01-28,2.1627
2011-01-31,-2.324
2011-02-01,1.8138999999999998
2011-02-02,-0.0694
2011-02-03,0.9956
2011-02-04,-2.8886
2011-02-07,-0.6138
2011-02-08,1.3064
2011-02-09,-1.4068
2011-02-10,1.1415
2011-02-11,0.7994
2011-02-14,0.2799
2011-02-15,-1.1671
2011-02-16,0.8739
2011-02-17,0.4917
2011-02-18,1.9338
2011-02-22,-1.92
2011-02-23,0.2564
2011-02-24,-3.9981
2011-02-25,2.1308
2011-02-28,-0.7587
2011-03-01,-0.9556
2011-03-02,0.5065
2011-03-03,1.3439
2011-03-04,0.3552
2011-03-07,-0.5191
2011-03-08,-1.186
2011-03-09,1.5602
2011-03-10,-1.2999
2011-03-11,3.7596
2011-03-14,1.2001
2011-03-15,-1.1631
2011-03-16,-1.9382000000000001
2011-03-17,2.9647
2011-03-18,-0.6856
2011-03-21,2.5080999999999998
2011-03-22,-0.6285
2011-03-23,0.5647
2011-03-24,0.9209
2011-03-25,2.8933999999999997
2011-03-28,-1.4060000000000001
2011-03-29,0.5704
2011-03-30,0.6326
2011-03-31,-1.1706
2011-04-01,1.1406
2011-04-04,0.0651
2011-04-05,0.5418
2011-04-06,-1.5521
2011-04-07,-1.7736
2011-04-08,-0.6687
2011-04-11,-0.9201
2011-04-12,-2.8539
2011-04-13,0.3964
2011-04-14,-0.5341
2011-04-15,0.1634
2011-04-18,-2.2611
2011-04-19,-0.7393
2011-04-20,-0.0721
2011-04-21,1.3946
2011-04-25,0.7114
2011-04-26,0.3061
2011-04-27,0.2113
2011-04-28,-0.937
2011-04-29,0.8749
2011-05-02,-1.9691
2011-05-03,-2.6781
2011-05-04,-0.4177
2011-05-05,-1.1596
2011-05-06,2.5711
2011-05-09,1.8496000000000001
2011-05-10,1.601
2011-05-11,-4.3979
2011-05-12,-0.3444
2011-05-13,-0.5924
2011-05-16,-1.2913000000000001
2011-05-17,-1.5596999999999999
2011-05-18,3.2324
2011-05-19,-0.2734
2011-05-20,-0.7476
2011-05-23,-1.4562
2011-05-24,-0.1019
2011-05-25,0.4336
2011-05-26,0.3047
2011-05-27,1.7215
2011-05-31,0.7715
2011-06-01,-2.2475
2011-06-02,-0.3032
2011-06-03,1.0644
2011-06-06,-1.2036
2011-06-07,4.0102
2011-06-08,-1.2933
2011-06-09,1.508
2011-06-10,-1.6804999999999999
2011-06-13,-2.0064
2011-06-14,2.73
2011-06-15,-2.6574999999999998
2011-06-16,-1.0364
2011-06-17,-0.5875
2011-06-20,1.2847
2011-06-21,2.8411999999999997
2011-06-22,-0.0987
2011-06-23,0.1728
2011-06-24,-3.5000999999999998
2011-06-27,0.613
2011-06-28,2.0817
2011-06-29,2.4869
2011-06-30,1.2133
2011-07-01,1.2467
2011-07-05,-1.3024
2011-07-06,1.0317
2011-07-07,1.8285
2011-07-08,-0.0466
2011-07-11,-1.9365
2011-07-12,-2.3317
2011-07-13,-0.0731
2011-07-14,-0.1219
2011-07-15,2.3188
2011-07-18,-1.5744
2011-07-19,2.1328
2011-07-20,0.5695
2011-07-21,1.2742
2011-07-22,-1.5377
2011-07-25,-0.2366
2011-07-26,-1.5655000000000001
2011-07-27,-1.5181
2011-07-28,-0.2936
2011-07-29,-0.2454
2011-08-01,-0.123
2011-08-02,-3.5221999999999998
2011-08-03,-0.6638
2011-08-04,-7.7615
2011-08-05,-5.2382
2011-08-08,-11.526
2011-08-09,3.8883
2011-08-10,-0.1607
2011-08-11,7.5982
2011-08-12,2.693
2011-08-15,6.6434
2011-08-16,-3.5519
2011-08-17,0.5949
2011-08-18,-5.0408
2011-08-19,0.7711
2011-08-22,0.9417
2011-08-23,4.9854
2011-08-24,0.4443
2011-08-25,-2.0459
2011-08-26,0.8467
2011-08-29,3.3865
2011-08-30,2.301
2011-08-31,0.9262
2011-09-01,-1.311
2011-09-02,-4.0648
2011-09-06,5.3171
2011-09-07,3.0765
2011-09-08,-4.1837
2011-09-09,-1.1715
2011-09-12,0.6196
2011-09-13,-0.0803
2011-09-14,-0.7771
2011-09-15,2.4575
2011-09-16,-2.3195
2011-09-19,-2.0507
2011-09-20,-0.7713
2011-09-21,-3.8034
2011-09-22,-4.4156
2011-09-23,-1.2379
2011-09-26,4.1577
2011-09-27,-1.3502
2011-09-28,-4.3142
2011-09-29,-1.0572
2011-09-30,-2.5456
2011-10-03,-2.8378
2011-10-04,4.2814
2011-10-05,4.6467
2011-10-06,1.2165
2011-10-07,-2.524
2011-10-10,5.4562
2011-10-11,0.3508
2011-10-12,0.8739
2011-10-13,-0.462
2011-10-14,2.4949
2011-10-17,-3.1984
2011-10-18,4.4152000000000005
2011-10-19,-1.4562
2011-10-20,0.9378
2011-10-21,1.661
2011-10-24,0.6092
2011-10-25,-1.4313
2011-10-26,2.3457
2011-10-27,5.839
2011-10-28,1.3921000000000001
2011-10-31,-5.3394
2011-11-01,-2.2025
2011-11-02,1.8951
2011-11-03,2.6685
2011-11-04,-1.1552
2011-11-07,-0.3453
2011-11-08,0.0533
2011-11-09,-4.199
2011-11-10,0.8654
2011-11-11,0.941
2011-11-14,0.8774
2011-11-15,0.0
2011-11-16,-2.7180999999999997
2011-11-17,-0.5588
2011-11-18,1.4611
2011-11-21,-1.5785
2011-11-22,0.3939
2011-11-23,0.2803
2011-11-25,1.3415
2011-11-28,4.7158999999999995
2011-11-29,1.2642
2011-11-30,0.9363
2011-12-01,-0.0258
2011-12-02,0.5155
2011-12-05,1.7436
2011-12-06,-0.8317
2011-12-07,-0.8895
2011-12-08,-2.4872
2011-12-09,2.2614
2011-12-12,-1.2343
2011-12-13,-1.4319
2011-12-14,0.6339
2011-12-15,1.916
2011-12-16,0.7468
2011-12-19,-1.1759
2011-12-20,2.1469
2011-12-21,0.6584
2011-12-22,1.5346
2011-12-23,0.9167
2011-12-27,0.5156
2011-12-28,-1.2457
2011-12-29,0.6678
2011-12-30,0.7862
2012-01-03,-0.3413
2012-01-04,1.6389
2012-01-05,-0.3851
2012-01-06,0.459
2012-01-09,-1.6595
2012-01-10,0.6603
2012-01-11,2.0408
2012-01-12,1.0476
2012-01-13,-0.6362
2012-01-17,0.332
2012-01-18,5.3086
2012-01-19,-0.1888
2012-01-20,-0.027
2012-01-23,0.2974
2012-01-24,1.6712
2012-01-25,2.492
2012-01-26,-1.0864
2012-01-27,0.34
2012-01-30,0.6516
2012-01-31,-0.6732
2012-02-01,0.1043
2012-02-02,-0.3906
2012-02-03,0.6536
2012-02-06,3.3506
2012-02-07,2.0357
2012-02-08,-1.1576
2012-02-09,-0.6728
2012-02-10,-1.6307
2012-02-13,0.2295
2012-02-14,0.8951
2012-02-15,0.1014
2012-02-16,1.2155
2012-02-17,-0.0751
2012-02-21,-0.7011
2012-02-22,-0.7312
2012-02-23,0.9906
2012-02-24,-0.9306
2012-02-27,-0.7108
2012-02-28,-0.5625
2012-02-29,-0.6686
2012-03-01,1.8121
2012-03-02,-0.7374
2012-03-05,-0.6148
2012-03-06,-1.4175
2012-03-07,1.0458
2012-03-08,2.8978
2012-03-09,0.6789
2012-03-12,-0.3497
2012-03-13,0.5263
2012-03-14,-0.7729
2012-03-15,1.0804
2012-03-16,0.1989
2012-03-19,0.3721
2012-03-20,-1.2852000000000001
2012-03-21,-1.0516
2012-03-22,-1.8218999999999999
2012-03-23,0.7474
2012-03-26,-0.1023
2012-03-27,-0.4866
2012-03-28,-1.0808
2012-03-29,-0.5463
2012-03-30,-0.2093
2012-04-02,1.6252
2012-04-03,1.8313000000000001
2012-04-04,-1.1398
2012-04-05,-0.3075
2012-04-09,-0.6168
2012-04-10,-2.767
2012-04-11,0.0532
2012-04-12,2.0999
2012-04-13,-1.3277999999999999
2012-04-16,0.0528
2012-04-17,0.8439
2012-04-18,0.6015
2012-04-19,-0.052
2012-04-20,-0.078
2012-04-23,2.733
2012-04-24,1.3935
2012-04-25,0.5497
2012-04-26,0.9692
2012-04-27,0.6891
2012-04-30,20.484
2012-05-01,0.8724
2012-05-02,-0.0201
2012-05-03,1.6697
2012-05-04,-0.6134
2012-05-07,-1.0751
2012-05-08,-1.4289
2012-05-09,-1.4496
2012-05-10,1.2429999999999999
2012-05-11,0.4092
2012-05-14,-0.9578
2012-05-15,-0.8642
2012-05-16,-0.3126
2012-05-17,-1.0663
2012-05-18,-0.951
2012-05-21,2.6456
2012-05-22,-0.873
2012-05-23,-0.3984
2012-05-24,-0.3158
2012-05-25,-0.1267
2012-05-29,-0.296
2012-05-30,-1.0604
2012-05-31,-0.4287
2012-06-01,-1.0334
2012-06-04,-0.6961
2012-06-05,0.8762
2012-06-06,0.8469
2012-06-07,0.3015
2012-06-08,0.365
2012-06-11,-0.0856
2012-06-12,0.4068
2012-06-13,0.3198
2012-06-14,0.0425
2012-06-15,-0.3824
2012-06-18,0.5758
2012-06-19,1.1238
2012-06-20,0.8388
2012-06-21,-1.5388
2012-06-22,0.887
2012-06-25,-0.8164
2012-06-26,0.0422
2012-06-27,1.7511
2012-06-28,-1.6173
2012-06-29,0.1054
2012-07-02,0.3158
2012-07-03,0.3148
2012-07-05,-0.3556
2012-07-06,0.5459
2012-07-09,0.1044
2012-07-10,-0.6049
2012-07-11,0.2099
2012-07-12,-0.0838
2012-07-13,0.4821
2012-07-16,0.1043
2012-07-17,0.5001
2012-07-18,-0.2695
2012-07-19,0.0832
2012-07-20,-0.0831
2012-07-23,-0.3326
2012-07-24,-0.7092
2012-07-25,-0.3782
2012-07-26,0.8435
2012-07-27,0.3764
2012-07-30,0.7292
2012-07-31,-0.3309
2012-08-01,-0.0208
2012-08-02,-1.6812
2012-08-03,0.4644
2012-08-06,0.2101
2012-08-07,0.6317
2012-08-08,-0.6696
2012-08-09,0.8005
2012-08-10,0.0418
2012-08-13,-0.94
2012-08-14,0.2109
2012-08-15,0.1684
2012-08-16,-0.042
2012-08-17,-0.3573
2012-08-20,-0.7382
2012-08-21,-0.17
2012-08-22,-0.2341
2012-08-23,-0.32
2012-08-24,0.0642
2012-08-27,0.1283
2012-08-28,0.47
2012-08-29,0.1276
2012-08-30,0.2124
2012-08-31,0.0
2012-09-04,1.1655
2012-09-05,-0.0419
2012-09-06,-0.1048
2012-09-07,0.2517
2012-09-10,-0.9835
2012-09-11,-0.1479
2012-09-12,0.1905
2012-09-13,0.338
2012-09-14,-0.4
2012-09-17,-0.2536
2012-09-18,-0.445
2012-09-19,-0.2767
2012-09-20,-0.2348
2012-09-21,0.706
2012-09-24,1.1472
2012-09-25,-1.3443
2012-09-26,-0.8516
2012-09-27,-0.0644
2012-09-28,0.6231
2012-10-01,-0.6193
2012-10-02,0.6876
2012-10-03,-0.128
2012-10-04,-0.1068
