ticker,CPICQ US Equity
field,DAY_TO_DAY_TOT_RETURN_GROSS_DVDS
date,
2000-01-03,-1.108
2000-01-04,-0.2801
2000-01-05,-0.5618
2000-01-06,0.565
2000-01-07,-0.8427
2000-01-10,0.2833
2000-01-11,-0.8475
2000-01-12,0.0
2000-01-13,3.4188
2000-01-14,2.2039
2000-01-18,-0.5391
2000-01-19,1.626
2000-01-20,1.8667
2000-01-21,-3.6649000000000003
2000-01-24,-0.5435
2000-01-25,-0.2732
2000-01-26,-0.5479
2000-01-27,-0.2755
2000-01-28,-1.3812
2000-01-31,0.0
2000-02-01,0.8403
2000-02-02,1.3889
2000-02-03,3.5616
2000-02-04,2.9101
2000-02-07,0.0
2000-02-08,0.5141
2000-02-09,-0.7673
2000-02-10,0.0
2000-02-11,0.0
2000-02-14,-0.2577
2000-02-15,0.5168
2000-02-16,-0.7095
2000-02-17,0.5208
2000-02-18,-1.8135
2000-02-22,-1.3193
2000-02-23,-1.6042999999999998
2000-02-24,2.7174
2000-02-25,4.7619
2000-02-28,-1.7677
2000-02-29,1.2852999999999999
2000-03-01,-0.2538
2000-03-02,0.7634
2000-03-03,-1.0101
2000-03-06,0.2551
2000-03-07,-1.2723
2000-03-08,-3.0928
2000-03-09,0.266
2000-03-10,3.9788
2000-03-13,-1.2755
2000-03-14,-4.3928
2000-03-15,1.0811
2000-03-16,1.8717000000000001
2000-03-17,-4.4619
2000-03-20,2.4725
2000-03-21,-0.8043
2000-03-22,-1.8919000000000001
2000-03-23,0.2755
2000-03-24,-1.0989
2000-03-27,1.6667
2000-03-28,-2.1858
2000-03-29,1.1173
2000-03-30,1.3812
2000-03-31,1.6349
2000-04-03,1.3405
2000-04-04,-1.8519
2000-04-05,-2.6954000000000002
2000-04-06,-0.277
2000-04-07,6.6667
2000-04-10,-1.3021
2000-04-11,2.3747
2000-04-12,-2.5773
2000-04-13,-0.5291
2000-04-14,0.5319
2000-04-17,-0.7937
2000-04-18,2.1333
2000-04-19,0.0
2000-04-20,-1.0444
2000-04-24,0.5277
2000-04-25,0.5249
2000-04-26,-0.5222
2000-04-27,0.5249
2000-04-28,-0.2611
2000-05-01,-0.5236
2000-05-02,0.5263
2000-05-03,-1.3089
2000-05-04,-0.7958
2000-05-05,0.2674
2000-05-08,-0.8
2000-05-09,0.5376
2000-05-10,-0.8021
2000-05-11,1.1429
2000-05-12,-1.8767
2000-05-15,-7.6503
2000-05-16,0.5917
2000-05-17,4.7059
2000-05-18,-0.2809
2000-05-19,0.8451
2000-05-22,0.2793
2000-05-23,1.9499
2000-05-24,-0.8197
2000-05-25,-0.8264
2000-05-26,-2.2222
2000-05-30,0.0
2000-05-31,1.4205
2000-06-01,-1.4006
2000-06-02,0.0
2000-06-05,0.0
2000-06-06,-1.7045
2000-06-07,-0.578
2000-06-08,0.8721
2000-06-09,0.2882
2000-06-12,-0.8621
2000-06-13,-0.2899
2000-06-14,-0.2907
2000-06-15,-3.4985
2000-06-16,-0.3021
2000-06-19,-1.2121
2000-06-20,2.1471999999999998
2000-06-21,0.6006
2000-06-22,-3.8806000000000003
2000-06-23,-0.3106
2000-06-26,9.0343
2000-06-27,-1.7143000000000002
2000-06-28,3.1977
2000-06-29,3.662
2000-06-30,-8.1522
2000-07-03,2.9586
2000-07-05,4.3103
2000-07-06,0.8264
2000-07-07,4.0984
2000-07-10,3.1496
2000-07-11,2.0356
2000-07-12,-0.7481
2000-07-13,0.0
2000-07-14,0.5025
2000-07-17,1.75
2000-07-18,-1.7199
2000-07-19,-0.5
2000-07-20,2.0101
2000-07-21,0.9852
2000-07-24,-0.9756
2000-07-25,-2.4631
2000-07-26,1.0101
2000-07-27,-2.0
2000-07-28,0.0
2000-07-31,1.2755
2000-08-01,-1.5112999999999999
2000-08-02,-1.023
2000-08-03,-1.0336
2000-08-04,0.2611
2000-08-07,1.0417
2000-08-08,0.2577
2000-08-09,-1.7995
2000-08-10,-0.5236
2000-08-11,0.5263
2000-08-14,-0.2618
2000-08-15,0.0
2000-08-16,0.5249
2000-08-17,0.0627
2000-08-18,0.2625
2000-08-21,0.5236
2000-08-22,0.0
2000-08-23,0.2604
2000-08-24,-0.2597
2000-08-25,0.7813
2000-08-28,0.2584
2000-08-29,-0.2577
2000-08-30,0.2584
2000-08-31,0.5155
2000-09-01,1.5385
2000-09-05,0.5051
2000-09-06,0.0
2000-09-07,-0.5025
2000-09-08,0.0
2000-09-11,-0.2525
2000-09-12,-0.5063
2000-09-13,0.0
2000-09-14,-2.0356
2000-09-15,-4.4156
2000-09-18,-2.1739
2000-09-19,-2.7778
2000-09-20,1.4285999999999999
2000-09-21,0.2817
2000-09-22,-1.1236
2000-09-25,0.0
2000-09-26,-0.2841
2000-09-27,-1.1396
2000-09-28,0.2882
2000-09-29,-2.2989
2000-10-02,1.1764999999999999
2000-10-03,0.8721
2000-10-04,-1.4409
2000-10-05,-0.2924
2000-10-06,-0.2933
2000-10-09,1.1764999999999999
2000-10-10,-0.8721
2000-10-11,0.0
2000-10-12,-3.5191
2000-10-13,-0.9119
2000-10-16,0.3067
2000-10-17,0.3058
2000-10-18,-2.1341
2000-10-19,1.5575999999999999
2000-10-20,0.6135
2000-10-23,-2.1341
2000-10-24,-1.8692
2000-10-25,1.2698
2000-10-26,-1.5674000000000001
2000-10-27,-1.2739
2000-10-30,1.9355
2000-10-31,2.2152
2000-11-01,1.548
2000-11-02,3.6585
2000-11-03,1.7647
2000-11-06,-0.578
2000-11-07,1.1628
2000-11-08,0.5747
2000-11-09,-0.5714
2000-11-10,-0.5747
2000-11-13,2.0231
2000-11-14,3.6827
2000-11-15,0.5464
2000-11-16,-0.75
2000-11-17,0.0
2000-11-20,-0.551
2000-11-21,0.277
2000-11-22,-0.2762
2000-11-24,-0.554
2000-11-27,0.2786
2000-11-28,-1.3889
2000-11-29,1.1268
2000-11-30,-0.5571
2000-12-01,1.4006
2000-12-04,1.6575
2000-12-05,1.3587
2000-12-06,2.9491
2000-12-07,-0.5208
2000-12-08,-1.5707
2000-12-11,-0.266
2000-12-12,-1.6
2000-12-13,-1.355
2000-12-14,-3.022
2000-12-15,0.5666
2000-12-18,0.8451
2000-12-19,-0.2793
2000-12-20,-4.4818
2000-12-21,-3.2258
2000-12-22,-1.8182
2000-12-26,-1.5432000000000001
2000-12-27,1.2539
2000-12-28,0.0
2000-12-29,-0.9288
2001-01-02,-1.25
2001-01-03,-0.6329
2001-01-04,0.0
2001-01-05,1.5924
2001-01-08,0.0
2001-01-09,0.0
2001-01-10,-2.8213
2001-01-11,0.0
2001-01-12,0.6452
2001-01-16,1.6026
2001-01-17,0.3155
2001-01-18,-1.8868
2001-01-19,-1.6026
2001-01-22,2.2801
2001-01-23,1.2739
2001-01-24,0.6289
2001-01-25,-2.1875
2001-01-26,-1.5974
2001-01-29,0.9351
2001-01-30,-0.6691
2001-01-31,1.2953000000000001
2001-02-01,3.376
2001-02-02,1.1875
2001-02-05,-0.6846
2001-02-06,5.7607
2001-02-07,0.5587
2001-02-08,-0.9259
2001-02-09,0.4673
2001-02-12,2.2791
2001-02-13,-0.0455
2001-02-14,0.0455
2001-02-15,0.2274
2001-02-16,-0.0457
2001-02-20,-0.6396
2001-02-21,-0.2299
2001-02-22,0.0
2001-02-23,1.3364
2001-02-26,-0.1819
2001-02-27,-2.2779
2001-02-28,-0.9324
2001-03-01,0.9412
2001-03-02,0.4662
2001-03-05,-0.232
2001-03-06,-1.6279
2001-03-07,-1.2293
2001-03-08,-0.4308
2001-03-09,-3.8942
2001-03-12,0.8004
2001-03-13,-0.2978
2001-03-14,-0.6969
2001-03-15,-0.2506
2001-03-16,0.0
2001-03-19,0.9045
2001-03-20,-0.3486
2001-03-21,-0.05
2001-03-22,-0.25
2001-03-23,0.401
2001-03-26,-1.1482999999999999
2001-03-27,-0.2525
2001-03-28,-0.5063
2001-03-29,0.0
2001-03-30,0.5089
2001-04-02,-0.3544
2001-04-03,-1.3211
2001-04-04,-1.6478000000000002
2001-04-05,-0.5236
2001-04-06,-2.6316
2001-04-09,0.5405
2001-04-10,1.0753
2001-04-11,-0.266
2001-04-12,1.3333
2001-04-16,-0.5263
2001-04-17,0.5291
2001-04-18,-1.5789
2001-04-19,1.3369
2001-04-20,-0.2639
2001-04-23,0.0
2001-04-24,-0.3704
2001-04-25,0.1062
2001-04-26,-0.2653
2001-04-27,1.0106
2001-04-30,-1.0005
2001-05-01,0.7979
2001-05-02,0.2111
2001-05-03,-0.2106
2001-05-04,0.5277
2001-05-07,1.8373
2001-05-08,-1.5464
2001-05-09,-0.5759
2001-05-10,-0.4213
2001-05-11,-0.3702
2001-05-14,0.5839
2001-05-15,-2.3747
2001-05-16,2.7027
2001-05-17,1.0
2001-05-18,1.0499
2001-05-21,2.0779
2001-05-22,5.3435
2001-05-23,-1.4493
2001-05-24,-1.7157
2001-05-25,0.0
2001-05-29,-0.9975
2001-05-30,0.806
2001-05-31,-1.5492
2001-06-01,2.2843
2001-06-04,0.4467
2001-06-05,-0.1976
2001-06-06,-0.9901
2001-06-07,-1.5
2001-06-08,0.203
2001-06-11,1.0638
2001-06-12,0.7519
2001-06-13,-0.9453
2001-06-14,0.452
2001-06-15,-0.25
2001-06-18,2.5063
2001-06-19,-1.7115
2001-06-20,0.4975
2001-06-21,8.9109
2001-06-22,-1.5909
2001-06-25,4.157
2001-06-26,0.2661
2001-06-27,1.7248999999999999
2001-06-28,-0.6957
2001-06-29,7.268
2001-07-02,-3.8776
2001-07-03,-2.5478
2001-07-05,-4.793
2001-07-06,-3.8902
2001-07-09,2.3810000000000002
2001-07-10,-0.8837
2001-07-11,0.3754
2001-07-12,0.4675
2001-07-13,-0.4188
2001-07-16,-1.7757
2001-07-17,3.235
2001-07-18,-3.2258
2001-07-19,0.2381
2001-07-20,-1.4252
2001-07-23,-0.7229
2001-07-24,-1.4078
2001-07-25,0.9355
2001-07-26,1.1219999999999999
2001-07-27,-1.8331
2001-07-30,0.1474
2001-07-31,-0.1472
2001-08-01,0.7371
2001-08-02,0.0
2001-08-03,-1.4634
2001-08-06,0.7426
2001-08-07,0.2457
2001-08-08,-0.9804
2001-08-09,0.7426
2001-08-10,0.7371
2001-08-13,0.0
2001-08-14,-2.439
2001-08-15,-2.25
2001-08-16,0.9719
2001-08-17,0.7653
2001-08-20,-1.0127
2001-08-21,-0.0512
2001-08-22,0.3071
2001-08-23,-1.5306
2001-08-24,1.5544
2001-08-27,-1.5306
2001-08-28,0.5181
2001-08-29,0.0
2001-08-30,-2.1134
2001-08-31,0.0
2001-09-04,-0.4739
2001-09-05,-2.3810000000000002
2001-09-06,0.2168
2001-09-07,-1.298
2001-09-10,-1.4795
2001-09-17,-2.9477
2001-09-18,-2.8653
2001-09-19,-1.4748999999999999
2001-09-20,-2.3952
2001-09-21,-4.908
2001-09-24,-0.129
2001-09-25,-11.8217
2001-09-26,0.3663
2001-09-27,-0.365
2001-09-28,5.2747
2001-10-01,-0.9047
2001-10-02,1.7556
2001-10-03,-0.069
2001-10-04,-2.9696
2001-10-05,-1.1388
2001-10-08,0.072
2001-10-09,0.3597
2001-10-10,3.5842
2001-10-11,-0.346
2001-10-12,-0.9722
2001-10-15,6.9425
2001-10-16,2.9508
2001-10-17,1.9108
2001-10-18,0.0
2001-10-19,1.5625
2001-10-22,1.4154
2001-10-23,-2.3058
2001-10-24,0.0
2001-10-25,0.559
2001-10-26,1.9148
2001-10-29,-3.0303
2001-10-30,1.25
2001-10-31,-1.2346
2001-11-01,0.625
2001-11-02,1.8634
2001-11-05,1.2195
2001-11-06,-0.9036
2001-11-07,-1.8237
2001-11-08,-0.5573
2001-11-09,-0.0623
2001-11-12,1.1215
2001-11-13,-1.4171
2001-11-14,1.8125
2001-11-15,1.2891
2001-11-16,-0.978
2001-11-19,3.0864
2001-11-20,-0.8982
2001-11-21,-1.2085
2001-11-23,2.8135
2001-11-26,0.8328
2001-11-27,-4.4248
2001-11-28,1.5432000000000001
2001-11-29,0.0
2001-11-30,3.9514
2001-12-03,-0.4094
2001-12-04,2.4662
2001-12-05,4.8711
2001-12-06,3.2787
2001-12-07,-1.5873
2001-12-10,-3.2258
2001-12-11,-4.1111
2001-12-12,-1.2167
2001-12-13,-2.6393
2001-12-14,0.4819
2001-12-17,0.4197
2001-12-18,1.194
2001-12-19,-0.295
2001-12-20,-1.4793
2001-12-21,1.2012
2001-12-24,-0.2967
2001-12-26,-0.5952
2001-12-27,-0.0599
2001-12-28,-1.0785
2001-12-31,0.5451
2002-01-02,-0.5422
2002-01-03,0.424
2002-01-04,2.5332
2002-01-07,-2.9412000000000003
2002-01-08,2.6061
2002-01-09,0.1772
2002-01-10,0.1769
2002-01-11,-1.1183
2002-01-14,-0.8929
2002-01-15,-0.3604
2002-01-16,-0.2411
2002-01-17,-0.9063
2002-01-18,-1.5244
2002-01-22,0.9288
2002-01-23,-0.6135
2002-01-24,-1.8519
2002-01-25,-0.0629
2002-01-28,-0.2517
2002-01-29,-0.3155
2002-01-30,0.0
2002-01-31,-0.6329
2002-02-01,-1.2739
2002-02-04,0.9677
2002-02-05,1.5974
2002-02-06,-3.4591
2002-02-07,1.9544000000000001
2002-02-08,2.5559
2002-02-11,-1.9315
2002-02-12,-2.1601
2002-02-13,-0.0649
2002-02-14,-1.9493
2002-02-15,-0.2676
2002-02-19,0.6036
2002-02-20,3.4
2002-02-21,-3.9329
2002-02-22,1.0067
2002-02-25,1.2625
2002-02-26,-1.6404
2002-02-27,0.4003
2002-02-28,2.99
2002-03-01,-0.3226
2002-03-04,-0.6472
2002-03-05,0.0
2002-03-06,0.9772
2002-03-07,0.0645
2002-03-08,0.9026
2002-03-11,2.2364
2002-03-12,0.3125
2002-03-13,2.1184
2002-03-14,0.3661
2002-03-15,-3.6474
2002-03-18,2.082
2002-03-19,2.9048
2002-03-20,-0.9009
2002-03-21,3.0303
2002-03-22,3.2941
2002-03-25,-2.6196
2002-03-26,0.0
2002-03-27,0.8772
2002-03-28,-4.6377
2002-04-01,1.459
2002-04-02,-0.8388
2002-04-03,0.1208
2002-04-04,0.0604
2002-04-05,-0.4825
2002-04-08,1.7576
2002-04-09,0.0596
2002-04-10,1.1905000000000001
2002-04-11,-0.2941
2002-04-12,0.295
2002-04-15,0.0
2002-04-16,0.1176
2002-04-17,-0.1175
2002-04-18,0.8824
2002-04-19,0.5831
2002-04-22,1.2174
2002-04-23,2.52
2002-04-24,0.5587
2002-04-25,0.9444
2002-04-26,-0.3853
2002-04-29,0.0
2002-04-30,4.9724
2002-05-01,-2.3684
2002-05-02,4.4205
2002-05-03,-1.3939
2002-05-06,0.7853
2002-05-07,-0.7792
2002-05-08,0.0
2002-05-09,-3.1414
2002-05-10,-0.9189
2002-05-13,0.9274
2002-05-14,4.8108
2002-05-15,-0.722
2002-05-16,-2.9091
2002-05-17,-1.0782
2002-05-20,1.4169
2002-05-21,0.4836
2002-05-22,-0.6952
2002-05-23,0.1616
2002-05-24,-0.5914
2002-05-28,0.0541
2002-05-29,0.0
2002-05-30,1.0811
2002-05-31,-4.0642
2002-06-03,-1.0591
2002-06-04,1.8028
2002-06-05,-0.6641
2002-06-06,-2.7855
2002-06-07,-0.0573
2002-06-10,-1.3761
2002-06-11,-0.9302
2002-06-12,-4.4014
2002-06-13,-3.6219
2002-06-14,0.0
2002-06-17,6.3057
2002-06-18,-1.1384
2002-06-19,-1.7576
2002-06-20,-0.4935
2002-06-21,0.372
2002-06-24,4.3854
2002-06-25,-0.2959
2002-06-26,4.451
2002-06-27,6.3068
2002-06-28,4.1689
2002-07-01,-5.0795
2002-07-02,-2.1081
2002-07-03,3.81
2002-07-05,0.5319
2002-07-08,-1.746
2002-07-09,1.6155
2002-07-10,0.6889
2002-07-11,-0.6842
2002-07-12,-3.0207
2002-07-15,-1.0929
2002-07-16,-2.4862
2002-07-17,-0.0567
2002-07-18,-0.2268
2002-07-19,1.4205
2002-07-22,-0.7283
2002-07-23,-5.7562
2002-07-24,1.1976
2002-07-25,-0.2959
2002-07-26,1.4837
2002-07-29,-0.5848
2002-07-30,-0.3529
2002-07-31,-2.0071
2002-08-01,-0.8434
2002-08-02,-1.5188000000000001
2002-08-05,-2.5293
2002-08-06,2.5316
2002-08-07,0.9259
2002-08-08,3.3639
2002-08-09,0.0
2002-08-12,0.0
2002-08-13,-5.0296
2002-08-14,2.1807
2002-08-15,-1.2195
2002-08-16,1.1728
2002-08-19,0.6154
2002-08-20,-2.1407
2002-08-21,1.25
2002-08-22,-0.3086
2002-08-23,-1.8576000000000001
2002-08-26,-0.9464
2002-08-27,-1.6561
2002-08-28,-3.8212
2002-08-29,0.9428
2002-08-30,-0.0667
2002-09-03,-2.1362
2002-09-04,2.1828
2002-09-05,-1.5354
2002-09-06,1.0169
2002-09-09,-0.604
2002-09-10,0.2701
2002-09-11,-0.6734
2002-09-12,-4.8814
2002-09-13,0.8553
2002-09-16,0.8481
2002-09-17,0.911
2002-09-18,-0.6944
2002-09-19,-0.979
2002-09-20,-0.0706
2002-09-23,-1.5548
2002-09-24,-2.2972
2002-09-25,-3.7472
2002-09-26,2.6718
2002-09-27,-0.7435
2002-09-30,2.9962999999999997
2002-10-01,1.7455
2002-10-02,0.0715
2002-10-03,0.0714
2002-10-04,-0.4283
2002-10-07,-3.2258
2002-10-08,-0.0741
2002-10-09,-5.8562
2002-10-10,-5.0394
2002-10-11,1.99
2002-10-14,-0.813
2002-10-15,6.5574
2002-10-16,-1.0769
2002-10-17,1.0886
2002-10-18,-0.3077
2002-10-21,-0.463
2002-10-22,0.7752
2002-10-23,4.0769
2002-10-24,-2.2912
2002-10-25,3.2526
2002-10-28,0.0
2002-10-29,1.7582
2002-10-30,-2.8078
2002-10-31,1.8519
2002-11-01,8.7273
2002-11-04,-1.5385
2002-11-05,-1.4946
2002-11-06,-0.4138
2002-11-07,-2.6316
2002-11-08,-0.7824
2002-11-11,-0.3584
2002-11-12,-1.9424000000000001
2002-11-13,-3.8885
2002-11-14,0.0
2002-11-15,-1.5267
2002-11-18,-0.6977
2002-11-19,1.171
2002-11-20,1.6204
2002-11-21,2.0501
2002-11-22,-0.7519
2002-11-25,-1.8939
2002-11-26,0.3861
2002-11-27,-1.1538
2002-11-29,-0.3891
2002-12-02,-3.125
2002-12-03,-3.5484
2002-12-04,4.8495
2002-12-05,-0.3987
2002-12-06,2.0817
2002-12-09,-3.0588
2002-12-10,2.3463
2002-12-11,3.5573
2002-12-12,0.3817
2002-12-13,0.1521
2002-12-16,0.2278
2002-12-17,-2.5758
2002-12-18,-5.7543
2002-12-19,-1.8152
2002-12-20,2.6891
2002-12-23,5.4828
2002-12-24,-0.6982
2002-12-26,2.5
2002-12-27,-1.6006
2002-12-30,1.0844
2002-12-31,11.0345
2003-01-02,-1.7252999999999998
2003-01-03,-3.0899
2003-01-06,4.3478
2003-01-07,-1.5972
2003-01-08,-2.6112
2003-01-09,3.2609
2003-01-10,0.3509
2003-01-13,0.0699
2003-01-14,1.8868
2003-01-15,-2.1262
2003-01-16,0.5606
2003-01-17,-0.9059
2003-01-21,0.5626
2003-01-22,1.6783000000000001
2003-01-23,-0.4127
2003-01-24,-2.6243
2003-01-27,0.7092
2003-01-28,-1.338
2003-01-29,-0.7852
2003-01-30,1.4388
2003-01-31,-0.7801
2003-02-03,-2.4303
2003-02-04,-2.9304
2003-02-05,1.1320999999999999
2003-02-06,-0.9701
2003-02-07,-2.0347
2003-02-10,1.1538
2003-02-11,-5.3232
2003-02-12,0.8032
2003-02-13,1.0359
2003-02-14,-1.1164
2003-02-18,1.129
2003-02-19,-1.9139
2003-02-20,0.0
2003-02-21,9.7561
2003-02-24,-1.7037
2003-02-25,0.2261
2003-02-26,0.0752
2003-02-27,-1.728
2003-02-28,-1.9878
2003-03-03,4.3682
2003-03-04,-2.0927
2003-03-05,-0.3817
2003-03-06,-0.9962
2003-03-07,0.6192
2003-03-10,1.1538
2003-03-11,-2.6616
2003-03-12,-0.8594
2003-03-13,1.4971999999999999
2003-03-14,0.2329
2003-03-17,-3.1758
2003-03-18,1.2
2003-03-19,0.2372
2003-03-20,0.5521
2003-03-21,2.7451
2003-03-24,-1.0687
2003-03-25,0.2315
2003-03-26,-6.2356
2003-03-27,2.2167
2003-03-28,6.4257
2003-03-31,-0.9057
2003-04-01,-0.6093
2003-04-02,0.5364
2003-04-03,-0.1524
2003-04-04,-1.2214
2003-04-07,1.2365
2003-04-08,-0.3817
2003-04-09,0.3831
2003-04-10,0.0763
2003-04-11,-0.8391
2003-04-14,1.5385
2003-04-15,0.0
2003-04-16,-1.2121
2003-04-17,1.227
2003-04-21,-0.2273
2003-04-22,0.6834
2003-04-23,0.0754
2003-04-24,-0.0754
2003-04-25,-2.6395
2003-04-28,3.4082
2003-04-29,-1.0487
2003-04-30,1.0598
2003-05-01,-0.3745
2003-05-02,-0.4511
2003-05-05,-1.7372
2003-05-06,0.3843
2003-05-07,-1.072
2003-05-08,0.1548
2003-05-09,0.541
2003-05-12,-0.6149
2003-05-13,-0.3094
2003-05-14,-2.2498
2003-05-15,-1.2698
2003-05-16,-4.4715
2003-05-19,0.0
2003-05-20,-0.5106
2003-05-21,0.4277
2003-05-22,0.5111
2003-05-23,6.4407
2003-05-27,5.414
2003-05-28,10.2719
2003-05-29,4.4521
2003-05-30,0.9836
2003-06-02,0.2597
2003-06-03,-2.8497
2003-06-04,-3.2667
2003-06-05,2.7567
2003-06-06,0.5366
2003-06-09,4.0694
2003-06-10,-0.5128
2003-06-11,3.7371
2003-06-12,0.0621
2003-06-13,0.4345
2003-06-16,1.2979
2003-06-17,-0.8542
2003-06-18,-0.3077
2003-06-19,-1.2346
2003-06-20,-0.1875
2003-06-23,-1.6280999999999999
2003-06-24,5.0286
2003-06-25,3.0303
2003-06-26,2.3529
2003-06-27,3.4483
2003-06-30,-1.9444
2003-07-01,-3.1161
2003-07-02,0.7018
2003-07-03,1.2776
2003-07-07,-0.7454
2003-07-08,2.4263
2003-07-09,4.8505
2003-07-10,-2.4744
2003-07-11,3.144
2003-07-14,-0.8021
2003-07-15,-0.9164
2003-07-16,-0.4897
2003-07-17,-2.1323
2003-07-18,-1.1173
2003-07-21,-1.4123999999999999
2003-07-22,-0.2865
2003-07-23,-1.3218
2003-07-24,-3.6692
2003-07-25,2.5393
2003-07-28,-0.2358
2003-07-29,0.6501
2003-07-30,0.3523
2003-07-31,-0.0585
2003-08-01,-4.1569
2003-08-04,-0.9163
2003-08-05,-1.3564
2003-08-06,-2.8125
2003-08-07,-1.4148
2003-08-08,-0.9132
2003-08-11,-0.395
2003-08-12,1.4541
2003-08-13,0.2606
2003-08-14,1.4295
2003-08-15,-0.9709
2003-08-18,0.6536
2003-08-19,7.1429
2003-08-20,0.0606
2003-08-21,1.4537
2003-08-22,-1.4328
2003-08-25,0.5451
2003-08-26,-0.6024
2003-08-27,-0.6061
2003-08-28,1.2195
2003-08-29,0.3012
2003-09-02,1.0811
2003-09-03,1.2478
2003-09-04,5.6925
2003-09-05,-2.7207
2003-09-08,1.0274
2003-09-09,0.8475
2003-09-10,-1.4006
2003-09-11,0.2841
2003-09-12,2.5496
2003-09-15,-0.1105
2003-09-16,0.1106
2003-09-17,-0.3315
2003-09-18,3.3814
2003-09-19,1.3405
2003-09-22,-2.963
2003-09-23,1.8538999999999999
2003-09-24,0.6959
2003-09-25,0.4785
2003-09-26,-0.7937
2003-09-29,-1.6
2003-09-30,-0.271
2003-10-01,6.25
2003-10-02,0.5115
2003-10-03,0.2545
2003-10-06,-0.5076
2003-10-07,0.2041
2003-10-08,-2.3422
2003-10-09,2.4505
2003-10-10,0.7634
2003-10-13,-0.7071
2003-10-14,-0.6612
2003-10-15,-0.9729
2003-10-16,-3.0507
2003-10-17,1.92
2003-10-20,0.8896
2003-10-21,-0.5187
2003-10-22,-2.5026
2003-10-23,1.123
2003-10-24,-0.3173
2003-10-27,2.2281
2003-10-28,1.5568
2003-10-29,-0.4599
2003-10-30,1.7454
2003-10-31,-0.555
2003-11-03,1.4713
2003-11-04,3.25
2003-11-05,2.615
2003-11-06,0.3775
2003-11-07,7.8984
2003-11-10,0.2614
2003-11-11,-2.9987
2003-11-12,-0.3136
2003-11-13,3.1011
2003-11-14,-0.7847
2003-11-17,1.1424
2003-11-18,-1.2598
2003-11-19,0.7919
2003-11-20,1.0039
2003-11-21,0.0435
2003-11-24,0.0435
2003-11-25,0.3043
2003-11-26,-0.2167
2003-11-28,0.1303
2003-12-01,1.0412
2003-12-02,-0.3864
2003-12-03,-2.5862
2003-12-04,-3.0973
2003-12-05,-0.0913
2003-12-08,-0.7313
2003-12-09,-2.8545
2003-12-10,0.3318
2003-12-11,2.9759
2003-12-12,-0.9633
2003-12-15,-3.6591
2003-12-16,0.0481
2003-12-17,0.4325
2003-12-18,0.4306
2003-12-19,-1.0481
2003-12-22,1.0592
2003-12-23,-0.1429
2003-12-24,-0.4294
2003-12-26,-0.575
2003-12-29,1.1084
2003-12-30,0.429
2003-12-31,-4.0816
2004-01-02,4.4038
2004-01-05,0.0474
2004-01-06,-0.7579
2004-01-07,0.4773
2004-01-08,2.3278
2004-01-09,-0.3714
2004-01-12,2.0503
2004-01-13,1.0046
2004-01-14,-0.5877
2004-01-15,0.1819
2004-01-16,0.7717
2004-01-20,-0.4054
2004-01-21,-0.0452
2004-01-22,0.0
2004-01-23,0.181
2004-01-26,0.0
2004-01-27,-0.4065
2004-01-28,-1.9048
2004-01-29,-1.5257
2004-01-30,0.4695
2004-02-02,-0.1869
2004-02-03,0.6554
2004-02-04,-1.1628
2004-02-05,1.8353000000000002
2004-02-06,2.1257
2004-02-09,-0.905
2004-02-10,1.4612
2004-02-11,0.135
2004-02-12,-1.5281
2004-02-13,-0.0456
2004-02-17,0.9132
2004-02-18,-0.543
2004-02-19,-0.455
2004-02-20,0.1842
2004-02-23,-1.1029
2004-02-24,1.5798999999999999
2004-02-25,-0.5032
2004-02-26,0.3218
2004-02-27,0.8708
2004-03-01,0.0
2004-03-02,-0.4998
2004-03-03,0.4566
2004-03-04,-1.0455
2004-03-05,-1.4699
2004-03-08,-0.5594
2004-03-09,-2.4848
2004-03-10,-2.6442
2004-03-11,-0.7901
2004-03-12,2.0408
2004-03-15,-1.4146
2004-03-16,-0.1484
2004-03-17,1.5857
2004-03-18,-1.4634
2004-03-19,-0.9901
2004-03-22,-2.45
2004-03-23,0.7688
2004-03-24,-0.4069
2004-03-25,-0.9193
2004-03-26,-1.134
2004-03-29,0.5214
2004-03-30,-2.8007999999999997
2004-03-31,1.5474999999999999
2004-04-01,1.051
2004-04-02,1.8721
2004-04-05,-0.4594
2004-04-06,-2.0513
2004-04-07,0.5236
2004-04-08,-1.5625
2004-04-12,0.5291
2004-04-13,-5.1579
2004-04-14,-2.1643
2004-04-15,-0.5105
2004-04-16,2.6226000000000003
2004-04-19,0.8333
2004-04-20,-0.3857
2004-04-21,-0.6084
2004-04-22,-3.7841
2004-04-23,-0.1157
2004-04-26,-1.5634000000000001
2004-04-27,2.9412000000000003
2004-04-28,-3.4857
2004-04-29,-2.7827
2004-04-30,-6.5773
2004-05-03,-2.0209
2004-05-04,-1.8629
2004-05-05,2.4407
2004-05-06,3.4414
2004-05-07,0.3839
2004-05-10,-2.2307
2004-05-11,0.1956
2004-05-12,-0.7157
2004-05-13,-3.0144
2004-05-14,-3.1757
2004-05-17,-0.4187
2004-05-18,1.6819
2004-05-19,-0.3446
2004-05-20,4.426
2004-05-21,1.071
2004-05-24,0.6623
2004-05-25,4.3421
2004-05-26,1.0088
2004-05-27,-0.1248
2004-05-28,-3.0
2004-06-01,0.9021
2004-06-02,-1.0217
2004-06-03,0.6452
2004-06-04,0.5128
2004-06-07,2.6148
2004-06-08,0.3729
2004-06-09,-2.6625
2004-06-10,0.6997
2004-06-14,-1.5793
2004-06-15,1.9255
2004-06-16,-1.3854
2004-06-17,-0.1916
2004-06-18,0.4479
2004-06-21,-1.5287
2004-06-22,0.4528
2004-06-23,0.1288
2004-06-24,-1.0289
2004-06-25,-3.8986
2004-06-28,-1.2847
2004-06-29,-1.5753
2004-06-30,2.4356
2004-07-01,-0.7473
2004-07-02,-0.4107
2004-07-06,-1.7182
2004-07-07,-0.6993
2004-07-08,0.4225
2004-07-09,0.1403
2004-07-12,-0.4902
2004-07-13,-2.0408
2004-07-14,-0.0718
2004-07-15,-1.0065
2004-07-16,-0.7262
2004-07-19,-0.2926
2004-07-20,-1.1739
2004-07-21,-1.8559999999999999
2004-07-22,-1.8154
2004-07-23,-0.6934
2004-07-26,-0.6982
2004-07-27,1.0937000000000001
2004-07-28,-0.3864
2004-07-29,3.4135
2004-07-30,0.6752
2004-08-02,-0.2981
2004-08-03,-3.7369
2004-08-04,1.1646
2004-08-05,-0.6907
2004-08-06,-0.2318
2004-08-09,-0.4648
2004-08-10,2.4125
2004-08-11,-0.7599
2004-08-12,0.1531
2004-08-13,-0.6116
2004-08-16,1.3077
2004-08-17,-0.7593
2004-08-18,1.3772
2004-08-19,0.0755
2004-08-20,0.7634
2004-08-23,0.5303
2004-08-24,-0.9043
2004-08-25,0.3042
2004-08-26,1.1372
2004-08-27,-0.6747
2004-08-30,0.3019
2004-08-31,-0.2257
2004-09-01,-0.4525
2004-09-02,-1.5152
2004-09-03,0.0
2004-09-07,1.0769
2004-09-08,-0.9132
2004-09-09,0.2304
2004-09-10,0.0766
2004-09-13,-0.4594
2004-09-14,0.3077
2004-09-15,-0.3834
2004-09-16,-0.9238
2004-09-17,0.2331
2004-09-20,1.1628
2004-09-21,0.3831
2004-09-22,-0.916
2004-09-23,-0.9245
2004-09-24,1.0109
2004-09-27,-0.3079
2004-09-28,1.8533
2004-09-29,0.6065
2004-09-30,-0.1507
2004-10-01,0.0
2004-10-04,-0.7547
2004-10-05,-0.6844
2004-10-06,-0.3063
2004-10-07,-0.9985
2004-10-08,-0.6206
2004-10-11,0.0
2004-10-12,0.1561
2004-10-13,0.2338
2004-10-14,-0.311
2004-10-15,1.014
2004-10-18,0.3861
2004-10-19,-1.7692
2004-10-20,-1.2529
2004-10-21,-0.8723
2004-10-22,-1.76
2004-10-25,0.3257
2004-10-26,-0.8117
2004-10-27,1.4729999999999999
2004-10-28,-0.4032
2004-10-29,-0.4049
2004-11-01,-2.6016
2004-11-02,-4.8414
2004-11-03,1.6667
2004-11-04,1.5531000000000001
2004-11-05,2.6338
2004-11-08,7.6159
2004-11-09,-0.8462
2004-11-10,-1.6292
2004-11-11,2.5237
2004-11-12,2.7692
2004-11-15,3.0689
2004-11-16,-1.0893
2004-11-17,1.9824000000000002
2004-11-18,0.36
2004-11-19,-0.5739
2004-11-22,1.8037999999999998
2004-11-23,0.0
2004-11-24,0.4961
2004-11-26,0.2853
2004-11-29,1.3514
2004-11-30,-0.7018
2004-12-01,0.1413
2004-12-02,-0.494
2004-12-03,-0.2837
2004-12-06,0.0
2004-12-07,-0.0711
2004-12-08,-0.0712
2004-12-09,0.4274
2004-12-10,-2.5532
2004-12-13,1.0189
2004-12-14,-0.6484
2004-12-15,-0.3626
2004-12-16,0.0728
2004-12-17,-2.9091
2004-12-20,-0.4494
2004-12-21,-0.0752
2004-12-22,1.8824999999999998
2004-12-23,-0.2956
2004-12-27,-0.2224
2004-12-28,0.0
2004-12-29,-0.2229
2004-12-30,0.7446
2004-12-31,0.4435
2005-01-03,-0.5887
2005-01-04,-1.2583
2005-01-05,-0.3748
2005-01-06,0.0
2005-01-07,0.0752
2005-01-10,-0.2256
2005-01-11,-0.0754
2005-01-12,-0.1508
2005-01-13,0.2266
2005-01-14,0.1507
2005-01-18,0.4515
2005-01-19,0.2247
2005-01-20,-0.5979
2005-01-21,0.7519
2005-01-24,1.791
2005-01-25,2.1994
2005-01-26,3.2999
2005-01-27,0.4167
2005-01-28,0.2766
2005-01-31,0.4138
2005-02-01,3.2967
2005-02-02,3.7899000000000003
2005-02-03,-0.3203
2005-02-04,-0.8355
2005-02-07,-2.0739
2005-02-08,0.2647
2005-02-09,0.0
2005-02-10,0.066
2005-02-11,1.0554
2005-02-14,-0.3916
2005-02-15,0.1311
2005-02-16,-0.1309
2005-02-17,-0.2649
2005-02-18,0.3984
2005-02-22,-0.0661
2005-02-23,-0.5295
2005-02-24,0.2661
2005-02-25,-0.5309
2005-02-28,-0.0667
2005-03-01,0.1335
2005-03-02,0.5333
2005-03-03,1.4588999999999999
2005-03-04,-1.1111
2005-03-07,0.3966
2005-03-08,0.1317
2005-03-09,-1.3807
2005-03-10,0.0
2005-03-11,0.0667
2005-03-14,0.9993
2005-03-15,-0.3298
2005-03-16,0.0662
2005-03-17,0.0
2005-03-18,0.1984
2005-03-21,0.33
2005-03-22,-0.2632
2005-03-23,0.1979
2005-03-24,-0.2633
2005-03-28,0.066
2005-03-29,-0.066
2005-03-30,0.5281
2005-03-31,-0.8536
2005-04-01,0.596
2005-04-04,-0.2633
2005-04-05,-2.3102
2005-04-06,1.5541
2005-04-07,1.3972
2005-04-08,-1.3123
2005-04-11,0.7314
2005-04-12,0.396
2005-04-13,-1.7094
2005-04-14,0.4682
2005-04-15,1.1984
2005-04-18,-0.7237
2005-04-19,10.1392
2005-04-20,0.4212
2005-04-21,0.3595
2005-04-22,-2.0896
2005-04-25,-0.122
2005-04-26,-0.8547
2005-04-27,1.1084
2005-04-28,-0.0609
2005-04-29,0.1219
2005-05-02,-1.2781
2005-05-03,4.8705
2005-05-04,-0.4115
2005-05-05,1.0626
2005-05-06,0.1752
2005-05-09,0.4665
2005-05-10,-0.058
2005-05-11,2.7875
2005-05-12,1.3559
2005-05-13,-0.7804
2005-05-16,1.6854
2005-05-17,-0.1105
2005-05-18,-0.2212
2005-05-19,0.7761
2005-05-20,0.0555
2005-05-23,0.2773
2005-05-24,-0.1659
2005-05-25,0.6648
2005-05-26,-0.055
2005-05-27,-0.0551
2005-05-31,0.2755
2005-06-01,-0.5495
2005-06-02,3.9227
2005-06-03,-1.6481
2005-06-06,-0.5405
2005-06-07,-0.2717
2005-06-08,1.6894
2005-06-09,-0.3751
2005-06-10,1.4524
2005-06-13,-0.053
2005-06-14,0.1592
2005-06-15,-0.9534
2005-06-16,-0.4278
2005-06-17,-2.5242
2005-06-20,1.0468
2005-06-21,0.3272
2005-06-22,-0.5978
2005-06-23,-1.0388
2005-06-24,-0.1105
2005-06-27,0.1106
2005-06-28,-0.1105
2005-06-29,-0.719
2005-06-30,0.5571
2005-07-01,0.0
2005-07-05,0.1108
2005-07-06,-0.2214
2005-07-07,0.0555
2005-07-08,0.3326
2005-07-11,-2.2099
2005-07-12,1.1864
2005-07-13,-0.335
2005-07-14,-0.9524
2005-07-15,-0.2262
2005-07-18,0.1701
2005-07-19,0.0
2005-07-20,1.6978
2005-07-21,-0.6121
2005-07-22,0.224
2005-07-25,-0.2793
2005-07-26,-0.5602
2005-07-27,-0.1127
2005-07-28,-1.1844000000000001
2005-07-29,0.9703
2005-08-01,-0.5088
2005-08-02,0.1136
2005-08-03,-0.6243
2005-08-04,0.2284
2005-08-05,1.0256
2005-08-08,0.0564
2005-08-09,-0.2255
2005-08-10,0.791
2005-08-11,0.2803
2005-08-12,-0.7826
2005-08-15,-0.507
2005-08-16,-0.0566
2005-08-17,-0.5099
2005-08-18,-0.2278
2005-08-19,0.4608
2005-08-22,-1.2615
2005-08-23,-0.3484
2005-08-24,0.8159
2005-08-25,-0.289
2005-08-26,-0.5797
2005-08-29,0.4665
2005-08-30,-0.4063
2005-08-31,0.8159
2005-09-01,-0.289
2005-09-02,1.7971
2005-09-06,2.221
2005-09-07,0.39
2005-09-08,0.3885
2005-09-09,-0.7739
2005-09-12,-2.0056
2005-09-13,0.6254
2005-09-14,0.113
2005-09-15,0.5643
2005-09-16,-1.2346
2005-09-19,0.8523
2005-09-20,0.5634
2005-09-21,0.8403
2005-09-22,0.5556
2005-09-23,-0.442
2005-09-26,0.1665
2005-09-27,-0.6094
2005-09-28,-3.0658
2005-09-29,0.7476
2005-09-30,0.3995
2005-10-03,-0.8528
2005-10-04,1.2615
2005-10-05,0.0566
2005-10-06,0.283
2005-10-07,-0.1693
2005-10-10,-0.8479
2005-10-11,-0.6842
2005-10-12,2.2962
2005-10-13,1.908
2005-10-14,0.6057
2005-10-17,-0.8758
2005-10-18,0.5522
2005-10-19,0.2746
2005-10-20,-1.2048
2005-10-21,0.1109
2005-10-24,0.2769
2005-10-25,-0.7731
2005-10-26,-0.2782
2005-10-27,-0.0558
2005-10-28,-2.0659
2005-10-31,2.6226000000000003
2005-11-01,0.2778
2005-11-02,0.0554
2005-11-03,-0.2769
2005-11-04,0.9994
2005-11-07,-0.9346
2005-11-08,1.6093
2005-11-09,-1.5292
2005-11-10,-0.1109
2005-11-11,-0.1666
2005-11-14,0.2225
2005-11-15,-0.111
2005-11-16,-0.7222
2005-11-17,0.4477
2005-11-18,0.0
2005-11-21,-0.3343
2005-11-22,0.0559
2005-11-23,-1.2849
2005-11-25,0.0
2005-11-28,-0.0571
2005-11-29,-0.1714
2005-11-30,0.7441
2005-12-01,-0.4545
2005-12-02,0.6849
2005-12-05,0.7937
2005-12-06,-0.6749
2005-12-07,0.7928
2005-12-08,-0.3933
2005-12-09,0.2256
2005-12-12,-0.2814
2005-12-13,0.1693
2005-12-14,-0.8451
2005-12-15,-1.1364
2005-12-16,0.8621
2005-12-19,-0.5698
2005-12-20,0.4585
2005-12-21,1.312
2005-12-22,6.4752
2005-12-23,0.0
2005-12-27,-2.0624
2005-12-28,1.4579
2005-12-29,-0.6386
2005-12-30,0.2142
2006-01-03,1.2827
2006-01-04,-0.1055
2006-01-05,0.2113
2006-01-06,-0.1054
2006-01-09,0.5277
2006-01-10,0.315
2006-01-11,-0.314
2006-01-12,-0.0525
2006-01-13,0.4202
2006-01-17,0.523
2006-01-18,0.0
2006-01-19,0.9365
2006-01-20,-0.1031
2006-01-23,0.3096
2006-01-24,0.0514
2006-01-25,0.1542
2006-01-26,-0.154
2006-01-27,-0.2057
2006-01-30,0.2061
2006-01-31,2.3136
2006-02-01,-1.7588
2006-02-02,-4.5524000000000004
2006-02-03,-0.911
2006-02-06,0.9194
2006-02-07,-0.7503
2006-02-08,1.5119
2006-02-09,0.266
2006-02-10,-1.2732
2006-02-13,-3.4927
2006-02-14,0.2227
2006-02-15,-0.2222
2006-02-16,0.4494
2006-02-17,-0.9508
2006-02-21,-0.0565
2006-02-22,-0.1695
2006-02-23,0.1698
2006-02-24,0.2825
2006-02-27,-2.0845
2006-02-28,0.9781
2006-03-01,0.7407
2006-03-02,0.1697
2006-03-03,-0.0565
2006-03-06,-1.9209
2006-03-07,-4.0323
2006-03-08,-1.0204
2006-03-09,1.3341
2006-03-10,0.0
2006-03-13,1.3764
2006-03-14,0.059
2006-03-15,0.59
2006-03-16,2.6393
2006-03-17,5.0286
2006-03-20,2.0131
2006-03-21,-0.5333
2006-03-22,-1.8231000000000002
2006-03-23,3.3861
2006-03-24,1.215
2006-03-27,3.3403
2006-03-28,-1.0101
2006-03-29,1.5306
2006-03-30,-0.0503
2006-03-31,2.5641
2006-04-03,-0.7353
2006-04-04,2.4691
2006-04-05,-0.2892
2006-04-06,0.3867
2006-04-07,-1.6851
2006-04-10,-4.2605
2006-04-11,-0.5627
2006-04-12,5.1955
2006-04-13,-0.5868
2006-04-17,-0.8854
2006-04-18,-0.9429
2006-04-19,-0.3006
2006-04-20,0.5025
2006-04-21,4.3
2006-04-24,0.0479
2006-04-25,0.9104
2006-04-26,-0.1899
2006-04-27,0.3806
2006-04-28,0.4265
2006-05-01,0.0472
2006-05-02,1.6981000000000002
2006-05-03,1.1132
2006-05-04,0.4128
2006-05-05,0.1827
2006-05-08,0.228
2006-05-09,0.364
2006-05-10,0.2267
2006-05-11,-0.4975
2006-05-12,0.0909
2006-05-15,0.4087
2006-05-16,0.4071
2006-05-17,1.2612999999999999
2006-05-18,0.2669
2006-05-19,0.0894
2006-05-22,0.8929
2006-05-23,0.4425
2006-05-24,1.5419
2006-05-25,0.2603
2006-05-26,0.3894
2006-05-30,-0.2586
2006-05-31,13.4831
2006-06-01,4.9886
2006-06-02,2.5027
2006-06-05,4.7063
2006-06-06,-1.318
2006-06-07,1.0274
2006-06-08,1.3559
2006-06-09,0.7358
2006-06-12,2.3572
2006-06-13,1.8164
2006-06-14,0.9876
2006-06-15,1.9874
2006-06-16,-1.4228
2006-06-19,1.5061
2006-06-20,-1.8547
2006-06-21,1.8268
2006-06-22,-0.8042
2006-06-23,-2.9623
2006-06-26,-3.2776
2006-06-27,-1.6279
2006-06-28,1.1482999999999999
2006-06-29,3.3388999999999998
2006-06-30,-0.8078
2006-07-03,-0.3909
2006-07-05,10.2354
2006-07-06,0.267
2006-07-07,1.4497
2006-07-10,0.7582
2006-07-11,0.8683
2006-07-12,-4.7059
2006-07-13,0.5119
2006-07-14,-1.7376
2006-07-17,-2.9573
2006-07-18,0.377
2006-07-19,0.4695
2006-07-20,-0.3427
2006-07-21,0.6565
2006-07-24,-1.4596
2006-07-25,-4.1916
2006-07-26,-6.25
2006-07-27,0.0702
2006-07-28,1.1571
2006-07-31,11.2652
2006-08-01,-0.1558
2006-08-02,-0.156
2006-08-03,5.1562
2006-08-04,-2.7043
2006-08-07,-0.2749
2006-08-08,0.3675
2006-08-09,-0.0915
2006-08-10,-0.2749
2006-08-11,0.4594
2006-08-14,-0.1829
2006-08-15,0.0611
2006-08-16,0.2747
2006-08-17,-0.1218
2006-08-18,2.2358000000000002
2006-08-21,4.284
2006-08-22,1.9247
2006-08-23,0.5637
2006-08-24,2.6065
2006-08-25,3.4963
2006-08-28,0.6862
2006-08-29,0.8912
2006-08-30,0.026
2006-08-31,2.4156
2006-09-01,1.5977999999999999
2006-09-05,-0.9236
2006-09-06,3.1242
2006-09-07,-0.3176
2006-09-08,2.9412000000000003
2006-09-11,0.119
2006-09-12,3.7099
2006-09-13,1.5133999999999999
2006-09-14,-1.0617
2006-09-15,-0.7078
2006-09-18,0.092
2006-09-19,1.5392000000000001
2006-09-20,0.3394
2006-09-21,6.2458
2006-09-22,-0.5093
2006-09-25,1.9625
2006-09-26,4.6025
2006-09-27,-2.6
2006-09-28,0.0821
2006-09-29,-0.4103
2006-10-02,1.5863
2006-10-03,0.2028
2006-10-04,-0.9917
2006-10-05,1.1243
2006-10-06,-0.1415
2006-10-09,-0.668
2006-10-10,0.3057
2006-10-11,-0.4876
2006-10-12,-4.655
2006-10-13,3.7259
2006-10-16,0.7432
2006-10-17,0.2459
2006-10-18,1.2878
2006-10-19,-0.6256
2006-10-20,-0.528
2006-10-23,0.0408
2006-10-24,-0.4286
2006-10-25,-0.5944
2006-10-26,0.1237
2006-10-27,-1.4621
2006-10-30,-0.8359
2006-10-31,-0.5058
2006-11-01,-1.7602
2006-11-02,-2.9733
2006-11-03,0.7111
2006-11-06,0.8385
2006-11-07,-2.0788
2006-11-08,-1.6760000000000002
2006-11-09,-1.4773
2006-11-10,-1.4533
2006-11-13,0.6554
2006-11-14,-4.5116
2006-11-15,0.0974
2006-11-16,4.5499
2006-11-17,0.0698
2006-11-20,0.9767
2006-11-21,0.1152
2006-11-22,1.2422
2006-11-24,-1.2543
2006-11-27,-0.6928
2006-11-28,-1.6977
2006-11-29,-1.0882
2006-11-30,-0.4544
2006-12-01,-0.5286
2006-12-04,1.3285
2006-12-05,3.6234
2006-12-06,-0.4831
2006-12-07,0.393
2006-12-08,-1.796
2006-12-11,-1.8757000000000001
2006-12-12,0.908
2006-12-13,-2.3917
2006-12-14,1.771
2006-12-15,-1.5018
2006-12-18,-0.0484
2006-12-19,2.276
2006-12-20,4.4033999999999995
2006-12-21,-0.907
2006-12-22,4.5309
2006-12-26,-0.7662
2006-12-27,1.7428
2006-12-28,-0.477
2006-12-29,1.2854
2007-01-03,0.7744
2007-01-04,1.0459
2007-01-05,-0.4014
2007-01-08,1.018
2007-01-09,0.7768
2007-01-10,0.7292
2007-01-11,0.9928
2007-01-12,2.99
2007-01-16,-2.3265000000000002
2007-01-17,-0.3461
2007-01-18,0.715
2007-01-19,0.3854
2007-01-22,0.0808
2007-01-23,1.272
2007-01-24,-0.1794
2007-01-25,5.712
2007-01-26,0.5101
2007-01-29,2.7256
2007-01-30,-1.3357999999999999
2007-01-31,0.1298
2007-02-01,0.7409
2007-02-02,-0.4964
2007-02-05,-0.0739
2007-02-06,0.2034
2007-02-07,0.1107
2007-02-08,0.0737
2007-02-09,-0.2026
2007-02-12,-0.1477
2007-02-13,0.0185
2007-02-14,1.6263
2007-02-15,-0.8754
2007-02-16,1.7295
2007-02-20,0.7235
2007-02-21,-2.2805
2007-02-22,-1.0658
2007-02-23,-1.2259
2007-02-26,-2.9898
2007-02-27,-2.4617
2007-02-28,-0.6359
2007-03-01,1.26
2007-03-02,-0.237
2007-03-05,0.9701
2007-03-06,0.4118
2007-03-07,0.7225
2007-03-08,-0.5816
2007-03-09,2.0281
2007-03-12,0.8219
2007-03-13,-0.3033
2007-03-14,-0.8176
2007-03-15,0.0
2007-03-16,-0.4793
2007-03-19,-0.8284
2007-03-20,-0.4468
2007-03-21,-0.722
2007-03-22,1.9261
2007-03-23,1.7162
2007-03-26,-0.455
2007-03-27,-0.5332
2007-03-28,-1.8763
2007-03-29,2.6146000000000003
2007-03-30,-0.1521
2007-04-02,-4.0564
2007-04-03,1.5284
2007-04-04,3.5973
2007-04-05,2.6043
2007-04-09,-0.6805
2007-04-10,0.6111
2007-04-11,-0.6442
2007-04-12,-3.2975
2007-04-13,1.8391
2007-04-16,-1.0158
2007-04-17,1.1783
2007-04-18,-0.8828
2007-04-19,0.398
2007-04-20,1.5478
2007-04-23,1.3569
2007-04-24,-2.3106999999999998
2007-04-25,-0.4693
2007-04-26,-1.2637
2007-04-27,11.1748
2007-04-30,-1.1856
2007-05-01,14.1888
2007-05-02,14.3292
2007-05-03,-1.6782
2007-05-04,2.5467
2007-05-07,0.1717
2007-05-08,1.5693000000000001
2007-05-09,-0.7141
2007-05-10,1.1639
2007-05-11,6.5796
2007-05-14,0.0
2007-05-15,2.3651
2007-05-16,-2.8436
2007-05-17,-1.9512
2007-05-18,0.7851
2007-05-21,1.7064
2007-05-22,0.0729
2007-05-23,-1.9196
2007-05-24,-1.8457
2007-05-25,-0.0631
2007-05-29,0.5683
2007-05-30,-1.4314
2007-05-31,1.0828
2007-06-01,0.8444
2007-06-04,-2.2994
2007-06-05,0.1919
2007-06-06,-3.1278
2007-06-07,-3.1102
2007-06-08,2.6115
2007-06-11,-4.3081
2007-06-12,-1.8561999999999999
2007-06-13,0.4093
2007-06-14,-2.3053
2007-06-15,1.0216
2007-06-18,-0.2991
2007-06-19,-0.1571
2007-06-20,-1.159
2007-06-21,-2.4754
2007-06-22,-1.9889999999999999
2007-06-25,-0.4543
2007-06-26,0.1217
2007-06-27,0.7142
2007-06-28,4.6168
2007-06-29,0.2307
2007-07-02,-0.8777
2007-07-03,-2.8016
2007-07-05,1.8668
2007-07-06,-0.4252
2007-07-09,1.0012
2007-07-10,-0.8746
2007-07-11,-1.6471
2007-07-12,2.8708
2007-07-13,-0.2326
2007-07-16,-2.6224
2007-07-17,-0.0898
2007-07-18,-1.6921
2007-07-19,-0.6855
2007-07-20,-2.5307
2007-07-23,4.5161
2007-07-24,-1.0991
2007-07-25,0.137
2007-07-26,-3.4813
2007-07-27,-2.4098
2007-07-30,-5.1646
2007-07-31,-0.034
2007-08-01,-0.698
2007-08-02,-2.143
2007-08-03,-6.1317
2007-08-06,0.4106
2007-08-07,-16.0037
2007-08-08,-6.6165
2007-08-09,-5.8057
2007-08-10,12.0755
2007-08-13,5.7688
2007-08-14,1.9100000000000001
2007-08-15,-3.5818
2007-08-16,-2.7862
2007-08-17,-4.5262
2007-08-20,3.2228
2007-08-21,5.181
2007-08-22,-0.6453
2007-08-23,-0.9309
2007-08-24,-0.6993
2007-08-27,0.6822
2007-08-28,-5.4645
2007-08-29,10.4509
2007-08-30,-3.2028
2007-08-31,-3.2007
2007-09-04,-0.5362
2007-09-05,-6.5139
2007-09-06,-3.3157
2007-09-07,-5.6411999999999995
2007-09-10,12.0095
2007-09-11,5.8077
2007-09-12,-6.6222
2007-09-13,-1.9752
2007-09-14,-1.7966
2007-09-17,-0.9889
2007-09-18,0.5993
2007-09-19,1.2658
2007-09-20,-2.451
2007-09-21,2.1106
2007-09-24,-3.2726
2007-09-25,1.9334
2007-09-26,-0.1248
2007-09-27,-2.4488
2007-09-28,-1.332
2007-10-01,3.1931
2007-10-02,1.2327
2007-10-03,-2.7336
2007-10-04,0.4599
2007-10-05,0.0763
2007-10-08,2.6429
2007-10-09,-3.0453
2007-10-10,-0.7916
2007-10-11,-0.6692
2007-10-12,1.5289000000000001
2007-10-15,1.4803
2007-10-16,-1.5091
2007-10-17,-0.9193
2007-10-18,-0.2062
2007-10-19,-4.0031
2007-10-22,-1.9909
2007-10-23,-2.7999
2007-10-24,-3.4736000000000002
2007-10-25,-5.237
2007-10-26,-0.1852
2007-10-29,5.7222
2007-10-30,-1.8138999999999998
2007-10-31,-1.0429
2007-11-01,-2.0476
2007-11-02,0.4304
2007-11-05,-3.4894
2007-11-06,0.7612
2007-11-07,-4.4381
2007-11-08,1.2187000000000001
2007-11-09,1.4318
2007-11-12,-2.8232
2007-11-13,1.8157999999999999
2007-11-14,-7.6848
2007-11-15,-7.2708
2007-11-16,-5.5303
2007-11-19,3.328
2007-11-20,1.7850000000000001
2007-11-21,-1.1819
2007-11-23,3.1444
2007-11-26,1.7313
2007-11-27,-1.9238
2007-11-28,7.1294
2007-11-29,-2.3944
2007-11-30,0.1443
2007-12-03,0.8646
2007-12-04,-5.3929
2007-12-05,4.2658
2007-12-06,0.0724
2007-12-07,-0.4703
2007-12-10,4.3257
2007-12-11,-6.8293
2007-12-12,4.8242
2007-12-13,-2.9611
2007-12-14,-0.9191
2007-12-17,-5.7143
2007-12-18,2.7155
2007-12-19,7.7778
2007-12-20,-24.7778
2007-12-21,14.1777
2007-12-24,6.7881
2007-12-26,3.4884
2007-12-27,-2.3596
2007-12-28,-5.8305
2007-12-31,-4.0733
2008-01-02,-1.9958
2008-01-03,-7.9289
2008-01-04,-5.0824
2008-01-07,6.4452
2008-01-08,2.9343
2008-01-09,-1.5836999999999999
2008-01-10,4.0
2008-01-11,-4.0672
2008-01-14,0.4147
2008-01-15,-12.7581
2008-01-16,-0.4734
2008-01-17,-8.0338
2008-01-18,2.2989
2008-01-22,-3.8764
2008-01-23,4.3834
2008-01-24,5.8231
2008-01-25,-3.9683
2008-01-28,8.8154
2008-01-29,0.0
2008-01-30,-2.6835
2008-01-31,5.6712
2008-02-01,0.4431
2008-02-04,-3.3824
2008-02-05,-4.3125
2008-02-06,-2.7041
2008-02-07,1.5259
2008-02-08,-4.8309
2008-02-11,6.035
2008-02-12,2.9255
2008-02-13,2.1705
2008-02-14,-1.2749
2008-02-15,-2.7376
2008-02-19,-2.3367
2008-02-20,1.2779
2008-02-21,-4.8591
2008-02-22,1.4673
2008-02-25,3.1146
2008-02-26,1.7799
2008-02-27,-3.4976
2008-02-28,-2.2515
2008-02-29,-6.8539
2008-03-03,-5.006
2008-03-04,0.3175
2008-03-05,6.8987
2008-03-06,-7.9337
2008-03-07,2.1222
2008-03-10,-4.471
2008-03-11,12.6566
2008-03-12,0.3511
2008-03-13,-5.4227
2008-03-14,0.8015
2008-03-17,0.9786
2008-03-18,9.0248
2008-03-19,0.8333
2008-03-20,11.5702
2008-03-24,-2.0741
2008-03-25,-4.942
2008-03-26,-3.0769
2008-03-27,-2.8462
2008-03-28,0.7887
2008-03-31,-3.4656000000000002
2008-04-01,7.9907
2008-04-02,-0.8043
2008-04-03,-1.1351
2008-04-04,1.8589
2008-04-07,-1.1809
2008-04-08,1.0864
2008-04-09,-5.8033
2008-04-10,-1.312
2008-04-11,-8.4393
2008-04-14,1.452
2008-04-15,-1.1201
2008-04-16,19.8867
2008-04-17,-3.1496
2008-04-18,3.252
2008-04-21,-1.3123
2008-04-22,1.9149
2008-04-23,1.5135999999999998
2008-04-24,0.9769
2008-04-25,2.3931
2008-04-28,3.3814
2008-04-29,-6.1087
2008-04-30,-3.3811
2008-05-01,10.9226
2008-05-02,-7.9828
2008-05-05,-5.6623
2008-05-06,3.9648
2008-05-07,-3.3898
2008-05-08,0.932
2008-05-09,-0.5975
2008-05-12,2.623
2008-05-13,-2.6624
2008-05-14,12.7462
2008-05-15,0.9704
2008-05-16,-2.1792
2008-05-19,4.802
2008-05-20,-4.2513
2008-05-21,1.8747
2008-05-22,7.5061
2008-05-23,-3.018
2008-05-27,7.4779
2008-05-28,-2.5065
2008-05-29,1.4184
2008-05-30,-1.0052
2008-06-02,-1.6777
2008-06-03,7.0498
2008-06-04,0.0419
2008-06-05,12.0755
2008-06-06,-10.1384
2008-06-09,0.2498
2008-06-10,-0.706
2008-06-11,-3.3041
2008-06-12,-2.7249
2008-06-13,5.2912
2008-06-16,-0.0845
2008-06-17,-2.7895
2008-06-18,-0.3913
2008-06-19,-0.5238
2008-06-20,-0.6582
2008-06-23,-1.6784
2008-06-24,-1.5274
2008-06-25,0.7755
2008-06-26,-4.4817
2008-06-27,0.7583
2008-06-30,-11.9003
2008-07-01,-2.2958
2008-07-02,-4.8087
2008-07-03,-1.837
2008-07-07,-12.5731
2008-07-08,2.5418
2008-07-09,-2.805
2008-07-10,-0.4027
2008-07-11,-4.1105
2008-07-14,-3.0921
2008-07-15,0.4351
2008-07-16,2.1661
2008-07-17,0.8481
2008-07-18,-2.5929
2008-07-21,1.0072
2008-07-22,1.7094
2008-07-23,3.3613
2008-07-24,-5.8943
2008-07-25,6.1195
2008-07-28,-5.0882
2008-07-29,0.7148
2008-07-30,0.2129
2008-07-31,-2.4788
2008-08-01,-2.2513
2008-08-04,-5.7949
2008-08-05,7.4132
2008-08-06,-4.6256
2008-08-07,-1.0008
2008-08-08,0.5443
2008-08-11,3.0936
2008-08-12,-2.8507
2008-08-13,1.5444
2008-08-14,4.4867
2008-08-15,-3.0928
2008-08-18,-2.3556
2008-08-19,-2.5681000000000003
2008-08-20,0.9585
2008-08-21,-1.9778
2008-08-22,10.4116
2008-08-25,10.0146
2008-08-26,-6.9767
2008-08-27,-6.5
2008-08-28,4.5837
2008-08-29,-1.8262
2008-09-02,2.0833
2008-09-03,8.965
2008-09-04,-0.6689
2008-09-05,3.771
2008-09-08,3.8287
2008-09-09,1.6875
2008-09-10,1.0449
2008-09-11,-1.7032
2008-09-12,0.7426
2008-09-15,-5.1597
2008-09-16,-5.4404
2008-09-17,-4.4521
2008-09-18,-3.0108
2008-09-19,-5.3954
2008-09-22,-4.6094
2008-09-23,5.2416
2008-09-24,-4.5136
2008-09-25,6.7645
2008-09-26,-10.0
2008-09-29,-9.2451
2008-09-30,0.4673
2008-10-01,2.6977
2008-10-02,-10.2355
2008-10-03,1.2109
2008-10-06,-11.7647
2008-10-07,-8.0226
2008-10-08,-9.0909
2008-10-09,-8.7838
2008-10-10,-11.1111
2008-10-13,5.5
2008-10-14,-1.4218
2008-10-15,18.4295
2008-10-16,21.7862
2008-10-17,-6.5556
2008-10-20,3.0916
2008-10-21,-2.6528
2008-10-22,-4.6209
2008-10-23,-8.9441
2008-10-24,-8.5948
2008-10-27,-4.4776
2008-10-28,-6.875
2008-10-29,-6.5436
2008-10-30,11.6697
2008-10-31,17.3633
2008-11-03,-2.0548
2008-11-04,10.4895
2008-11-05,-15.443
2008-11-06,-6.4371
2008-11-07,0.0
2008-11-10,-7.36
2008-11-11,-13.2988
2008-11-12,-7.3705
2008-11-13,-1.2903
2008-11-14,-9.5861
2008-11-17,-22.6506
2008-11-18,-6.5421
2008-11-19,-24.6667
2008-11-20,-26.5487
2008-11-21,-18.6667
2008-11-24,1.6393
2008-11-25,0.8065
2008-11-26,-9.6
2008-11-28,-3.5398
2008-12-01,12.844
2008-12-02,4.065
2008-12-03,-12.5
2008-12-04,-3.5714
2008-12-05,0.9259
2008-12-08,8.2569
2008-12-09,124.5763
2008-12-10,52.8302
2008-12-11,19.5062
2008-12-12,-11.7769
2008-12-15,-20.3747
2008-12-16,23.5294
2008-12-17,11.4286
2008-12-18,-23.7179
2008-12-19,-0.5602
2008-12-22,-11.5493
2008-12-23,21.0191
2008-12-24,-14.7368
2008-12-26,11.1111
2008-12-29,-10.5556
2008-12-30,-3.1056
2008-12-31,12.1795
2009-01-02,9.1429
2009-01-05,-2.6178
2009-01-06,5.1075
2009-01-07,22.7621
2009-01-08,1.0417
2009-01-09,4.1237
2009-01-12,-14.0594
2009-01-13,3.6866
2009-01-14,1.1111
2009-01-15,8.7912
2009-01-16,-4.6465
2009-01-20,-11.6525
2009-01-21,16.307
2009-01-22,-2.6804
2009-01-23,4.2373
2009-01-26,8.7398
2009-01-27,5.9836
2009-01-28,7.0523
2009-01-29,15.6507
2009-01-30,-1.7094
2009-02-02,1.3043
2009-02-03,-5.2933
2009-02-04,-1.0574
2009-02-05,0.3053
2009-02-06,8.6758
2009-02-09,7.423
2009-02-10,-7.8227
2009-02-11,-5.0919
2009-02-12,-1.6393
2009-02-13,2.5758
2009-02-17,-3.8405
2009-02-18,0.4608
2009-02-19,-4.5872
2009-02-20,3.2051
2009-02-23,-2.4864
2009-02-24,6.6899999999999995
2009-02-25,-4.1791
2009-02-26,1.7572
2009-02-27,2.9827
2009-03-02,-7.7744
2009-03-03,-0.8264
2009-03-04,1.0
2009-03-05,-0.9901
2009-03-06,1.6667
2009-03-09,-1.1475
2009-03-10,-0.3317
2009-03-11,1.6639
2009-03-12,2.455
2009-03-13,2.0767
2009-03-16,7.6682
2009-03-17,2.6163
2009-03-18,4.1076
2009-03-19,-4.7619
2009-03-20,0.7143
2009-03-23,3.6879
2009-03-24,2.5991999999999997
2009-03-25,0.4
2009-03-26,3.7185
2009-03-27,4.0973
2009-03-30,-8.9791
2009-03-31,-0.1351
2009-04-01,3.1123
2009-04-02,8.5302
2009-04-03,3.3857
2009-04-06,-3.8596
2009-04-07,-0.2433
2009-04-08,-3.6585
2009-04-09,-1.1392
2009-04-13,-3.7132
2009-04-14,-3.9894
2009-04-15,0.1385
2009-04-16,3.8728
2009-04-17,3.8615
2009-04-20,-3.5897
2009-04-21,19.6809
2009-04-22,11.1111
2009-04-23,-3.5
2009-04-24,3.1088
2009-04-27,-0.7023
2009-04-28,0.7072
2009-04-29,0.7035
2009-04-30,1.7964
2009-05-01,6.4706
2009-05-04,2.3941
2009-05-05,-1.3489
2009-05-06,-8.7511
2009-05-07,-1.0989
2009-05-08,9.0909
2009-05-11,2.3148
2009-05-12,4.0724
2009-05-13,-6.087
2009-05-14,4.1667
2009-05-15,-5.3333
2009-05-18,7.4178
2009-05-19,4.9825
2009-05-20,8.5232
2009-05-21,-8.0871
2009-05-22,3.9763
2009-05-26,6.1839
2009-05-27,3.5249
2009-05-28,-0.074
2009-05-29,-1.3333
2009-06-01,13.2132
2009-06-02,-3.8462
2009-06-03,12.2069
2009-06-04,-1.6595
2009-06-05,1.0
2009-06-08,5.198
2009-06-09,0.0
2009-06-10,-0.8824
2009-06-11,1.9585
2009-06-12,-1.0477
2009-06-15,-1.0588
2009-06-16,0.4756
2009-06-17,0.4734
2009-06-18,0.1178
2009-06-19,8.1765
2009-06-22,-4.2414
2009-06-23,0.795
2009-06-24,0.6197
2009-06-25,1.9037
2009-06-26,3.2967
2009-06-29,-11.5957
2009-06-30,2.2262
2009-07-01,4.2966
2009-07-02,-4.1761
2009-07-06,0.6478
2009-07-07,3.6279
2009-07-08,-3.3315
2009-07-09,-5.6075
2009-07-10,-0.5569
2009-07-13,-0.8712
2009-07-14,6.4030000000000005
2009-07-15,0.826
2009-07-16,-0.8777
2009-07-17,0.8264
2009-07-20,1.4052
2009-07-21,1.9053
2009-07-22,3.8527
2009-07-23,-1.0366
2009-07-24,0.0
2009-07-27,-0.9923
2009-07-28,0.2784
2009-07-29,2.1099
2009-07-30,1.4138
2009-07-31,-1.6622
2009-08-03,2.9444
2009-08-04,-1.1653
2009-08-05,0.1072
2009-08-06,-0.1071
2009-08-07,0.6431
2009-08-10,3.5144
2009-08-11,-1.6461000000000001
2009-08-12,-0.9414
2009-08-13,-3.2207
2009-08-14,-3.7975
2009-08-17,1.659
2009-08-18,0.4502
2009-08-19,3.5294
2009-08-20,-2.7056
2009-08-21,3.3927
2009-08-24,-0.6993
2009-08-25,0.8667
2009-08-26,0.8593
2009-08-27,-0.1597
2009-08-28,-0.48
2009-08-31,-3.1083
2009-09-01,-18.9159
2009-09-02,-16.3711
2009-09-03,2.9364
2009-09-04,-2.3772
2009-09-08,6.6558
2009-09-09,2.2831
2009-09-10,-1.7113
2009-09-11,4.7691
2009-09-14,-0.1445
2009-09-15,3.4009
2009-09-16,0.9797
2009-09-17,0.6237
2009-09-18,0.2066
2009-09-21,0.1375
2009-09-22,-0.6863
2009-09-23,-4.0083
2009-09-24,-6.3355
2009-09-25,2.0753
2009-09-28,2.259
2009-09-29,-1.3255
2009-09-30,-6.9403
2009-10-01,-2.9671
2009-10-02,-8.4298
2009-10-05,2.0758
2009-10-06,4.6861
2009-10-07,-3.125
2009-10-08,-0.2616
2009-10-09,-4.7203
2009-10-12,-7.0642
2009-10-13,-1.3820000000000001
2009-10-14,0.4004
2009-10-15,-0.0997
2009-10-16,3.493
2009-10-19,11.379
2009-10-20,6.5801
2009-10-21,3.4119
2009-10-22,4.0063
2009-10-23,-2.0393
2009-10-26,0.3084
2009-10-27,-10.9147
2009-10-28,-2.9336
2009-10-29,1.5110999999999999
2009-10-30,-0.5254
2009-11-02,0.5282
2009-11-03,-0.1751
2009-11-04,1.0526
2009-11-05,3.9063
2009-11-06,-2.5063
2009-11-09,2.6564
2009-11-10,-0.6678
2009-11-11,2.605
2009-11-12,-4.4226
2009-11-13,2.9991
2009-11-16,5.4077
2009-11-17,-4.4988
2009-11-18,0.8264
2009-11-19,-1.4754
2009-11-20,0.2496
2009-11-23,1.6598000000000002
2009-11-24,-0.5714
2009-11-25,0.9852
2009-11-27,-1.8946
2009-11-30,-0.5038
2009-12-01,2.4473
2009-12-02,-0.1647
2009-12-03,-0.8251
2009-12-04,1.4143
2009-12-07,0.4922
2009-12-08,0.6531
2009-12-09,0.0
2009-12-10,-2.5953
2009-12-11,-0.0833
2009-12-14,1.0
2009-12-15,-0.8251
2009-12-16,0.9151
2009-12-17,0.1649
2009-12-18,1.07
2009-12-21,0.1629
2009-12-22,-5.2033
2009-12-23,-0.5146
2009-12-24,1.1207
2009-12-28,1.6198000000000001
2009-12-29,0.9228
2009-12-30,0.3325
2009-12-31,1.7399
2010-01-04,3.8274
2010-01-05,3.0588
2010-01-06,-3.3486000000000002
2010-01-07,2.3622
2010-01-08,2.0
2010-01-11,-0.3017
2010-01-12,-1.5885
2010-01-13,-0.0769
2010-01-14,0.3846
2010-01-15,11.1111
2010-01-19,3.4483
2010-01-20,-5.8667
2010-01-21,-2.6204
2010-01-22,1.8182
2010-01-25,-5.2143
2010-01-26,-0.4521
2010-01-27,2.4981
2010-01-28,3.6189
2010-01-29,-4.0627
2010-02-01,-2.4516999999999998
2010-02-02,-3.7319
2010-02-03,3.1646
2010-02-04,-1.8405
2010-02-05,2.4219
2010-02-08,-0.2288
2010-02-09,-0.2294
2010-02-10,0.1533
2010-02-11,3.5195
2010-02-12,2.2912
2010-02-16,1.8064
2010-02-17,-2.8388999999999998
2010-02-18,3.7984
2010-02-19,-1.5657999999999999
2010-02-22,-2.3138
2010-02-23,-4.2931
2010-02-24,0.9281
2010-02-25,0.3065
2010-02-26,-3.9725
2010-03-01,1.5911
2010-03-02,-0.6265
2010-03-03,1.7336
2010-03-04,1.3942999999999999
2010-03-05,3.5905
2010-03-08,-0.0737
2010-03-09,-0.2214
2010-03-10,-0.2219
2010-03-11,-0.7413
2010-03-12,-0.8215
2010-03-15,1.8072
2010-03-16,-2.8846
2010-03-17,1.6756
2010-03-18,-0.7491
2010-03-19,0.0755
2010-03-22,-3.5445
2010-03-23,2.8929
2010-03-24,1.8237
2010-03-25,-0.1493
2010-03-26,3.7369
2010-03-29,0.4323
2010-03-30,-0.2152
2010-03-31,-0.3595
2010-04-01,0.0722
2010-04-05,5.6236
2010-04-06,-0.3413
2010-04-07,-2.1918
2010-04-08,1.0504
2010-04-09,-0.693
2010-04-12,0.0698
2010-04-13,2.7197
2010-04-14,4.4807
2010-04-15,-1.0396
2010-04-16,-1.8385
2010-04-19,0.8027
2010-04-20,38.0889
2010-04-21,20.7112
2010-04-22,-0.5573
2010-04-23,3.1225
2010-04-26,5.9783
2010-04-27,-4.4689
2010-04-28,9.7776
2010-04-29,-1.6766
2010-04-30,-5.7549
2010-05-03,4.9755
2010-05-04,-3.2675
2010-05-05,-3.8233
2010-05-06,-2.8946
2010-05-07,-1.5501
2010-05-10,15.0585
2010-05-11,3.7544
2010-05-12,7.9134
2010-05-13,-4.8574
2010-05-14,-1.2187000000000001
2010-05-17,-0.3001
2010-05-18,-3.6789
2010-05-19,-9.4444
2010-05-20,-4.4909
2010-05-21,4.0535
2010-05-24,7.1679
2010-05-25,-1.9628999999999999
2010-05-26,0.1854
2010-05-27,6.9948
2010-05-28,-2.9055999999999997
2010-06-01,0.0356
2010-06-02,4.2023
2010-06-03,-2.2215
2010-06-04,-7.6197
2010-06-07,-6.8483
2010-06-08,2.0309
2010-06-09,-6.7277000000000005
2010-06-10,-3.6278
2010-06-11,2.5244
2010-06-14,-3.7580999999999998
2010-06-15,4.982
2010-06-16,-3.2493
2010-06-17,2.5629999999999997
2010-06-18,4.6532
2010-06-21,-7.534
2010-06-22,0.1336
2010-06-23,-1.6452
2010-06-24,-0.226
2010-06-25,0.725
2010-06-28,0.2699
2010-06-29,-1.1216
2010-06-30,1.7241
2010-07-01,-4.2819
2010-07-02,-0.699
2010-07-06,2.0178
2010-07-07,6.2097999999999995
2010-07-08,-4.2876
2010-07-09,4.7511
2010-07-12,-1.1663000000000001
2010-07-13,0.7867
2010-07-14,1.0408
2010-07-15,4.3777
2010-07-16,-4.1941
2010-07-19,2.4893
2010-07-20,4.3132
2010-07-21,-3.4524
2010-07-22,0.4158
2010-07-23,3.147
2010-07-26,1.2043
2010-07-27,1.3487
2010-07-28,-5.2446
2010-07-29,1.9413
2010-07-30,0.6483
2010-08-02,-3.5023999999999997
2010-08-03,1.4602
2010-08-04,-4.7286
2010-08-05,-2.0716
2010-08-06,-0.9255
2010-08-09,0.8007
2010-08-10,-2.2948
2010-08-11,-8.1301
2010-08-12,3.5398
2010-08-13,-1.3455
2010-08-16,2.338
2010-08-17,0.2856
2010-08-18,0.0475
2010-08-19,-5.1233
2010-08-20,2.75
2010-08-23,-0.0973
2010-08-24,-3.9454000000000002
2010-08-25,-1.0142
2010-08-26,-2.8689
2010-08-27,6.5401
2010-08-30,-7.2772
2010-08-31,16.4442
2010-09-01,1.1463
2010-09-02,-1.6772
2010-09-03,-1.3831
2010-09-07,-0.7013
2010-09-08,3.9077
2010-09-09,0.0453
2010-09-10,-1.2227999999999999
2010-09-13,8.4823
2010-09-14,-2.7895
2010-09-15,4.3043
2010-09-16,-4.2101
2010-09-17,0.2611
2010-09-20,3.5156
2010-09-21,0.0419
2010-09-22,-0.8382
2010-09-23,-0.9298
2010-09-24,3.8823
2010-09-27,-2.0945
2010-09-28,6.0403
2010-09-29,1.7008999999999999
2010-09-30,0.6612
2010-10-01,-1.6229
2010-10-04,-3.3386
2010-10-05,5.2011
2010-10-06,0.0
2010-10-07,0.5021
2010-10-08,2.9977
2010-10-11,1.5672000000000001
2010-10-12,-3.6738
2010-10-13,2.4027
2010-10-14,0.5214
2010-10-15,1.0374
2010-10-18,-0.9168
2010-10-19,-5.9956
2010-10-20,1.1811
2010-10-21,-1.1284
2010-10-22,-0.7477
2010-10-25,0.7534
2010-10-26,-1.4955
2010-10-27,-0.1199
2010-10-28,-2.56
2010-10-29,1.2315
2010-11-01,-0.2433
2010-11-02,6.0569
2010-11-03,7.4358
2010-11-04,-0.3924
2010-11-05,0.1074
2010-11-08,-0.5725
2010-11-09,-2.1591
2010-11-10,2.7951
2010-11-11,-1.932
2010-11-12,-0.7661
2010-11-15,1.5441
2010-11-16,-1.1948
2010-11-17,-1.5390000000000001
2010-11-18,4.131
2010-11-19,0.0
2010-11-22,-0.7505
2010-11-23,-0.5762
2010-11-24,2.2456
2010-11-26,-0.6433
2010-11-29,-1.1511
2010-11-30,3.5662000000000003
2010-12-01,1.6865999999999999
2010-12-02,1.2785
2010-12-03,-0.3753
2010-12-06,1.7808000000000002
2010-12-07,-3.2301
2010-12-08,-2.6773
2010-12-09,1.4647999999999999
2010-12-10,0.669
2010-12-13,-0.035
2010-12-14,2.3093
2010-12-15,2.3256
2010-12-16,2.9412000000000003
2010-12-17,-1.039
2010-12-20,-0.0328
2010-12-21,-26.1897
2010-12-22,-7.3366
2010-12-23,0.3839
2010-12-27,-1.8164
2010-12-28,4.8199
2010-12-29,3.2513
2010-12-30,0.09
2010-12-31,1.3483
2011-01-03,3.1929
2011-01-04,-1.2462
2011-01-05,0.3481
2011-01-06,-2.0815
2011-01-07,-0.0886
2011-01-10,0.5319
2011-01-11,0.0882
2011-01-12,-0.1762
2011-01-13,-2.5154
2011-01-14,-0.7243
2011-01-18,-0.6384
2011-01-19,-4.3139
2011-01-20,-1.8705
2011-01-21,1.4663
2011-01-24,-0.3854
2011-01-25,-1.0155
2011-01-26,-0.0977
2011-01-27,-1.2713999999999999
2011-01-28,-1.4364
2011-01-31,0.0
2011-02-01,-0.7538
2011-02-02,-1.6202999999999999
2011-02-03,0.1544
2011-02-04,-0.0514
2011-02-07,1.7481
2011-02-08,1.4149
2011-02-09,-0.4484
2011-02-10,0.0
2011-02-11,1.2012
2011-02-14,5.3907
2011-02-15,-3.4256
2011-02-16,2.8669000000000002
2011-02-17,17.543
2011-02-18,-7.2794
2011-02-22,-2.5439
2011-02-23,-0.495
2011-02-24,-0.0905
2011-02-25,4.9796
2011-02-28,-0.5175
2011-03-01,-5.2449
2011-03-02,-0.7777
2011-03-03,3.2734
2011-03-04,-1.0714
2011-03-07,-2.4819
2011-03-08,3.6094
2011-03-09,-3.2604
2011-03-10,-2.9548
2011-03-11,-0.2854
2011-03-14,1.9561
2011-03-15,-0.4212
2011-03-16,-1.0808
2011-03-17,0.1425
2011-03-18,1.6129
2011-03-21,1.5873
2011-03-22,0.1379
2011-03-23,0.1377
2011-03-24,-3.2997
2011-03-25,2.2749
2011-03-28,0.0927
2011-03-29,3.9352
2011-03-30,1.6926999999999999
2011-03-31,-1.4017
2011-04-01,-2.4434
2011-04-04,-0.6375
2011-04-05,-2.1998
2011-04-06,5.6701
2011-04-07,-1.4191
2011-04-08,-0.8097
2011-04-11,-0.7256
2011-04-12,-5.9845
2011-04-13,1.312
2011-04-14,3.8369
2011-04-15,-0.2771
2011-04-18,-1.1579
2011-04-19,-13.7769
2011-04-20,0.9783
2011-04-21,-0.2153
2011-04-25,-0.2697
2011-04-26,0.0
2011-04-27,-0.649
2011-04-28,-0.7077
2011-04-29,-1.4803
2011-05-02,-7.123
2011-05-03,-6.8904
2011-05-04,0.7079
2011-05-05,-0.3195
2011-05-06,1.7949000000000002
2011-05-09,-2.5819
2011-05-10,0.1939
2011-05-11,0.6452
2011-05-12,-0.9615
2011-05-13,1.6181
2011-05-16,-0.3185
2011-05-17,-1.2338
2011-05-18,-0.789
2011-05-19,1.2591
2011-05-20,-1.4398
2011-05-23,-1.9256
2011-05-24,-1.151
2011-05-25,-0.8219
2011-05-26,-1.3122
2011-05-27,-1.5394999999999999
2011-05-31,1.8479
2011-06-01,-1.1165
2011-06-02,0.8469
2011-06-03,-0.9797
2011-06-06,0.0707
2011-06-07,-0.7062
2011-06-08,0.4267
2011-06-09,-2.762
2011-06-10,-4.5885
2011-06-13,-2.1374
2011-06-14,-2.1841
2011-06-15,-3.8278
2011-06-16,3.2338
2011-06-17,-2.3293
2011-06-20,1.3980000000000001
2011-06-21,5.7583
2011-06-22,-5.3681
2011-06-23,-0.8914
2011-06-24,3.843
2011-06-27,0.6299
2011-06-28,4.8513
2011-06-29,-2.8358
2011-06-30,0.9985
2011-07-01,1.0646
2011-07-05,-4.2137
2011-07-06,2.2781000000000002
2011-07-07,2.0737
2011-07-08,-0.3762
2011-07-11,-4.3807
2011-07-12,1.0269
2011-07-13,2.1892
2011-07-14,-3.29
2011-07-15,0.5538
2011-07-18,-5.5075
2011-07-19,-0.2498
2011-07-20,-1.5025
2011-07-21,2.1186
2011-07-22,-0.332
2011-07-25,-1.5819999999999999
2011-07-26,-1.5228000000000002
2011-07-27,-1.8900000000000001
2011-07-28,-1.7513
2011-07-29,-0.713
2011-08-01,1.3465
2011-08-02,-2.3915
2011-08-03,2.6316
2011-08-04,-1.7683
2011-08-05,-1.0129
2011-08-08,-7.3488
2011-08-09,5.9237
2011-08-10,-6.1611
2011-08-11,4.5455
2011-08-12,-0.6763
2011-08-15,1.9455
2011-08-16,-2.8626
2011-08-17,-3.6346
2011-08-18,-5.3007
2011-08-19,-5.4898
2011-08-22,-3.0752
2011-08-23,3.1727
2011-08-24,-1.8223
2011-08-25,-2.3202
2011-08-26,1.5439
2011-08-29,6.6667
2011-08-30,7.6754
2011-08-31,-11.7108
2011-09-01,-8.7659
2011-09-02,-6.7004
2011-09-06,-6.5041
2011-09-07,0.1449
2011-09-08,0.2894
2011-09-09,-5.6277
2011-09-12,1.2232
2011-09-13,-1.6616
2011-09-14,4.4547
2011-09-15,0.0
2011-09-16,2.9412000000000003
2011-09-19,-1.7143000000000002
2011-09-20,-1.0174
2011-09-21,-1.6153
2011-09-22,0.0
2011-09-23,3.8806000000000003
2011-09-26,-1.5805
2011-09-27,2.1898
2011-09-28,-4.7143
2011-09-29,-1.3493
2011-09-30,-5.7751
2011-10-03,-6.4516
2011-10-04,4.3103
2011-10-05,-3.6364
2011-10-06,12.5214
2011-10-07,-0.7622
2011-10-10,3.0722
2011-10-11,1.4903
2011-10-12,1.909
2011-10-13,-0.4323
2011-10-14,1.5918999999999999
2011-10-17,-2.2792
2011-10-18,-0.7289
2011-10-19,-1.7621
2011-10-20,-2.6906
2011-10-21,-1.8433000000000002
2011-10-24,-2.3474
2011-10-25,-0.641
2011-10-26,-2.0968
2011-10-27,-3.6244
2011-10-28,-0.8547
2011-10-31,2.931
2011-11-01,-0.1675
2011-11-02,2.349
2011-11-03,-0.1639
2011-11-04,-0.6568
2011-11-07,-0.4959
2011-11-08,-2.3256
2011-11-09,0.8503
2011-11-10,-2.1922
2011-11-11,0.6897
2011-11-14,-0.5137
2011-11-15,-2.2375
2011-11-16,4.2254
2011-11-17,0.8446
2011-11-18,-0.5025
2011-11-21,-1.3468
2011-11-22,0.8532
2011-11-23,2.5381
2011-11-25,0.0
2011-11-28,-4.475
2011-11-29,-9.5495
2011-11-30,-4.3825
2011-12-01,2.5
2011-12-02,1.2195
2011-12-05,2.008
2011-12-06,1.1811
2011-12-07,-0.3891
2011-12-08,-6.6406
2011-12-09,3.1381
2011-12-12,3.4483
2011-12-13,0.0
2011-12-14,2.3529
2011-12-15,0.7663
2011-12-16,0.3802
2011-12-19,-0.7576
2011-12-20,5.3435
2011-12-21,-4.3478
2011-12-22,-62.5
2011-12-23,-3.5354
2011-12-27,-4.1885
2011-12-28,-5.4645
2011-12-29,9.2486
2011-12-30,-4.2328
2012-01-03,-4.9724
2012-01-04,-8.1395
2012-01-05,6.962
2012-01-06,-8.8757
2012-01-09,-0.6494
2012-01-10,-3.268
2012-01-11,4.0541
2012-01-12,-0.6494
2012-01-13,0.5882
2012-01-17,-10.9812
2012-01-18,-7.2993
2012-01-19,7.0866
2012-01-20,33.0882
2012-01-23,-9.3923
2012-01-24,0.6098
2012-01-25,-4.2424
2012-01-26,-5.6962
2012-01-27,6.0403
2012-01-30,4.4304
2012-01-31,-3.6364
2012-02-01,8.805
2012-02-02,-5.7803
2012-02-03,-2.454
2012-02-06,-12.5786
2012-02-07,0.7194
2012-02-08,-15.0
2012-02-09,0.0
2012-02-10,-11.7647
2012-02-13,5.7143
2012-02-14,-0.9009
2012-02-15,-9.0909
2012-02-16,-7.0
2012-02-17,-24.7312
2012-02-21,14.2857
2012-02-22,22.5
2012-02-23,-9.1837
2012-02-24,-0.5618
2012-02-27,9.6045
2012-02-28,4.1237
2012-02-29,-2.9703
2012-03-01,-4.0816
2012-03-02,-2.1277
2012-03-05,-1.087
2012-03-06,7.6923
2012-03-07,-1.0204
2012-03-08,2.0619
2012-03-09,0.0
2012-03-12,2.0202
2012-03-13,-0.9901
2012-03-14,2.0
2012-03-15,-0.9804
2012-03-16,0.0
2012-03-19,0.0
2012-03-20,0.9901
2012-03-21,-0.9804
2012-03-22,-4.9505
2012-03-23,4.1667
2012-03-26,0.0
2012-03-27,-2.0
2012-03-28,-1.0204
2012-03-29,0.0
2012-03-30,2.0619
2012-04-02,2.0202
2012-04-03,-0.9901
2012-04-04,3.0
2012-04-05,-0.9709
2012-04-09,-5.3922
2012-04-10,0.4145
2012-04-11,-7.1207
2012-04-12,-6.6667
2012-04-13,6.5476
2012-04-16,4.9162
2012-04-17,-7.3482
2012-04-18,2.8736
2012-04-19,-0.1117
2012-04-20,-10.5145
2012-04-23,-6.25
2012-04-24,0.0
2012-04-25,-0.6667
2012-04-26,3.3557
2012-04-27,5.8442
2012-04-30,0.0
2012-05-01,-6.7485
2012-05-02,-7.8947
2012-05-03,4.2857
2012-05-04,-4.1096
2012-05-07,0.0
2012-05-08,-7.8571
2012-05-09,-5.4264
2012-05-10,5.7377
2012-05-11,0.7752
2012-05-14,-15.3846
2012-05-15,-6.3636
2012-05-16,0.9709
2012-05-17,-7.6923
2012-05-18,-8.5417
2012-05-21,-8.8838
2012-05-22,-9.375
2012-05-23,0.1379
2012-05-24,6.0606
2012-05-25,-14.2857
2012-05-29,-21.2121
2012-05-30,-7.6923
2012-05-31,16.6667
2012-06-01,21.0714
2012-06-04,-10.0295
2012-06-05,-11.4754
2012-06-06,-22.2222
2012-06-07,23.8095
2012-06-08,-0.3846
2012-06-11,-7.3359
2012-06-12,6.25
2012-06-13,0.0
2012-06-14,-11.3725
2012-06-15,12.8319
2012-06-18,0.0
2012-06-19,9.8039
2012-06-20,-3.5714
2012-06-21,-7.4074
2012-06-22,-4.0
2012-06-25,0.0
2012-06-26,-3.75
2012-06-27,0.0
2012-06-28,0.0
2012-06-29,23.3766
2012-07-02,-18.947400000000002
2012-07-03,0.0
2012-07-05,14.7186
2012-07-06,-1.8868
2012-07-09,1.9231
2012-07-10,-23.7736
2012-07-11,11.3861
2012-07-12,-6.2222
2012-07-13,13.7441
2012-07-17,-10.4167
2012-07-18,6.5116
2012-07-19,0.4367
2012-07-20,0.0
2012-07-23,-2.1739
2012-07-24,0.0
2012-07-25,-2.2222
2012-07-26,0.0
2012-07-27,0.0
2012-07-30,0.0
2012-07-31,-8.1818
2012-08-01,-0.9901
2012-08-02,0.0
2012-08-03,10.0
2012-08-06,0.0
2012-08-07,-4.5455
2012-08-08,-13.8095
2012-08-09,16.0221
2012-08-10,-14.2857
2012-08-13,0.5556
2012-08-14,4.9724
2012-08-15,5.2632
2012-08-16,0.0
2012-08-17,-7.5
2012-08-20,-2.7027
2012-08-21,11.1111
2012-08-22,-0.5
2012-08-23,-4.5226
2012-08-24,4.7368
2012-08-27,0.5025
2012-08-28,-7.5
2012-08-29,5.4054
2012-08-30,1.5385
2012-08-31,0.0
2012-09-04,0.0
2012-09-05,-11.6162
2012-09-06,0.0
2012-09-07,2.8571
2012-09-10,-0.5556
2012-09-11,-17.3184
2012-09-12,3.3784
2012-09-13,-3.9215999999999998
2012-09-14,0.3401
2012-09-17,-5.0847
2012-09-18,7.1429
2012-09-19,6.6667
2012-09-20,6.25
2012-09-21,-5.8824
2012-09-24,0.0
2012-09-25,6.25
2012-09-26,-17.647100000000002
2012-09-27,14.2857
2012-09-28,0.0
2012-10-01,-3.125
2012-10-02,-3.2258
2012-10-03,0.0
2012-10-04,20.0
2012-10-05,-1.6667
2012-10-08,0.0
2012-10-09,-15.2542
2012-10-10,20.0
2012-10-11,-9.4444
2012-10-12,10.4294
2012-10-15,-9.4444
2012-10-16,0.0
2012-10-17,-7.9755
2012-10-18,0.6667
2012-10-19,-0.6623
2012-10-22,6.6667
2012-10-23,-12.5
2012-10-24,14.2857
2012-10-25,0.0
2012-10-26,0.0
2012-10-31,6.25
2012-11-01,-10.5882
2012-11-02,-1.3158
2012-11-05,10.0
2012-11-06,-16.9697
2012-11-07,5.8394
2012-11-08,-3.4483
2012-11-09,2.1429
2012-11-12,-2.0979
2012-11-13,-2.1429
2012-11-14,0.0
2012-11-15,9.4891
2012-11-16,-8.6667
2012-11-19,0.7299
2012-11-20,5.0725
2012-11-21,0.0
2012-11-23,-19.3103
2012-11-26,0.1068
2012-11-27,28.0683
2012-11-28,0.0
2012-11-29,-1.3333
2012-11-30,-15.5405
2012-12-03,20.0
2012-12-04,-16.6667
2012-12-05,4.0
2012-12-06,-11.538499999999999
2012-12-07,4.3478
2012-12-10,0.0
2012-12-11,-8.3333
2012-12-12,-26.3636
2012-12-13,3.7037
2012-12-14,0.0
2012-12-17,-8.3333
2012-12-18,15.5844
2012-12-19,0.0
2012-12-20,-17.9775
2012-12-21,-1.7979
2012-12-24,10.2005
2012-12-26,-9.4937
2012-12-27,-12.5874
2012-12-28,-0.8
2012-12-31,-6.4516
2013-01-02,0.0
2013-01-03,12.069
2013-01-04,-7.6923
2013-01-07,0.0
2013-01-08,0.0
2013-01-09,8.3333
2013-01-10,-7.6923
2013-01-11,0.0
2013-01-14,-16.6667
2013-01-15,5.25
2013-01-16,0.4751
2013-01-17,4.2553
2013-01-18,6.3492
2013-01-22,-1.919
2013-01-23,-3.2609
2013-01-24,0.0
2013-01-25,34.8315
2013-01-28,-25.5833
2013-01-29,0.3359
2013-01-30,7.1429
2013-01-31,0.0
2013-02-01,4.375
2013-02-04,26.7465
2013-02-05,-0.2362
2013-02-06,-24.2305
2013-02-07,0.0
2013-02-08,0.0
2013-02-11,0.0
2013-02-12,0.0
2013-02-13,16.4583
2013-02-14,-12.7013
2013-02-15,-7.377
2013-02-19,21.5708
2013-02-20,-23.5669
2013-02-21,0.0
2013-02-22,14.2857
2013-02-25,-12.5
2013-02-26,0.0
2013-02-27,0.0
2013-02-28,33.0952
2013-03-01,0.0
2013-03-04,-14.1324
2013-03-05,16.4583
2013-03-06,0.0
2013-03-07,-14.1324
2013-03-08,16.6667
2013-03-11,10.0
2013-03-12,-2.5974
2013-03-13,0.0
2013-03-14,20.0
2013-03-15,16.6667
2013-03-18,33.3333
2013-03-19,0.0
2013-03-20,-14.2857
2013-03-21,25.0
2013-03-22,-26.6667
2013-03-25,0.1136
2013-03-26,18.0477
2013-03-27,0.0
2013-03-28,0.0
2013-04-01,-38.4615
2013-04-02,22.5
2013-04-03,-18.3673
2013-04-04,-13.75
2013-04-05,-13.0435
2013-04-08,-20.0
2013-04-09,-16.6667
2013-04-10,-12.1875
2013-04-11,-2.847
2013-04-12,2.5641
2013-04-15,-11.0714
2013-04-16,-3.6145
2013-04-17,0.0
2013-04-18,0.0
2013-04-19,-15.0
2013-04-22,0.0
2013-04-23,25.0
2013-04-24,-21.5686
2013-04-25,0.0
2013-04-26,40.0
2013-04-29,-14.2857
2013-04-30,-29.375
2013-05-01,-24.4838
2013-05-02,-68.75
2013-05-03,100.0
2013-05-06,-10.0
2013-05-07,-61.1111
2013-05-08,8.9286
2013-05-09,-8.1967
2013-05-10,0.0
2013-05-13,3.5714
2013-05-14,10.3448
2013-05-15,12.5
2013-05-16,0.0
2013-05-17,-22.2222
2013-05-20,14.2857
2013-05-21,140.625
2013-05-22,3.8961
2013-05-23,30.0
2013-05-24,-19.2308
2013-05-28,0.0
2013-05-29,0.0
2013-05-30,0.0
2013-05-31,54.1667
2013-06-03,-35.1351
2013-06-04,0.0
2013-06-06,52.381
2013-06-07,-36.7187
2013-06-11,-1.2346
2013-06-12,0.0
2013-06-14,0.0
2013-06-17,70.0
2013-06-18,-41.1765
2013-06-19,0.0
2013-06-20,-40.0
2013-06-21,0.0
2013-06-24,0.0
2013-06-25,0.0
2013-06-26,0.0
2013-06-27,66.6667
2013-06-28,-1.875
2013-07-01,3.1847
2013-07-02,0.0
2013-07-03,67.9012
2013-07-05,-52.2059
2013-07-08,-54.6154
2013-07-09,144.0678
2013-07-10,11.1111
2013-07-11,-56.875
2013-07-12,1.4493
2013-07-15,-1.4285999999999999
2013-07-16,0.0
2013-07-17,1.4493
2013-07-18,0.0
2013-07-19,128.5714
2013-07-22,-50.0
2013-07-23,20.0
2013-07-24,66.6667
2013-07-25,0.0
2013-07-26,0.0
2013-07-29,0.0
2013-07-30,-40.0
2013-07-31,33.3333
2013-08-01,2.3438
2013-08-05,0.0
2013-08-06,-2.2901
2013-08-08,0.0
2013-08-09,-27.3437
2013-08-12,1.0753
2013-08-14,2.1277
2013-08-15,2.0833
2013-08-16,-2.0408
2013-08-19,0.0
2013-08-20,33.3333
2013-08-21,25.0
2013-08-22,-30.0
2013-08-23,-14.2857
2013-08-26,-16.6667
2013-08-27,100.0
2013-08-28,0.0
2013-08-29,-40.0
2013-08-30,0.0
2013-09-04,0.0
2013-09-05,0.0
2013-09-06,0.0
2013-09-09,0.0
2013-09-10,0.0
2013-09-11,0.0
2013-09-12,0.0
2013-09-17,50.0
2013-09-18,-44.4444
2013-09-19,0.0
2013-09-20,20.0
2013-09-23,0.0
2013-09-25,0.0
2013-09-26,50.0
2013-09-30,-33.3333
2013-10-01,2.0833
2013-10-02,46.9388
2013-10-03,-31.9444
2013-10-04,0.0
2013-10-07,0.0
2013-10-08,0.0
2013-10-09,0.0
2013-10-11,-2.0408
2013-10-14,0.0
2013-10-15,63.5417
2013-10-16,-38.8535
2013-10-17,33.3333
2013-10-18,-10.9375
2013-10-21,0.0
2013-10-22,0.0
2013-10-23,0.8772
2013-10-24,39.1304
2013-10-25,-8.75
2013-10-28,0.0
2013-10-29,64.3836
2013-10-30,0.0
2013-10-31,-39.1667
2013-11-01,-1.3699
2013-11-04,0.0
2013-11-05,0.0
2013-11-07,-9.7222
2013-11-08,-12.3077
2013-11-11,75.4386
2013-11-12,0.0
2013-11-13,4.0
2013-11-14,-3.8462
2013-11-18,40.0
2013-11-19,-28.5714
2013-11-20,0.0
2013-11-21,0.0
2013-11-22,28.0
2013-11-25,6.25
2013-11-26,-37.5
2013-11-27,0.5882
2013-11-29,0.0
2013-12-02,2.924
2013-12-03,-3.4091
2013-12-04,0.5882
2013-12-05,0.0
2013-12-06,2.924
2013-12-09,1.1364
2013-12-10,0.5618
2013-12-11,1.1173
2013-12-12,-1.105
2013-12-13,-28.4916
2013-12-16,0.0
2013-12-17,12.5
2013-12-18,-11.1111
2013-12-19,0.0
2013-12-20,0.0
2013-12-23,0.0
2013-12-24,0.0
2013-12-26,0.0
2013-12-27,-10.9375
2013-12-30,0.0
2013-12-31,0.8772
2014-01-02,0.0
2014-01-03,1.7391
2014-01-06,-1.7094
2014-01-07,0.0
2014-01-08,-2.6087
2014-01-09,0.0
2014-01-10,91.0714
2014-01-13,-46.729
2014-01-15,2.6316
2014-01-16,-2.5641
2014-01-17,40.3509
2014-01-21,-28.75
2014-01-23,-1.7544
2014-01-24,0.0
2014-01-27,0.0
2014-01-28,0.0
2014-01-29,0.0
2014-01-30,0.0
2014-02-03,0.0
2014-02-04,0.0
2014-02-05,91.0714
2014-02-06,-46.729
2014-02-07,0.0
2014-02-10,0.0
2014-02-13,12.2807
2014-02-14,0.0
2014-02-18,0.0
2014-02-19,0.0
2014-02-20,0.0
2014-02-21,-37.5
2014-02-24,166.25
2014-02-25,-39.9061
2014-02-26,0.0
2014-02-27,-35.1562
2014-02-28,2.4096
2014-03-04,0.0
2014-03-05,0.0
2014-03-06,0.0
2014-03-07,0.0
2014-03-10,0.0
2014-03-11,0.0
2014-03-12,50.5882
2014-03-13,-98.4375
2014-03-14,4700.0
2014-03-17,66.6667
2014-03-18,-30.0
2014-03-19,42.8571
2014-03-20,0.0
2014-03-21,0.0
2014-03-24,-20.0
2014-03-25,25.0
2014-03-26,-20.0
2014-03-27,25.0
2014-03-28,-20.0
2014-03-31,0.0
2014-04-01,-12.5
2014-04-02,-42.8571
2014-04-04,0.0
2014-04-07,0.0
2014-04-08,0.0
2014-04-09,12.5
2014-04-10,0.0
2014-04-11,0.0
2014-04-14,0.0
2014-04-16,0.0
2014-04-17,0.0
2014-04-22,0.0
2014-04-29,0.0
2014-04-30,0.0
2014-05-01,2.7778
2014-05-02,0.0
2014-05-06,-2.7027
2014-05-07,108.3333
2014-05-08,-52.0
2014-05-09,108.3333
2014-05-13,-52.0
2014-05-14,0.0
2014-05-15,0.0
2014-05-16,0.0
2014-05-19,0.0
2014-05-20,0.0
2014-05-21,0.0
2014-05-22,-4.1667
2014-05-27,-53.6232
2014-05-29,115.625
2014-06-02,0.0
2014-06-03,0.0
2014-06-04,0.0
2014-06-06,0.0
2014-06-10,0.0
2014-06-11,62.3188
2014-06-12,-38.3929
2014-06-18,62.3188
2014-06-19,-25.8929
2014-06-24,-3.6145
2014-07-02,40.0
2014-07-03,-28.5714
2014-07-07,0.0
2014-07-10,0.0
2014-07-11,0.0
2014-07-15,0.0
2014-07-16,0.0
2014-07-17,0.0
2014-07-18,0.0
2014-07-21,40.0
2014-07-22,-28.5714
2014-07-23,0.0
2014-07-28,0.0
2014-07-30,0.0
2014-07-31,0.0
2014-08-01,-80.0
2014-08-06,12.5
2014-08-13,0.0
2014-08-14,0.0
2014-08-15,0.0
2014-08-20,0.0
2014-08-21,0.0
2014-08-25,0.0
2014-08-26,0.0
2014-08-27,0.0
2014-08-28,5.5556
2014-09-02,-5.2632
2014-09-03,0.0
2014-09-10,0.0
2014-09-12,0.0
2014-09-15,0.0
2014-09-16,-11.1111
2014-09-17,0.0
2014-09-18,0.0
2014-09-19,100.0
2014-09-22,-50.0
2014-09-25,400.0
2014-09-26,70.0
2014-09-29,76.4706
2014-09-30,53.3333
2014-10-01,7.8804
2014-10-02,61.2091
2014-10-03,-12.5
2014-10-06,-14.2857
2014-10-07,0.0
2014-10-08,-16.6667
2014-10-09,0.0
2014-10-10,20.0
2014-10-13,0.0
2014-10-14,-33.3333
2014-10-15,50.0
2014-10-16,0.0
2014-10-20,-57.9167
2014-10-21,0.495
2014-10-22,0.0
2014-10-24,97.0443
2014-10-27,0.0
2014-10-28,-49.25
2014-10-29,0.9852
2014-10-31,56.0976
2014-11-03,-36.5625
2014-11-06,0.0
2014-11-07,0.9852
2014-11-11,-0.9756
2014-11-12,0.0
2014-11-13,0.0
2014-11-18,0.0
2014-11-19,-0.4926
2014-11-21,18.8119
2014-11-24,-26.6667
2014-11-25,0.0
2014-11-26,36.3636
2014-11-28,0.0
2014-12-01,0.0
2014-12-02,-20.0
2014-12-03,0.0
2014-12-04,0.0
2014-12-05,25.0
2014-12-08,0.0
2014-12-09,-13.3333
2014-12-10,38.4615
2014-12-11,-22.2222
2014-12-12,-14.2857
2014-12-15,-8.3333
2014-12-17,62.5
2014-12-18,-32.8671
2014-12-19,8.3333
2014-12-22,37.5
2014-12-23,11.8881
2014-12-24,0.0
2014-12-26,2.5
2014-12-29,0.0
2014-12-30,9.7561
2014-12-31,0.0
2015-01-02,0.0
2015-01-05,-46.6667
2015-01-06,0.0
2015-01-07,-16.6667
2015-01-08,-20.0
2015-01-12,25.0
2015-01-14,0.0
2015-01-15,20.0
2015-01-16,-8.3333
2015-01-21,-9.0909
2015-01-22,10.0
2015-01-23,0.0
2015-01-26,22.7273
2015-01-27,-18.5185
2015-01-28,0.0
2015-01-29,22.7273
2015-02-02,11.1111
2015-02-04,-46.6667
2015-02-06,56.25
2015-02-09,-4.0
2015-02-10,0.0
2015-02-13,16.6667
2015-02-17,-14.2857
2015-02-18,-4.1667
2015-02-23,-4.3478
2015-02-24,-9.0909
2015-02-25,-10.0
2015-02-26,11.1111
2015-03-02,-1.25
2015-03-03,16.4557
2015-03-04,-11.413
2015-03-05,4.2945
2015-03-09,-1.1764999999999999
2015-03-10,23.8095
2015-03-11,-3.8462
2015-03-13,0.0
2015-03-16,4.0
2015-03-19,-3.8462
2015-03-23,-20.0
2015-03-25,10.0
2015-03-26,-1.1364
2015-03-27,0.0
2015-03-30,-4.5977
2015-03-31,-4.8193
2015-04-02,77.2152
2015-04-06,-43.5714
2015-04-08,0.0
2015-04-09,0.0
2015-04-10,51.8987
2015-04-13,-50.8333
2015-04-14,23.7288
2015-04-15,0.0
2015-04-20,0.0
2015-04-23,2.0548
2015-04-27,0.6711
2015-04-28,-0.6667
2015-04-30,0.6711
2015-05-01,0.0
2015-05-04,0.0
2015-05-05,0.0
2015-05-07,0.0
2015-05-11,0.0
2015-05-18,2.6667
2015-05-21,-9.7403
2015-05-22,7.9137
2015-05-26,0.0
2015-05-28,0.0
2015-05-29,6.6667
2015-06-01,0.0
2015-06-03,88.75
2015-06-04,-47.6821
2015-06-05,11.3924
2015-06-08,-10.2273
2015-06-09,2.5316
2015-06-10,8.642
2015-06-12,-4.5455
2015-06-15,9.5238
2015-06-18,26.087
2015-06-22,-6.8966
2015-06-23,-3.7037
2015-06-24,-7.6923
2015-06-25,4.1667
2015-06-26,50.5
2015-06-29,-30.897
2015-06-30,38.4615
2015-07-01,-16.6667
2015-07-02,13.3333
2015-07-06,0.0
2015-07-07,11.0294
2015-07-08,-10.9272
2015-07-09,-30.855
2015-07-10,29.0323
2015-07-13,12.0833
2015-07-14,-5.5762
2015-07-15,0.7874
2015-07-16,17.5781
2015-07-17,5.6478
2015-07-21,-15.0943
2015-07-22,-5.9259
2015-07-23,37.7953
2015-07-24,-0.2857
2015-07-27,-26.6476
2015-07-28,35.5469
2015-07-29,-16.1383
2015-07-30,-1.0309
2015-08-03,-8.3333
2015-08-04,-0.7576
2015-08-05,0.0
2015-08-06,-8.3969
2015-08-07,0.0
2015-08-10,0.0
2015-08-11,-10.0
2015-08-12,0.0
2015-08-14,-11.1111
2015-08-17,-8.3333
2015-08-18,0.0
2015-08-19,18.1818
2015-08-20,7.6923
2015-08-21,-7.1429
2015-08-25,0.0
2015-08-26,0.0
2015-08-27,0.0
2015-08-28,17.7885
2015-08-31,-15.102
2015-09-01,-3.8462
2015-09-02,4.0
2015-09-03,0.9615
2015-09-04,6.6667
2015-09-08,0.0
2015-09-09,-3.5714
2015-09-10,3.7037
2015-09-11,0.0
2015-09-14,0.0
2015-09-15,5.8036
2015-09-16,-8.8608
2015-09-17,0.0
2015-09-18,-3.7037
2015-09-21,0.0
2015-09-22,2.8846
2015-09-28,0.0
2015-09-29,0.0
2015-09-30,-0.4673
2015-10-02,0.0
2015-10-05,11.7371
2015-10-07,2.9412000000000003
2015-10-09,0.0
2015-10-12,-8.5714
2015-10-15,0.0
2015-10-16,-3.5714
2015-10-19,0.0
2015-10-22,0.0
2015-10-23,0.0
2015-10-26,-2.3148
2015-10-27,-9.0047
2015-10-28,4.1667
2015-11-03,-16.0
2015-11-05,-13.0952
2015-11-09,-12.3288
2015-11-10,-2.3438
2015-11-11,2.4
2015-11-13,-6.25
2015-11-16,-9.1667
2015-11-17,-1.8349
2015-11-18,-4.6729
2015-11-24,-11.7647
2015-11-27,-2.2222
2015-11-30,-2.2727
2015-12-01,0.0
2015-12-03,-44.186
2015-12-04,-22.9167
2015-12-08,0.0
2015-12-09,0.0
2015-12-10,-35.1351
2015-12-11,0.0
2015-12-14,0.0
2015-12-15,0.0
2015-12-16,0.0
2015-12-18,0.0
2015-12-21,0.0
2015-12-22,0.0
2015-12-23,133.3333
2015-12-24,-57.1429
2015-12-28,8.3333
2015-12-29,23.0769
2015-12-30,6.25
2015-12-31,58.8235
2016-01-04,44.4444
2016-01-05,33.3333
2016-01-07,0.0
2016-01-08,-38.4615
2016-01-11,0.0
2016-01-12,50.0
2016-01-14,50.0
2016-01-20,0.0
2016-01-28,-33.3333
2016-02-01,0.0
2016-02-08,50.0
2016-02-09,-33.3333
2016-02-10,50.0
2016-02-12,5.5556
2016-02-16,0.0
2016-02-17,-31.5789
2016-02-18,0.0
2016-02-19,41.3462
2016-02-25,-29.2517
2016-02-26,0.0
2016-03-01,7.6923
2016-03-02,0.0
2016-03-04,-19.6429
2016-03-07,0.0
2016-03-14,0.0
2016-03-18,0.0
2016-04-13,-2.2222
2016-04-21,0.0
2016-04-29,0.0
2016-05-02,0.0
2016-05-04,2.2727
2016-05-06,-2.2222
2016-05-12,0.0
2016-05-13,0.0
2016-05-16,0.0
2016-05-18,0.0
2016-05-19,0.0
2016-05-25,0.0
2016-05-26,54.5455
2016-06-01,-35.2941
2016-06-02,0.0
2016-06-03,0.0
2016-06-06,13.6364
2016-06-09,-12.0
2016-06-10,0.0
2016-06-15,-23.8636
2016-06-17,0.0
2016-06-22,11.9403
2016-06-28,-10.6667
2016-06-29,2.9851
2016-06-30,15.942
2016-07-01,-12.5
2016-07-05,11.4286
2016-07-06,-11.538499999999999
2016-07-08,5.7971
2016-07-11,-5.4795
2016-07-14,0.0
2016-07-18,0.0
2016-07-19,13.0435
2016-07-20,-11.538499999999999
2016-07-22,0.0
2016-07-27,0.0
2016-07-28,30.4348
