ticker,IIF US Equity
field,DAY_TO_DAY_TOT_RETURN_GROSS_DVDS
date,
2000-01-03,4.9242
2000-01-04,-3.2491
2000-01-05,1.1194
2000-01-06,0.738
2000-01-07,-0.7326
2000-01-10,0.738
2000-01-11,-6.2271
2000-01-12,1.1719
2000-01-13,-1.5444
2000-01-14,-0.3922
2000-01-18,1.5748
2000-01-19,0.0
2000-01-20,0.0
2000-01-21,1.1628
2000-01-24,-0.7663
2000-01-25,-1.5444
2000-01-26,2.7451
2000-01-27,3.4351
2000-01-28,-1.476
2000-01-31,-1.1236
2000-02-01,1.8939
2000-02-02,0.7435
2000-02-03,0.738
2000-02-04,2.5641
2000-02-07,2.8571
2000-02-08,3.559
2000-02-09,-4.4426
2000-02-10,1.7544
2000-02-11,1.3793
2000-02-14,-3.0612
2000-02-15,-3.1579
2000-02-16,3.6231999999999998
2000-02-17,2.0979
2000-02-18,-2.7397
2000-02-22,0.0
2000-02-23,-4.2254
2000-02-24,-0.7353
2000-02-25,-0.7407
2000-02-28,-0.7463
2000-02-29,-2.2556
2000-03-01,2.6923
2000-03-02,-2.9962999999999997
2000-03-03,-0.7722
2000-03-06,1.9455
2000-03-07,-0.7634
2000-03-08,-0.3846
2000-03-09,-3.4749
2000-03-10,-2.8
2000-03-13,-5.7613
2000-03-14,-0.4367
2000-03-15,3.0702
2000-03-16,-3.4043
2000-03-17,0.4405
2000-03-20,1.7544
2000-03-21,-2.1552
2000-03-22,1.7621
2000-03-23,0.0
2000-03-24,-0.8658
2000-03-27,0.0
2000-03-28,0.4367
2000-03-29,-1.7391
2000-03-30,-4.8673
2000-03-31,-1.8605
2000-04-03,-4.2654
2000-04-04,-5.9406
2000-04-05,6.3158
2000-04-06,8.9109
2000-04-07,10.0
2000-04-10,-1.6529
2000-04-11,-2.521
2000-04-12,-4.3103
2000-04-13,-4.0541
2000-04-14,-8.4507
2000-04-17,0.0
2000-04-18,0.5128
2000-04-19,-2.0408
2000-04-20,-0.5208
2000-04-24,-4.712
2000-04-25,3.8462
2000-04-26,1.5873
2000-04-27,0.0
2000-04-28,1.0417
2000-05-01,2.5773
2000-05-02,-6.5327
2000-05-03,-0.5376
2000-05-04,4.8649000000000004
2000-05-05,3.6082
2000-05-08,-4.4776
2000-05-09,0.0
2000-05-10,-2.0833
2000-05-11,-4.2553
2000-05-12,-3.3333
2000-05-15,1.7241
2000-05-16,-0.565
2000-05-17,-3.9773
2000-05-18,0.0
2000-05-19,-7.1006
2000-05-22,-1.9108
2000-05-23,2.5974
2000-05-24,-0.6329
2000-05-25,-1.2739
2000-05-26,1.9355
2000-05-30,6.962
2000-05-31,3.5503
2000-06-01,0.0
2000-06-02,5.1429
2000-06-05,0.0
2000-06-06,-1.087
2000-06-07,0.5495
2000-06-08,0.5464
2000-06-09,-1.087
2000-06-12,-2.1978
2000-06-13,0.0
2000-06-14,2.2472
2000-06-15,0.0
2000-06-16,1.0989
2000-06-19,2.7174
2000-06-20,0.5291
2000-06-21,-1.5789
2000-06-22,0.5348
2000-06-23,-1.0638
2000-06-26,0.0
2000-06-27,-1.0753
2000-06-28,2.1739
2000-06-29,-1.0638
2000-06-30,3.2258
2000-07-03,2.0833
2000-07-05,-2.0408
2000-07-06,-3.125
2000-07-07,0.5376
2000-07-10,-1.6042999999999998
2000-07-11,-1.6303999999999998
2000-07-12,1.6575
2000-07-13,-2.1739
2000-07-14,0.0
2000-07-17,-2.2222
2000-07-18,-1.1364
2000-07-19,-1.7241
2000-07-20,1.1696
2000-07-21,-3.4682
2000-07-24,-3.5928
2000-07-25,3.7267
2000-07-26,-1.7964
2000-07-27,1.8293
2000-07-28,-1.1976
2000-07-31,1.8182
2000-08-01,-1.1905000000000001
2000-08-02,0.0
2000-08-03,0.0
2000-08-04,0.6024
2000-08-07,-1.1976
2000-08-08,1.8182
2000-08-09,0.5952
2000-08-10,-0.5917
2000-08-11,1.1905000000000001
2000-08-14,2.9412000000000003
2000-08-15,1.7143000000000002
2000-08-16,0.0
2000-08-17,-1.1236
2000-08-18,0.0
2000-08-21,1.1364
2000-08-22,2.2472
2000-08-23,1.0989
2000-08-24,1.087
2000-08-25,2.1505
2000-08-28,2.6316
2000-08-29,-3.0769
2000-08-30,-0.5291
2000-08-31,1.5957
2000-09-01,3.1414
2000-09-05,1.0152
2000-09-06,-1.005
2000-09-07,0.5076
2000-09-08,-1.5152
2000-09-11,0.0
2000-09-12,-0.5128
2000-09-13,-2.5773
2000-09-14,-1.0582
2000-09-15,-3.2086
2000-09-18,-6.0773
2000-09-19,0.0
2000-09-20,1.1764999999999999
2000-09-21,-2.3256
2000-09-22,-2.3810000000000002
2000-09-25,3.6585
2000-09-26,-1.1764999999999999
2000-09-27,1.1905000000000001
2000-09-28,-1.1764999999999999
2000-09-29,-1.1905000000000001
2000-10-02,-0.6024
2000-10-03,1.2121
2000-10-04,1.7964
2000-10-05,-1.1764999999999999
2000-10-06,-2.9762
2000-10-09,0.0
2000-10-10,-1.8405
2000-10-11,-4.375
2000-10-12,0.0
2000-10-13,-0.6536
2000-10-16,-1.9737
2000-10-17,-1.3423
2000-10-18,-1.3605
2000-10-19,8.2759
2000-10-20,0.6369
2000-10-23,-1.2658
2000-10-24,1.9231
2000-10-25,-0.6289
2000-10-26,0.0
2000-10-27,1.2658
2000-10-30,-0.625
2000-10-31,6.2893
2000-11-01,-1.1834
2000-11-02,4.7904
2000-11-03,-0.5714
2000-11-06,-0.5747
2000-11-07,-1.7341
2000-11-08,2.3529
2000-11-09,-0.5747
2000-11-10,-2.8902
2000-11-13,-1.7856999999999998
2000-11-14,3.0303
2000-11-15,0.5882
2000-11-16,-1.1696
2000-11-17,0.5917
2000-11-20,-2.9412000000000003
2000-11-21,-0.6061
2000-11-22,0.0
2000-11-24,-0.6098
2000-11-27,1.8405
2000-11-28,-0.6024
2000-11-29,0.6061
2000-11-30,-1.2048
2000-12-01,4.2683
2000-12-04,-1.7544
2000-12-05,3.5714
2000-12-06,0.5747
2000-12-07,-1.1429
2000-12-08,3.4682
2000-12-11,1.6760000000000002
2000-12-12,-1.6484
2000-12-13,3.9106
2000-12-14,0.0
2000-12-15,4.8387
2000-12-18,3.5897
2000-12-19,-1.9802
2000-12-20,-1.6928999999999998
2000-12-21,2.3669000000000002
2000-12-22,-2.8902
2000-12-26,-2.9762
2000-12-27,3.681
2000-12-28,3.5503
2000-12-29,1.1429
2001-01-02,-0.565
2001-01-03,5.1136
2001-01-04,0.0
2001-01-05,-1.6216
2001-01-08,-1.6484
2001-01-09,1.1173
2001-01-10,-0.5525
2001-01-11,-1.1111
2001-01-12,0.0
2001-01-16,0.5618
2001-01-17,0.5587
2001-01-18,1.6667
2001-01-19,0.5464
2001-01-22,0.5435
2001-01-23,0.0
2001-01-24,0.5405
2001-01-25,0.0
2001-01-26,-0.5376
2001-01-29,-1.8378
2001-01-30,1.3216
2001-01-31,0.4348
2001-02-01,-0.3463
2001-02-02,2.0851
2001-02-05,0.0
2001-02-06,1.1064
2001-02-07,-2.4411
2001-02-08,1.8982
2001-02-09,0.1693
2001-02-12,1.8597000000000001
2001-02-13,-0.9129
2001-02-14,0.2513
2001-02-15,1.8378999999999999
2001-02-16,-1.5587
2001-02-20,0.4167
2001-02-21,-1.5768
2001-02-22,-1.1804000000000001
2001-02-23,-3.5836
2001-02-26,0.885
2001-02-27,-1.3158
2001-02-28,3.0222
2001-03-01,1.0354
2001-03-02,-4.3553
2001-03-05,-0.7143
2001-03-06,1.5288
2001-03-07,-0.3543
2001-03-08,-2.2222
2001-03-09,-4.0
2001-03-12,-3.2197
2001-03-13,-3.816
2001-03-14,0.7121
2001-03-15,4.3434
2001-03-16,-2.0329
2001-03-19,0.8893
2001-03-20,-1.1753
2001-03-21,0.7929
2001-03-22,-0.6883
2001-03-23,-1.2871000000000001
2001-03-26,-0.2006
2001-03-27,2.5126
2001-03-28,-0.1961
2001-03-29,-2.0629
2001-03-30,-11.9358
2001-04-02,-1.4806
2001-04-03,-0.2312
2001-04-04,-1.0429
2001-04-05,4.2155
2001-04-06,-1.0112
2001-04-09,-0.681
2001-04-10,0.5714
2001-04-11,-5.1136
2001-04-12,-2.7545
2001-04-16,3.4483
2001-04-17,3.8095
2001-04-18,4.9312000000000005
2001-04-19,1.6393
2001-04-20,-0.5376
2001-04-23,-2.5946
2001-04-24,-0.5549
2001-04-25,2.4554
2001-04-26,-0.3268
2001-04-27,-1.9672
2001-04-30,3.6789
2001-05-01,0.2151
2001-05-02,1.5021
2001-05-03,-2.6427
2001-05-04,1.5201
2001-05-07,0.2139
2001-05-08,1.921
2001-05-09,-0.1047
2001-05-10,0.1048
2001-05-11,-0.5236
2001-05-14,-1.0526
2001-05-15,-0.7447
2001-05-16,1.8221
2001-05-17,1.5789
2001-05-18,-1.2435
2001-05-21,0.6296
2001-05-22,0.5214
2001-05-23,-1.1411
2001-05-24,-0.5247
2001-05-25,-2.4262
2001-05-29,1.6216
2001-05-30,-1.9149
2001-05-31,-0.3254
2001-06-01,0.4353
2001-06-04,-0.5417
2001-06-05,0.2179
2001-06-06,-1.1957
2001-06-07,0.6601
2001-06-08,0.9836
2001-06-11,0.6494
2001-06-12,-1.0753
2001-06-13,0.4348
2001-06-14,-2.4892
2001-06-15,-1.6648
2001-06-18,0.4515
2001-06-19,0.5618
2001-06-20,0.3352
2001-06-21,0.2227
2001-06-22,-2.0
2001-06-25,0.7937
2001-06-26,0.1125
2001-06-27,2.1404
2001-06-28,0.9732
2001-06-29,0.6024
2001-07-02,-2.1557
2001-07-03,-1.4687999999999999
2001-07-05,2.4845
2001-07-06,-0.6061
2001-07-09,-1.0976
2001-07-10,-0.7398
2001-07-11,1.7391
2001-07-12,1.7094
2001-07-13,-0.8403
2001-07-16,-0.4843
2001-07-17,-0.8516
2001-07-18,-1.4724
2001-07-19,0.9963
2001-07-20,-0.1233
2001-07-23,-0.2469
2001-07-24,-0.9901
2001-07-25,-0.375
2001-07-26,-0.6274
2001-07-27,1.5152
2001-07-30,0.3731
2001-07-31,0.0
2001-08-01,-0.3717
2001-08-02,1.3682
2001-08-03,1.8405
2001-08-06,-1.0843
2001-08-07,-1.827
2001-08-08,-0.1241
2001-08-09,0.8696
2001-08-10,-0.8621
2001-08-13,1.2422
2001-08-14,2.2086
2001-08-15,1.5606
2001-08-16,-2.1277
2001-08-17,-2.4154999999999998
2001-08-20,-0.6188
2001-08-21,-0.1245
2001-08-22,1.2469000000000001
2001-08-23,0.8621
2001-08-24,2.1978
2001-08-27,-0.1195
2001-08-28,-1.3158
2001-08-29,0.2424
2001-08-30,0.0
2001-08-31,0.9674
2001-09-04,-0.479
2001-09-05,-1.3237
2001-09-06,-1.7073
2001-09-07,-0.2481
2001-09-10,0.7463
2001-09-17,-12.8395
2001-09-18,1.983
2001-09-19,-1.6667
2001-09-20,-1.8362
2001-09-21,-5.036
2001-09-24,9.0909
2001-09-25,-2.0833
2001-09-26,0.4255
2001-09-27,0.7062
2001-09-28,3.7868
2001-10-01,-3.9189
2001-10-02,-0.7032
2001-10-03,1.983
2001-10-04,0.4167
2001-10-05,0.4149
2001-10-08,-2.8926
2001-10-09,1.7021
2001-10-10,3.9052
2001-10-11,2.5503
2001-10-12,-1.0471
2001-10-15,-0.1323
2001-10-16,2.5166
2001-10-17,0.646
2001-10-18,-1.1553
2001-10-19,-0.6494
2001-10-22,1.9607999999999999
2001-10-23,1.2821
2001-10-24,-1.8987
2001-10-25,-0.6452
2001-10-26,-0.2597
2001-10-29,-0.1302
2001-10-30,-1.6949
2001-10-31,1.9893999999999998
2001-11-01,4.0312
2001-11-02,0.25
2001-11-05,1.3716
2001-11-06,0.0
2001-11-07,-1.599
2001-11-08,0.75
2001-11-09,-0.1241
2001-11-12,0.1242
2001-11-13,0.9926
2001-11-14,0.2457
2001-11-15,2.9412000000000003
2001-11-16,0.9524
2001-11-19,3.066
2001-11-20,-2.5172
2001-11-21,0.4695
2001-11-23,0.2336
2001-11-26,1.3986
2001-11-27,-0.3448
2001-11-28,-0.8074
2001-11-29,0.3488
2001-11-30,0.2317
2001-12-03,0.578
2001-12-04,3.4483
2001-12-05,2.3333
2001-12-06,1.5201
2001-12-07,-0.3209
2001-12-10,-0.4292
2001-12-11,-1.6164
2001-12-12,-0.8762
2001-12-13,-0.9945
2001-12-14,1.5625
2001-12-17,-0.4396
2001-12-18,-0.5519
2001-12-19,-2.4417
2001-12-20,-0.3117
2001-12-21,0.3501
2001-12-24,-0.814
2001-12-26,-2.4619
2001-12-27,-0.9615
2001-12-28,0.7282
2001-12-31,4.2169
2002-01-02,0.578
2002-01-03,1.2644
2002-01-04,2.3837
2002-01-07,2.6608
2002-01-08,-0.108
2002-01-09,-1.4054
2002-01-10,-1.9737
2002-01-11,-1.0067
2002-01-14,1.5819
2002-01-15,0.6674
2002-01-16,-1.9889999999999999
2002-01-17,1.4656
2002-01-18,-1.4444
2002-01-22,2.2548
2002-01-23,0.6615
2002-01-24,0.9858
2002-01-25,0.3254
2002-01-28,-0.7568
2002-01-29,-0.5447
2002-01-30,-0.3286
2002-01-31,1.6484
2002-02-01,0.0
2002-02-04,-0.6486
2002-02-05,-0.9793
2002-02-06,3.2967
2002-02-07,0.0
2002-02-08,1.0638
2002-02-11,1.6842000000000001
2002-02-12,0.5176
2002-02-13,1.9567
2002-02-14,3.2323
2002-02-15,-1.9569
2002-02-19,-0.6986
2002-02-20,-0.7035
2002-02-21,0.5061
2002-02-22,1.5106000000000002
2002-02-25,0.3968
2002-02-26,3.1621
2002-02-27,-1.5326
2002-02-28,-4.1829
2002-03-01,2.5381
2002-03-04,0.495
2002-03-05,0.5911
2002-03-06,2.0568
2002-03-07,-0.3839
2002-03-08,0.6744
2002-03-11,-1.4354
2002-03-12,-1.9417
2002-03-13,-0.5941
2002-03-14,0.5976
2002-03-15,-0.396
2002-03-18,-0.497
2002-03-19,-0.5994
2002-03-20,0.603
2002-03-21,-0.1998
2002-03-22,0.4004
2002-03-25,0.1994
2002-03-26,-1.4925
2002-03-27,0.0
2002-03-28,0.9091
2002-04-01,0.8008
2002-04-02,1.291
2002-04-03,-0.1961
2002-04-04,-0.4912
2002-04-05,0.0
2002-04-08,-0.7897
2002-04-09,-1.2934999999999999
2002-04-10,2.3185000000000002
2002-04-11,-0.9852
2002-04-12,1.592
2002-04-15,0.2938
2002-04-16,-1.1719
2002-04-17,0.4941
2002-04-18,-0.1967
2002-04-19,-3.0542
2002-04-22,0.7114
2002-04-23,0.5045
2002-04-24,0.3012
2002-04-25,-0.4004
2002-04-26,-0.201
2002-04-29,-1.2085
2002-04-30,1.5291000000000001
2002-05-01,0.1004
2002-05-02,-0.1003
2002-05-03,1.3052000000000001
2002-05-06,-0.892
2002-05-07,0.8
2002-05-08,0.0992
2002-05-09,1.0902
2002-05-10,-0.9804
2002-05-13,0.7921
2002-05-14,-0.7859
2002-05-15,-0.099
2002-05-16,-0.2973
2002-05-17,0.5964
2002-05-20,-4.1502
2002-05-21,-1.3402
2002-05-22,1.3584
2002-05-23,-2.268
2002-05-24,4.5359
2002-05-28,-4.6418
2002-05-29,0.2116
2002-05-30,-1.6895
2002-05-31,0.8593
2002-06-03,0.0
2002-06-04,-0.852
2002-06-05,3.2223
2002-06-06,0.0
2002-06-07,-2.1852
2002-06-10,4.0426
2002-06-11,1.227
2002-06-12,-0.5051
2002-06-13,-1.9289
2002-06-14,0.4141
2002-06-17,0.0
2002-06-18,-1.5464
2002-06-19,-1.466
2002-06-20,-0.4251
2002-06-21,-1.0672
2002-06-24,0.4315
2002-06-25,0.0
2002-06-26,-2.1139
2002-06-27,2.1978
2002-06-28,-0.6452
2002-07-01,0.6494
2002-07-02,0.5376
2002-07-03,0.0
2002-07-05,2.6738
2002-07-08,0.625
2002-07-09,0.1035
2002-07-10,-0.7239
2002-07-11,-0.3125
2002-07-12,-0.209
2002-07-15,-2.6178
2002-07-16,-1.1828
2002-07-17,-0.3264
2002-07-18,-0.7642
2002-07-19,0.0
2002-07-22,-2.0902
2002-07-23,0.0
2002-07-24,-2.2472
2002-07-25,0.8046
2002-07-26,0.2281
2002-07-29,1.9340000000000002
2002-07-30,-0.8929
2002-07-31,-1.0135
2002-08-01,-3.2992
2002-08-02,0.5882
2002-08-05,-0.5848
2002-08-06,1.5293999999999999
2002-08-07,1.3905
2002-08-08,4.0
2002-08-09,-2.0879
2002-08-12,-0.1122
2002-08-13,0.1124
2002-08-14,0.0
2002-08-15,-1.1223
2002-08-16,0.681
2002-08-19,2.0293
2002-08-20,-0.3315
2002-08-21,-0.7761
2002-08-22,1.0056
2002-08-23,-0.4425
2002-08-26,0.0
2002-08-27,0.0
2002-08-28,-1.0
2002-08-29,1.1223
2002-08-30,0.444
2002-09-03,-0.7735
2002-09-04,1.3363
2002-09-05,-2.1978
2002-09-06,1.0112
2002-09-09,-1.1123
2002-09-10,-0.4499
2002-09-11,1.1299
2002-09-12,-0.5587
2002-09-13,-1.1236
2002-09-16,-0.5682
2002-09-17,2.4
2002-09-18,-3.9063
2002-09-19,-1.2776
2002-09-20,0.0
2002-09-23,-0.3529
2002-09-24,0.3542
2002-09-25,0.0
2002-09-26,0.5882
2002-09-27,1.2865
2002-09-30,-1.1547
2002-10-01,-0.7009
2002-10-02,0.0
2002-10-03,-2.8235
2002-10-04,0.4843
2002-10-07,0.6024
2002-10-08,1.1976
2002-10-09,-0.2367
2002-10-10,1.4235
2002-10-11,1.1696
2002-10-14,0.8092
2002-10-15,1.9495
2002-10-16,-0.225
2002-10-17,0.3382
2002-10-18,0.0
2002-10-21,0.5618
2002-10-22,-0.5587
2002-10-23,0.1124
2002-10-24,-1.5713
2002-10-25,-1.9384000000000001
2002-10-28,0.2326
2002-10-29,0.9281
2002-10-30,-1.1494
2002-10-31,0.2326
2002-11-01,-0.8121
2002-11-04,1.4035
2002-11-05,-0.2307
2002-11-06,0.6936
2002-11-07,-0.6889
2002-11-08,0.1156
2002-11-11,0.0
2002-11-12,2.5404
2002-11-13,-0.2252
2002-11-14,1.0158
2002-11-15,1.6760000000000002
2002-11-18,0.2198
2002-11-19,0.5482
2002-11-20,0.5453
2002-11-21,1.8437999999999999
2002-11-22,0.1065
2002-11-25,0.2128
2002-11-26,0.9554
2002-11-27,0.1052
2002-11-29,0.7353
2002-12-02,1.147
2002-12-03,-1.0309
2002-12-04,-0.625
2002-12-05,-1.2579
2002-12-06,4.1401
2002-12-09,-1.1213
2002-12-10,0.5155
2002-12-11,0.2051
2002-12-12,0.0
2002-12-13,-0.2047
2002-12-16,-0.5128
2002-12-17,0.5155
2002-12-18,0.5128
2002-12-19,-0.102
2002-12-20,-0.715
2002-12-23,0.3086
2002-12-24,1.0256
2002-12-26,-1.0152
2002-12-27,0.0
2002-12-30,0.0
2002-12-31,1.9487
2003-01-02,-0.2012
2003-01-03,1.2097
2003-01-06,0.0996
2003-01-07,-0.199
2003-01-08,-0.6979
2003-01-09,0.9036
2003-01-10,-0.995
2003-01-13,-0.3015
2003-01-14,0.1008
2003-01-15,0.3021
2003-01-16,0.6024
2003-01-17,-0.1996
2003-01-21,2.2
2003-01-22,-0.6849
2003-01-23,-0.4926
2003-01-24,-0.495
2003-01-27,-0.6965
2003-01-28,0.4008
2003-01-29,-0.6986
2003-01-30,-0.402
2003-01-31,-1.6145
2003-02-03,0.9231
2003-02-04,-0.9146
2003-02-05,1.3333
2003-02-06,1.1134
2003-02-07,-1.3013
2003-02-10,-0.6085
2003-02-11,0.0
2003-02-12,-1.5306
2003-02-13,-0.2073
2003-02-14,-0.8307
2003-02-18,3.2461
2003-02-19,0.3043
2003-02-20,-0.2022
2003-02-21,-0.304
2003-02-24,0.6098
2003-02-25,-0.5051
2003-02-26,0.9137
2003-02-27,-1.2072
2003-02-28,0.3055
2003-03-03,0.4061
2003-03-04,-1.4156
2003-03-05,2.4615
2003-03-06,-1.4014
2003-03-07,-2.0305
2003-03-10,-3.7306
2003-03-11,0.6459
2003-03-12,0.4278
2003-03-13,1.1715
2003-03-14,-2.4211
2003-03-17,1.0787
2003-03-18,1.0672
2003-03-19,-0.528
2003-03-20,1.5924
2003-03-21,1.6719
2003-03-24,-2.7749
2003-03-25,-0.3171
2003-03-26,-0.3181
2003-03-27,-0.9574
2003-03-28,0.7519
2003-03-31,-0.9595
2003-04-01,0.2153
2003-04-02,0.5371
2003-04-03,0.7479
2003-04-04,0.0
2003-04-07,1.4846
2003-04-08,-1.5674000000000001
2003-04-09,0.3185
2003-04-10,-2.0106
2003-04-11,-1.7279
2003-04-14,0.5495
2003-04-15,-0.8743
2003-04-16,0.7718
2003-04-17,-0.547
2003-04-21,0.33
2003-04-22,0.8772
2003-04-23,-0.4348
2003-04-24,-0.8734
2003-04-25,-1.3216
2003-04-28,0.7812
2003-04-29,-0.6645
2003-04-30,0.8919
2003-05-01,1.2155
2003-05-02,0.4367
2003-05-05,2.9348
2003-05-06,1.9007
2003-05-07,-0.5181
2003-05-08,-1.0417
2003-05-09,0.9474
2003-05-12,1.877
2003-05-13,-1.2282
2003-05-14,-0.3109
2003-05-15,0.3119
2003-05-16,1.2435
2003-05-19,0.4094
2003-05-20,0.6116
2003-05-21,0.0
2003-05-22,0.7092
2003-05-23,-0.4024
2003-05-27,6.0606
2003-05-28,-0.7619
2003-05-29,-0.096
2003-05-30,0.5764
2003-06-02,1.2416
2003-06-03,0.0
2003-06-04,1.6981000000000002
2003-06-05,1.3915
2003-06-06,0.366
2003-06-09,-1.5497
2003-06-10,-0.0926
2003-06-11,1.0195
2003-06-12,0.1835
2003-06-13,0.2747
2003-06-16,0.0
2003-06-17,1.4612
2003-06-18,1.3501
2003-06-19,-0.1776
2003-06-20,0.7117
2003-06-23,-1.3251
2003-06-24,-0.1791
2003-06-25,2.6906
2003-06-26,1.7362
2003-06-27,0.6019
2003-06-30,0.8547
2003-07-01,-0.5932
2003-07-02,1.4493
2003-07-03,1.7647
2003-07-07,1.4864
2003-07-08,0.895
2003-07-09,-0.5645
2003-07-10,0.5677
2003-07-11,-0.0806
2003-07-14,0.0807
2003-07-15,0.0
2003-07-16,0.4032
2003-07-17,-2.7309
2003-07-18,0.3303
2003-07-21,-0.823
2003-07-22,1.2448
2003-07-23,0.3279
2003-07-24,1.3072
2003-07-25,0.9677
2003-07-28,0.5591
2003-07-29,0.8737
2003-07-30,-1.3386
2003-07-31,1.1173
2003-08-01,-1.105
2003-08-04,-2.1548
2003-08-05,0.1631
2003-08-06,-0.2443
2003-08-07,2.1224
2003-08-08,3.5971
2003-08-11,1.7747000000000002
2003-08-12,2.047
2003-08-13,1.4116
2003-08-14,1.0256
2003-08-15,0.0725
2003-08-18,1.7391
2003-08-19,0.4274
2003-08-20,-0.6383
2003-08-21,0.6424
2003-08-22,1.5603
2003-08-25,-3.9106
2003-08-26,5.2326
2003-08-27,2.6934
2003-08-28,-0.538
2003-08-29,0.6761
2003-09-02,1.7461
2003-09-03,-1.2541
2003-09-04,-1.0695000000000001
2003-09-05,1.6892
2003-09-08,0.9967
2003-09-09,-0.3289
2003-09-10,-1.9802
2003-09-11,1.5488
2003-09-12,-1.8568
2003-09-15,-2.7702999999999998
2003-09-16,2.5017
2003-09-17,-0.678
2003-09-18,-3.2082
2003-09-19,0.2821
2003-09-22,-2.4613
2003-09-23,2.0908
2003-09-24,2.048
2003-09-25,1.3841
2003-09-26,1.4334
2003-09-29,0.8748
2003-09-30,1.6011
2003-10-01,0.6566
2003-10-02,2.4136
2003-10-03,1.6561
2003-10-06,3.5714
2003-10-07,1.0284
2003-10-08,0.7186
2003-10-09,2.2592
2003-10-10,1.7442
2003-10-13,5.4286
2003-10-14,-0.542
2003-10-15,-2.7248
2003-10-16,1.6806999999999999
2003-10-17,0.0551
2003-10-20,1.5969
2003-10-21,-2.3848
2003-10-22,-0.4997
2003-10-23,-3.4598
2003-10-24,1.9653
2003-10-27,0.0567
2003-10-28,2.5496
2003-10-29,1.9337
2003-10-30,1.4634
2003-10-31,4.7009
2003-11-03,4.4898
2003-11-04,0.0977
2003-11-05,-2.439
2003-11-06,-3.7
2003-11-07,1.6096
2003-11-10,-0.1022
2003-11-11,-3.7852
2003-11-12,3.9872
2003-11-13,-0.3067
2003-11-14,-1.5385
2003-11-17,-3.6458
2003-11-18,-1.6216
2003-11-19,2.1978
2003-11-20,-7.1505
2003-11-21,4.227
2003-11-24,4.0
2003-11-25,2.0833
2003-11-26,2.9827
2003-11-28,2.7439
2003-12-01,4.3521
2003-12-02,0.4739
2003-12-03,-0.8491
2003-12-04,1.3796
2003-12-05,-1.4546999999999999
2003-12-08,1.4762
2003-12-09,0.8916
2003-12-10,-1.1628
2003-12-11,1.6471
2003-12-12,1.3889
2003-12-15,4.9315
2003-12-16,3.6554
2003-12-17,-4.7019
2003-12-18,1.3216
2003-12-19,0.0435
2003-12-22,2.4741
2003-12-23,5.5983
2003-12-24,1.9425
2003-12-26,4.1286
2003-12-29,6.5574
2003-12-30,-2.5403000000000002
2003-12-31,-2.533
2004-01-02,0.3766
2004-01-05,-2.3265000000000002
2004-01-06,-2.7276
2004-01-07,2.5276
2004-01-08,4.1988
2004-01-09,2.5878
2004-01-12,4.3964
2004-01-13,1.1391
2004-01-14,-0.0341
2004-01-15,-6.282
2004-01-16,-6.3751999999999995
2004-01-20,0.6615
2004-01-21,0.5412
2004-01-22,-1.9223
2004-01-23,0.3528
2004-01-26,-0.1953
2004-01-27,0.7436
2004-01-28,-8.4693
2004-01-29,-1.9525000000000001
2004-01-30,5.1948
2004-02-02,-1.6049
2004-02-03,-0.3346
2004-02-04,1.6366
2004-02-05,-3.5507999999999997
2004-02-06,1.7551
2004-02-09,6.9836
2004-02-10,0.5112
2004-02-11,0.8216
2004-02-12,0.3104
2004-02-13,-0.2708
2004-02-17,0.4267
2004-02-18,-0.1545
2004-02-19,-6.1896
2004-02-20,-0.4124
2004-02-23,-1.9048
2004-02-24,-1.4774
2004-02-25,-2.5278
2004-02-26,2.3297
2004-02-27,3.7371
2004-03-01,5.176
2004-03-02,0.3937
2004-03-03,-1.5686
2004-03-04,1.6733
2004-03-05,1.4889999999999999
2004-03-08,-1.0425
2004-03-09,-3.3164
2004-03-10,-4.1566
2004-03-11,-3.6632
2004-03-12,6.3811
2004-03-15,-4.4782
2004-03-16,3.1398
2004-03-17,2.5438
2004-03-18,-1.6267
2004-03-19,0.4547
2004-03-22,-4.3621
2004-03-23,1.2909
2004-03-24,-1.5718
2004-03-25,3.8411999999999997
2004-03-26,2.7431
2004-03-29,1.8204
2004-03-30,-0.1192
2004-03-31,0.8353
2004-04-01,4.142
2004-04-02,2.6515
2004-04-05,4.797
2004-04-06,-4.4014
2004-04-07,-1.8416000000000001
2004-04-08,0.1876
2004-04-12,2.0599
2004-04-13,-0.9174
2004-04-14,-2.2222
2004-04-15,-1.5152
2004-04-16,4.2308
2004-04-19,-0.5904
2004-04-20,0.2598
2004-04-21,0.2592
2004-04-22,1.0709
2004-04-23,-0.1096
2004-04-26,-3.109
2004-04-27,-4.7565
2004-04-28,-5.2715
2004-04-29,-0.4184
2004-04-30,-0.5042
2004-05-03,-1.1824
2004-05-04,7.4786
2004-05-05,2.1074
2004-05-06,-3.7382999999999997
2004-05-07,-4.5306999999999995
2004-05-10,-7.3729
2004-05-11,1.5554000000000001
2004-05-12,1.1712
2004-05-13,3.0721
2004-05-14,-11.879
2004-05-17,-5.8824
2004-05-18,10.4688
2004-05-19,2.8289
2004-05-20,-4.6309000000000005
2004-05-21,1.2019
2004-05-24,2.1853
2004-05-25,-0.093
2004-05-26,-0.7445
2004-05-27,-1.2658
2004-05-28,-4.7009
2004-06-01,0.9965
2004-06-02,1.0853
2004-06-03,-3.3675
2004-06-04,2.0202
2004-06-07,5.9406
2004-06-08,-0.0935
2004-06-09,-1.9177
2004-06-10,0.3815
2004-06-14,-6.3183
2004-06-15,2.4341
2004-06-16,-1.4851
2004-06-17,1.9598
2004-06-18,-1.6757
2004-06-21,-0.7519
2004-06-22,0.5051
2004-06-23,-0.5025
2004-06-24,2.6263
2004-06-25,-0.0492
2004-06-28,1.2314
2004-06-29,-1.5579
2004-06-30,-0.3462
2004-07-01,-0.4467
2004-07-02,0.9472
2004-07-06,1.3333
2004-07-07,0.8772
2004-07-08,-1.9324
2004-07-09,1.8719000000000001
2004-07-12,-0.8221
2004-07-13,-0.7801
2004-07-14,-0.7862
2004-07-15,1.2878
2004-07-16,0.1467
2004-07-19,0.7324
2004-07-20,-0.4847
2004-07-21,3.02
2004-07-22,-0.0946
2004-07-23,-0.8045
2004-07-26,0.1908
2004-07-27,-0.0952
2004-07-28,-1.1439
2004-07-29,0.2893
2004-07-30,0.0
2004-08-02,0.4808
2004-08-03,-2.3923
2004-08-04,0.2941
2004-08-05,0.782
2004-08-06,-4.3647
2004-08-09,3.7018
2004-08-10,2.6895
2004-08-11,-1.9524
2004-08-12,-1.6999
2004-08-13,-3.2609
2004-08-16,0.1532
2004-08-17,1.8868
2004-08-18,0.1001
2004-08-19,1.5
2004-08-20,-0.8374
2004-08-23,-0.7452
2004-08-24,-0.3504
2004-08-25,0.452
2004-08-26,-0.25
2004-08-27,-0.3008
2004-08-30,2.7149
2004-08-31,-0.1468
2004-09-01,2.7451
2004-09-02,-0.7156
2004-09-03,0.6247
2004-09-07,-0.2865
2004-09-08,0.9579
2004-09-09,1.518
2004-09-10,2.1028000000000002
2004-09-13,2.4256
2004-09-14,0.1787
2004-09-15,-2.5869999999999997
2004-09-16,4.3956
2004-09-17,3.2018
2004-09-20,-1.4875
2004-09-21,1.5962
2004-09-22,-3.3970000000000002
2004-09-23,-2.3736
2004-09-24,-0.6754
2004-09-27,0.272
2004-09-28,-2.5769
2004-09-29,3.7123
2004-09-30,1.9687000000000001
2004-10-01,3.0715
2004-10-04,0.9366
2004-10-05,-0.5905
2004-10-06,-1.188
2004-10-07,-0.4294
2004-10-08,0.4743
2004-10-11,-0.6438
2004-10-12,0.216
2004-10-13,0.8621
2004-10-14,-1.6667
2004-10-15,2.3033
2004-10-18,-0.3398
2004-10-19,0.2558
2004-10-20,0.7653
2004-10-21,0.0844
2004-10-22,-0.1686
2004-10-25,-1.5625
2004-10-26,2.5311
2004-10-27,4.2678
2004-10-28,-0.0401
2004-10-29,-2.0474
2004-11-01,0.4098
2004-11-02,2.449
2004-11-03,2.4303
2004-11-04,0.8946
2004-11-05,0.9252
2004-11-08,-0.6875
2004-11-09,-1.1538
2004-11-10,-0.7782
2004-11-11,-0.1961
2004-11-12,0.4322
2004-11-15,2.6212999999999997
2004-11-16,-1.6775
2004-11-17,0.5428
2004-11-18,-0.6942
2004-11-19,-2.1359
2004-11-22,-0.2778
2004-11-23,0.4775
2004-11-24,1.7029999999999998
2004-11-26,0.4673
2004-11-29,1.3953
2004-11-30,0.3823
2004-12-01,4.5316
2004-12-02,2.0036
2004-12-03,0.0357
2004-12-06,0.3927
2004-12-07,-1.5149
2004-12-08,0.2022
2004-12-09,-0.7568
2004-12-10,-0.3268
2004-12-13,0.1821
2004-12-14,1.7818
2004-12-15,1.9293
2004-12-16,-0.3856
2004-12-17,-0.5982
2004-12-20,2.2301
2004-12-21,2.8442
2004-12-22,0.4387
2004-12-23,0.8065
2004-12-27,1.6667
2004-12-28,0.623
2004-12-29,2.3786
2004-12-30,-2.578
2004-12-31,1.1434
2005-01-03,1.0982
2005-01-04,-5.5911
2005-01-05,-4.3655
2005-01-06,1.2031
2005-01-07,1.8881000000000001
2005-01-10,-3.9121
2005-01-11,-3.25
2005-01-12,0.5537
2005-01-13,2.6065
2005-01-14,1.2522
2005-01-18,1.5901
2005-01-19,-0.5217
2005-01-20,-1.8531
2005-01-21,-0.9263
2005-01-24,-2.6609
2005-01-25,0.9235
2005-01-26,1.3543
2005-01-27,0.3973
2005-01-28,1.1151
2005-01-31,1.3874
2005-02-01,1.0526
2005-02-02,1.3542
2005-02-03,2.5009
2005-02-04,3.1083
2005-02-07,-0.1621
2005-02-08,-1.461
2005-02-09,-0.9885
2005-02-10,-1.3977
2005-02-11,0.8775
2005-02-14,0.3346
2005-02-15,-0.8003
2005-02-16,-0.8067
2005-02-17,-1.9315
2005-02-18,0.3455
2005-02-22,-1.7906
2005-02-23,1.9986000000000002
2005-02-24,1.9251
2005-02-25,2.8331
2005-02-28,0.9183
2005-03-01,1.0725
2005-03-02,1.0932
2005-03-03,1.6858
2005-03-04,4.2227
2005-03-07,-1.2905
2005-03-08,1.2466
2005-03-09,-1.5314999999999999
2005-03-10,-3.3242
2005-03-11,1.2303
2005-03-14,0.6856
2005-03-15,-2.3522
2005-03-16,-4.0254
2005-03-17,0.5614
2005-03-18,-2.5286999999999997
2005-03-21,-1.7856999999999998
2005-03-22,-1.2349999999999999
2005-03-23,-1.8757000000000001
2005-03-24,1.3451
2005-03-28,1.7812999999999999
2005-03-29,-2.7111
2005-03-30,1.552
2005-03-31,0.7989
2005-04-01,3.377
2005-04-04,0.8333
2005-04-05,0.6612
2005-04-06,0.4598
2005-04-07,-0.2942
2005-04-08,-2.5902
2005-04-11,-1.7839
2005-04-12,1.0966
2005-04-13,-0.8136
2005-04-14,-3.2809
2005-04-15,-3.1802
2005-04-18,2.0438
2005-04-19,3.3977
2005-04-20,-3.0093
2005-04-21,2.4251
2005-04-22,0.7312
2005-04-25,1.9703
2005-04-26,-0.7458
2005-04-27,-0.2732
2005-04-28,-1.9521
2005-04-29,1.6416
2005-05-02,0.756
2005-05-03,-0.648
2005-05-04,1.8194
2005-05-05,-0.8766
2005-05-06,1.9727999999999999
2005-05-09,0.9006
2005-05-10,-1.157
2005-05-11,0.903
2005-05-12,-0.0663
2005-05-13,-0.6965
2005-05-16,1.67
2005-05-17,-3.7451
2005-05-18,3.5495
2005-05-19,0.3626
2005-05-20,-0.1314
2005-05-23,0.3288
2005-05-24,0.59
2005-05-25,-1.4663
2005-05-26,2.1495
2005-05-27,0.6475
2005-05-31,-0.2895
2005-06-01,-0.4839
2005-06-02,0.1621
2005-06-03,0.3236
2005-06-06,0.7097
2005-06-07,1.6976
2005-06-08,1.4173
2005-06-09,-1.087
2005-06-10,-0.471
2005-06-13,0.6625
2005-06-14,2.7891
2005-06-15,-2.4085
2005-06-16,0.5936
2005-06-17,0.1553
2005-06-20,0.9302
2005-06-21,0.9524
2005-06-22,1.9477
2005-06-23,-0.9552
2005-06-24,0.7233
2005-06-27,-3.3513
2005-06-28,3.4186
2005-06-29,0.0301
2005-06-30,-3.3133
2005-07-01,1.2772999999999999
2005-07-05,1.5995
2005-07-06,0.6358
2005-07-07,0.1203
2005-07-08,3.2151
2005-07-11,0.7278
2005-07-12,-0.3179
2005-07-13,1.0148
2005-07-14,-2.2388
2005-07-15,0.0
2005-07-18,0.0
2005-07-19,2.613
2005-07-20,3.4335
2005-07-21,0.0553
2005-07-22,2.1841
2005-07-25,-1.5152
2005-07-26,-2.7473
2005-07-27,2.6554
2005-07-28,1.6785999999999999
2005-07-29,2.7064
2005-08-01,-0.7905
2005-08-02,1.992
2005-08-03,3.2552
2005-08-04,-0.4288
2005-08-05,-3.6474
2005-08-08,-2.4185
2005-08-09,3.8254
2005-08-10,3.944
2005-08-11,3.7943
2005-08-12,2.4772
2005-08-15,-3.4264
2005-08-16,-3.5237
2005-08-17,5.3904
2005-08-18,-3.0832
2005-08-19,-0.8385
2005-08-22,-2.9595000000000002
2005-08-23,-1.3326
2005-08-24,1.1948
2005-08-25,2.5154
2005-08-26,-2.2784
2005-08-29,0.6662
2005-08-30,1.4508
2005-08-31,1.9819
2005-09-01,1.2054
2005-09-02,0.7292
2005-09-06,3.1612
2005-09-07,0.117
2005-09-08,1.028
2005-09-09,1.2951
2005-09-12,3.8356
2005-09-13,-4.3536
2005-09-14,1.1264
2005-09-15,0.591
2005-09-16,1.5141
2005-09-19,2.7382
2005-09-20,-0.1083
2005-09-21,-4.4902
2005-09-22,-6.3139
2005-09-23,2.8848000000000003
2005-09-26,4.3827
2005-09-27,1.0384
2005-09-28,-1.2511
2005-09-29,-2.2624
2005-09-30,-0.3241
2005-10-03,2.601
2005-10-04,-0.4074
2005-10-05,-3.8636
2005-10-06,-5.4137
2005-10-07,4.8988
2005-10-10,-3.431
2005-10-11,2.1219
2005-10-12,-5.2911
2005-10-13,-2.0663
2005-10-14,-0.5991
2005-10-17,4.5335
2005-10-18,-4.1614
2005-10-19,1.4647999999999999
2005-10-20,-5.8004999999999995
2005-10-21,1.5326
2005-10-24,1.0512
2005-10-25,0.8536
2005-10-26,0.767
2005-10-27,-4.5669
2005-10-28,2.1727
2005-10-31,2.288
2005-11-01,4.4737
2005-11-02,0.529
2005-11-03,-0.3508
2005-11-04,-2.1624
2005-11-07,2.4929
2005-11-08,2.6078
2005-11-09,0.4154
2005-11-10,-1.5332
2005-11-11,2.1747
2005-11-14,0.5809
2005-11-15,-4.7619
2005-11-16,1.4141
2005-11-17,0.0747
2005-11-18,-0.4728
2005-11-21,-0.325
2005-11-22,-1.2541
2005-11-23,1.4732
2005-11-25,2.2028
2005-11-28,-1.2490999999999999
2005-11-29,0.0
2005-11-30,-1.5377
2005-12-01,3.3753
2005-12-02,0.999
2005-12-05,-0.9891
2005-12-06,-0.5604
2005-12-07,0.2695
2005-12-08,-1.7107
2005-12-09,1.218
2005-12-12,0.5407
2005-12-13,1.8568
2005-12-14,0.9595
2005-12-15,-2.851
2005-12-16,-0.9293
2005-12-19,-0.1234
2005-12-20,-1.0628
2005-12-21,-0.6995
2005-12-22,1.2579
2005-12-23,1.4062000000000001
2005-12-27,-0.1346
2005-12-28,-0.0809
2005-12-29,1.3758
2005-12-30,-0.612
2006-01-03,5.7564
2006-01-04,4.8861
2006-01-05,-0.3862
2006-01-06,1.9868999999999999
2006-01-09,1.4018
2006-01-10,-1.7104
2006-01-11,-1.3111
2006-01-12,0.0483
2006-01-13,2.8489
2006-01-17,-0.7981
2006-01-18,-2.8632
2006-01-19,5.2619
2006-01-20,-1.8514
2006-01-23,1.2261
2006-01-24,1.351
2006-01-25,2.9648
2006-01-26,5.8482
2006-01-27,0.1476
2006-01-30,-0.8212
2006-01-31,1.9087
2006-02-01,-1.7063000000000001
2006-02-02,-2.2679
2006-02-03,-2.1904
2006-02-06,4.4346
2006-02-07,-2.017
2006-02-08,2.9252000000000002
2006-02-09,1.0526
2006-02-10,0.0833
2006-02-13,-3.1016
2006-02-14,-1.1386
2006-02-15,3.1073
2006-02-16,1.686
2006-02-17,-0.9948
2006-02-21,-2.4492
2006-02-22,3.4979
2006-02-23,1.2854999999999999
2006-02-24,-0.0819
2006-02-27,2.8478
2006-02-28,-3.5857
2006-03-01,3.5744
2006-03-02,0.5187
2006-03-03,1.7861
2006-03-06,-2.1252
2006-03-07,-6.6733
2006-03-08,3.2444
2006-03-09,-1.1371
2006-03-10,2.6767
2006-03-13,1.9959
2006-03-14,-1.0982
2006-03-15,0.5047
2006-03-16,0.4219
2006-03-17,-0.9402
2006-03-20,0.2221
2006-03-21,-2.9821
2006-03-22,1.3498999999999999
2006-03-23,-0.6148
2006-03-24,0.3299
2006-03-27,1.9318
2006-03-28,-1.8145
2006-03-29,2.6489000000000003
2006-03-30,0.9202
2006-03-31,-0.892
2006-04-03,3.6
2006-04-04,1.4479
2006-04-05,0.8563
2006-04-06,0.7547
2006-04-07,-4.6067
2006-04-10,2.4539
2006-04-11,-1.1305
2006-04-12,-2.4419
2006-04-13,-1.0528
2006-04-17,2.9914
2006-04-18,2.8265000000000002
2006-04-19,2.1801
2006-04-20,-1.3357999999999999
2006-04-21,-0.8838
2006-04-24,-3.2442
2006-04-25,0.9804
2006-04-26,2.7767
2006-04-27,-5.1389
2006-04-28,0.5776
2006-05-01,2.5347
2006-05-02,3.708
2006-05-03,0.9125
2006-05-04,-0.2399
2006-05-05,-0.2035
2006-05-08,3.7998
2006-05-09,1.3393
2006-05-10,1.674
2006-05-11,-5.0953
2006-05-12,-5.588
2006-05-15,-6.0928
2006-05-16,5.829
2006-05-17,-5.5858
2006-05-18,-2.3913
2006-05-19,-2.8510999999999997
2006-05-22,-9.0652
2006-05-23,4.9725
2006-05-24,-2.5279
2006-05-25,7.3364
2006-05-26,3.0692
2006-05-30,-7.8774999999999995
2006-05-31,-0.3897
2006-06-01,2.6928
2006-06-02,0.8516
2006-06-05,-4.8889
2006-06-06,-3.7382999999999997
2006-06-07,-1.9175
2006-06-08,-0.6682
2006-06-09,-2.8151
2006-06-12,-5.6652000000000005
2006-06-13,-0.9511
2006-06-14,9.7119
2006-06-15,7.0268
2006-06-16,-5.0234
2006-06-19,-3.075
2006-06-20,-0.2538
2006-06-21,5.3435
2006-06-22,-2.0773
2006-06-23,1.8254000000000001
2006-06-26,-1.2839
2006-06-27,-2.184
2006-06-28,1.0554
2006-06-29,10.1928
2006-06-30,-0.9318
2006-07-03,0.9865
2006-07-05,-2.5443
2006-07-06,2.1911
2006-07-07,-2.4863
2006-07-10,0.6082
2006-07-11,-2.4645
2006-07-12,0.3337
2006-07-13,-4.9418
2006-07-14,0.3499
2006-07-17,-1.6189
2006-07-18,1.7722
2006-07-19,5.6468
2006-07-20,-4.1676
2006-07-21,-2.5307
2006-07-24,4.8651
2006-07-25,0.2404
2006-07-26,-2.3981
2006-07-27,0.688
2006-07-28,1.5129000000000001
2006-07-31,-2.2837
2006-08-01,-1.3776
2006-08-02,1.4717
2006-08-03,-0.6883
2006-08-04,-1.4356
2006-08-07,0.8538
2006-08-08,1.2201
2006-08-09,2.8044000000000002
2006-08-10,2.3689999999999998
2006-08-11,-3.2258
2006-08-14,2.1498
2006-08-15,1.8681
2006-08-16,3.4587
2006-08-17,-1.3462
2006-08-18,-1.2281
2006-08-21,-1.5197
2006-08-22,0.5378
2006-08-23,-1.0233
2006-08-24,0.7284
2006-08-25,0.1866
2006-08-28,0.1863
2006-08-29,0.2789
2006-08-30,0.6489
2006-08-31,-0.2993
2006-09-01,0.8083
2006-09-05,-0.1145
2006-09-06,-1.422
2006-09-07,-1.2099
2006-09-08,1.154
2006-09-11,-2.6775
2006-09-12,2.2727
2006-09-13,2.7135
2006-09-14,0.3188
2006-09-15,0.1135
2006-09-18,2.7891
2006-09-19,-1.2133
2006-09-20,2.5011
2006-09-21,-2.0697
2006-09-22,-1.891
2006-09-25,1.3605
2006-09-26,2.2819
2006-09-27,0.1094
2006-09-28,1.2454
2006-09-29,-0.0863
2006-10-02,-1.3822999999999999
2006-10-03,0.1533
2006-10-04,0.5904
2006-10-05,0.5217
2006-10-06,-0.1514
2006-10-09,-0.2599
2006-10-10,0.1086
2006-10-11,-0.7592
2006-10-12,3.6721
2006-10-13,2.0873
2006-10-16,2.0446
2006-10-17,-1.2346
2006-10-18,0.9221
2006-10-19,-0.5076
2006-10-20,-0.7551
2006-10-23,0.4318
2006-10-24,0.0
2006-10-25,-0.6143
2006-10-26,2.6164
2006-10-27,-0.5822
2006-10-30,-0.1764
2006-10-31,0.1161
2006-11-01,-0.9699
2006-11-02,-1.5507
2006-11-03,0.8497
2006-11-06,2.7538
2006-11-07,-0.2
2006-11-08,-0.0802
2006-11-09,0.4813
2006-11-10,0.7984
2006-11-13,0.4356
2006-11-14,1.1435
2006-11-15,0.2339
2006-11-16,-0.4278
2006-11-17,-2.1875
2006-11-20,0.3395
2006-11-21,1.99
2006-11-22,2.0878
2006-11-24,0.1739
2006-11-27,-2.5014
2006-11-28,-0.3914
2006-11-29,0.5501
2006-11-30,0.3322
2006-12-01,0.0389
2006-12-04,1.6157
2006-12-05,0.9962
2006-12-06,0.1517
2006-12-07,-0.0189
2006-12-08,-0.3031
2006-12-11,-2.0331
2006-12-12,-2.6377
2006-12-13,2.8884
2006-12-14,1.4521
2006-12-15,0.6489
2006-12-18,-1.4031
2006-12-19,-0.6731
2006-12-20,3.1723
2006-12-21,-0.1862
2006-12-22,1.1606
2006-12-26,1.1268
2006-12-27,3.5251
2006-12-28,0.1957
2006-12-29,-0.7422
2007-01-03,1.4364
2007-01-04,-0.6596
2007-01-05,-3.1244
2007-01-08,0.5241
2007-01-09,-1.905
2007-01-10,-3.1069
2007-01-11,4.3879
2007-01-12,3.173
2007-01-16,0.1959
2007-01-17,-0.2346
2007-01-18,-0.9994
2007-01-19,-0.0396
2007-01-22,-1.7227999999999999
2007-01-23,0.947
2007-01-24,2.3952
2007-01-25,-1.1501000000000001
2007-01-26,0.0592
2007-01-29,-0.473
2007-01-30,0.7921
2007-01-31,-0.7859
2007-02-01,1.9802
2007-02-02,-0.3883
2007-02-05,0.1949
2007-02-06,-0.3327
2007-02-07,0.5485
2007-02-08,-0.9901
2007-02-09,-2.8627000000000002
2007-02-12,-3.4920999999999998
2007-02-13,-2.2171
2007-02-14,4.2781
2007-02-15,1.3333
2007-02-16,-0.1012
2007-02-20,-1.9453
2007-02-21,0.124
2007-02-22,-1.7130999999999998
2007-02-23,-3.2129
2007-02-26,-0.9547
2007-02-27,-7.4699
2007-02-28,5.2083
2007-03-01,0.135
2007-03-02,-3.618
2007-03-05,-2.8212
2007-03-06,5.5902
2007-03-07,-1.8405
2007-03-08,3.588
2007-03-09,-0.7598
2007-03-12,0.2927
2007-03-13,-4.2434
2007-03-14,0.7503
2007-03-15,0.0931
2007-03-16,-1.488
2007-03-19,3.3514
2007-03-20,1.119
2007-03-21,2.71
2007-03-22,0.9455
2007-03-23,0.6099
2007-03-26,-1.9701
2007-03-27,-1.7447
2007-03-28,-2.4949
2007-03-29,2.5818
2007-03-30,-2.9213
2007-04-02,-0.6481
2007-04-03,2.3532
2007-04-04,-0.5258
2007-04-05,-0.5927
2007-04-09,3.8444000000000003
2007-04-10,1.0197
2007-04-11,-2.1505
2007-04-12,0.6504
2007-04-13,1.6042999999999998
2007-04-16,2.9605
2007-04-17,-0.3621
2007-04-18,-0.5985
2007-04-19,-2.5806
2007-04-20,1.9868000000000001
2007-04-23,-0.3463
2007-04-24,0.5647
2007-04-25,0.9503
2007-04-26,-0.3209
2007-04-27,-2.0179
2007-04-30,-2.6065
2007-05-01,0.3824
2007-05-02,1.6133
2007-05-03,0.9482
2007-05-04,-0.8956
2007-05-07,-1.4546999999999999
2007-05-08,-1.3867
2007-05-09,0.5443
2007-05-10,-3.5416
2007-05-11,4.0926
2007-05-14,0.0899
2007-05-15,-0.9877
2007-05-16,2.6298
2007-05-17,0.6848
2007-05-18,0.9215
2007-05-21,1.6739000000000002
2007-05-22,1.4753
2007-05-23,-0.4003
2007-05-24,-4.4003
2007-05-25,3.3636
2007-05-29,0.2783
2007-05-30,-0.2348
2007-05-31,0.214
2007-06-01,1.1318
2007-06-04,-0.2534
2007-06-05,-0.2752
2007-06-06,-2.8869
2007-06-07,-2.2951
2007-06-08,1.6331
2007-06-11,0.2862
2007-06-12,-1.716
2007-06-13,1.0537
2007-06-14,1.768
2007-06-15,-0.0434
2007-06-18,-0.9993
2007-06-19,1.3825
2007-06-20,0.8658
2007-06-21,2.8326000000000002
2007-06-22,-0.3707
2007-06-25,0.0579
2007-06-26,1.5282
2007-06-27,2.4416
2007-06-28,0.0223
2007-06-29,0.4465
2007-07-02,1.9338
2007-07-03,-0.5887
2007-07-05,-0.2632
2007-07-06,1.0556
2007-07-09,3.2427
2007-07-10,-2.6771000000000003
2007-07-11,0.1516
2007-07-12,1.7085
2007-07-13,0.5639
2007-07-16,1.2999
2007-07-17,-0.0209
2007-07-18,-1.3987
2007-07-19,1.9691
2007-07-20,-1.6611
2007-07-23,2.0481
2007-07-24,-2.276
2007-07-25,-0.4446
2007-07-26,-3.4241
2007-07-27,-0.8368
2007-07-30,2.8425000000000002
2007-07-31,-0.7774
2007-08-01,-0.914
2007-08-02,-1.1641
2007-08-03,-3.5556
2007-08-06,0.4608
2007-08-07,1.1964
2007-08-08,1.7642
2007-08-09,-3.0067
2007-08-10,-1.2629000000000001
2007-08-13,2.0
2007-08-14,-2.1888
2007-08-15,-3.0303
2007-08-16,-2.1149
2007-08-17,5.4268
2007-08-20,0.396
2007-08-21,-2.1114
2007-08-22,3.5316
2007-08-23,-2.3352
2007-08-24,2.3207
2007-08-27,0.4124
2007-08-28,-4.4033999999999995
2007-08-29,3.8663
2007-08-30,0.7353
2007-08-31,2.281
2007-09-04,1.4496
2007-09-05,-0.9013
2007-09-06,1.1535
2007-09-07,-1.7982
2007-09-10,-0.6253
2007-09-11,2.1798
2007-09-12,0.066
2007-09-13,2.0
2007-09-14,0.5818
2007-09-17,-1.1999
2007-09-18,4.4018
2007-09-19,0.7477
2007-09-20,-1.4224
2007-09-21,2.2166
2007-09-24,1.8822
2007-09-25,-0.0602
2007-09-26,1.9691
2007-09-27,0.3941
2007-09-28,-0.1766
2007-10-01,1.6122999999999998
2007-10-02,0.6192
2007-10-03,0.4423
2007-10-04,-0.4404
2007-10-05,2.2692
2007-10-08,-1.9180000000000001
2007-10-09,4.5245
2007-10-10,2.0011
2007-10-11,-1.1886
2007-10-12,0.9645
2007-10-15,2.217
2007-10-16,-6.5068
2007-10-17,3.2818
2007-10-18,-2.3923
2007-10-19,-4.3966
2007-10-22,3.6791
2007-10-23,6.6629000000000005
2007-10-24,-1.0795
2007-10-25,-1.771
2007-10-26,4.6075
2007-10-29,5.9889
2007-10-30,-3.0059
2007-10-31,2.4725
2007-11-01,-3.487
2007-11-02,0.9075
2007-11-05,-4.9533000000000005
2007-11-06,2.1228
2007-11-07,-3.4091
2007-11-08,-4.7059
2007-11-09,-0.8167
2007-11-12,-0.5285
2007-11-13,7.8854
2007-11-14,0.8208
2007-11-15,-2.354
2007-11-16,2.737
2007-11-19,-3.6521
2007-11-20,1.1719
2007-11-21,-6.9502
2007-11-23,3.6763
2007-11-26,-0.3189
2007-11-27,1.5434
2007-11-28,3.9666
2007-11-29,-0.517
2007-11-30,3.19
2007-12-03,2.3098
2007-12-04,1.341
2007-12-05,3.3333
2007-12-06,1.7183000000000002
2007-12-07,0.1594
2007-12-10,2.7843999999999998
2007-12-11,-1.7027999999999999
2007-12-12,0.0945
2007-12-13,-2.7848
2007-12-14,-0.0647
2007-12-17,-6.0729
2007-12-18,2.2759
2007-12-19,0.342
2007-12-20,1.806
2007-12-21,5.2599
2007-12-24,4.0564
2007-12-26,1.9586000000000001
2007-12-27,-3.768
2007-12-28,2.8983
2007-12-31,2.3876
2008-01-02,0.8198
2008-01-03,-3.867
2008-01-04,-3.6842
2008-01-07,3.8056
2008-01-08,-0.8836
2008-01-09,3.1108
2008-01-10,-1.2141
2008-01-11,-0.54
2008-01-14,0.1872
2008-01-15,-5.1019
2008-01-16,-4.4112
2008-01-17,-6.2629
2008-01-18,0.7253
2008-01-22,1.3528
2008-01-23,-0.8396
2008-01-24,-0.8684
2008-01-25,-1.2703
2008-01-28,0.4215
2008-01-29,0.4418
2008-01-30,-1.7370999999999999
2008-01-31,1.1188
2008-02-01,4.2497
2008-02-04,-1.0403
2008-02-05,-5.9215
2008-02-06,-1.3683
2008-02-07,1.6646999999999998
2008-02-08,-3.2067
2008-02-11,-2.5141
2008-02-12,6.0497
2008-02-13,-0.2045
2008-02-14,-2.1863
2008-02-15,1.8161
2008-02-19,0.7089
2008-02-20,-1.4532
2008-02-21,-1.7972000000000001
2008-02-22,-1.4546999999999999
2008-02-25,2.3095
2008-02-26,2.2108
2008-02-27,0.6375
2008-02-28,-0.7919
2008-02-29,-3.0559
2008-03-03,-1.435
2008-03-04,-3.3174
2008-03-05,1.2096
2008-03-06,-3.1951
2008-03-07,-4.0312
2008-03-10,-9.5038
2008-03-11,13.577
2008-03-12,-0.1022
2008-03-13,-1.0483
2008-03-14,-3.7209
2008-03-17,-3.8647
2008-03-18,8.124
2008-03-19,-7.6943
2008-03-20,2.6853
2008-03-24,5.3664
2008-03-25,3.3868
2008-03-26,-3.1008
2008-03-27,-2.7613
2008-03-28,0.7962
2008-03-31,-0.237
2008-04-01,5.8327
2008-04-02,-0.8479
2008-04-03,0.327
2008-04-04,-2.1058
2008-04-07,0.5122
2008-04-08,-1.4522
2008-04-09,-2.1458
2008-04-10,0.9775
2008-04-11,-2.2763
2008-04-14,-0.1874
2008-04-15,3.7822
2008-04-16,2.5587999999999997
2008-04-17,-0.1512
2008-04-18,3.685
2008-04-21,0.2434
2008-04-22,-2.5012
2008-04-23,1.1208
2008-04-24,1.4039
2008-04-25,0.2429
2008-04-28,-0.8481
2008-04-29,-0.1222
2008-04-30,1.0521
2008-05-01,2.2518000000000002
2008-05-02,3.0073
2008-05-05,-0.046
2008-05-06,-1.104
2008-05-07,-4.5581
2008-05-08,-1.5594999999999999
2008-05-09,-3.1683
2008-05-12,1.6616
2008-05-13,-1.4332
2008-05-14,0.9949
2008-05-15,2.5006
2008-05-16,-0.6161
2008-05-19,1.4381
2008-05-20,-3.0799
2008-05-21,-2.9004
2008-05-22,-0.0779
2008-05-23,0.3665
2008-05-27,-0.9609
2008-05-28,0.5492
2008-05-29,0.2861
2008-05-30,0.1815
2008-06-02,-3.3135
2008-06-03,-0.7229
2008-06-04,-3.3172
2008-06-05,3.1799
2008-06-06,-4.5687999999999995
2008-06-09,-0.8782
2008-06-10,-2.3721
2008-06-11,-1.5514999999999999
2008-06-12,2.7951
2008-06-13,2.4588
2008-06-16,-0.0565
2008-06-17,2.1469
2008-06-18,-2.4336
2008-06-19,-1.5873
2008-06-20,-4.8099
2008-06-23,0.3026
2008-06-24,-2.5339
2008-06-25,1.0833
2008-06-26,-1.5649
2008-06-27,-1.445
2008-06-30,-2.9323
2008-07-01,-2.6211
2008-07-02,0.5931
2008-07-03,-1.7687
2008-07-07,-0.554
2008-07-08,3.8075
2008-07-09,-1.6106
2008-07-10,2.3636
2008-07-11,-2.3979
2008-07-14,-0.455
2008-07-15,-1.6909999999999998
2008-07-16,5.8577
2008-07-17,6.0606
2008-07-18,-1.1594
2008-07-21,2.3041
2008-07-22,8.231
2008-07-23,5.9397
2008-07-24,-6.0353
2008-07-25,-2.4325
2008-07-28,-5.1422
2008-07-29,1.3142
2008-07-30,1.6214
2008-07-31,-1.7151999999999998
2008-08-01,3.5714
2008-08-04,1.6066
2008-08-05,7.0575
2008-08-06,-0.3963
2008-08-07,-4.0506
2008-08-08,3.8824
2008-08-11,0.3628
2008-08-12,-2.8923
2008-08-13,-1.7126000000000001
2008-08-14,1.5909
2008-08-15,-1.0813
2008-08-18,-4.4101
2008-08-19,-4.1404
2008-08-20,0.8227
2008-08-21,-3.4272
2008-08-22,3.2113
2008-08-25,-2.9886
2008-08-26,2.5738
2008-08-27,1.2752
2008-08-28,-0.7311
2008-08-29,-1.2275
2008-09-02,1.4913
2008-09-03,0.4082
2008-09-04,-5.7724
2008-09-05,1.3374
2008-09-08,2.8523
2008-09-09,-4.9254999999999995
2008-09-10,-0.5224
2008-09-11,1.0941
2008-09-12,-1.8182
2008-09-15,-10.1411
2008-09-16,1.5211000000000001
2008-09-17,-6.6216
2008-09-18,9.1097
2008-09-19,13.7571
2008-09-22,-4.6706
2008-09-23,-6.3872
2008-09-24,-1.1676
2008-09-25,4.2553
2008-09-26,-3.6281
2008-09-29,-11.3882
2008-09-30,5.6824
2008-10-01,2.5126
2008-10-02,-4.4608
2008-10-03,-2.8733
2008-10-06,-9.9313
2008-10-07,-5.2588
2008-10-08,-4.4163
2008-10-09,-3.4974
2008-10-10,-1.2081
2008-10-13,28.3288
2008-10-14,-9.4336
2008-10-15,-11.7379
2008-10-16,-3.2442
2008-10-17,8.898
2008-10-20,3.3941
2008-10-21,-4.3169
2008-10-22,-10.7998
2008-10-23,-3.3476
2008-10-24,-1.6212
2008-10-27,-3.8951000000000002
2008-10-28,10.5222
2008-10-29,-1.0578
2008-10-30,3.9914
2008-10-31,3.9068
2008-11-03,3.2322
2008-11-04,8.4984
2008-11-05,-9.0106
2008-11-06,-6.9902999999999995
2008-11-07,7.4461
2008-11-10,1.1658
2008-11-11,-8.6428
2008-11-12,-5.1156
2008-11-13,7.9764
2008-11-14,-4.5144
2008-11-17,-3.1519
2008-11-18,-3.1065
2008-11-19,-7.0229
2008-11-20,-12.89
2008-11-21,17.1536
2008-11-24,4.5052
2008-11-25,-5.4657
2008-11-26,-0.4886
2008-11-28,1.5558999999999998
2008-12-01,-4.9969
2008-12-02,4.7498000000000005
2008-12-03,4.4534
2008-12-04,-0.2326
2008-12-05,0.777
2008-12-08,7.7872
2008-12-09,-6.2232
2008-12-10,3.7376
2008-12-11,-4.4853
2008-12-12,3.6182
2008-12-15,0.6686
2008-12-16,7.2325
2008-12-17,-0.7185
2008-12-18,2.1344
2008-12-19,-1.548
2008-12-22,-3.2233
2008-12-23,-4.7929
2008-12-24,2.3891
2008-12-26,-1.75
2008-12-29,-0.3393
2008-12-30,3.7447
2008-12-31,2.5431
2009-01-02,7.36
2009-01-05,0.9687
2009-01-06,2.214
2009-01-07,-5.9206
2009-01-08,-1.3814
2009-01-09,-2.5302
2009-01-12,-1.6357
2009-01-13,1.7856999999999998
2009-01-14,-0.319
2009-01-15,2.4
2009-01-16,0.3125
2009-01-20,-10.4361
2009-01-21,4.6087
2009-01-22,-3.0756
2009-01-23,-0.5146
2009-01-26,1.6379000000000001
2009-01-27,2.7142
2009-01-28,5.5326
2009-01-29,-4.7731
2009-01-30,0.0
2009-02-02,-2.6294
2009-02-03,3.1783
2009-02-04,1.418
2009-02-05,1.0484
2009-02-06,5.2674
2009-02-09,0.0758
2009-02-10,-6.1364
2009-02-11,3.7934
2009-02-12,-1.633
2009-02-13,-1.4229
2009-02-17,-7.1371
2009-02-18,0.6045
2009-02-19,-0.1717
2009-02-20,-1.9776
2009-02-23,-4.5614
2009-02-24,5.6985
2009-02-25,-2.0
2009-02-26,-2.5732
2009-02-27,-0.7286
2009-03-02,-8.5321
2009-03-03,1.2024
2009-03-04,7.038
2009-03-05,-3.4259
2009-03-06,-2.7804
2009-03-09,-5.4241
2009-03-10,9.2805
2009-03-11,0.0954
2009-03-12,3.0505
2009-03-13,-1.0176
2009-03-16,0.9871
2009-03-17,7.8142
2009-03-18,0.6867
2009-03-19,-2.9838
2009-03-20,-2.2847
2009-03-23,12.5
2009-03-24,-3.5172
2009-03-25,3.1483
2009-03-26,3.7751
2009-03-27,-3.2517
2009-03-30,-6.8791
2009-03-31,4.7149
2009-04-01,6.1629
2009-04-02,5.796
2009-04-03,-1.3879000000000001
2009-04-06,-3.1111
2009-04-07,-3.2101
2009-04-08,3.0006
2009-04-09,6.9018
2009-04-13,3.3716
2009-04-14,-3.1922
2009-04-15,3.871
2009-04-16,-2.6915
2009-04-17,-1.4184
2009-04-20,-5.9712
2009-04-21,4.0551
2009-04-22,-1.1764999999999999
2009-04-23,4.0179
2009-04-24,5.0072
2009-04-27,-1.4304999999999999
2009-04-28,-4.2847
2009-04-29,5.1986
2009-04-30,1.7159
2009-05-01,2.9015
2009-05-04,11.4098
2009-05-05,-3.5315
2009-05-06,-0.6101
2009-05-07,0.6753
2009-05-08,1.3415
2009-05-11,-5.5355
2009-05-12,1.2102
2009-05-13,-4.2039
2009-05-14,3.8628
2009-05-15,1.2018
2009-05-18,19.875
2009-05-19,-1.3034
2009-05-20,0.4754
2009-05-21,-1.6824
2009-05-22,1.016
2009-05-26,0.9529
2009-05-27,1.8353000000000002
2009-05-28,3.1411
2009-05-29,6.7399000000000004
2009-06-01,5.2853
2009-06-02,-0.0444
2009-06-03,-5.6444
2009-06-04,6.6886
2009-06-05,2.2075
2009-06-08,-2.7214
2009-06-09,3.1972
2009-06-10,2.6248
2009-06-11,1.7610000000000001
2009-06-12,-2.5958
2009-06-15,-7.4873
2009-06-16,-1.3717
2009-06-17,-1.2981
2009-06-18,-2.6303
2009-06-19,3.6179
2009-06-22,-7.216
2009-06-23,1.5554000000000001
2009-06-24,0.7411
2009-06-25,3.9725
2009-06-26,3.9261
2009-06-29,0.0463
2009-06-30,-1.7584
2009-07-01,0.0471
2009-07-02,-2.8625
2009-07-06,-5.6805
2009-07-07,-4.8818
2009-07-08,-2.9714
2009-07-09,2.7283
2009-07-10,-1.084
2009-07-13,1.3151
2009-07-14,2.7042
2009-07-15,3.1069
2009-07-16,0.4086
2009-07-17,-0.1526
2009-07-20,5.1452
2009-07-21,-3.5853
2009-07-22,-2.2613
2009-07-23,6.9409
2009-07-24,-0.7212
2009-07-27,-0.9685
2009-07-28,-0.4401
2009-07-29,-5.1081
2009-07-30,3.2609
2009-07-31,1.5539
2009-08-03,3.0109
2009-08-04,0.0
2009-08-05,-1.8687
2009-08-06,-3.6132999999999997
2009-08-07,1.0132
2009-08-10,-2.7583
2009-08-11,-2.8365
2009-08-12,1.8047
2009-08-13,1.6684
2009-08-14,-2.7179
2009-08-17,-6.6421
2009-08-18,2.7103
2009-08-19,0.7147
2009-08-20,2.4017
2009-08-21,2.6119
2009-08-24,0.4162
2009-08-25,1.3961000000000001
2009-08-26,-0.7653
2009-08-27,0.3599
2009-08-28,-0.1537
2009-08-31,-2.0523
2009-09-01,-0.8381
2009-09-02,-0.4754
2009-09-03,2.017
2009-09-04,3.1738
2009-09-08,2.5214
2009-09-09,0.2951
2009-09-10,0.7847
2009-09-11,-0.5353
2009-09-14,-0.2935
2009-09-15,1.9136
2009-09-16,3.274
2009-09-17,-0.979
2009-09-18,0.1412
2009-09-21,-0.5642
2009-09-22,1.7021
2009-09-23,-1.9526
2009-09-24,-1.7544
2009-09-25,0.8687
2009-09-28,1.4354
2009-09-29,-0.3774
2009-09-30,0.4735
2009-10-01,-1.0368
2009-10-02,-0.7619
2009-10-05,1.2476
2009-10-06,1.4692
2009-10-07,0.1868
2009-10-08,1.2587
2009-10-09,-0.6906
2009-10-12,1.9471
2009-10-13,0.3183
2009-10-14,2.0399
2009-10-15,-0.0444
2009-10-16,-0.0889
2009-10-19,1.9573
2009-10-20,-1.7016
2009-10-21,-1.4203000000000001
2009-10-22,0.4953
2009-10-23,-1.8817
2009-10-26,-1.4155
2009-10-27,-3.6128
2009-10-28,-0.7689
2009-10-29,3.4867
2009-10-30,-3.7904
2009-11-02,-0.1946
2009-11-03,-1.7057
2009-11-04,2.5285
2009-11-05,3.9168
2009-11-06,1.6752
2009-11-09,2.9748
2009-11-10,-0.3556
2009-11-11,2.6316
2009-11-12,-1.9990999999999999
2009-11-13,1.5965
2009-11-16,1.9205999999999999
2009-11-17,-1.0707
2009-11-18,-0.6926
2009-11-19,-2.3104
2009-11-20,0.2231
2009-11-23,1.5583
2009-11-24,-0.1315
2009-11-25,1.9754
2009-11-27,-1.9802
2009-11-30,0.0307
2009-12-01,1.7254
2009-12-02,0.1726
2009-12-03,-0.9048
2009-12-04,1.1304
2009-12-07,-2.313
2009-12-08,-0.2289
2009-12-09,0.3529
2009-12-10,0.4396
2009-12-11,-0.1313
2009-12-14,0.5259
2009-12-15,-2.136
2009-12-16,0.4961
2009-12-17,-2.1336
2009-12-18,-1.8115999999999999
2009-12-21,-0.0923
2009-12-22,-0.277
2009-12-23,1.713
2009-12-24,1.5931
2009-12-28,1.0305
2009-12-29,0.0443
2009-12-30,0.133
2009-12-31,0.0885
2010-01-04,1.946
2010-01-05,0.9111
2010-01-06,1.2038
2010-01-07,0.3398
2010-01-08,0.2117
2010-01-11,0.3887
2010-01-12,-2.0284
2010-01-13,1.2457
2010-01-14,0.9334
2010-01-15,-1.8495
2010-01-19,2.955
2010-01-20,-1.8303
2010-01-21,-3.4322
2010-01-22,-1.3879000000000001
2010-01-25,-1.4848
2010-01-26,0.3613
2010-01-27,-4.3204
2010-01-28,-0.9878
2010-01-29,1.8527
2010-02-01,0.7929
2010-02-02,1.0643
2010-02-03,0.5037
2010-02-04,-5.1025
2010-02-05,-1.3921999999999999
2010-02-08,0.0974
2010-02-09,2.2374
2010-02-10,-1.0942
2010-02-11,3.1265
2010-02-12,-0.2799
2010-02-16,2.058
2010-02-17,0.5958
2010-02-18,-0.0911
2010-02-19,0.0912
2010-02-22,-0.9112
2010-02-23,-2.2989
2010-02-24,1.2235
2010-02-25,-0.3254
2010-02-26,1.0728
2010-03-01,1.3844
2010-03-02,2.2758
2010-03-03,1.2461
2010-03-04,0.2637
2010-03-05,1.5783
2010-03-08,0.259
2010-03-09,-0.4305
2010-03-10,1.1673
2010-03-11,0.6838
2010-03-12,-0.4669
2010-03-15,-2.516
2010-03-16,1.5311
2010-03-17,0.7324
2010-03-18,-0.3422
2010-03-19,0.0
2010-03-22,-0.7725
2010-03-23,0.0
2010-03-24,-0.5623
2010-03-25,-0.435
2010-03-26,0.9174
2010-03-29,1.6017000000000001
2010-03-30,-0.2977
2010-03-31,-0.2575
2010-04-01,1.3287
2010-04-05,2.4947
2010-04-06,-0.1238
2010-04-07,-0.4957
2010-04-08,-0.6019
2010-04-09,0.8561
2010-04-12,-0.1247
2010-04-13,-0.7043
2010-04-14,1.2103
2010-04-15,-1.0308
2010-04-16,-2.2926
2010-04-19,-0.6399
2010-04-20,1.331
2010-04-21,0.0
2010-04-22,1.3136
2010-04-23,0.4601
2010-04-26,-0.0833
2010-04-27,-0.9167
2010-04-28,-0.5887
2010-04-29,1.1421000000000001
2010-04-30,-0.5855
2010-05-03,0.1683
2010-05-04,-4.7039
2010-05-05,1.1459
2010-05-06,-5.098
2010-05-07,0.1065
2010-05-10,5.8561
2010-05-11,-1.5598
2010-05-12,1.0489
2010-05-13,-0.8638
2010-05-14,-1.8014000000000001
2010-05-17,-0.5369
2010-05-18,-1.3495
2010-05-19,-2.9234999999999998
2010-05-20,-2.5313
2010-05-21,1.4458
2010-05-24,-0.38
2010-05-25,-2.4797000000000002
2010-05-26,-0.1956
2010-05-27,4.6056
2010-05-28,0.3747
2010-06-01,-2.1932
2010-06-02,3.4351
2010-06-03,0.5074
2010-06-04,-2.7994
2010-06-07,-2.0302
2010-06-08,0.3855
2010-06-09,0.7201
2010-06-10,3.3365
2010-06-11,0.8303
2010-06-14,0.8692
2010-06-15,1.9501
2010-06-16,-0.089
2010-06-17,-0.089
2010-06-18,-0.4011
2010-06-21,1.5213
2010-06-22,-1.0577
2010-06-23,-0.0445
2010-06-24,-0.4902
2010-06-25,0.8061
2010-06-28,0.4887
2010-06-29,-2.4314999999999998
2010-06-30,0.4078
2010-07-01,-0.6769
2010-07-02,0.4089
2010-07-06,0.905
2010-07-07,1.5695000000000001
2010-07-08,0.7064
2010-07-09,0.6576
2010-07-12,-0.2178
2010-07-13,1.1785
2010-07-14,-0.6903
2010-07-15,-0.2172
2010-07-16,-0.5224
2010-07-19,-0.0438
2010-07-20,0.8757
2010-07-21,0.217
2010-07-22,1.8622999999999998
2010-07-23,0.0425
2010-07-26,-0.425
2010-07-27,0.5122
2010-07-28,-0.8917
2010-07-29,0.6855
2010-07-30,-0.2553
2010-08-02,2.0904
2010-08-03,0.0836
2010-08-04,1.8789
2010-08-05,-0.123
2010-08-06,-0.9027
2010-08-09,0.9938
2010-08-10,-1.353
2010-08-11,-2.0366
2010-08-12,0.4243
2010-08-13,1.5632000000000001
2010-08-16,0.4576
2010-08-17,1.0766
2010-08-18,1.9260000000000002
2010-08-19,-0.1211
2010-08-20,0.3219
2010-08-23,-0.722
2010-08-24,-1.8182
2010-08-25,-0.0412
2010-08-26,0.0823
2010-08-27,0.4525
2010-08-30,-1.7199
2010-08-31,0.5839
2010-09-01,2.9821
2010-09-02,0.1207
2010-09-03,0.6027
2010-09-07,0.0799
2010-09-08,1.5962
2010-09-09,0.7463
2010-09-10,0.3509
2010-09-13,2.7584
2010-09-14,-0.189
2010-09-15,-0.0758
2010-09-16,-0.2805
2010-09-17,1.3837
2010-09-20,2.9621
2010-09-21,0.5827
2010-09-22,-2.3896
2010-09-23,-1.3724
2010-09-24,3.2343
2010-09-27,-0.6557
2010-09-28,0.2915
2010-09-29,-0.3272
2010-09-30,0.0
2010-10-01,2.1643
2010-10-04,1.149
2010-10-05,1.4909
2010-10-06,0.7345
2010-10-07,-1.0069
2010-10-08,1.147
2010-10-11,0.5306
2010-10-12,-0.3794
2010-10-13,2.2161
2010-10-14,-1.1518
2010-10-15,-0.9938
2010-10-18,0.2077
2010-10-19,-2.8325
2010-10-20,1.9908000000000001
2010-10-21,1.5301
2010-10-22,-1.1295
2010-10-25,1.0417
2010-10-26,-0.0326
2010-10-27,-1.4794
2010-10-28,-0.6285
2010-10-29,-0.3511
2010-11-01,0.3876
2010-11-02,1.1583
2010-11-03,0.1388
2010-11-04,3.8947000000000003
2010-11-05,1.3874
2010-11-08,-0.7566
2010-11-09,-0.9894
2010-11-10,0.6645
2010-11-11,-1.696
2010-11-12,-2.977
2010-11-15,-0.0349
2010-11-16,-4.918
2010-11-17,0.5136
2010-11-18,1.6787999999999998
2010-11-19,-2.0459
2010-11-22,1.0407
2010-11-23,-2.0817
2010-11-24,0.963
2010-11-26,-3.1915
2010-11-29,0.4528
2010-11-30,-0.149
2010-12-01,4.1934
2010-12-02,1.8854
2010-12-03,-0.2491
2010-12-06,-0.1784
2010-12-07,0.5718
2010-12-08,-1.7058
2010-12-09,-2.4892
2010-12-10,1.6258
2010-12-13,0.1824
2010-12-14,1.2382
2010-12-15,-1.9784000000000002
2010-12-16,1.0275
2010-12-17,-0.2184
2010-12-20,0.3281
2010-12-21,1.4634
2010-12-22,0.51
2010-12-23,0.3123
2010-12-27,-0.1946
2010-12-28,-1.5984
2010-12-29,0.9905
2010-12-30,0.0
2010-12-31,0.6199
2011-01-03,1.5674000000000001
2011-01-04,0.4607
2011-01-05,-0.8789
2011-01-06,-0.771
2011-01-07,-2.1756
2011-01-10,-2.502
2011-01-11,0.8147
2011-01-12,2.1823
2011-01-13,-2.373
2011-01-14,-1.9036
2011-01-18,1.1561
2011-01-19,-1.2652999999999999
2011-01-20,-1.8603
2011-01-21,-1.6428
2011-01-24,0.7281
2011-01-25,-0.5952
2011-01-26,-0.6843
2011-01-27,-1.292
2011-01-28,-3.3595
2011-01-31,2.0767
2011-02-01,-0.9067
2011-02-02,-0.6025
2011-02-03,1.2124
2011-02-04,-1.8634
2011-02-07,0.4069
2011-02-08,-1.9361000000000002
2011-02-09,-1.6987999999999999
2011-02-10,0.1868
2011-02-11,4.0559
2011-02-14,0.9857
2011-02-15,0.5324
2011-02-16,0.0
2011-02-17,0.2207
2011-02-18,-0.4844
2011-02-22,-2.4336
2011-02-23,-0.5896
2011-02-24,-1.2318
2011-02-25,1.7551999999999999
2011-02-28,0.1362
2011-03-01,0.9066
2011-03-02,1.3477000000000001
2011-03-03,1.6401
2011-03-04,-0.61
2011-03-07,-1.8435000000000001
2011-03-08,1.5646
2011-03-09,1.4085
2011-03-10,-2.5174
2011-03-11,0.6679
2011-03-14,0.7519
2011-03-15,-1.2730000000000001
2011-03-16,-1.245
2011-03-17,0.09
2011-03-18,-0.4948
2011-03-21,0.0904
2011-03-22,0.7227
2011-03-23,2.0174
2011-03-24,1.6833
2011-03-25,1.4576
2011-03-28,-0.9374
2011-03-29,1.4624
2011-03-30,1.6066
2011-03-31,0.4631
2011-04-01,0.3738
2011-04-04,0.8688
2011-04-05,-0.3692
2011-04-06,-0.5764
2011-04-07,-0.3313
2011-04-08,-0.1662
2011-04-11,-1.6646
2011-04-12,-1.2696
2011-04-13,2.3575
2011-04-14,0.2094
2011-04-15,-0.8358
2011-04-18,-1.6856
2011-04-19,0.8144
2011-04-20,1.7856999999999998
2011-04-21,0.0
2011-04-25,-0.8819
2011-04-26,0.7633
2011-04-27,-0.2509
2011-04-28,-0.7547
2011-04-29,0.0845
2011-05-02,-1.0131000000000001
2011-05-03,-2.7292
2011-05-04,-1.0522
2011-05-05,-1.1077
2011-05-06,1.0305
2011-05-09,0.4878
2011-05-10,-0.353
2011-05-11,-0.5314
2011-05-12,-0.5343
2011-05-13,0.2686
2011-05-16,-0.8929
2011-05-17,-1.1712
2011-05-18,0.7293
2011-05-19,0.181
2011-05-20,-0.1355
2011-05-23,-1.9447999999999999
2011-05-24,0.5074
2011-05-25,-0.413
2011-05-26,1.3364
2011-05-27,1.4552
2011-05-31,1.5688
2011-06-01,-1.1033
2011-06-02,0.0446
2011-06-03,-0.5352
2011-06-06,0.2242
2011-06-07,1.2974999999999999
2011-06-08,-0.6184
2011-06-09,0.5778
2011-06-10,-1.6792
2011-06-13,-0.4045
2011-06-14,1.6697
2011-06-15,-1.9085999999999999
2011-06-16,-1.2217
2011-06-17,-0.1374
2011-06-20,-2.0642
2011-06-21,1.6862
2011-06-22,-1.2437
2011-06-23,0.4664
2011-06-24,1.4392
2011-06-27,1.3272
2011-06-28,1.9783
2011-06-29,1.0748
2011-06-30,1.4332
2011-07-01,-0.7293
2011-07-05,-0.0918
2011-07-06,-0.5055
2011-07-07,2.6790000000000003
2011-07-08,-1.6644
2011-07-11,-1.7841
2011-07-12,-0.5589
2011-07-13,1.2646
2011-07-14,-0.2775
2011-07-15,0.7421
2011-07-18,0.0921
2011-07-19,1.8859
2011-07-20,-0.5418
2011-07-21,0.9986
2011-07-22,-0.0449
2011-07-25,-0.4496
2011-07-26,-0.8582
2011-07-27,-2.0046
2011-07-28,-0.2789
2011-07-29,0.1865
2011-08-01,-0.3257
2011-08-02,-2.3810000000000002
2011-08-03,-0.6695
2011-08-04,-4.9109
2011-08-05,-0.4557
2011-08-08,-6.9176
2011-08-09,4.4809
2011-08-10,-2.5628
2011-08-11,4.0258
2011-08-12,-0.5676
2011-08-15,1.453
2011-08-16,-1.9437
2011-08-17,-0.1043
2011-08-18,-3.7076000000000002
2011-08-19,-2.2777
2011-08-22,0.9989
2011-08-23,3.1319
2011-08-24,-1.2786
2011-08-25,-1.7269
2011-08-26,-0.8786
2011-08-29,3.7119
2011-08-30,0.4808
2011-08-31,0.638
2011-09-01,-1.4263
2011-09-02,-0.5895
2011-09-06,0.7547
2011-09-07,2.5682
2011-09-08,-0.939
2011-09-09,-3.2122
2011-09-12,-2.0131
2011-09-13,-0.2776
2011-09-14,1.1136
2011-09-15,1.5969
2011-09-16,0.3252
2011-09-19,-2.9173
2011-09-20,1.2243
2011-09-21,-2.8037
2011-09-22,-5.8258
2011-09-23,1.2612999999999999
2011-09-26,1.3642
2011-09-27,2.282
2011-09-28,-1.8307
2011-09-29,1.1072
2011-09-30,-3.2277
2011-10-03,-2.6206
2011-10-04,-0.8563
2011-10-05,1.2338
2011-10-06,2.3766
2011-10-07,1.131
2011-10-10,1.8246
2011-10-11,-1.5029
2011-10-12,2.5235
2011-10-13,-2.2896
2011-10-14,2.2261
2011-10-17,-0.8596
2011-10-18,-0.2319
2011-10-19,0.8119
2011-10-20,-0.8621
2011-10-21,0.6377
2011-10-24,1.3881999999999999
2011-10-25,-1.3692
2011-10-26,0.4032
2011-10-27,4.934
2011-10-28,0.0547
2011-10-31,-3.3333
2011-11-01,-2.2612
2011-11-02,1.9085999999999999
2011-11-03,0.2838
2011-11-04,-1.0753
2011-11-07,0.2288
2011-11-08,0.6849
2011-11-09,-5.6122
2011-11-10,0.3604
2011-11-11,1.2395
2011-11-14,-1.8746
2011-11-15,0.241
2011-11-16,-2.3438
2011-11-17,-2.3385
2011-11-18,-0.5041
2011-11-21,-4.0532
2011-11-22,-0.396
2011-11-23,-1.8555000000000001
2011-11-25,0.2026
2011-11-28,4.1105
2011-11-29,-1.8123
2011-11-30,3.3619
2011-12-01,0.0638
2011-12-02,1.6571
2011-12-05,-0.0627
2011-12-06,-0.6901
2011-12-07,0.3159
2011-12-08,-3.7782999999999998
2011-12-09,-0.5236
2011-12-12,-4.2763
2011-12-13,-0.9622
2011-12-14,-1.4573
2011-12-15,0.0704
2011-12-16,-0.2815
2011-12-19,-2.2583
2011-12-20,1.1552
2011-12-21,-0.4996
2011-12-22,1.4346999999999999
2011-12-23,-0.2122
2011-12-27,-1.4174
2011-12-28,-1.5816
2011-12-29,0.3652
2011-12-30,1.9651
2012-01-03,3.5689
2012-01-04,-0.2068
2012-01-05,-0.3453
2012-01-06,-0.5544
2012-01-09,0.6969
2012-01-10,3.9446
2012-01-11,0.466
2012-01-12,0.0663
2012-01-13,0.0662
2012-01-17,3.4414
2012-01-18,1.4075
2012-01-19,0.5047
2012-01-20,0.2511
2012-01-23,0.0
2012-01-24,0.1879
2012-01-25,0.5625
2012-01-26,0.3108
2012-01-27,0.6815
2012-01-30,-1.1077
2012-01-31,1.8668
2012-02-01,2.9322
2012-02-02,0.6528
2012-02-03,1.8277999999999999
2012-02-06,-0.0579
2012-02-07,-0.6952
2012-02-08,0.3501
2012-02-09,0.6395
2012-02-10,-1.8486
2012-02-13,1.6480000000000001
2012-02-14,-0.2316
2012-02-15,1.451
2012-02-16,1.2014
2012-02-17,0.7914
2012-02-21,0.2243
2012-02-22,-1.9026
2012-02-23,-0.5705
2012-02-24,-0.459
2012-02-27,-2.5937
2012-02-28,2.071
2012-02-29,-0.2899
2012-03-01,0.7558
2012-03-02,-0.4616
2012-03-05,-1.913
2012-03-06,-3.7824999999999998
2012-03-07,1.2899
2012-03-08,2.0012
2012-03-09,1.7241
2012-03-12,-0.1753
2012-03-13,2.459
2012-03-14,-1.1543
2012-03-15,-0.74
2012-03-16,-0.9319
2012-03-19,-0.9406
2012-03-20,-1.8397999999999999
2012-03-21,1.6324
2012-03-22,-2.677
2012-03-23,0.5501
2012-03-26,-0.0608
2012-03-27,0.0608
2012-03-28,-1.0942
2012-03-29,-0.4302
2012-03-30,2.2222
2012-04-02,1.6907999999999999
2012-04-03,-0.2969
2012-04-04,-1.6080999999999999
2012-04-05,0.4843
2012-04-09,-1.0241
2012-04-10,-1.7042000000000002
2012-04-11,0.6811
2012-04-12,2.091
2012-04-13,-3.012
2012-04-16,0.6832
2012-04-17,2.0975
2012-04-18,-0.9063
2012-04-19,-0.2439
2012-04-20,-0.0611
2012-04-23,-2.5688
2012-04-24,-0.1193
2012-04-25,0.2451
2012-04-26,0.627
2012-04-27,-0.1869
2012-04-30,0.5618
2012-05-01,0.0
2012-05-02,-1.3656
2012-05-03,-1.7621
2012-05-04,-1.8578000000000001
2012-05-07,1.8277
2012-05-08,-3.0128
2012-05-09,-1.3219
2012-05-10,0.5358
2012-05-11,-0.9993
2012-05-14,-1.9506999999999999
2012-05-15,-0.1381
2012-05-16,-1.3746
2012-05-17,-1.115
2012-05-18,0.1409
2012-05-21,1.126
2012-05-22,-2.0181
2012-05-23,0.6392
2012-05-24,1.4114
2012-05-25,0.5567
2012-05-29,1.3841
2012-05-30,-2.1843
2012-05-31,0.0
2012-06-01,-1.5352000000000001
2012-06-04,0.3544
2012-06-05,0.1412
2012-06-06,4.2313
2012-06-07,0.8119
2012-06-08,-0.4027
2012-06-11,-2.2911
2012-06-12,2.6207000000000003
2012-06-13,-0.2016
2012-06-14,-0.0673
2012-06-15,1.3477000000000001
2012-06-18,-0.8644
2012-06-19,0.0
2012-06-20,0.0
2012-06-21,-2.1462
2012-06-22,0.2742
2012-06-25,-0.6835
2012-06-26,1.1012
2012-06-27,0.8169
2012-06-28,-0.6752
2012-06-29,5.4385
2012-07-02,-0.7737
2012-07-03,2.4042
2012-07-05,-1.0152
2012-07-06,-1.0256
2012-07-09,-0.1943
2012-07-10,1.4276
2012-07-11,-1.4075
2012-07-12,-1.7521
2012-07-13,1.7833999999999999
2012-07-16,-0.7138
2012-07-17,-0.0654
2012-07-18,-0.1962
2012-07-19,0.983
2012-07-20,-1.1032
2012-07-23,-3.2808
2012-07-24,-0.1357
2012-07-25,-0.0679
2012-07-26,1.2916
2012-07-27,1.4094
2012-07-30,0.8604
2012-07-31,-0.1312
2012-08-01,-0.4599
2012-08-02,-1.4521
2012-08-03,1.6075
2012-08-06,1.0547
2012-08-07,1.5655999999999999
2012-08-08,0.0642
2012-08-09,-0.3851
2012-08-10,0.0644
2012-08-13,-0.9015
2012-08-14,0.3899
2012-08-15,0.2589
2012-08-16,0.5165
2012-08-17,-0.0642
2012-08-20,0.3213
2012-08-21,1.089
2012-08-22,-0.2535
2012-08-23,-0.5083
2012-08-24,0.447
2012-08-27,-0.89
2012-08-28,-0.5773
2012-08-29,-1.2258
2012-08-30,-0.2613
2012-08-31,0.6549
2012-09-04,-0.4554
2012-09-05,-0.1961
2012-09-06,1.8336999999999999
2012-09-07,3.0868
2012-09-10,-0.1871
2012-09-11,1.8125
2012-09-12,0.0614
2012-09-13,1.9018000000000002
2012-09-14,3.0102
2012-09-17,-1.1689
2012-09-18,-0.4731
2012-09-19,-0.713
2012-09-20,-0.2992
2012-09-21,2.7611
2012-09-24,-0.5841
2012-09-25,-0.9401
2012-09-26,0.0593
2012-09-27,2.1932
2012-09-28,1.3341
2012-10-01,1.8317
2012-10-02,0.0562
2012-10-03,-0.0555
2012-10-04,2.0229
2012-10-05,-1.3774
2012-10-08,-1.5084
2012-10-09,-0.1134
2012-10-10,-1.1357
2012-10-11,1.7231
2012-10-12,-0.847
2012-10-15,0.6264
2012-10-16,-0.1698
2012-10-17,0.2087
2012-10-18,-0.774
2012-10-19,-1.4823
2012-10-22,0.8102
2012-10-23,-1.1481
2012-10-24,0.1742
2012-10-25,0.8696
2012-10-26,-0.977
2012-10-31,-0.5223
2012-11-01,1.8086
2012-11-02,0.0573
2012-11-05,-0.0573
2012-11-06,-0.1719
2012-11-07,-0.6315
2012-11-08,-0.0578
2012-11-09,-0.6936
2012-11-12,-0.4657
2012-11-13,-0.1754
2012-11-14,-1.2302
2012-11-15,-1.0676
2012-11-16,-0.2998
2012-11-19,1.383
2012-11-20,-0.6524
2012-11-21,0.0418
2012-11-23,0.4356
2012-11-26,0.1783
2012-11-27,0.8304
2012-11-28,0.3529
2012-11-29,3.3411
2012-11-30,1.3046
2012-12-03,-0.6159
2012-12-04,0.5634
2012-12-05,1.3445
2012-12-06,1.2161
2012-12-07,-0.6008
2012-12-10,0.1099
2012-12-11,-0.2195
2012-12-12,-0.275
2012-12-13,-1.1031
2012-12-14,0.6693
2012-12-17,0.277
2012-12-18,0.8287
2012-12-19,0.8219
2012-12-20,-0.163
2012-12-21,-1.3609
2012-12-24,-0.1656
2012-12-26,1.3267
2012-12-27,-0.7092
2012-12-28,1.8681
2012-12-31,-0.0539
2013-01-02,2.1047
2013-01-03,-0.4228
2013-01-04,-0.6369
2013-01-07,-1.1218
2013-01-08,-0.054
2013-01-09,0.3243
2013-01-10,0.5927
2013-01-11,-0.4821
2013-01-14,1.2379
2013-01-15,-0.319
2013-01-16,-1.0133
2013-01-17,1.8319
2013-01-18,0.9471
2013-01-22,-0.781
2013-01-23,-0.317
2013-01-24,-1.1659
2013-01-25,0.6971
2013-01-28,-0.5857
2013-01-29,1.2319
2013-01-30,0.0
2013-01-31,-0.582
2013-02-01,0.7983
2013-02-04,-1.2671999999999999
2013-02-05,-0.107
2013-02-06,0.1071
2013-02-07,-0.8021
2013-02-08,-0.4313
2013-02-11,-0.1083
2013-02-12,0.7046
2013-02-13,-0.915
2013-02-14,-0.5975
2013-02-15,-0.3279
2013-02-19,1.1513
2013-02-20,-0.9214
2013-02-21,-1.6411
2013-02-22,1.1123
2013-02-25,-0.5501
2013-02-26,-0.1659
2013-02-27,0.8864
2013-02-28,-1.7024
2013-03-01,-0.7263
2013-03-04,-0.9567
2013-03-05,1.6477
2013-03-06,0.7826
2013-03-07,1.3866
2013-03-08,1.6958
2013-03-11,-0.3228
2013-03-12,-0.5936
2013-03-13,-0.76
2013-03-14,1.0394
2013-03-15,-0.2707
2013-03-18,-1.1944
2013-03-19,-2.1429
2013-03-20,-0.0561
2013-03-21,-1.1798
2013-03-22,0.1706
2013-03-25,-0.6243
2013-03-26,0.4569
2013-03-27,0.2274
2013-03-28,0.6807
2013-04-01,-0.4507
2013-04-02,0.7923
2013-04-03,-1.516
2013-04-04,-1.5393
2013-04-05,-0.579
2013-04-08,0.8154
2013-04-09,0.3466
2013-04-10,0.5181
2013-04-11,-0.1145
2013-04-12,-1.2615
2013-04-15,-1.9163999999999999
2013-04-16,3.0787
2013-04-17,-0.6893
2013-04-18,1.0989
2013-04-19,1.087
2013-04-22,0.0566
2013-04-23,0.2262
2013-04-24,0.3386
2013-04-25,0.1125
2013-04-26,-1.3483
2013-04-29,0.7403
2013-04-30,1.8655
2013-05-01,-1.3319
2013-05-02,1.4061
2013-05-03,0.0
2013-05-06,-0.2773
2013-05-07,0.8899
2013-05-08,0.6615
2013-05-09,-1.2048
2013-05-10,0.2772
2013-05-13,-1.99
2013-05-14,0.846
2013-05-15,1.5659999999999998
2013-05-16,0.0551
2013-05-17,0.2201
2013-05-20,-0.6041
2013-05-21,-0.9392
2013-05-22,-1.6174
2013-05-23,-1.9274
2013-05-24,0.0
2013-05-28,0.8092
2013-05-29,-0.6881
2013-05-30,-0.0577
2013-05-31,-2.3108
2013-06-03,0.4731
2013-06-04,-1.236
2013-06-05,-0.8939
2013-06-06,0.9621
2013-06-07,-0.9529
2013-06-10,-1.804
2013-06-11,-2.4495
2013-06-12,-1.4438
2013-06-13,0.7006
2013-06-14,0.5693
2013-06-17,0.5031
2013-06-18,-0.1877
2013-06-19,-2.3197
2013-06-20,-4.3646
2013-06-21,1.6779
2013-06-24,-2.6403
2013-06-25,1.3559
2013-06-26,-0.6689
2013-06-27,2.7609
2013-06-28,0.983
2013-07-01,1.0383
2013-07-02,-0.3854
2013-07-03,-1.225
2013-07-05,0.0
2013-07-08,0.5875
2013-07-09,1.233
2013-07-10,-0.2564
2013-07-11,3.2134
2013-07-12,0.8095
2013-07-15,0.9265
2013-07-16,0.1224
2013-07-17,-0.5501
2013-07-18,0.3073
2013-07-19,-0.674
2013-07-22,-0.1234
2013-07-23,0.3088
2013-07-24,-1.1084
2013-07-25,-0.1868
2013-07-26,-0.4367
2013-07-29,-1.3158
2013-07-30,-2.4762
2013-07-31,-0.1953
2013-08-01,1.3699
2013-08-02,-1.8662
2013-08-05,-0.7213
2013-08-06,-1.6513
2013-08-07,-1.0074
2013-08-08,2.9172000000000002
2013-08-09,-0.7251
2013-08-12,-0.0664
2013-08-13,1.3289
2013-08-14,0.0656
2013-08-15,-1.7038
2013-08-16,-3.6267
2013-08-19,-2.8777
2013-08-20,0.4274
2013-08-21,-3.8298
2013-08-22,2.9499
2013-08-23,1.5043
2013-08-26,-2.2583
2013-08-27,-4.8375
2013-08-28,-0.0759
2013-08-29,1.8982999999999999
2013-08-30,2.161
2013-09-03,-2.7717
2013-09-04,3.0758
2013-09-05,2.984
2013-09-06,1.3428
2013-09-09,3.3473
2013-09-10,2.0918
2013-09-11,0.3966
2013-09-12,-1.5142
2013-09-13,0.2674
2013-09-16,0.6667
2013-09-17,0.0
2013-09-18,3.1788
2013-09-19,1.0911
2013-09-20,-2.9840999999999998
2013-09-23,-1.5707
2013-09-24,-0.0665
2013-09-25,0.7319
2013-09-26,0.7926
2013-09-27,-1.9003999999999999
2013-09-30,0.668
2013-10-01,2.3889
2013-10-02,0.1944
2013-10-03,1.0349
2013-10-04,1.5365
2013-10-07,-0.0631
2013-10-08,-1.0095
2013-10-09,1.8483
2013-10-10,3.5044
2013-10-11,1.2092
2013-10-14,0.8363
2013-10-15,-1.7772999999999999
2013-10-16,0.2413
2013-10-17,3.1288
2013-10-18,0.6418
2013-10-21,-0.2319
2013-10-22,0.2905
2013-10-23,-0.927
2013-10-24,-0.2924
2013-10-25,-0.2933
2013-10-28,-1.0
2013-10-29,1.6042999999999998
2013-10-30,-0.117
2013-10-31,0.1756
2013-11-01,0.3507
2013-11-04,-0.1747
2013-11-05,-0.8751
2013-11-06,0.0
2013-11-07,-1.7657
2013-11-08,-1.0186
2013-11-11,-0.4843
2013-11-12,-2.0073
2013-11-13,2.2346
2013-11-14,1.8215
2013-11-15,1.4908000000000001
2013-11-18,0.7638
2013-11-19,-1.8659
2013-11-20,-1.1884000000000001
2013-11-21,-1.6837
2013-11-22,0.7339
2013-11-25,-0.5472
2013-11-26,-0.2434
2013-11-27,0.0612
2013-11-29,1.8349
2013-12-02,-0.0601
2013-12-03,0.8413
2013-12-04,0.7747
2013-12-05,-0.0591
2013-12-06,2.5444
2013-12-09,1.7311
2013-12-10,-0.6807
2013-12-11,-2.1702
2013-12-12,-1.4594
2013-12-13,0.0
2013-12-16,0.1185
2013-12-17,-0.5917
2013-12-18,1.369
2013-12-19,-1.5267
2013-12-20,2.5045
2013-12-23,0.2327
2013-12-24,0.4643
2013-12-26,-0.5777
2013-12-27,1.2202
2013-12-30,0.9185
2013-12-31,-0.5688
2014-01-02,-3.032
2014-01-03,0.885
2014-01-06,-0.2339
2014-01-07,0.2931
2014-01-08,-0.0584
2014-01-09,-0.3509
2014-01-10,1.1737
2014-01-13,0.348
2014-01-14,0.2312
2014-01-15,1.1534
2014-01-16,-0.4561
2014-01-17,-1.3173
2014-01-21,0.2322
2014-01-22,0.5211
2014-01-23,-1.7856999999999998
2014-01-24,-2.9326
2014-01-27,-1.8127
2014-01-28,0.8615
2014-01-29,-0.8542
2014-01-30,0.8615
2014-01-31,-0.061
2014-02-03,-2.2589
2014-02-04,2.8106999999999998
2014-02-05,-0.4253
2014-02-06,1.5863
2014-02-07,0.4204
2014-02-10,-1.1962
2014-02-11,1.8159999999999998
2014-02-12,0.1189
2014-02-13,-0.772
2014-02-14,1.0772
2014-02-18,-0.296
2014-02-19,0.1188
2014-02-20,0.5931
2014-02-21,0.8844
2014-02-24,0.526
2014-02-25,-0.29
2014-02-26,0.2303
2014-02-27,0.9912
2014-02-28,0.1728
2014-03-03,-1.1501000000000001
2014-03-04,1.9779
2014-03-05,1.5402
2014-03-06,2.3034
2014-03-07,-0.4393
2014-03-10,1.3237999999999999
2014-03-11,-0.9799
2014-03-12,1.0995
2014-03-13,-1.4138
2014-03-14,0.3309
2014-03-17,0.8246
2014-03-18,0.8724
2014-03-19,-1.6757
2014-03-20,0.6597
2014-03-21,-0.0546
2014-03-24,1.9125999999999999
2014-03-25,1.3941
2014-03-26,0.7403
2014-03-27,0.5774
2014-03-28,1.357
2014-03-31,0.5149
2014-04-01,0.8197
2014-04-02,0.7114
2014-04-03,-1.4127
2014-04-04,-0.1024
2014-04-07,-0.5635
2014-04-08,1.1334
2014-04-09,1.6301999999999999
2014-04-10,-1.5038
2014-04-11,-0.4529
2014-04-14,0.4039
2014-04-15,-0.6619
2014-04-16,0.0
2014-04-17,1.7427000000000001
2014-04-21,-0.9572
2014-04-22,0.1526
2014-04-23,-0.0508
2014-04-24,0.3557
2014-04-25,-0.2025
2014-04-28,0.3044
2014-04-29,0.3177
2014-04-30,-0.4176
2014-05-01,-0.3544
2014-05-02,0.4065
2014-05-05,-0.1518
2014-05-06,0.1014
2014-05-07,-0.4051
2014-05-08,-0.2034
2014-05-09,3.4641
2014-05-12,3.2989
2014-05-13,1.0486
2014-05-14,-0.7075
2014-05-15,-0.9026
2014-05-16,4.5062
2014-05-19,1.1468
2014-05-20,-0.1814
2014-05-21,0.8632
2014-05-22,1.5766
2014-05-23,1.3747
2014-05-27,-2.4497
2014-05-28,0.4484
2014-05-29,-0.4464
2014-05-30,-0.8969
2014-06-02,2.3529
2014-06-03,0.9726
2014-06-04,0.1313
2014-06-05,2.9295999999999998
2014-06-06,0.9346
2014-06-09,0.2525
2014-06-10,-0.1679
2014-06-11,-1.0934
2014-06-12,-0.3827
2014-06-13,-1.6644999999999999
2014-06-16,-1.2153
2014-06-17,1.1863
2014-06-18,0.2171
2014-06-19,-1.2565
2014-06-20,-0.0878
2014-06-23,-0.2196
2014-06-24,0.2201
2014-06-25,0.3953
2014-06-26,-1.0061
2014-06-27,0.7954
2014-06-30,1.5339
2014-07-01,1.1232
2014-07-02,2.0068
2014-07-03,0.2512
2014-07-07,0.7933
2014-07-08,-2.3612
2014-07-09,0.0849
2014-07-10,-1.3141
2014-07-11,-0.6014
2014-07-14,-0.0864
2014-07-15,0.8218
2014-07-16,1.0296
2014-07-17,-1.0191
2014-07-18,0.9867
2014-07-21,0.4928
2014-07-22,0.9469
2014-07-23,-0.0419
2014-07-24,-0.2095
2014-07-25,-0.4618
2014-07-28,-0.2531
2014-07-29,-0.4228
2014-07-30,-0.2548
2014-07-31,-1.5751
2014-08-01,-0.3028
2014-08-04,0.3905
2014-08-05,-0.3414
2014-08-06,-1.0017
2014-08-07,-0.5943
2014-08-08,0.2894
2014-08-11,0.3515
2014-08-12,0.1313
2014-08-13,0.2186
2014-08-14,0.9162
2014-08-15,-0.2005
2014-08-18,1.3936
2014-08-19,0.8318
2014-08-20,0.5085
2014-08-21,0.2587
2014-08-22,0.2886
2014-08-25,0.2935
2014-08-26,0.0
2014-08-27,0.5853
2014-08-28,-0.665
2014-08-29,0.5439
2014-09-02,1.0404
2014-09-03,1.4003
2014-09-04,0.7722
2014-09-05,2.0874
2014-09-08,0.5606
2014-09-09,-0.4711
2014-09-10,0.3156
2014-09-11,-0.3146
2014-09-12,0.5917
2014-09-15,-0.5882
2014-09-16,-0.6312
2014-09-17,-0.1191
2014-09-18,2.9412000000000003
2014-09-19,-0.5792
2014-09-22,-0.6214
2014-09-23,-0.4299
2014-09-24,0.7457
2014-09-25,-2.6101
2014-09-26,-0.04
2014-09-29,-1.0004
2014-09-30,0.5659
2014-10-01,-1.6479
2014-10-02,-0.0409
2014-10-03,1.1856
2014-10-06,1.8182
2014-10-07,-2.5397
2014-10-08,1.0586
2014-10-09,-2.0951
2014-10-10,-1.6872
2014-10-13,0.7116
2014-10-14,-0.7481
2014-10-15,-0.5863
2014-10-16,-0.6318
2014-10-17,0.8054
2014-10-20,1.5558999999999998
2014-10-21,1.6562999999999999
2014-10-22,-0.1222
2014-10-23,0.6117
2014-10-24,0.527
2014-10-27,-0.8871
2014-10-28,1.1391
2014-10-29,0.0
2014-10-30,0.4023
2014-10-31,2.2837
2014-11-03,0.2742
2014-11-04,-0.1172
2014-11-05,-0.2346
2014-11-06,0.6664
2014-11-07,0.662
2014-11-10,-0.3482
2014-11-11,0.5047
2014-11-12,0.6566
2014-11-13,0.1535
2014-11-14,0.1533
2014-11-17,0.153
2014-11-18,0.3438
2014-11-19,0.0761
2014-11-20,0.4184
2014-11-21,2.2348
2014-11-24,1.0004
2014-11-25,-0.0367
2014-11-26,0.1835
2014-11-28,0.3297
2014-12-01,0.4746
2014-12-02,0.2544
2014-12-03,0.7974
2014-12-04,0.6472
2014-12-05,-0.6788
2014-12-08,-1.8705
2014-12-09,-1.393
2014-12-10,-0.223
2014-12-11,-0.4098
2014-12-12,-0.8605
2014-12-15,-1.2453
2014-12-16,-2.5602
2014-12-17,2.6275
2014-12-18,2.5220000000000002
2014-12-19,0.0373
2014-12-22,0.3353
2014-12-23,-0.9283
2014-12-24,-0.5247
2014-12-26,0.0754
2014-12-29,0.8283
2014-12-30,-0.1867
2014-12-31,0.5612
2015-01-02,1.2463
2015-01-05,-1.1207
2015-01-06,-2.6384
2015-01-07,0.7252
2015-01-08,1.9553
2015-01-09,0.3865
2015-01-12,0.1481
2015-01-13,0.1848
2015-01-14,-0.4428
2015-01-15,2.1497
2015-01-16,0.9071
2015-01-20,0.9709
2015-01-21,1.2107999999999999
2015-01-22,0.6334
2015-01-23,0.4196
2015-01-26,0.4875
2015-01-27,0.2772
2015-01-28,-0.4838
2015-01-29,0.3819
2015-01-30,-2.0062
2015-02-02,1.9767000000000001
2015-02-03,-0.4154
2015-02-04,-0.9385
2015-02-05,-0.2807
2015-02-06,-0.2463
2015-02-09,-2.6455
2015-02-10,1.3406
2015-02-11,0.8223
2015-02-12,1.4539
2015-02-13,0.9088
2015-02-17,-0.2425
2015-02-18,-0.3819
2015-02-19,0.6971
2015-02-20,-0.2077
2015-02-23,-2.0118
2015-02-24,0.708
2015-02-25,1.0545
2015-02-26,-0.8348
2015-02-27,2.1045
2015-03-02,1.0649
2015-03-03,0.6798
2015-03-04,0.4051
2015-03-05,0.8406
2015-03-06,-1.3004
2015-03-09,-1.0811
2015-03-10,-2.3907
2015-03-11,1.3646
2015-03-12,0.8975
2015-03-13,-2.0185
2015-03-16,-0.9427
2015-03-17,1.2421
2015-03-18,1.5236
2015-03-19,-3.1893
2015-03-20,1.2752
2015-03-23,-1.2242
2015-03-24,-0.602
2015-03-25,-1.425
2015-03-26,-1.6263
2015-03-27,0.3674
2015-03-30,1.9034
2015-03-31,0.1078
2015-04-01,1.1482
2015-04-02,0.3193
2015-04-06,0.2829
2015-04-07,0.1763
2015-04-08,0.5632
2015-04-09,0.77
2015-04-10,0.1389
2015-04-13,-0.4162
2015-04-14,0.1393
2015-04-15,-0.3826
2015-04-16,-1.1173
2015-04-17,-1.6561
2015-04-20,-2.7324
2015-04-21,-1.0336
2015-04-22,-0.0373
2015-04-23,-0.6716
2015-04-24,-2.2915
2015-04-27,-0.9227
2015-04-28,0.8149
2015-04-29,-0.3079
2015-04-30,-0.3475
2015-05-01,1.3948
2015-05-04,1.5667
2015-05-05,-0.5643
2015-05-06,-3.8214
2015-05-07,0.3541
2015-05-08,1.3719999999999999
2015-05-11,0.8894
2015-05-12,-1.6481
2015-05-13,1.9485999999999999
2015-05-14,1.9113
2015-05-15,0.7877
2015-05-18,1.0048
2015-05-19,-0.3316
2015-05-20,0.3327
2015-05-21,0.0737
2015-05-22,0.5155
2015-05-26,-1.8681
2015-05-27,0.5226
2015-05-28,-0.0371
2015-05-29,1.4859
2015-06-01,0.6223
2015-06-02,-0.9822
2015-06-03,-1.396
2015-06-04,-0.4471
2015-06-05,-0.0749
2015-06-08,-0.7491
2015-06-09,-0.0377
2015-06-10,1.9253
2015-06-11,-2.1481
2015-06-12,0.0
2015-06-15,-0.3785
2015-06-16,-0.038
2015-06-17,1.5964
2015-06-18,1.908
2015-06-19,0.4772
2015-06-22,0.9499
2015-06-23,0.2172
2015-06-24,-0.5056
2015-06-25,0.2173
2015-06-26,0.5075
2015-06-29,-2.2342
2015-06-30,1.2164
2015-07-01,1.5295
2015-07-02,1.2554
2015-07-06,0.0354
2015-07-07,-0.2833
2015-07-08,-1.3139
2015-07-09,0.108
2015-07-10,1.0424
2015-07-13,0.7115
2015-07-14,-0.1413
2015-07-15,0.4245
2015-07-16,1.5146
2015-07-17,0.6246
2015-07-20,-0.4483
2015-07-21,0.2078
2015-07-22,0.6913
2015-07-23,-1.6135000000000002
2015-07-24,-1.0468
2015-07-27,-2.5388
2015-07-28,0.7598
2015-07-29,0.6822
2015-07-30,0.8559
2015-07-31,1.3437000000000001
2015-08-03,-0.5234
2015-08-04,1.1926
2015-08-05,1.1092
2015-08-06,0.4457
2015-08-07,-0.1706
2015-08-10,-0.1026
2015-08-11,-1.0951
2015-08-12,-2.526
2015-08-13,-0.0532
2015-08-14,0.515
2015-08-17,-1.0601
2015-08-18,-0.1429
2015-08-19,1.0372
2015-08-20,-2.2655
2015-08-21,-2.3542
2015-08-24,-7.9376999999999995
2015-08-25,1.3699
2015-08-26,0.8744
2015-08-27,3.5067
2015-08-28,-0.6852
2015-08-31,-0.8816
2015-09-01,-0.8121
2015-09-02,-0.1949
2015-09-03,1.1328
2015-09-04,-2.3561
2015-09-08,1.7008999999999999
2015-09-09,-1.6724999999999999
2015-09-10,1.2658
2015-09-11,-0.0391
2015-09-14,0.6252
2015-09-15,0.2718
2015-09-16,1.0844
2015-09-17,-0.4215
2015-09-18,-0.1154
2015-09-21,1.2327
2015-09-22,-2.0928
2015-09-23,-0.1943
2015-09-24,1.5575999999999999
2015-09-25,-0.6518
2015-09-28,-3.7051
2015-09-29,2.1242
2015-09-30,3.5322
2015-10-01,-0.834
2015-10-02,1.682
2015-10-05,3.6466
2015-10-06,-0.9068
2015-10-07,-0.0366
2015-10-08,-1.3914
2015-10-09,0.8541
2015-10-12,-0.5891
2015-10-13,-0.1852
2015-10-14,-0.1113
2015-10-15,1.3744
2015-10-16,0.6596
2015-10-19,-0.6553
2015-10-20,0.0733
2015-10-21,-0.1098
2015-10-22,1.063
2015-10-23,-0.1814
2015-10-26,-1.5625
2015-10-27,-0.1846
2015-10-28,-0.9981
2015-10-29,0.261
2015-10-30,-0.9314
2015-11-02,-0.0752
2015-11-03,1.0538
2015-11-04,-1.3408
2015-11-05,-0.8305
2015-11-06,-1.751
2015-11-09,-1.5110000000000001
2015-11-10,-0.7474
2015-11-11,-0.5945
2015-11-12,-0.4785
2015-11-13,-0.0801
2015-11-16,0.6415
2015-11-17,-0.239
2015-11-18,-0.1997
2015-11-19,0.8003
2015-11-20,1.1513
2015-11-23,-0.9812
2015-11-24,0.5549
2015-11-25,-0.5124
2015-11-27,-0.1189
2015-11-30,1.3487
2015-12-01,1.0176
2015-12-02,-1.3561
2015-12-03,-1.0605
2015-12-04,0.3176
2015-12-07,-1.4245999999999999
2015-12-08,-1.3649
2015-12-09,-0.2447
2015-12-10,-0.1219
2015-12-11,-1.9607999999999999
2015-12-14,-0.1667
2015-12-15,1.3356
2015-12-16,1.6909
2015-12-17,0.4868
2015-12-18,-0.9285
2015-12-21,1.0187
2015-12-22,0.0807
2015-12-23,1.4913
2015-12-24,0.278
2015-12-28,-0.396
2015-12-29,0.6362
2015-12-30,-0.6717
2015-12-31,1.3126
2016-01-04,-2.7483
2016-01-05,1.2111
2016-01-06,-1.1169
2016-01-07,-2.622
2016-01-08,-0.29
2016-01-11,-0.1662
2016-01-12,-0.4161
2016-01-13,-1.2119
2016-01-14,0.0846
2016-01-15,-2.6627
2016-01-19,-0.825
2016-01-20,-3.1961
2016-01-21,-0.3166
2016-01-22,2.5862
2016-01-25,0.4865
2016-01-26,0.3961
2016-01-27,-0.3507
2016-01-28,0.4839
2016-01-29,3.1961
2016-02-01,0.8061
2016-02-02,-3.0724
2016-02-03,0.7382
2016-02-04,0.3017
2016-02-05,-0.6876
2016-02-08,-0.9952
2016-02-09,-1.3024
2016-02-10,-1.5145
2016-02-11,-3.5072
2016-02-12,1.3048
2016-02-16,1.012
2016-02-17,1.776
2016-02-18,-1.1186
2016-02-19,0.2262
2016-02-22,0.9932
2016-02-23,-2.0563
2016-02-24,-0.9128
2016-02-25,0.1382
2016-02-26,0.598
2016-02-29,1.829
2016-03-01,4.0862
2016-03-02,2.8904
2016-03-03,0.6289
2016-03-04,2.4583
2016-03-07,-0.6507
2016-03-08,-1.6783000000000001
2016-03-09,1.3739
2016-03-10,-0.8214
2016-03-11,0.5383
2016-03-14,-0.2059
2016-03-15,-0.7842
2016-03-16,0.9567
2016-03-17,0.5768
2016-03-18,0.6964
2016-03-21,0.8544
2016-03-22,-0.2017
2016-03-23,-0.5659
2016-03-24,-0.5285
2016-03-28,0.0409
2016-03-29,0.5719
2016-03-30,0.9748
2016-03-31,0.6034
2016-04-01,0.6397
2016-04-04,-0.4768
2016-04-05,-2.0359
2016-04-06,0.489
2016-04-07,-2.0681
2016-04-08,0.6211
2016-04-11,1.5638
2016-04-12,1.5802
2016-04-13,0.9967
2016-04-14,0.3165
2016-04-15,0.1969
2016-04-18,0.3929
2016-04-19,1.2916
2016-04-20,-1.2365
2016-04-21,-0.1956
2016-04-22,0.0387
2016-04-25,-0.1171
2016-04-26,1.8046
2016-04-27,0.6551
2016-04-28,-2.144
2016-04-29,-0.1298
2016-05-02,0.3259
2016-05-03,-0.859
2016-05-04,-0.4726
2016-05-05,0.6134
2016-05-06,-0.4523
2016-05-09,1.0663
2016-05-10,1.6423999999999999
2016-05-11,-0.5769
2016-05-12,-0.5416
2016-05-13,-0.9335
2016-05-16,1.806
2016-05-17,-0.6556
2016-05-18,-0.3882
2016-05-19,-0.3897
2016-05-20,-0.4304
2016-05-23,-1.0216
2016-05-24,0.3573
2016-05-25,1.8592
2016-05-26,1.6699000000000002
2016-05-27,1.4515
2016-05-31,-0.6401
2016-06-01,-0.1516
2016-06-02,1.0626
2016-06-03,0.7886
2016-06-06,-0.1514
2016-06-07,1.1218
2016-06-08,0.7749
2016-06-09,-1.428
2016-06-10,-0.7801
2016-06-13,-1.1232
2016-06-14,-0.1515
2016-06-15,1.441
2016-06-16,-1.2336
2016-06-17,0.0
2016-06-20,0.7192
2016-06-21,-0.451
2016-06-22,0.3398
2016-06-23,1.091
2016-06-24,-3.1262
2016-06-27,-0.3458
2016-06-28,1.7711999999999999
2016-06-29,2.2351
2016-06-30,0.5277
2016-07-01,1.4623
2016-07-05,-1.1086
2016-07-06,-0.299
2016-07-07,1.0495
2016-07-08,1.5208
2016-07-11,0.8403
2016-07-12,0.3986
2016-07-13,-0.2165
2016-07-14,0.2893
2016-07-15,-1.0819
2016-07-18,0.2917
2016-07-19,-0.2181
2016-07-20,0.4372
2016-07-21,-0.4715
2016-07-22,0.4738
2016-07-25,0.7254
2016-07-26,-0.3506
2016-07-27,0.8217
2016-07-28,1.0394
2016-07-29,0.1774
2016-08-01,0.1771
2016-08-02,-0.106
2016-08-03,0.0354
2016-08-04,-0.1061
2016-08-05,1.6643
2016-08-08,0.0697
2016-08-09,0.2785
2016-08-10,-1.7008
2016-08-11,0.9887
2016-08-12,-0.3846
2016-08-15,0.3159
2016-08-16,-0.9797
2016-08-17,0.1413
2016-08-18,0.6704
2016-08-19,-0.1753
2016-08-22,-1.1328
2016-08-23,0.329
2016-08-24,0.708
2016-08-25,-0.4569
2016-08-26,-0.2825
2016-08-29,1.2394
2016-08-30,0.3498
2016-08-31,0.5228
2016-09-01,-0.1859
2016-09-02,0.6379
2016-09-06,1.4847000000000001
2016-09-07,-0.7147
2016-09-08,-0.0343
2016-09-09,-1.9191
2016-09-12,0.1747
2016-09-13,-1.8486
2016-09-14,1.2438
2016-09-15,0.2457
2016-09-16,-1.0504
2016-09-19,0.4954
2016-09-20,-0.4401
2016-09-21,1.641
2016-09-22,0.3514
2016-09-23,-0.9709
2016-09-26,-0.7703
2016-09-27,0.741
2016-09-28,0.7706
2016-09-29,-2.3636
2016-09-30,1.2104
2016-10-03,1.8614000000000002
2016-10-04,0.2791
2016-10-05,0.4821
2016-10-06,0.1028
2016-10-07,-0.3081
2016-10-10,0.24
2016-10-11,-0.2736
2016-10-12,-0.8588
2016-10-13,-0.7623
2016-10-14,-0.1746
2016-10-17,-0.8744
2016-10-18,1.5173
2016-10-19,0.5909
2016-10-20,-0.0691
2016-10-21,-0.0346
2016-10-24,0.4151
2016-10-25,-0.4478
2016-10-26,-0.519
2016-10-27,-0.7652
2016-10-28,0.1052
2016-10-31,0.5602
2016-11-01,-0.679
2016-11-02,-1.0342
2016-11-03,-0.7439
2016-11-04,-1.1545
2016-11-07,1.7818
2016-11-08,-0.9933
2016-11-09,-0.215
2016-11-10,-0.6822
2016-11-11,-3.6153
2016-11-14,-1.2378
2016-11-15,1.1774
2016-11-16,-2.2147
2016-11-17,-0.4607
2016-11-18,-0.4242
2016-11-21,-0.9682
2016-11-22,-0.0782
2016-11-23,-0.6654
2016-11-25,2.7061
2016-11-28,-0.755
2016-11-29,0.3092
2016-11-30,1.1561
2016-12-01,-0.9143
2016-12-02,-0.4229
2016-12-05,0.1931
2016-12-06,0.8478
2016-12-07,1.0699
2016-12-08,0.5671
2016-12-09,-0.1128
2016-12-12,-1.5055
2016-12-13,0.5732
2016-12-14,-1.7856999999999998
2016-12-15,0.0774
2016-12-16,0.1546
2016-12-19,-0.5596
2016-12-20,-0.3687
2016-12-21,0.3272
2016-12-22,-0.5188
2016-12-23,-0.4011
2016-12-27,0.0
2016-12-28,-0.08
2016-12-29,2.176
2016-12-30,1.0651
2017-01-03,-0.2732
2017-01-04,1.0959
2017-01-05,2.2455
2017-01-06,-0.7194
2017-01-09,0.6865
2017-01-10,0.6061
2017-01-11,1.3931
2017-01-12,0.5199
2017-01-13,-1.4407
2017-01-17,0.6372
2017-01-18,0.8901
2017-01-19,0.6682
2017-01-20,-1.0084
2017-01-23,1.0187
2017-01-24,0.6601
2017-01-25,2.1858
2017-01-26,0.3565
2017-01-27,0.6039
2017-01-30,-0.6356
2017-01-31,-1.3504
2017-02-01,1.0447
2017-02-02,2.246
2017-02-03,1.6736
2017-02-06,-0.0343
2017-02-07,-0.446
2017-02-08,1.2061
2017-02-09,0.2377
2017-02-10,0.0346
2017-02-13,0.0
2017-02-14,-0.5098
2017-02-15,-0.9893
2017-02-16,0.3102
2017-02-17,-0.3436
2017-02-21,1.1379
2017-02-22,0.1023
2017-02-23,0.1362
2017-02-24,-1.5306
2017-02-27,0.4836
2017-02-28,-0.3094
2017-03-01,1.3793
2017-03-02,-1.6667
2017-03-03,0.4497
2017-03-06,0.0
2017-03-07,-0.0344
2017-03-08,-0.3789
2017-03-09,0.1037
2017-03-10,0.4836
2017-03-13,3.0938
2017-03-14,0.4001
2017-03-15,1.2953000000000001
2017-03-16,0.5574
2017-03-17,-0.1956
2017-03-20,0.5227
2017-03-21,-1.4625
2017-03-22,0.3628
2017-03-23,0.1314
2017-03-24,0.1641
2017-03-27,0.0328
2017-03-28,0.7697
2017-03-29,1.479
2017-03-30,0.3043
2017-03-31,0.6546
2017-04-03,0.7931
2017-04-04,-0.4092
2017-04-05,2.4336
2017-04-06,1.2650000000000001
2017-04-07,0.0914
2017-04-10,0.274
2017-04-11,-0.1518
2017-04-12,-0.0912
2017-04-13,-0.6391
2017-04-17,0.5207
2017-04-18,-1.3711
2017-04-19,0.0
2017-04-20,1.2048
2017-04-21,-0.58
2017-04-24,1.3202
2017-04-25,0.8485
2017-04-26,0.9615
2017-04-27,-0.2083
2017-04-28,-0.686
2017-05-01,-0.0601
2017-05-02,0.9014
2017-05-03,-1.7570000000000001
2017-05-04,0.7578
2017-05-05,-0.5415
2017-05-08,-0.4235
2017-05-09,0.0385
2017-05-10,0.6599
2017-05-11,0.0603
2017-05-12,0.3015
2017-05-15,1.3676
2017-05-16,0.4003
2017-05-17,-2.215
2017-05-18,-1.5403
2017-05-19,0.7055
2017-05-22,-0.3655
2017-05-23,-1.8649
2017-05-24,-0.4361
2017-05-25,1.2203
2017-05-26,1.6692
2017-05-30,0.7601
2017-05-31,-0.0905
2017-06-01,1.0269
2017-06-02,0.6278
2017-06-05,0.4753
2017-06-06,-0.6801
2017-06-07,0.0
2017-06-08,0.774
2017-06-09,-0.1182
2017-06-12,0.6211
2017-06-13,0.4703
2017-06-14,0.2926
2017-06-15,-0.9043
2017-06-16,0.3238
2017-06-19,0.7336
2017-06-20,-0.6117
2017-06-21,0.1175
2017-06-22,-0.1759
2017-06-23,-0.1812
2017-06-26,-0.7292
2017-06-27,-1.1246
2017-06-28,-0.0201
2017-06-29,-1.0586
2017-06-30,0.1237
2017-07-03,0.6796
2017-07-05,0.3682
2017-07-06,-0.1223
2017-07-07,0.2143
2017-07-10,1.069
2017-07-11,0.8462
2017-07-12,0.929
2017-07-13,0.5048
2017-07-14,0.7386
2017-07-17,-0.0293
2017-07-18,-0.4693
2017-07-19,1.061
2017-07-20,0.0292
2017-07-21,0.4082
2017-07-24,0.7259
2017-07-25,0.1314
2017-07-26,0.7612
2017-07-27,-0.3143
2017-07-28,0.3153
2017-07-31,0.5143
2017-08-01,0.5969
2017-08-02,0.4804
2017-08-03,-0.4499
2017-08-04,0.3955
2017-08-07,0.7878
2017-08-08,-0.5583
2017-08-09,-1.6282999999999999
2017-08-10,-3.0822
2017-08-11,-0.4711
2017-08-14,2.8106999999999998
2017-08-15,-0.6331
2017-08-16,1.2743
2017-08-17,-0.8579
2017-08-18,-0.4615
2017-08-21,-0.6665
2017-08-22,-0.2042
2017-08-23,0.4677
2017-08-24,0.8147
2017-08-25,-0.1443
2017-08-28,0.5202
2017-08-29,-0.7188
2017-08-30,0.695
2017-08-31,0.2588
2017-09-01,0.459
2017-09-05,-1.3421
2017-09-06,0.7236
2017-09-07,0.4885
2017-09-08,0.1653
2017-09-11,1.8334000000000001
2017-09-12,0.8691
2017-09-13,-0.6948
2017-09-14,0.3638
2017-09-15,0.0555
2017-09-18,0.056
2017-09-19,0.2786
2017-09-20,-0.6111
2017-09-21,-0.7267
2017-09-22,-1.9426
2017-09-25,-1.3780999999999999
2017-09-26,-0.262
2017-09-27,-0.0292
2017-09-28,-0.4088
2017-09-29,0.3811
2017-10-02,0.146
2017-10-03,1.9539
2017-10-04,1.1156
2017-10-05,0.1414
2017-10-06,0.3672
2017-10-09,0.2252
2017-10-10,0.5055
2017-10-11,-0.5309
2017-10-12,1.3202
2017-10-13,1.109
2017-10-16,0.3016
2017-10-17,-0.5741
2017-10-18,-0.055
2017-10-19,-0.8528
2017-10-20,-0.444
2017-10-23,0.5713
2017-10-24,-0.2078
2017-10-25,-0.0833
2017-10-26,0.5281
2017-10-27,0.1935
2017-10-30,-0.8002
2017-10-31,0.4172
2017-11-01,0.6925
2017-11-02,-0.055
2017-11-03,-0.3578
2017-11-06,0.3591
2017-11-07,-2.3121
2017-11-08,-0.0282
2017-11-09,-0.5073
2017-11-10,0.3683
2017-11-13,-0.7338
2017-11-14,-1.1658
2017-11-15,-0.1438
2017-11-16,1.3541
2017-11-17,0.6254
2017-11-20,-0.0847
2017-11-21,1.0744
2017-11-22,-0.6154
2017-11-24,1.2384
2017-11-27,-0.4448
2017-11-28,0.9215
2017-11-29,-0.3044
2017-11-30,-0.4002
2017-12-01,-1.1865
2017-12-04,0.1692
2017-12-05,-0.0563
2017-12-06,-0.8169
2017-12-07,1.3064
2017-12-08,0.2243
2017-12-11,0.6434
2017-12-12,-1.2785
2017-12-13,0.6886
2017-12-14,0.4065
2017-12-15,0.1671
2017-12-18,0.3336
2017-12-19,0.9144
2017-12-20,0.9336
2017-12-21,0.6541
2017-12-22,1.3464
2017-12-26,0.936
2017-12-27,-0.9273
2017-12-28,-0.3321
2017-12-29,0.4241
2018-01-02,0.5732
2018-01-03,0.8398
2018-01-04,0.3867
2018-01-05,1.0074
2018-01-08,0.9974
2018-01-09,-0.7552
2018-01-10,-0.439
2018-01-11,0.7937
2018-01-12,0.3354
2018-01-16,-1.09
2018-01-17,0.7346
2018-01-18,-1.0793
2018-01-19,2.3297
2018-01-22,-0.317
2018-01-23,0.9829
2018-01-24,-0.0573
2018-01-25,-0.1719
2018-01-26,-0.0287
2018-01-29,-1.2916
2018-01-30,-1.6575
2018-01-31,-0.414
2018-02-01,-1.2469999999999999
2018-02-02,-3.5478
2018-02-05,-2.4938000000000002
2018-02-06,4.4437
2018-02-07,-1.8978000000000002
2018-02-08,-1.5601
2018-02-09,1.3946
2018-02-12,0.5627
2018-02-13,0.2487
2018-02-14,0.9302
2018-02-15,0.3994
2018-02-16,-1.9278
2018-02-20,-1.4977
2018-02-21,0.6969
2018-02-22,-0.9437
2018-02-23,0.8574
2018-02-26,0.7557
2018-02-27,-1.5625
2018-02-28,-0.9524
2018-03-01,0.3846
2018-03-02,-1.0217
2018-03-05,0.7419
2018-03-06,-1.569
2018-03-07,-0.0325
2018-03-08,0.0325
2018-03-09,1.3012000000000001
2018-03-12,0.4175
2018-03-13,-0.7355
2018-03-14,0.2899
2018-03-15,-0.2891
2018-03-16,0.0644
2018-03-19,-2.1893
2018-03-20,0.0658
2018-03-21,0.625
2018-03-22,-2.4518
2018-03-23,-1.1059
2018-03-26,3.1176
2018-03-27,0.723
2018-03-28,0.2284
2018-03-29,-1.1068
2018-04-02,0.2633
2018-04-03,0.394
2018-04-04,-0.5886
2018-04-05,2.5987
2018-04-06,-0.7054
2018-04-09,0.4521
2018-04-10,1.35
2018-04-11,-0.888
2018-04-12,-0.224
2018-04-13,-0.5452
2018-04-16,0.387
2018-04-17,-0.5782
2018-04-18,0.1131
2018-04-19,-0.6939
2018-04-20,-0.5525
2018-04-23,0.0
2018-04-24,0.3268
2018-04-25,-1.2052
2018-04-26,1.3188
2018-04-27,0.3254
2018-04-30,1.1839
2018-05-01,-0.8174
2018-05-02,0.0
2018-05-03,-0.5656
2018-05-04,-0.1138
2018-05-07,-0.1302
2018-05-08,-0.6843
2018-05-09,0.1969
2018-05-10,-0.3929
2018-05-11,-0.526
2018-05-14,-0.1322
2018-05-15,-1.4891
2018-05-16,0.7054
2018-05-17,-0.567
2018-05-18,-0.9393
2018-05-21,-0.9482
2018-05-22,0.0
2018-05-23,-0.4103
2018-05-24,-0.5493
2018-05-25,0.6904
2018-05-29,-0.5142
2018-05-30,1.4817
2018-05-31,-0.1019
2018-06-01,0.6798
2018-06-04,-0.7259
2018-06-05,-0.7992
2018-06-06,2.0912
2018-06-07,-0.7388
2018-06-08,0.6766
2018-06-11,0.3696
2018-06-12,0.1004
2018-06-13,-0.2007
2018-06-14,-0.6702
2018-06-15,-0.4049
2018-06-18,-1.1518
2018-06-19,-0.9596
2018-06-20,0.519
2018-06-21,-0.4131
2018-06-22,0.2074
2018-06-25,-2.1387
2018-06-26,-0.2115
2018-06-27,-0.5475
2018-06-28,-0.7944
2018-06-29,0.9353
2018-07-02,-1.1583
2018-07-03,0.3906
2018-07-05,-0.5058
2018-07-06,1.6425
2018-07-09,0.885
2018-07-10,0.9153
2018-07-11,-0.0756
2018-07-12,1.4372
2018-07-13,-0.2983
2018-07-16,-0.4114
2018-07-17,0.4131
2018-07-18,-0.6731
2018-07-19,-1.5436999999999999
2018-07-20,0.7266
2018-07-23,-0.3037
2018-07-24,0.952
2018-07-25,1.6975
2018-07-26,0.5935
2018-07-27,0.7006
2018-07-30,0.2929
2018-07-31,0.0
2018-08-01,0.1825
2018-08-02,-1.0569
2018-08-03,0.884
2018-08-06,-0.2921
2018-08-07,-1.3182
2018-08-08,0.1855
2018-08-09,0.037
2018-08-10,-0.7034
2018-08-13,-0.8949
2018-08-14,0.4138
2018-08-15,-1.3488
2018-08-16,0.9495
2018-08-17,0.602
2018-08-20,0.8601
2018-08-21,0.3337
2018-08-22,0.6652
2018-08-23,-1.4317
2018-08-24,0.7076
2018-08-27,0.5547
2018-08-28,-0.2942
2018-08-29,-0.1107
2018-08-30,-0.8124
2018-08-31,0.8191
2018-09-04,-2.8434
2018-09-05,-0.5321
2018-09-06,-0.6114
2018-09-07,-0.3845
2018-09-10,-1.3122
2018-09-11,-1.2515
2018-09-12,0.5545
2018-09-13,1.6148
2018-09-14,-0.5814
2018-09-17,-2.2222
2018-09-18,-0.6778
2018-09-19,0.9635
2018-09-20,-0.0795
2018-09-21,-2.507
2018-09-24,-2.1633
2018-09-25,0.0834
2018-09-26,0.4585
2018-09-27,-1.7427000000000001
2018-09-28,-0.9713
2018-10-01,-1.2793
2018-10-02,-0.1296
2018-10-03,-1.8599
2018-10-04,-2.5311
2018-10-05,-4.2761
2018-10-08,-0.803
2018-10-09,-0.381
2018-10-10,-0.3346
2018-10-11,1.5827
2018-10-12,4.0132
2018-10-15,-0.8625
2018-10-16,3.0678
2018-10-17,-2.5766
2018-10-18,-1.7784
2018-10-19,0.3018
2018-10-22,-0.8563
2018-10-23,-0.2801
2018-10-24,-1.2172
2018-10-25,0.9479
2018-10-26,-0.892
2018-10-29,0.1895
2018-10-30,0.2364
2018-10-31,1.0377
2018-11-01,3.3147
2018-11-02,-0.6778
2018-11-05,0.546
2018-11-06,-0.724
2018-11-07,2.7347
2018-11-08,-1.9077
2018-11-09,0.4071
2018-11-12,-1.1712
2018-11-13,1.3218
2018-11-14,0.7197
2018-11-15,1.1612
2018-11-16,0.2208
2018-11-19,0.0881
2018-11-20,-1.8486
2018-11-21,0.9865
2018-11-23,0.3552
2018-11-26,-0.1327
2018-11-27,1.1077
2018-11-28,1.5776
2018-11-29,0.9922
2018-11-30,-0.3417
2018-12-03,0.6858
2018-12-04,-1.192
2018-12-06,-1.034
2018-12-07,-2.6992000000000003
2018-12-10,-3.4452
2018-12-11,2.2706
2018-12-12,2.9905
2018-12-13,0.6159
2018-12-14,-0.6122
2018-12-17,0.5719
2018-12-18,2.5372
2018-12-19,-0.8532
2018-12-20,0.9239
2018-12-21,-0.3566
2018-12-24,0.1022
2018-12-26,0.9704
2018-12-27,0.0506
2018-12-28,1.2133
2018-12-31,0.1499
2019-01-02,-0.6983
2019-01-03,-1.557
2019-01-04,4.5918
2019-01-07,-1.7073
2019-01-08,0.794
2019-01-09,-0.5416
2019-01-10,0.0
2019-01-11,1.3366
2019-01-14,-1.7098
2019-01-15,0.6461
2019-01-16,0.4938
2019-01-17,-0.1966
2019-01-18,-0.3447
2019-01-22,-2.5692
2019-01-23,-0.7099
2019-01-24,0.4597
2019-01-25,-2.0336
2019-01-28,-1.8163
2019-01-29,-0.4228
2019-01-30,1.6454
2019-01-31,1.0966
2019-02-01,-0.8264
2019-02-04,0.0
2019-02-05,0.9896
2019-02-06,-0.361
2019-02-07,1.1387
2019-02-08,-1.1771
2019-02-11,-1.0875
2019-02-12,0.8901
2019-02-13,-2.1796
2019-02-14,0.8488
2019-02-15,-0.8943
2019-02-19,-1.2739
2019-02-20,0.8602
2019-02-21,0.4797
2019-02-22,0.7958
2019-02-25,0.6842
2019-02-26,-0.2614
2019-02-27,-0.2621
2019-02-28,0.6306
2019-03-01,-0.2611
2019-03-04,0.0524
2019-03-05,2.9827
2019-03-06,0.8638
2019-03-07,-0.7557
2019-03-08,0.3604
2019-03-11,3.0803
2019-03-12,0.9323
2019-03-13,-0.0486
2019-03-14,0.6809
2019-03-15,1.7873999999999999
2019-03-18,0.7594
2019-03-19,-0.3297
2019-03-20,1.1342
2019-03-21,-1.3551
2019-03-22,-2.558
2019-03-25,-0.6806
2019-03-26,0.5874
2019-03-27,-0.146
2019-03-28,1.462
2019-03-29,0.3842
2019-04-01,0.6699
2019-04-02,-0.0951
2019-04-03,0.1427
2019-04-04,-0.5226
2019-04-05,0.3343
2019-04-08,-1.3327
2019-04-09,0.5789
2019-04-10,-0.1918
2019-04-11,0.4805
2019-04-12,0.5261
2019-04-15,0.333
2019-04-16,0.1897
2019-04-17,0.284
2019-04-18,-0.3303
2019-04-22,-1.7519
2019-04-23,-0.2892
2019-04-24,-0.3383
2019-04-25,-0.388
2019-04-26,1.1685
2019-04-29,-0.385
2019-04-30,0.0966
2019-05-01,-0.5309
2019-05-02,-0.0485
2019-05-03,0.7966
2019-05-06,-1.1274
2019-05-07,-2.5816
2019-05-08,-0.1
2019-05-09,-1.0511
2019-05-10,0.5564
2019-05-13,-2.0121
2019-05-14,1.4374
2019-05-15,-0.7085
2019-05-16,0.5097
2019-05-17,0.3043
2019-05-20,4.3984
2019-05-21,0.0969
2019-05-22,0.4354
2019-05-23,0.0482
2019-05-24,1.2037
2019-05-28,0.333
2019-05-29,-0.3319
2019-05-30,0.8088
2019-05-31,0.4719
2019-06-03,1.55
2019-06-04,-0.7401
2019-06-05,-0.7922
2019-06-06,-0.4697
2019-06-07,0.5663
2019-06-10,-0.0469
2019-06-11,0.2817
2019-06-12,-0.4213
2019-06-13,-0.5877
2019-06-14,-0.9222
2019-06-17,-1.0024
2019-06-18,-0.1929
2019-06-19,-0.3865
2019-06-20,0.9942
2019-06-21,-1.0804
2019-06-24,0.6311
2019-06-25,0.0482
2019-06-26,1.4465
2019-06-27,0.2852
2019-06-28,-0.6161
2019-07-01,1.2399
2019-07-02,0.1413
2019-07-03,-0.0941
2019-07-05,-2.0245
2019-07-08,-1.2494
2019-07-09,0.0487
2019-07-10,-0.2918
2019-07-11,0.2927
2019-07-12,-0.2578
2019-07-15,0.0146
2019-07-16,0.3413
2019-07-17,-0.3887
2019-07-18,-0.2927
2019-07-19,-3.3757
2019-07-22,-0.8101
2019-07-23,-0.4594
2019-07-24,-0.1026
2019-07-25,-0.3593
2019-07-26,0.5667
2019-07-29,-0.5123
2019-07-30,-0.7209
2019-07-31,-0.6743
2019-08-01,-0.5744
2019-08-02,0.2101
2019-08-05,-4.2977
2019-08-06,1.2596
2019-08-07,-1.1357
2019-08-08,1.7505
2019-08-09,-0.5376
2019-08-12,-1.6216
2019-08-13,-0.8791
2019-08-14,-0.4989
2019-08-15,0.9471
2019-08-16,0.9382
2019-08-19,-0.3827
2019-08-20,-0.2195
2019-08-21,-0.7701
2019-08-22,-2.5499
2019-08-23,1.9909
2019-08-26,0.502
2019-08-27,0.8879
2019-08-28,-0.7151
2019-08-29,-0.2216
2019-08-30,0.2776
2019-09-03,-2.0487
2019-09-04,0.7349
2019-09-05,0.5612
2019-09-06,0.7812
2019-09-09,0.4983
2019-09-10,-0.3306
2019-09-11,0.7186
2019-09-12,0.0
2019-09-13,0.8233
2019-09-16,-1.4698
2019-09-17,-0.3867
2019-09-18,-0.8319
2019-09-19,-0.8389
2019-09-20,5.6966
2019-09-23,2.9349
2019-09-24,-1.296
2019-09-25,-0.6828
2019-09-26,0.4759
2019-09-27,-0.1053
2019-09-30,-0.1581
2019-10-01,-1.6886999999999999
2019-10-02,-0.5904
2019-10-03,0.7019
2019-10-04,-0.6434
2019-10-07,-1.565
2019-10-08,0.0548
2019-10-09,1.4247
2019-10-10,0.2701
2019-10-11,0.1616
2019-10-14,0.1076
2019-10-15,-0.1612
2019-10-16,0.4306
2019-10-17,0.8574
2019-10-18,1.169
2019-10-21,0.2101
2019-10-22,0.1048
2019-10-23,0.5236
2019-10-24,-0.1042
2019-10-25,0.0521
2019-10-28,0.5732
2019-10-29,1.0363
2019-10-30,0.4103
2019-10-31,-0.4597
2019-11-01,1.0262
2019-11-04,-0.2031
2019-11-05,-0.5089
2019-11-06,-0.1535
2019-11-07,0.4098
2019-11-08,-0.9694
2019-11-11,-0.5152
2019-11-12,-0.5697
2019-11-13,-0.625
2019-11-14,0.3669
2019-11-15,0.2089
2019-11-18,0.6774
2019-11-19,0.3106
2019-11-20,0.4644
2019-11-21,-0.7704
2019-11-22,0.2588
2019-11-25,1.0842
2019-11-26,-0.4086
2019-11-27,1.0769
2019-11-29,-0.5074
2019-12-02,-0.051
2019-12-03,-0.6633
2019-12-04,1.284
2019-12-05,0.2028
2019-12-06,-0.7591
2019-12-09,0.306
2019-12-10,-0.2034
2019-12-11,0.866
2019-12-12,0.7576
2019-12-13,0.6015
2019-12-16,-0.3488
2019-12-17,0.5
2019-12-18,0.6965
2019-12-19,-0.1585
2019-12-20,-0.1487
2019-12-23,-1.1911
2019-12-24,-0.2511
2019-12-26,-0.4028
2019-12-27,0.6572
2019-12-30,0.2009
2019-12-31,-0.3008
2020-01-02,1.3575
2020-01-03,-0.8929
2020-01-06,-1.3013
2020-01-07,0.1014
2020-01-08,1.1145
2020-01-09,0.9018
2020-01-10,0.9434
2020-01-13,1.5739999999999998
2020-01-14,0.0
2020-01-15,0.2421
2020-01-16,0.2415
2020-01-17,0.6747
2020-01-21,-1.6754
2020-01-22,0.1947
2020-01-23,-0.0486
2020-01-24,0.632
2020-01-27,-0.2899
2020-01-28,0.3876
2020-01-29,0.1207
2020-01-30,-1.3738000000000001
2020-01-31,-1.0264
2020-02-03,-0.7901
2020-02-04,1.8915
2020-02-05,1.2702
2020-02-06,1.3507
2020-02-07,-0.7139
2020-02-10,-0.0479
2020-02-11,0.5276
2020-02-12,0.4771
2020-02-13,-0.3324
2020-02-14,-0.9052
2020-02-18,-1.1058
2020-02-19,0.6806
2020-02-20,-0.676
2020-02-21,0.0
2020-02-24,-2.4793
2020-02-25,-0.7478
2020-02-26,0.452
2020-02-27,-2.2
2020-02-28,-4.3967
2020-03-02,1.2833999999999999
2020-03-03,0.4752
2020-03-04,-0.4729
2020-03-05,-2.5871
2020-03-06,-0.9756
2020-03-09,-5.8566
2020-03-10,1.8605
2020-03-11,-3.7671
2020-03-12,-11.862400000000001
2020-03-13,3.1629
2020-03-16,-7.1754999999999995
2020-03-17,2.6704
2020-03-18,-15.4004
2020-03-19,0.0
2020-03-20,0.4045
2020-03-23,-11.6035
2020-03-24,2.8259
2020-03-25,7.9787
2020-03-26,9.4417
2020-03-27,-5.4764
2020-03-30,0.0
2020-03-31,1.6667
2020-04-01,-6.2451
2020-04-02,1.249
2020-04-03,-4.3586
2020-04-06,5.9329
2020-04-07,3.2468
2020-04-08,2.4371
2020-04-09,1.6884000000000001
2020-04-13,-1.5093999999999999
2020-04-14,4.1379
2020-04-15,-3.0169
2020-04-16,1.8209
2020-04-17,1.6393
2020-04-20,-0.1466
2020-04-21,-3.1571
2020-04-22,2.3503
2020-04-23,0.8889
2020-04-24,-0.2937
2020-04-27,1.2408
2020-04-28,-0.6437
2020-04-29,2.8551
2020-04-30,1.637
2020-05-01,-2.8711
2020-05-04,0.0
2020-05-05,-1.0815
2020-05-06,-0.0729
2020-05-07,1.0941
2020-05-08,0.0
2020-05-11,-2.1645
2020-05-12,3.9823
2020-05-13,-1.2057
2020-05-14,-0.1436
2020-05-15,-1.9287999999999998
2020-05-18,0.574
2020-05-19,-3.4257
2020-05-20,2.2641999999999998
2020-05-21,-0.5166
2020-05-22,-0.4451
2020-05-26,1.0432
2020-05-27,1.5487
2020-05-28,2.6144
2020-05-29,2.4416
2020-06-01,2.3834
2020-06-02,1.4845
2020-06-03,0.9309
2020-06-04,-1.1858
2020-06-05,2.8667
2020-06-08,0.324
2020-06-09,-1.615
2020-06-10,-0.5909
2020-06-11,-6.8692
2020-06-12,7.8723
2020-06-15,-0.0657
2020-06-16,-0.7237
2020-06-17,2.1206
2020-06-18,1.3628
2020-06-19,1.3444
2020-06-22,0.9476
2020-06-23,1.2516
2020-06-24,-1.8540999999999999
2020-06-25,0.8186
2020-06-26,0.3748
2020-06-29,0.6223
2020-06-30,0.4329
2020-07-01,1.2315
2020-07-02,1.5207000000000002
2020-07-06,2.2768
2020-07-07,0.2929
2020-07-08,-0.7593
2020-07-09,0.412
2020-07-10,-0.4103
2020-07-13,0.2943
2020-07-14,-0.4108
2020-07-15,0.1179
2020-07-16,-1.3537
2020-07-17,1.611
2020-07-20,0.7046
2020-07-21,0.5248
2020-07-22,-0.9861
2020-07-23,-0.9373
2020-07-24,0.3548
2020-07-27,-0.7071
2020-07-28,-0.0593
2020-07-29,0.3563
2020-07-30,-0.8876
2020-07-31,-0.2985
